all_paths,asset_id,bytes,copy_count,data_level,format,preferred_path,sha256
"[""atlas/research/references/uniprot_CXCL8.request.json"",""atlas/releases/0.1.0/input_snapshot/research/references/uniprot_CXCL8.request.json"",""atlas/releases/0.2.0/input_snapshot/research/references/uniprot_CXCL8.request.json"",""atlas/releases/0.2.0/input_snapshot/releases/0.1.0/input_snapshot/research/references/uniprot_CXCL8.request.json""]",ASSET_00622fb5574fec4d9d11,340,4,resource_metadata_snapshot,json,atlas/research/references/uniprot_CXCL8.request.json,00622fb5574fec4d9d11d95ff0029d73179a58a24a1cb70cda068c196540f44a
"[""atlas/research/mechanisms_activation/snapshots/MA_S05_full.html"",""atlas/candidates/0.3.0/input_snapshot/research/mechanisms_activation/snapshots/MA_S05_full.html""]",ASSET_00790679faae73c30d6d,204856,2,documentary_or_repository_source_snapshot,html,atlas/research/mechanisms_activation/snapshots/MA_S05_full.html,00790679faae73c30d6db60d751629bcb739a8d82ae5fd89d240475df569ceed
"[""atlas/research/mechanisms_antigen/snapshots/MP_primary_open3.json"",""atlas/candidates/0.3.0/input_snapshot/research/mechanisms_antigen/snapshots/MP_primary_open3.json""]",ASSET_02a241fa5f6564de3f6c,34373,2,documentary_or_repository_source_snapshot,json,atlas/research/mechanisms_antigen/snapshots/MP_primary_open3.json,02a241fa5f6564de3f6c44dc1a64c81652aa3dd4c5fbd51ec42102829ceb16aa
"[""atlas/research/chemokine_expansion/snapshots/followup_search12.json"",""atlas/releases/0.2.0/input_snapshot/research/chemokine_expansion/snapshots/followup_search12.json""]",ASSET_02ea4a421085a954f219,31707,2,documentary_or_repository_source_snapshot,json,atlas/research/chemokine_expansion/snapshots/followup_search12.json,02ea4a421085a954f219d439a77dfda1c83e9f0f29a1fcc1d1e2d587bcab71c3
"[""atlas/research/references/pubmed_B.request.json"",""atlas/releases/0.1.0/input_snapshot/research/references/pubmed_B.request.json"",""atlas/releases/0.2.0/input_snapshot/research/references/pubmed_B.request.json"",""atlas/releases/0.2.0/input_snapshot/releases/0.1.0/input_snapshot/research/references/pubmed_B.request.json""]",ASSET_031a2b3db027ceae20a3,458,4,resource_metadata_snapshot,json,atlas/research/references/pubmed_B.request.json,031a2b3db027ceae20a3e30a74fec4f7316cebffb4384ac040825927b5ed68d3
"[""atlas/research/mechanisms_antigen/snapshots/MP_access_attempt2.json"",""atlas/candidates/0.3.0/input_snapshot/research/mechanisms_antigen/snapshots/MP_access_attempt2.json""]",ASSET_03f6e91b6e264b3769c7,969,2,documentary_or_repository_source_snapshot,json,atlas/research/mechanisms_antigen/snapshots/MP_access_attempt2.json,03f6e91b6e264b3769c7ba34d4bb7beb4a6a07bbd10bdb37e0822be21237c362
"[""atlas/releases/0.2.0/evidence_instances.csv""]",ASSET_04fef23cbc6e986bca88,141219,1,derived_atlas_table_or_database,csv,atlas/releases/0.2.0/evidence_instances.csv,04fef23cbc6e986bca88115e826a465891ade4112c717b0e24331b86db5c7d86
"[""atlas/research/mechanisms_activation/snapshots/MA_S01_full.txt"",""atlas/candidates/0.3.0/input_snapshot/research/mechanisms_activation/snapshots/MA_S01_full.txt""]",ASSET_0510e3dcfe737257c311,86036,2,documentary_or_repository_source_snapshot,txt,atlas/research/mechanisms_activation/snapshots/MA_S01_full.txt,0510e3dcfe737257c3118f273492e05f76d643896062a8957267eef966cad549
"[""atlas/scripts/write_status.py""]",ASSET_053369d3870b9cedac26,9955,1,code_or_environment_specification,py,atlas/scripts/write_status.py,053369d3870b9cedac26517e50c8dfc77493197dd87f28bd2ddf72b8249cd02a
"[""atlas/releases/0.2.0/manifest.json"",""atlas/candidates/0.3.0/input_snapshot/releases/0.2.0/manifest.json""]",ASSET_05a1fa0c53763995cd6d,118524,2,structured_curation_or_provenance,json,atlas/releases/0.2.0/manifest.json,05a1fa0c53763995cd6dc7f9ee020045920eb5d7b9aabaa9b26082a7f12d6dd0
"[""atlas/research/cytokine/snapshots/PMC2193232.txt"",""atlas/releases/0.1.0/input_snapshot/research/cytokine/snapshots/PMC2193232.txt"",""atlas/releases/0.2.0/input_snapshot/research/cytokine/snapshots/PMC2193232.txt"",""atlas/releases/0.2.0/input_snapshot/releases/0.1.0/input_snapshot/research/cytokine/snapshots/PMC2193232.txt""]",ASSET_05b8494ee3be3c6863d8,36337,4,documentary_or_repository_source_snapshot,txt,atlas/research/cytokine/snapshots/PMC2193232.txt,05b8494ee3be3c6863d849ae6816d8495331e2a621c99caa1696b782ccf84d9f
"[""atlas/releases/0.1.0/cells.csv"",""atlas/releases/0.2.0/input_snapshot/releases/0.1.0/cells.csv""]",ASSET_05f8d0544abc0eeb80d2,2431,2,derived_atlas_table_or_database,csv,atlas/releases/0.1.0/cells.csv,05f8d0544abc0eeb80d2052e622625f259045cb7a8c2ce2e9f45e827e4e677e2
"[""atlas/research/references/pubmed_D.response.json"",""atlas/releases/0.1.0/input_snapshot/research/references/pubmed_D.response.json"",""atlas/releases/0.2.0/input_snapshot/research/references/pubmed_D.response.json"",""atlas/releases/0.2.0/input_snapshot/releases/0.1.0/input_snapshot/research/references/pubmed_D.response.json""]",ASSET_063311ebfdb56a93d38c,418,4,resource_metadata_snapshot,json,atlas/research/references/pubmed_D.response.json,063311ebfdb56a93d38c84c82fd10e5e33c871358858464f06266396927bc69e
"[""atlas/research/references/pubmed_entity_IL6.json"",""atlas/releases/0.1.0/input_snapshot/research/references/pubmed_entity_IL6.json"",""atlas/releases/0.2.0/input_snapshot/research/references/pubmed_entity_IL6.json"",""atlas/releases/0.2.0/input_snapshot/releases/0.1.0/input_snapshot/research/references/pubmed_entity_IL6.json""]",ASSET_06c430d2cf91fa93585f,3159,4,resource_metadata_snapshot,json,atlas/research/references/pubmed_entity_IL6.json,06c430d2cf91fa93585f69cc4122f4d3ac63001fb03c29dd4da7a91883375e19
"[""atlas/research/references/uniprot_IL1A.response.json"",""atlas/releases/0.1.0/input_snapshot/research/references/uniprot_IL1A.response.json"",""atlas/releases/0.2.0/input_snapshot/research/references/uniprot_IL1A.response.json"",""atlas/releases/0.2.0/input_snapshot/releases/0.1.0/input_snapshot/research/references/uniprot_IL1A.response.json""]",ASSET_06fdb501b28789be5c39,982,4,resource_metadata_snapshot,json,atlas/research/references/uniprot_IL1A.response.json,06fdb501b28789be5c39fc677d8afadce27be5588490c63884071ee7746ff075
"[""atlas/research/cytokine_inventory/reviewed.request.json"",""atlas/candidates/0.3.0/input_snapshot/research/cytokine_inventory/reviewed.request.json""]",ASSET_073cf007fb2ea8e19543,493,2,structured_curation_or_provenance,json,atlas/research/cytokine_inventory/reviewed.request.json,073cf007fb2ea8e19543f4ac029be79f5f8db0a369867409af613728554e0805
"[""atlas/research/genomic/snapshots/G09_fulltext.txt"",""atlas/releases/0.1.0/input_snapshot/research/genomic/snapshots/G09_fulltext.txt"",""atlas/releases/0.2.0/input_snapshot/research/genomic/snapshots/G09_fulltext.txt"",""atlas/releases/0.2.0/input_snapshot/releases/0.1.0/input_snapshot/research/genomic/snapshots/G09_fulltext.txt""]",ASSET_07839a64b266b604b56f,56504,4,documentary_or_repository_source_snapshot,txt,atlas/research/genomic/snapshots/G09_fulltext.txt,07839a64b266b604b56f1849f6b3b361adf5c2993bcdd0558b382a9a0facd094
"[""atlas/research/references/pubmed_entity_CCL22.request.json"",""atlas/releases/0.1.0/input_snapshot/research/references/pubmed_entity_CCL22.request.json"",""atlas/releases/0.2.0/input_snapshot/research/references/pubmed_entity_CCL22.request.json"",""atlas/releases/0.2.0/input_snapshot/releases/0.1.0/input_snapshot/research/references/pubmed_entity_CCL22.request.json""]",ASSET_08a1a9589b8395ea07c5,461,4,resource_metadata_snapshot,json,atlas/research/references/pubmed_entity_CCL22.request.json,08a1a9589b8395ea07c53cb1b2700b8e4bdefffb240223aaa70616657f326d33
"[""atlas/tests/test_snapshot_security.py""]",ASSET_091ec576bae9d9c2752e,2127,1,code_or_environment_specification,py,atlas/tests/test_snapshot_security.py,091ec576bae9d9c2752eaefdcc46bc42a76d83a82aef6f6d2e84b6e71e428278
"[""atlas/releases/0.1.0/assay_coverage.csv"",""atlas/releases/0.2.0/input_snapshot/releases/0.1.0/assay_coverage.csv""]",ASSET_09641ecc595bcda07a4b,3287,2,derived_atlas_table_or_database,csv,atlas/releases/0.1.0/assay_coverage.csv,09641ecc595bcda07a4b5512f35a91efc7b2724d6cf66d6ab1672afce1c17883
"[""atlas/research/implementation_review_response.json"",""atlas/releases/0.1.0/input_snapshot/research/implementation_review_response.json"",""atlas/releases/0.2.0/input_snapshot/research/implementation_review_response.json"",""atlas/releases/0.2.0/input_snapshot/releases/0.1.0/input_snapshot/research/implementation_review_response.json""]",ASSET_096cd568db2f7fb39834,17862,4,structured_curation_or_provenance,json,atlas/research/implementation_review_response.json,096cd568db2f7fb3983462a72dd4eb25c707fdfa632bb507c0a192666692f70b
"[""atlas/research/references/pubmed_entity_IL12A.request.json"",""atlas/releases/0.1.0/input_snapshot/research/references/pubmed_entity_IL12A.request.json"",""atlas/releases/0.2.0/input_snapshot/research/references/pubmed_entity_IL12A.request.json"",""atlas/releases/0.2.0/input_snapshot/releases/0.1.0/input_snapshot/research/references/pubmed_entity_IL12A.request.json""]",ASSET_0a23e9c86cfd35bddf22,461,4,resource_metadata_snapshot,json,atlas/research/references/pubmed_entity_IL12A.request.json,0a23e9c86cfd35bddf220b26fa0ff3522d011a65cfdd775a1813833294a67fe7
"[""atlas/releases/0.2.0/agent_runs.csv""]",ASSET_0a27b5e566c7af55a5af,91734,1,derived_atlas_table_or_database,csv,atlas/releases/0.2.0/agent_runs.csv,0a27b5e566c7af55a5af7c3d4b6bc01f54b10dd6ad9c7dfe00128681edfda014
"[""atlas/research/references/pubmed_entity_IL12B.json"",""atlas/releases/0.1.0/input_snapshot/research/references/pubmed_entity_IL12B.json"",""atlas/releases/0.2.0/input_snapshot/research/references/pubmed_entity_IL12B.json"",""atlas/releases/0.2.0/input_snapshot/releases/0.1.0/input_snapshot/research/references/pubmed_entity_IL12B.json""]",ASSET_0a53a1872efc6f884b91,3159,4,resource_metadata_snapshot,json,atlas/research/references/pubmed_entity_IL12B.json,0a53a1872efc6f884b91f125743057c7ea60e7073f0907c1f0902d10d3a7616e
"[""atlas/research/mechanisms_antigen/snapshots/MP_correction_search1.json"",""atlas/candidates/0.3.0/input_snapshot/research/mechanisms_antigen/snapshots/MP_correction_search1.json""]",ASSET_0a82eea1afa14851a58b,26332,2,documentary_or_repository_source_snapshot,json,atlas/research/mechanisms_antigen/snapshots/MP_correction_search1.json,0a82eea1afa14851a58b4bd8c0919463af35293ef7cde9f6834add045754d9ac
"[""atlas/research/references/pubmed_entity_CCL4.request.json"",""atlas/releases/0.1.0/input_snapshot/research/references/pubmed_entity_CCL4.request.json"",""atlas/releases/0.2.0/input_snapshot/research/references/pubmed_entity_CCL4.request.json"",""atlas/releases/0.2.0/input_snapshot/releases/0.1.0/input_snapshot/research/references/pubmed_entity_CCL4.request.json""]",ASSET_0b8585ff6d0295ceee5a,459,4,resource_metadata_snapshot,json,atlas/research/references/pubmed_entity_CCL4.request.json,0b8585ff6d0295ceee5aef0f0ee34a6dfbe4ba9ee445847e4dfe2e189ea85915
"[""atlas/research/mechanisms_antigen/snapshots/MP_ERAP2021.html"",""atlas/candidates/0.3.0/input_snapshot/research/mechanisms_antigen/snapshots/MP_ERAP2021.html""]",ASSET_0bb28cc238a1c41dacbe,227839,2,documentary_or_repository_source_snapshot,html,atlas/research/mechanisms_antigen/snapshots/MP_ERAP2021.html,0bb28cc238a1c41dacbe730f991af3919701262fdb66f413134cecdca4d85067
"[""atlas/research/mechanisms_activation/snapshots/MA_S07_full.txt"",""atlas/candidates/0.3.0/input_snapshot/research/mechanisms_activation/snapshots/MA_S07_full.txt""]",ASSET_0bbf99005de825e9cee6,62118,2,documentary_or_repository_source_snapshot,txt,atlas/research/mechanisms_activation/snapshots/MA_S07_full.txt,0bbf99005de825e9cee6760d8e217ca610cf7f3a091715c8d7fe69305ad37c99
"[""atlas/research/references/pubmed_entity_VEGFA.request.json"",""atlas/releases/0.1.0/input_snapshot/research/references/pubmed_entity_VEGFA.request.json"",""atlas/releases/0.2.0/input_snapshot/research/references/pubmed_entity_VEGFA.request.json"",""atlas/releases/0.2.0/input_snapshot/releases/0.1.0/input_snapshot/research/references/pubmed_entity_VEGFA.request.json""]",ASSET_0c313e82c516ac607af8,461,4,resource_metadata_snapshot,json,atlas/research/references/pubmed_entity_VEGFA.request.json,0c313e82c516ac607af805b23de6fc8bad3fe5885e33a456c4b99b60ff2a3f08
"[""atlas/research/references/pubmed_entity_CCL4.response.json"",""atlas/releases/0.1.0/input_snapshot/research/references/pubmed_entity_CCL4.response.json"",""atlas/releases/0.2.0/input_snapshot/research/references/pubmed_entity_CCL4.response.json"",""atlas/releases/0.2.0/input_snapshot/releases/0.1.0/input_snapshot/research/references/pubmed_entity_CCL4.response.json""]",ASSET_0cab6b24d74c242ed9b1,428,4,resource_metadata_snapshot,json,atlas/research/references/pubmed_entity_CCL4.response.json,0cab6b24d74c242ed9b10249cc5b5e1352598bf478bf0d4a77f5a61e32c25458
"[""atlas/releases/0.1.0/transcriptomic_observations.csv"",""atlas/releases/0.2.0/transcriptomic_observations.csv"",""atlas/releases/0.2.0/input_snapshot/releases/0.1.0/transcriptomic_observations.csv""]",ASSET_0d48173d76eecf9e6a30,3447,3,derived_atlas_table_or_database,csv,atlas/releases/0.1.0/transcriptomic_observations.csv,0d48173d76eecf9e6a302dfe0e298e7156b4194cc3e3869748b9749e07bcfb63
"[""atlas/provenance/skill_manifest.json"",""atlas/releases/0.1.0/input_snapshot/provenance/skill_manifest.json"",""atlas/releases/0.2.0/input_snapshot/provenance/skill_manifest.json"",""atlas/releases/0.2.0/input_snapshot/releases/0.1.0/input_snapshot/provenance/skill_manifest.json""]",ASSET_0d94bc46790df2702611,1165,4,structured_curation_or_provenance,json,atlas/provenance/skill_manifest.json,0d94bc46790df2702611e2a6fa6c640f03d4433ce05e9469acb5e2960c37dc42
"[""atlas/research/mechanisms_genetic/notes.md"",""atlas/candidates/0.3.0/input_snapshot/research/mechanisms_genetic/notes.md""]",ASSET_0e256410877172c94cf0,5898,2,documentation_or_protocol,md,atlas/research/mechanisms_genetic/notes.md,0e256410877172c94cf0ec9d4acb90862c23c7563022838027ccc036fe9a10ae
"[""atlas/research/references/uniprot_IL10.response.json"",""atlas/releases/0.1.0/input_snapshot/research/references/uniprot_IL10.response.json"",""atlas/releases/0.2.0/input_snapshot/research/references/uniprot_IL10.response.json"",""atlas/releases/0.2.0/input_snapshot/releases/0.1.0/input_snapshot/research/references/uniprot_IL10.response.json""]",ASSET_0e631125c45b685691d7,1007,4,resource_metadata_snapshot,json,atlas/research/references/uniprot_IL10.response.json,0e631125c45b685691d7595b284a7caa0e596f4c0133f56cdbf13e1ddfa034a7
"[""atlas/data/cytokine_inventory.csv"",""atlas/candidates/0.3.0/input_snapshot/data/cytokine_inventory.csv""]",ASSET_0e85a28416f980ba9904,403926,2,structured_curation_or_provenance,csv,atlas/data/cytokine_inventory.csv,0e85a28416f980ba99040cf0afd8ed937b1a761a705b1122b19edda6bfbfccfd
"[""atlas/research/cytokine_expansion/snapshots/PMC4465562_survival.txt"",""atlas/releases/0.2.0/input_snapshot/research/cytokine_expansion/snapshots/PMC4465562_survival.txt""]",ASSET_0e96f4a08af8a07a57be,3091,2,documentary_or_repository_source_snapshot,txt,atlas/research/cytokine_expansion/snapshots/PMC4465562_survival.txt,0e96f4a08af8a07a57beb330ee899e2e79c6d377ef289ef483dbcc3ce2a013a3
"[""atlas/research/chemokine_expansion/screening.json"",""atlas/releases/0.2.0/input_snapshot/research/chemokine_expansion/screening.json""]",ASSET_0eaaf76fc44bc5dfdfc5,122124,2,structured_curation_or_provenance,json,atlas/research/chemokine_expansion/screening.json,0eaaf76fc44bc5dfdfc57dc199e2a63779d3c8caa8bf8fde44599b96d0d3e3a5
"[""atlas/research/mechanisms_activation/parse_snapshots.py"",""atlas/candidates/0.3.0/input_snapshot/research/mechanisms_activation/parse_snapshots.py""]",ASSET_0f05b3f3f782aa07ffaa,940,2,code_or_environment_specification,py,atlas/research/mechanisms_activation/parse_snapshots.py,0f05b3f3f782aa07ffaa46c2a7c670ed6cc117b24c1973c552e25f0e6bca7848
"[""atlas/research/references/resource_09.html"",""atlas/releases/0.1.0/input_snapshot/research/references/resource_09.html"",""atlas/releases/0.2.0/input_snapshot/research/references/resource_09.html"",""atlas/releases/0.2.0/input_snapshot/releases/0.1.0/input_snapshot/research/references/resource_09.html""]",ASSET_0f49da29417cae73bf86,14374,4,other_artifact,html,atlas/research/references/resource_09.html,0f49da29417cae73bf867332e049b2286c38424d2c26977f7e1384dfb09a350d
"[""atlas/research/references/pubmed_entity_IFNG.json"",""atlas/releases/0.1.0/input_snapshot/research/references/pubmed_entity_IFNG.json"",""atlas/releases/0.2.0/input_snapshot/research/references/pubmed_entity_IFNG.json"",""atlas/releases/0.2.0/input_snapshot/releases/0.1.0/input_snapshot/research/references/pubmed_entity_IFNG.json""]",ASSET_0fc3f99eaa63c85a6380,3159,4,resource_metadata_snapshot,json,atlas/research/references/pubmed_entity_IFNG.json,0fc3f99eaa63c85a6380fc1b42ba609e2e14af5cb68748f77afb25ebba077e21
"[""atlas/research/references/pubmed_B.json"",""atlas/releases/0.1.0/input_snapshot/research/references/pubmed_B.json"",""atlas/releases/0.2.0/input_snapshot/research/references/pubmed_B.json"",""atlas/releases/0.2.0/input_snapshot/releases/0.1.0/input_snapshot/research/references/pubmed_B.json""]",ASSET_0ff698447090cbb54812,3071,4,resource_metadata_snapshot,json,atlas/research/references/pubmed_B.json,0ff698447090cbb548129c5d9a6a0711f2bab4f82487d151987b5520e32586fa
"[""atlas/releases/0.2.0/immune_prior.sqlite"",""atlas/candidates/0.3.0/input_snapshot/releases/0.2.0/immune_prior.sqlite""]",ASSET_101ac8ee52d3a8cfbbf4,2662400,2,derived_atlas_table_or_database,sqlite,atlas/releases/0.2.0/immune_prior.sqlite,101ac8ee52d3a8cfbbf41aa5dc9e9ae671f3f4bbe2b812168d623f5258c7d81d
"[""atlas/releases/0.1.0/critic_findings.csv"",""atlas/releases/0.2.0/input_snapshot/releases/0.1.0/critic_findings.csv""]",ASSET_104ac0ec2bcd85eb29fa,17415,2,derived_atlas_table_or_database,csv,atlas/releases/0.1.0/critic_findings.csv,104ac0ec2bcd85eb29fa0d7e87ba7a6eb0d566775c0f2cfc99a9d363c72c392a
"[""atlas/releases/0.2.0/critic_runs.csv""]",ASSET_109d1c038a70293f2478,7237,1,derived_atlas_table_or_database,csv,atlas/releases/0.2.0/critic_runs.csv,109d1c038a70293f2478ea0f158360350d1a4ad8c3332e09b9f1001965a1d308
"[""atlas/research/fulltext_followup/proteomic_followup_search2.json"",""atlas/releases/0.2.0/input_snapshot/research/fulltext_followup/proteomic_followup_search2.json""]",ASSET_10fff0e1e4c4708a1e4c,35475,2,structured_curation_or_provenance,json,atlas/research/fulltext_followup/proteomic_followup_search2.json,10fff0e1e4c4708a1e4c5a69ac2216e63cc498a81a2a804507261c58408d1ac9
"[""atlas/releases/0.2.0/input_snapshot/README.md""]",ASSET_1156d269207a7f896a5e,21006,1,documentation_or_protocol,md,atlas/releases/0.2.0/input_snapshot/README.md,1156d269207a7f896a5eb147d4000574e2758428b100739b47c8611894a4f1c9
"[""atlas/research/references/uniprot_IL2.json"",""atlas/releases/0.1.0/input_snapshot/research/references/uniprot_IL2.json"",""atlas/releases/0.2.0/input_snapshot/research/references/uniprot_IL2.json"",""atlas/releases/0.2.0/input_snapshot/releases/0.1.0/input_snapshot/research/references/uniprot_IL2.json""]",ASSET_11b4c9dfb95dcf90ba6f,118765,4,resource_metadata_snapshot,json,atlas/research/references/uniprot_IL2.json,11b4c9dfb95dcf90ba6f3abafdab2ef3290293eca78158c748d50152ea456f14
"[""atlas/research/cytokine_expansion/snapshots/PMC9576869_selected.txt"",""atlas/releases/0.2.0/input_snapshot/research/cytokine_expansion/snapshots/PMC9576869_selected.txt""]",ASSET_12ba8b0c2948b4072686,4494,2,documentary_or_repository_source_snapshot,txt,atlas/research/cytokine_expansion/snapshots/PMC9576869_selected.txt,12ba8b0c2948b4072686e7b70fa621bb1a53bdebbc76d0dbc8547a1bd1b8608a
"[""atlas/research/genomic/snapshots/G06_open.txt"",""atlas/releases/0.1.0/input_snapshot/research/genomic/snapshots/G06_open.txt"",""atlas/releases/0.2.0/input_snapshot/research/genomic/snapshots/G06_open.txt"",""atlas/releases/0.2.0/input_snapshot/releases/0.1.0/input_snapshot/research/genomic/snapshots/G06_open.txt""]",ASSET_12ff96ede606113d2278,17940,4,documentary_or_repository_source_snapshot,txt,atlas/research/genomic/snapshots/G06_open.txt,12ff96ede606113d227851de616310821525737269843b19b5863385e17f2402
"[""atlas/research/mechanisms_activation/pack.json"",""atlas/candidates/0.3.0/input_snapshot/research/mechanisms_activation/pack.json""]",ASSET_13029e98a272e452bba7,111309,2,curated_evidence_extraction,json,atlas/research/mechanisms_activation/pack.json,13029e98a272e452bba73695e8e911f9e240533aca32583c534c54b9f6bf9cde
"[""atlas/research/cytokine/pmc_request.json"",""atlas/releases/0.1.0/input_snapshot/research/cytokine/pmc_request.json"",""atlas/releases/0.2.0/input_snapshot/research/cytokine/pmc_request.json"",""atlas/releases/0.2.0/input_snapshot/releases/0.1.0/input_snapshot/research/cytokine/pmc_request.json""]",ASSET_136d851a61e9378362df,284,4,structured_curation_or_provenance,json,atlas/research/cytokine/pmc_request.json,136d851a61e9378362df7b1b6d73b14121fdd3916cf6666eab2b73c8cb82efb7
"[""atlas/research/proteomic/snapshots/platelet_fulltext.html"",""atlas/releases/0.1.0/input_snapshot/research/proteomic/snapshots/platelet_fulltext.html"",""atlas/releases/0.2.0/input_snapshot/research/proteomic/snapshots/platelet_fulltext.html"",""atlas/releases/0.2.0/input_snapshot/releases/0.1.0/input_snapshot/research/proteomic/snapshots/platelet_fulltext.html""]",ASSET_13728c96a93ea8a6762c,153761,4,documentary_or_repository_source_snapshot,html,atlas/research/proteomic/snapshots/platelet_fulltext.html,13728c96a93ea8a6762c20dae81bab2979cb84046a4f42b2432b735c02151359
"[""atlas/research/cytokine_inventory/probe.response.json"",""atlas/candidates/0.3.0/input_snapshot/research/cytokine_inventory/probe.response.json""]",ASSET_13844b9caff285273419,3401,2,structured_curation_or_provenance,json,atlas/research/cytokine_inventory/probe.response.json,13844b9caff2852734193c518db93ebb1341f35ec251cda8b657b36920f8e775
"[""atlas/research/references/resource_10.html"",""atlas/releases/0.1.0/input_snapshot/research/references/resource_10.html"",""atlas/releases/0.2.0/input_snapshot/research/references/resource_10.html"",""atlas/releases/0.2.0/input_snapshot/releases/0.1.0/input_snapshot/research/references/resource_10.html""]",ASSET_13ceafe512d6f8dc557b,11444,4,other_artifact,html,atlas/research/references/resource_10.html,13ceafe512d6f8dc557bd48b13394fabeab743acd832068c4ee58d86b6eb88b3
"[""atlas/research/receptor_expansion/snapshots/xre_search2.json"",""atlas/releases/0.2.0/input_snapshot/research/receptor_expansion/snapshots/xre_search2.json""]",ASSET_13d75a13349dcfadd610,32502,2,documentary_or_repository_source_snapshot,json,atlas/research/receptor_expansion/snapshots/xre_search2.json,13d75a13349dcfadd610dc3cf228ccb8f8a43c350a678aa1b5b653635c42c21d
"[""atlas/research/references/pubmed_entity_CCL17.json"",""atlas/releases/0.1.0/input_snapshot/research/references/pubmed_entity_CCL17.json"",""atlas/releases/0.2.0/input_snapshot/research/references/pubmed_entity_CCL17.json"",""atlas/releases/0.2.0/input_snapshot/releases/0.1.0/input_snapshot/research/references/pubmed_entity_CCL17.json""]",ASSET_140443c913f2a4815107,3159,4,resource_metadata_snapshot,json,atlas/research/references/pubmed_entity_CCL17.json,140443c913f2a4815107587f9b0363849bcabb4f1bbf3bd809e1517fa665032a
"[""atlas/research/references/pubmed_entity_CCL26.request.json"",""atlas/releases/0.1.0/input_snapshot/research/references/pubmed_entity_CCL26.request.json"",""atlas/releases/0.2.0/input_snapshot/research/references/pubmed_entity_CCL26.request.json"",""atlas/releases/0.2.0/input_snapshot/releases/0.1.0/input_snapshot/research/references/pubmed_entity_CCL26.request.json""]",ASSET_14120474689a8885f064,461,4,resource_metadata_snapshot,json,atlas/research/references/pubmed_entity_CCL26.request.json,14120474689a8885f064c362130c37678c15d2d5b450021971f564330f0585b3
"[""atlas/research/mechanisms_genetic/snapshots/retrieval_failures.txt"",""atlas/candidates/0.3.0/input_snapshot/research/mechanisms_genetic/snapshots/retrieval_failures.txt""]",ASSET_1461de9f330bc2b00d64,1233,2,documentary_or_repository_source_snapshot,txt,atlas/research/mechanisms_genetic/snapshots/retrieval_failures.txt,1461de9f330bc2b00d640ab8279b5e420d2344fdf3be258fac09004f0593e56e
"[""atlas/releases/0.1.0/critic_runs.csv"",""atlas/releases/0.2.0/input_snapshot/releases/0.1.0/critic_runs.csv""]",ASSET_14d6c8fefac10f23e799,1857,2,derived_atlas_table_or_database,csv,atlas/releases/0.1.0/critic_runs.csv,14d6c8fefac10f23e799127e3b3e1e7271e1ea872cd08ebe2235ee6e4beb5727
"[""atlas/research/review_implementation_0.2.json"",""atlas/releases/0.2.0/input_snapshot/research/review_implementation_0.2.json""]",ASSET_14e84dfb0fbd1a398a38,11659,2,structured_curation_or_provenance,json,atlas/research/review_implementation_0.2.json,14e84dfb0fbd1a398a384863068fddffc429bcc87ab5b6ff0508468f9b5b9be0
"[""atlas/releases/0.1.0/screening_decisions.csv"",""atlas/releases/0.2.0/input_snapshot/releases/0.1.0/screening_decisions.csv""]",ASSET_16ac00d741a7cf8a1725,4404,2,derived_atlas_table_or_database,csv,atlas/releases/0.1.0/screening_decisions.csv,16ac00d741a7cf8a1725beaf560dd2ac872425cc81222ba33f514f7f6dd1fcfb
"[""atlas/research/cytokine_expansion/finalize_run.py"",""atlas/releases/0.2.0/input_snapshot/research/cytokine_expansion/finalize_run.py""]",ASSET_16cff2111dab66f3fc6a,8959,2,code_or_environment_specification,py,atlas/research/cytokine_expansion/finalize_run.py,16cff2111dab66f3fc6a9bf36c2e0f9cc53e3546a1138ff16b331e7ff990f1a8
"[""atlas/reports/PROJECT_STATUS.md""]",ASSET_175e54451f5cc517c4af,22738,1,documentation_or_protocol,md,atlas/reports/PROJECT_STATUS.md,175e54451f5cc517c4afe5cb7eb0f01163858d8e85653b93100f3cee8cf84e08
"[""atlas/research/receptor_expansion/pack.json"",""atlas/releases/0.2.0/input_snapshot/research/receptor_expansion/pack.json""]",ASSET_17711c36e7c4ab21b6ef,72447,2,curated_evidence_extraction,json,atlas/research/receptor_expansion/pack.json,17711c36e7c4ab21b6efd295dea8e65d793cd30e9ef7517a05655489cb774ca1
"[""atlas/candidates/0.3.0/candidate_assertions.csv""]",ASSET_17b3559cc7d534a4b526,293527,1,derived_atlas_table_or_database,csv,atlas/candidates/0.3.0/candidate_assertions.csv,17b3559cc7d534a4b526b89c223a99e0872311e84b28098d51d89f9437ca9ac9
"[""atlas/research/references/pubmed_entity_CCL17.request.json"",""atlas/releases/0.1.0/input_snapshot/research/references/pubmed_entity_CCL17.request.json"",""atlas/releases/0.2.0/input_snapshot/research/references/pubmed_entity_CCL17.request.json"",""atlas/releases/0.2.0/input_snapshot/releases/0.1.0/input_snapshot/research/references/pubmed_entity_CCL17.request.json""]",ASSET_17f3183d7edf5876f9c8,461,4,resource_metadata_snapshot,json,atlas/research/references/pubmed_entity_CCL17.request.json,17f3183d7edf5876f9c8cd5fd5d1d1d739b06495348cb1b6bba2c2055578f99d
"[""atlas/research/references/pubmed_entity_IL13.request.json"",""atlas/releases/0.1.0/input_snapshot/research/references/pubmed_entity_IL13.request.json"",""atlas/releases/0.2.0/input_snapshot/research/references/pubmed_entity_IL13.request.json"",""atlas/releases/0.2.0/input_snapshot/releases/0.1.0/input_snapshot/research/references/pubmed_entity_IL13.request.json""]",ASSET_180e57bedffffb284cf7,459,4,resource_metadata_snapshot,json,atlas/research/references/pubmed_entity_IL13.request.json,180e57bedffffb284cf798371fe56f14a8faa75b8284cc91c8beb3f74cfb6501
"[""atlas/candidates/0.3.0/candidate_searches.csv""]",ASSET_1810daaf303629fefde3,31477,1,derived_atlas_table_or_database,csv,atlas/candidates/0.3.0/candidate_searches.csv,1810daaf303629fefde3567647fb11581c2f4b964f973ae1bfdfdaabffa4c49b
"[""atlas/research/fulltext_followup/proteomic_followup_open.json"",""atlas/releases/0.2.0/input_snapshot/research/fulltext_followup/proteomic_followup_open.json""]",ASSET_18734105ab45417c61a0,1048,2,structured_curation_or_provenance,json,atlas/research/fulltext_followup/proteomic_followup_open.json,18734105ab45417c61a01a08337f3d710b837047d9302556371afe66b800ad00
"[""atlas/research/references/pubmed_entity_CCL4.json"",""atlas/releases/0.1.0/input_snapshot/research/references/pubmed_entity_CCL4.json"",""atlas/releases/0.2.0/input_snapshot/research/references/pubmed_entity_CCL4.json"",""atlas/releases/0.2.0/input_snapshot/releases/0.1.0/input_snapshot/research/references/pubmed_entity_CCL4.json""]",ASSET_187d964bded13b76955a,3159,4,resource_metadata_snapshot,json,atlas/research/references/pubmed_entity_CCL4.json,187d964bded13b76955acceb6482e477539949eee2bb9db3fa670d675b2e3469
"[""atlas/research/genomic/snapshots/G05_fulltext.html"",""atlas/releases/0.1.0/input_snapshot/research/genomic/snapshots/G05_fulltext.html"",""atlas/releases/0.2.0/input_snapshot/research/genomic/snapshots/G05_fulltext.html"",""atlas/releases/0.2.0/input_snapshot/releases/0.1.0/input_snapshot/research/genomic/snapshots/G05_fulltext.html""]",ASSET_188969120233572f5e81,447609,4,documentary_or_repository_source_snapshot,html,atlas/research/genomic/snapshots/G05_fulltext.html,188969120233572f5e81a117857db69883c9f3dc74b85b9291a627e7b2fcd135
"[""atlas/research/references/uniprot_CXCL8.json"",""atlas/releases/0.1.0/input_snapshot/research/references/uniprot_CXCL8.json"",""atlas/releases/0.2.0/input_snapshot/research/references/uniprot_CXCL8.json"",""atlas/releases/0.2.0/input_snapshot/releases/0.1.0/input_snapshot/research/references/uniprot_CXCL8.json""]",ASSET_19da5514a81bf17c3680,152008,4,resource_metadata_snapshot,json,atlas/research/references/uniprot_CXCL8.json,19da5514a81bf17c3680e117d4e49f86d192fc54826fb022de4d7304b9d81d5d
"[""atlas/research/genomic/snapshots/G07_fulltext.txt"",""atlas/releases/0.1.0/input_snapshot/research/genomic/snapshots/G07_fulltext.txt"",""atlas/releases/0.2.0/input_snapshot/research/genomic/snapshots/G07_fulltext.txt"",""atlas/releases/0.2.0/input_snapshot/releases/0.1.0/input_snapshot/research/genomic/snapshots/G07_fulltext.txt""]",ASSET_1a517413b1e1f32d6bd6,83060,4,documentary_or_repository_source_snapshot,txt,atlas/research/genomic/snapshots/G07_fulltext.txt,1a517413b1e1f32d6bd6079bc63eb39861ea1979f1befac18362ad2286153e18
"[""atlas/research/references/pubmed_entity_CCL2.request.json"",""atlas/releases/0.1.0/input_snapshot/research/references/pubmed_entity_CCL2.request.json"",""atlas/releases/0.2.0/input_snapshot/research/references/pubmed_entity_CCL2.request.json"",""atlas/releases/0.2.0/input_snapshot/releases/0.1.0/input_snapshot/research/references/pubmed_entity_CCL2.request.json""]",ASSET_1b21ba0959b7975b9983,459,4,resource_metadata_snapshot,json,atlas/research/references/pubmed_entity_CCL2.request.json,1b21ba0959b7975b9983a74708dac38e613847b04a012fa5d67baa6920781700
"[""atlas/research/mechanisms_genetic/snapshots/MG01_selected_primary.txt"",""atlas/candidates/0.3.0/input_snapshot/research/mechanisms_genetic/snapshots/MG01_selected_primary.txt""]",ASSET_1b7d4a7034f0520e8c93,32484,2,documentary_or_repository_source_snapshot,txt,atlas/research/mechanisms_genetic/snapshots/MG01_selected_primary.txt,1b7d4a7034f0520e8c93f5c3c715f84a95c28c987f17e2532e6dcd5627db77c7
"[""atlas/research/cytokine/snapshots/PMC2193232.xml"",""atlas/releases/0.1.0/input_snapshot/research/cytokine/snapshots/PMC2193232.xml"",""atlas/releases/0.2.0/input_snapshot/research/cytokine/snapshots/PMC2193232.xml"",""atlas/releases/0.2.0/input_snapshot/releases/0.1.0/input_snapshot/research/cytokine/snapshots/PMC2193232.xml""]",ASSET_1cafaa4e24ae17897564,120606,4,documentary_or_repository_source_snapshot,xml,atlas/research/cytokine/snapshots/PMC2193232.xml,1cafaa4e24ae1789756440cdece1e9670fa0bc6c27f40f7adf9616f69512cc57
"[""atlas/candidates/0.3.0/candidate_gaps.csv""]",ASSET_1cda75bef47daa2db5f6,12018,1,derived_atlas_table_or_database,csv,atlas/candidates/0.3.0/candidate_gaps.csv,1cda75bef47daa2db5f6b187bd8785c46e0ac6fd8bd2a56edb5018932592738b
"[""atlas/research/mechanisms_activation/run.json"",""atlas/candidates/0.3.0/input_snapshot/research/mechanisms_activation/run.json""]",ASSET_1d2afce79878a8e74ffd,13607,2,structured_curation_or_provenance,json,atlas/research/mechanisms_activation/run.json,1d2afce79878a8e74ffd0b924c389fa312e01bd491541a4c587804e2a9c0bd2d
"[""atlas/research/references/uniprot_TNF.request.json"",""atlas/releases/0.1.0/input_snapshot/research/references/uniprot_TNF.request.json"",""atlas/releases/0.2.0/input_snapshot/research/references/uniprot_TNF.request.json"",""atlas/releases/0.2.0/input_snapshot/releases/0.1.0/input_snapshot/research/references/uniprot_TNF.request.json""]",ASSET_1da53522b6738cc4b183,336,4,resource_metadata_snapshot,json,atlas/research/references/uniprot_TNF.request.json,1da53522b6738cc4b183a70f4e693048bd4ea2cd8d1f049271e4bcb930537a42
"[""atlas/releases/0.1.0/prior_parameters.csv"",""atlas/releases/0.2.0/input_snapshot/releases/0.1.0/prior_parameters.csv""]",ASSET_1db0cac166df713645c9,150995,2,derived_atlas_table_or_database,csv,atlas/releases/0.1.0/prior_parameters.csv,1db0cac166df713645c93d7da976f2d616ec22e4065561afa5426d37c48c0215
"[""atlas/research/proteomic/snapshots/extract1.json"",""atlas/releases/0.1.0/input_snapshot/research/proteomic/snapshots/extract1.json"",""atlas/releases/0.2.0/input_snapshot/research/proteomic/snapshots/extract1.json"",""atlas/releases/0.2.0/input_snapshot/releases/0.1.0/input_snapshot/research/proteomic/snapshots/extract1.json""]",ASSET_1dcb162b3750c70b20f1,22188,4,documentary_or_repository_source_snapshot,json,atlas/research/proteomic/snapshots/extract1.json,1dcb162b3750c70b20f1be791498dc12046a520691c947a5b8fe01f0018a17ad
"[""atlas/scripts/retrieve_fulltext_followup.py"",""atlas/releases/0.2.0/input_snapshot/scripts/retrieve_fulltext_followup.py""]",ASSET_1e2f9569aa5cd27c93e3,1469,2,code_or_environment_specification,py,atlas/scripts/retrieve_fulltext_followup.py,1e2f9569aa5cd27c93e3cbc24684878dc40aece3a57d9c9419c58e8a7f0fcfdd
"[""atlas/research/references/pubmed_B.response.json"",""atlas/releases/0.1.0/input_snapshot/research/references/pubmed_B.response.json"",""atlas/releases/0.2.0/input_snapshot/research/references/pubmed_B.response.json"",""atlas/releases/0.2.0/input_snapshot/releases/0.1.0/input_snapshot/research/references/pubmed_B.response.json""]",ASSET_1e374117069b8b13f12a,418,4,resource_metadata_snapshot,json,atlas/research/references/pubmed_B.response.json,1e374117069b8b13f12a7c2cbb30f3e32b0db0ed92242b06a35ac2c90ae3978b
"[""atlas/research/references/uniprot_IL1B.request.json"",""atlas/releases/0.1.0/input_snapshot/research/references/uniprot_IL1B.request.json"",""atlas/releases/0.2.0/input_snapshot/research/references/uniprot_IL1B.request.json"",""atlas/releases/0.2.0/input_snapshot/releases/0.1.0/input_snapshot/research/references/uniprot_IL1B.request.json""]",ASSET_1e48c5ffad6e5e7fd89c,338,4,resource_metadata_snapshot,json,atlas/research/references/uniprot_IL1B.request.json,1e48c5ffad6e5e7fd89c356e6455519a0cc983ba260510029e296bb45378ce0c
"[""atlas/research/chemokine_expansion/review_response.json"",""atlas/releases/0.2.0/input_snapshot/research/chemokine_expansion/review_response.json""]",ASSET_1e7c0b68bdb0fc5329d2,1967,2,structured_curation_or_provenance,json,atlas/research/chemokine_expansion/review_response.json,1e7c0b68bdb0fc5329d2189ea03ccb99fc71ac880cc900873fb55041b05c352e
"[""atlas/candidates/0.3.0/mechanism_graphs.json""]",ASSET_1e8ef37e9cbe3726c06f,542539,1,structured_curation_or_provenance,json,atlas/candidates/0.3.0/mechanism_graphs.json,1e8ef37e9cbe3726c06f486a74fcfef5f8d140b4d900a4663bd8882920ed9421
"[""atlas/research/mechanisms_activation/snapshots/MA_S01_full_metadata.json"",""atlas/candidates/0.3.0/input_snapshot/research/mechanisms_activation/snapshots/MA_S01_full_metadata.json""]",ASSET_1fd70f05928d928a33d8,2296,2,documentary_or_repository_source_snapshot,json,atlas/research/mechanisms_activation/snapshots/MA_S01_full_metadata.json,1fd70f05928d928a33d84baa6f4af60509afa016579c5510ce4a90d1c0f0126d
"[""atlas/reports/RESEARCH_SYNTHESIS.md"",""atlas/releases/0.1.0/input_snapshot/reports/RESEARCH_SYNTHESIS.md"",""atlas/releases/0.2.0/input_snapshot/reports/RESEARCH_SYNTHESIS.md"",""atlas/releases/0.2.0/input_snapshot/releases/0.1.0/input_snapshot/reports/RESEARCH_SYNTHESIS.md""]",ASSET_203f375dd87aa59f2e01,18960,4,documentation_or_protocol,md,atlas/reports/RESEARCH_SYNTHESIS.md,203f375dd87aa59f2e01095420de1d40db0716dfd30a560874ced6eb6279c4fa
"[""atlas/research/mechanisms_antigen/snapshots/MP_deLaSalle2002.html"",""atlas/candidates/0.3.0/input_snapshot/research/mechanisms_antigen/snapshots/MP_deLaSalle2002.html""]",ASSET_205b7a1f5b3f73fcf77d,155678,2,documentary_or_repository_source_snapshot,html,atlas/research/mechanisms_antigen/snapshots/MP_deLaSalle2002.html,205b7a1f5b3f73fcf77d3d759fb50d8d1e70837113638bd16ece112113ebc2bc
"[""atlas/research/cytokine_expansion/snapshots/open01.json"",""atlas/releases/0.2.0/input_snapshot/research/cytokine_expansion/snapshots/open01.json""]",ASSET_20bcd212cf3860600b2f,30847,2,documentary_or_repository_source_snapshot,json,atlas/research/cytokine_expansion/snapshots/open01.json,20bcd212cf3860600b2f07c1cc658ee61b8b68cab6c39e5ef69481b775b9a04f
"[""atlas/research/references/pubmed_entity_IL2.json"",""atlas/releases/0.1.0/input_snapshot/research/references/pubmed_entity_IL2.json"",""atlas/releases/0.2.0/input_snapshot/research/references/pubmed_entity_IL2.json"",""atlas/releases/0.2.0/input_snapshot/releases/0.1.0/input_snapshot/research/references/pubmed_entity_IL2.json""]",ASSET_20d6c9e68d16c2531d20,3159,4,resource_metadata_snapshot,json,atlas/research/references/pubmed_entity_IL2.json,20d6c9e68d16c2531d206f48857dc349a3af308b01092243a6f3f177d8b44657
"[""atlas/research/proteomic/snapshots/methods.json"",""atlas/releases/0.1.0/input_snapshot/research/proteomic/snapshots/methods.json"",""atlas/releases/0.2.0/input_snapshot/research/proteomic/snapshots/methods.json"",""atlas/releases/0.2.0/input_snapshot/releases/0.1.0/input_snapshot/research/proteomic/snapshots/methods.json""]",ASSET_20ed5d9d4fce163028d0,32037,4,documentary_or_repository_source_snapshot,json,atlas/research/proteomic/snapshots/methods.json,20ed5d9d4fce163028d063aad39a21ca6bffa341b2cf49ec6bf5658f8d08ce0c
"[""atlas/research/mechanisms_activation/snapshots/MA_S01_full.html"",""atlas/candidates/0.3.0/input_snapshot/research/mechanisms_activation/snapshots/MA_S01_full.html""]",ASSET_210c9c5b0b248c9dc3e6,272189,2,documentary_or_repository_source_snapshot,html,atlas/research/mechanisms_activation/snapshots/MA_S01_full.html,210c9c5b0b248c9dc3e6abf52786ca51656288768b9dbcb15f67260480c62b3a
"[""atlas/research/references/pubmed_entity_CCL13.json"",""atlas/releases/0.1.0/input_snapshot/research/references/pubmed_entity_CCL13.json"",""atlas/releases/0.2.0/input_snapshot/research/references/pubmed_entity_CCL13.json"",""atlas/releases/0.2.0/input_snapshot/releases/0.1.0/input_snapshot/research/references/pubmed_entity_CCL13.json""]",ASSET_215499a646124280db1e,3159,4,resource_metadata_snapshot,json,atlas/research/references/pubmed_entity_CCL13.json,215499a646124280db1e15873579f71e31af3ce6253d9600c36da1fca28612b4
"[""atlas/research/references/uniprot_CXCL10.request.json"",""atlas/releases/0.1.0/input_snapshot/research/references/uniprot_CXCL10.request.json"",""atlas/releases/0.2.0/input_snapshot/research/references/uniprot_CXCL10.request.json"",""atlas/releases/0.2.0/input_snapshot/releases/0.1.0/input_snapshot/research/references/uniprot_CXCL10.request.json""]",ASSET_2179fcc52a7e5c0a6860,342,4,resource_metadata_snapshot,json,atlas/research/references/uniprot_CXCL10.request.json,2179fcc52a7e5c0a68605b7cd88998741bd6ddbd1f0618f2c9341294ecba7a93
"[""atlas/candidates/0.3.0/qc.json""]",ASSET_21a55e7f7164a8ee3da0,4148,1,structured_curation_or_provenance,json,atlas/candidates/0.3.0/qc.json,21a55e7f7164a8ee3da0f27d58c58da7efb12ce15652ab9b6bff28868d198fc2
"[""atlas/research/fulltext_followup/web_open.json"",""atlas/releases/0.2.0/input_snapshot/research/fulltext_followup/web_open.json""]",ASSET_21c78f3f7aff813eeda7,1032,2,structured_curation_or_provenance,json,atlas/research/fulltext_followup/web_open.json,21c78f3f7aff813eeda79f64894b962a22a7d3e792e2b56633acf6f904385d41
"[""atlas/research/references/uniprot_IL5.request.json"",""atlas/releases/0.1.0/input_snapshot/research/references/uniprot_IL5.request.json"",""atlas/releases/0.2.0/input_snapshot/research/references/uniprot_IL5.request.json"",""atlas/releases/0.2.0/input_snapshot/releases/0.1.0/input_snapshot/research/references/uniprot_IL5.request.json""]",ASSET_21d453c7168260f90bd5,336,4,resource_metadata_snapshot,json,atlas/research/references/uniprot_IL5.request.json,21d453c7168260f90bd5ca5a95f5b6b7afbe7a4f304c660f0da871b3f58f26ae
"[""atlas/releases/0.1.0/input_snapshot/provenance/adjudications.json"",""atlas/releases/0.2.0/input_snapshot/releases/0.1.0/input_snapshot/provenance/adjudications.json""]",ASSET_2252d7d9be35550c3b6c,4345,2,structured_curation_or_provenance,json,atlas/releases/0.1.0/input_snapshot/provenance/adjudications.json,2252d7d9be35550c3b6c419035a4a12e351052e6abbdc5cd5f2808ff8aa72351
"[""atlas/research/mechanisms_antigen/snapshots/MP_Restifo1996_fig5.jpg"",""atlas/candidates/0.3.0/input_snapshot/research/mechanisms_antigen/snapshots/MP_Restifo1996_fig5.jpg""]",ASSET_2313be2c581f290ef932,31499,2,documentary_or_repository_source_snapshot,jpg,atlas/research/mechanisms_antigen/snapshots/MP_Restifo1996_fig5.jpg,2313be2c581f290ef9329710fc0bd16c85983f842426c02809800adf67746b0c
"[""atlas/provenance/security_redactions_2026-09-13.json"",""atlas/releases/0.1.0/security_redactions.json"",""atlas/releases/0.2.0/input_snapshot/releases/0.1.0/security_redactions.json"",""atlas/releases/0.2.0/input_snapshot/provenance/security_redactions_2026-09-13.json""]",ASSET_239ac7ef1f3378c82f08,1074,4,structured_curation_or_provenance,json,atlas/provenance/security_redactions_2026-09-13.json,239ac7ef1f3378c82f081346ce4ac4d00f317127c02277a038b63e7dec55291e
"[""atlas/reports/SECURITY_ALERT_2026-09-13.md"",""atlas/releases/0.2.0/input_snapshot/reports/SECURITY_ALERT_2026-09-13.md""]",ASSET_240880d92120659af472,2404,2,documentation_or_protocol,md,atlas/reports/SECURITY_ALERT_2026-09-13.md,240880d92120659af4725e0ec1f00ede5939382a27d039d630cb5e22d9e1773d
"[""atlas/research/references/pubmed_entity_CCL11.json"",""atlas/releases/0.1.0/input_snapshot/research/references/pubmed_entity_CCL11.json"",""atlas/releases/0.2.0/input_snapshot/research/references/pubmed_entity_CCL11.json"",""atlas/releases/0.2.0/input_snapshot/releases/0.1.0/input_snapshot/research/references/pubmed_entity_CCL11.json""]",ASSET_24e17b583d4e6655f47e,3159,4,resource_metadata_snapshot,json,atlas/research/references/pubmed_entity_CCL11.json,24e17b583d4e6655f47eac0f16dbeb790198a6df52467a5fb5c9b8821fb30b0e
"[""atlas/research/mechanisms_antigen/snapshots/MP_web_fulltext_batch1.json"",""atlas/candidates/0.3.0/input_snapshot/research/mechanisms_antigen/snapshots/MP_web_fulltext_batch1.json""]",ASSET_262fdbb5e9478a4629bd,1524,2,documentary_or_repository_source_snapshot,json,atlas/research/mechanisms_antigen/snapshots/MP_web_fulltext_batch1.json,262fdbb5e9478a4629bdc1b9904f300486eb977b69780c866c6f46068260c16a
"[""atlas/research/references/pubmed_entity_CXCL10.json"",""atlas/releases/0.1.0/input_snapshot/research/references/pubmed_entity_CXCL10.json"",""atlas/releases/0.2.0/input_snapshot/research/references/pubmed_entity_CXCL10.json"",""atlas/releases/0.2.0/input_snapshot/releases/0.1.0/input_snapshot/research/references/pubmed_entity_CXCL10.json""]",ASSET_26bedebaa5a811f98eb4,3161,4,resource_metadata_snapshot,json,atlas/research/references/pubmed_entity_CXCL10.json,26bedebaa5a811f98eb4f9ccc4ce2d20e183d796a8046f27af603b2232b5afa2
"[""atlas/research/fulltext_followup/chrome_STAT3_passages.json"",""atlas/releases/0.2.0/input_snapshot/research/fulltext_followup/chrome_STAT3_passages.json""]",ASSET_26caa1f74bb007094bcb,2120,2,structured_curation_or_provenance,json,atlas/research/fulltext_followup/chrome_STAT3_passages.json,26caa1f74bb007094bcbe3d026abacebf6086c8edd2d949288f7bc419ed8f3a2
"[""atlas/research/references/uniprot_IL7.json"",""atlas/releases/0.1.0/input_snapshot/research/references/uniprot_IL7.json"",""atlas/releases/0.2.0/input_snapshot/research/references/uniprot_IL7.json"",""atlas/releases/0.2.0/input_snapshot/releases/0.1.0/input_snapshot/research/references/uniprot_IL7.json""]",ASSET_26f432747e41c5c72566,76089,4,resource_metadata_snapshot,json,atlas/research/references/uniprot_IL7.json,26f432747e41c5c725665d514634018aab2fd66b119cefc5262e607fe27404d9
"[""atlas/research/review_chemokine_0.2_recheck.json"",""atlas/releases/0.2.0/input_snapshot/research/review_chemokine_0.2_recheck.json""]",ASSET_271adf3241d3c3721f91,10798,2,structured_curation_or_provenance,json,atlas/research/review_chemokine_0.2_recheck.json,271adf3241d3c3721f91e2f95489fe7564bc9f43e372d8c6aa6cf6593bf8639f
"[""atlas/research/references/uniprot_IL6.request.json"",""atlas/releases/0.1.0/input_snapshot/research/references/uniprot_IL6.request.json"",""atlas/releases/0.2.0/input_snapshot/research/references/uniprot_IL6.request.json"",""atlas/releases/0.2.0/input_snapshot/releases/0.1.0/input_snapshot/research/references/uniprot_IL6.request.json""]",ASSET_2726cf4539ee6cb674e1,336,4,resource_metadata_snapshot,json,atlas/research/references/uniprot_IL6.request.json,2726cf4539ee6cb674e1bf89df99a13f6aefad6f351cc7d6762874b955f8e838
"[""atlas/research/genomic/snapshots/G09_fulltext.html"",""atlas/releases/0.1.0/input_snapshot/research/genomic/snapshots/G09_fulltext.html"",""atlas/releases/0.2.0/input_snapshot/research/genomic/snapshots/G09_fulltext.html"",""atlas/releases/0.2.0/input_snapshot/releases/0.1.0/input_snapshot/research/genomic/snapshots/G09_fulltext.html""]",ASSET_2757c6c4e56a14030dc9,216584,4,documentary_or_repository_source_snapshot,html,atlas/research/genomic/snapshots/G09_fulltext.html,2757c6c4e56a14030dc9f42d38c01dfad94e2d0472e36d013f96f35e697781fb
"[""atlas/releases/0.2.0/provenance_manifest.json""]",ASSET_27cccb7b76ded05a568f,336689,1,structured_curation_or_provenance,json,atlas/releases/0.2.0/provenance_manifest.json,27cccb7b76ded05a568fba24bb75f0a3b95f486306b6c4f4033e7a4749a8552c
"[""atlas/research/cytokine_inventory/snapshots/uniprot_reviewed.tsv"",""atlas/candidates/0.3.0/input_snapshot/research/cytokine_inventory/snapshots/uniprot_reviewed.tsv""]",ASSET_27e647ab7eec68643294,142264,2,resource_metadata_snapshot,tsv,atlas/research/cytokine_inventory/snapshots/uniprot_reviewed.tsv,27e647ab7eec68643294c2c8815bf8109612fb0196fd4861053951913a888d6c
"[""atlas/research/chemokine_expansion/snapshots/followup_fullmethods1.json"",""atlas/releases/0.2.0/input_snapshot/research/chemokine_expansion/snapshots/followup_fullmethods1.json""]",ASSET_2878795f19b69d040deb,25591,2,documentary_or_repository_source_snapshot,json,atlas/research/chemokine_expansion/snapshots/followup_fullmethods1.json,2878795f19b69d040debb0a455dc5a71971059d6cd403ace304a1f3c73b4655a
"[""atlas/research/chemokine_expansion/snapshots/open2.json"",""atlas/releases/0.2.0/input_snapshot/research/chemokine_expansion/snapshots/open2.json""]",ASSET_28d940512ca6653c7044,1404,2,documentary_or_repository_source_snapshot,json,atlas/research/chemokine_expansion/snapshots/open2.json,28d940512ca6653c7044812a4bf68ed81359ef75f0904e523acd93b26fbb5f6e
"[""atlas/research/references/uniprot_IL16.response.json"",""atlas/releases/0.1.0/input_snapshot/research/references/uniprot_IL16.response.json"",""atlas/releases/0.2.0/input_snapshot/research/references/uniprot_IL16.response.json"",""atlas/releases/0.2.0/input_snapshot/releases/0.1.0/input_snapshot/research/references/uniprot_IL16.response.json""]",ASSET_29751923ec6c0ac52d67,1023,4,resource_metadata_snapshot,json,atlas/research/references/uniprot_IL16.response.json,29751923ec6c0ac52d67d42bd0e0c32ad51334231ef6e1e306043a8d4652f565
"[""atlas/research/references/pubmed_entity_IL16.request.json"",""atlas/releases/0.1.0/input_snapshot/research/references/pubmed_entity_IL16.request.json"",""atlas/releases/0.2.0/input_snapshot/research/references/pubmed_entity_IL16.request.json"",""atlas/releases/0.2.0/input_snapshot/releases/0.1.0/input_snapshot/research/references/pubmed_entity_IL16.request.json""]",ASSET_29ce63250295d5087424,459,4,resource_metadata_snapshot,json,atlas/research/references/pubmed_entity_IL16.request.json,29ce63250295d5087424c737e2b50ce8f1807482bc8aff9bffd62572826fac96
"[""atlas/candidates/0.3.0/candidate_inputs.csv""]",ASSET_2a7a36dca6847148ec9d,15360,1,derived_atlas_table_or_database,csv,atlas/candidates/0.3.0/candidate_inputs.csv,2a7a36dca6847148ec9d28b21ce12ff913ad09f2016ba68a4efdb3c932494b8d
"[""atlas/research/references/uniprot_IL2.request.json"",""atlas/releases/0.1.0/input_snapshot/research/references/uniprot_IL2.request.json"",""atlas/releases/0.2.0/input_snapshot/research/references/uniprot_IL2.request.json"",""atlas/releases/0.2.0/input_snapshot/releases/0.1.0/input_snapshot/research/references/uniprot_IL2.request.json""]",ASSET_2ab2019a360d048f240f,336,4,resource_metadata_snapshot,json,atlas/research/references/uniprot_IL2.request.json,2ab2019a360d048f240f4552601114f5ec26ad6f20ffa6c3efd09ed66282178d
"[""atlas/research/references/resource_16.html"",""atlas/releases/0.1.0/input_snapshot/research/references/resource_16.html"",""atlas/releases/0.2.0/input_snapshot/research/references/resource_16.html"",""atlas/releases/0.2.0/input_snapshot/releases/0.1.0/input_snapshot/research/references/resource_16.html""]",ASSET_2ad2677117c93b148ae0,18132,4,other_artifact,html,atlas/research/references/resource_16.html,2ad2677117c93b148ae0dcdebe064633fbe1da4309b7b48a51c8e277fe1fa251
"[""atlas/research/fulltext_followup/proteomic_followup_methods2.json"",""atlas/releases/0.2.0/input_snapshot/research/fulltext_followup/proteomic_followup_methods2.json""]",ASSET_2af6cd9832bc59e7197e,35727,2,structured_curation_or_provenance,json,atlas/research/fulltext_followup/proteomic_followup_methods2.json,2af6cd9832bc59e7197e67b2ae303fa18af07a00c2c3de92a133e2885c481dc3
"[""atlas/research/references/uniprot_CCL17.request.json"",""atlas/releases/0.1.0/input_snapshot/research/references/uniprot_CCL17.request.json"",""atlas/releases/0.2.0/input_snapshot/research/references/uniprot_CCL17.request.json"",""atlas/releases/0.2.0/input_snapshot/releases/0.1.0/input_snapshot/research/references/uniprot_CCL17.request.json""]",ASSET_2bb7e042b4a5f0689820,340,4,resource_metadata_snapshot,json,atlas/research/references/uniprot_CCL17.request.json,2bb7e042b4a5f068982016cf3b035ea195ef1a40d51958fc8ed49be4a5d9c29a
"[""atlas/releases/0.2.0/input_snapshot/scripts/sanitize_snapshots.py""]",ASSET_2bdb501bfa0d6321c279,2970,1,code_or_environment_specification,py,atlas/releases/0.2.0/input_snapshot/scripts/sanitize_snapshots.py,2bdb501bfa0d6321c2799ab144f480ea24660091aef7335e9636cd4422e64e3b
"[""atlas/provenance/adjudications.json"",""atlas/releases/0.2.0/input_snapshot/provenance/adjudications.json""]",ASSET_2c2f9ed43c1ac800ca1d,8861,2,structured_curation_or_provenance,json,atlas/provenance/adjudications.json,2c2f9ed43c1ac800ca1d4c08357fc754f53b680895c15d988578ce5c073cdae0
"[""atlas/research/mechanisms_activation/snapshots/MA_S02_full.html"",""atlas/candidates/0.3.0/input_snapshot/research/mechanisms_activation/snapshots/MA_S02_full.html""]",ASSET_2c94fd8923bc608c44f0,192756,2,documentary_or_repository_source_snapshot,html,atlas/research/mechanisms_activation/snapshots/MA_S02_full.html,2c94fd8923bc608c44f04f3c5a53970120a80cd0a4c7ef4ec9e86fbc1f69077a
"[""atlas/research/genomic/snapshots/G08_open.txt"",""atlas/releases/0.1.0/input_snapshot/research/genomic/snapshots/G08_open.txt"",""atlas/releases/0.2.0/input_snapshot/research/genomic/snapshots/G08_open.txt"",""atlas/releases/0.2.0/input_snapshot/releases/0.1.0/input_snapshot/research/genomic/snapshots/G08_open.txt""]",ASSET_2ca2ed156d83aa7e4542,17257,4,documentary_or_repository_source_snapshot,txt,atlas/research/genomic/snapshots/G08_open.txt,2ca2ed156d83aa7e45425de54fbd1f0b5311e231ced85f63d44418a2ce9d5ebf
"[""atlas/research/references/pubmed_entity_CCL22.response.json"",""atlas/releases/0.1.0/input_snapshot/research/references/pubmed_entity_CCL22.response.json"",""atlas/releases/0.2.0/input_snapshot/research/references/pubmed_entity_CCL22.response.json"",""atlas/releases/0.2.0/input_snapshot/releases/0.1.0/input_snapshot/research/references/pubmed_entity_CCL22.response.json""]",ASSET_2cb10e1f0b4b4e7f0fca,429,4,resource_metadata_snapshot,json,atlas/research/references/pubmed_entity_CCL22.response.json,2cb10e1f0b4b4e7f0fca4552f5539ef8046958c3f733197dfc188cb66f155ef3
"[""atlas/research/references/uniprot_CSF2.request.json"",""atlas/releases/0.1.0/input_snapshot/research/references/uniprot_CSF2.request.json"",""atlas/releases/0.2.0/input_snapshot/research/references/uniprot_CSF2.request.json"",""atlas/releases/0.2.0/input_snapshot/releases/0.1.0/input_snapshot/research/references/uniprot_CSF2.request.json""]",ASSET_2cc04e30be635e676be1,338,4,resource_metadata_snapshot,json,atlas/research/references/uniprot_CSF2.request.json,2cc04e30be635e676be1f6ecfc2998dadc205cc090ef02b7b9f2b4eb2145a932
"[""atlas/research/cytokine/snapshots/search2.json"",""atlas/releases/0.1.0/input_snapshot/research/cytokine/snapshots/search2.json"",""atlas/releases/0.2.0/input_snapshot/research/cytokine/snapshots/search2.json"",""atlas/releases/0.2.0/input_snapshot/releases/0.1.0/input_snapshot/research/cytokine/snapshots/search2.json""]",ASSET_2d9b31e904cc334c9254,32784,4,documentary_or_repository_source_snapshot,json,atlas/research/cytokine/snapshots/search2.json,2d9b31e904cc334c925419e26a94f278e55d8e56c346be3955c74719e1e7b9de
"[""atlas/releases/0.1.0/adjudications.csv"",""atlas/releases/0.2.0/input_snapshot/releases/0.1.0/adjudications.csv""]",ASSET_2dac9d7066fd1c240277,3810,2,derived_atlas_table_or_database,csv,atlas/releases/0.1.0/adjudications.csv,2dac9d7066fd1c240277f23a8e0dd65c9b9afad63b216683ebb2ab09b067e461
"[""atlas/research/chemokine_expansion/sanitation_audit.json"",""atlas/releases/0.2.0/input_snapshot/research/chemokine_expansion/sanitation_audit.json""]",ASSET_2dcba516b478b311767a,763,2,structured_curation_or_provenance,json,atlas/research/chemokine_expansion/sanitation_audit.json,2dcba516b478b311767a153acb5ba835b7b44888936103e695d287ba09a9b8b6
"[""atlas/research/fulltext_followup/method_passages.json"",""atlas/releases/0.2.0/input_snapshot/research/fulltext_followup/method_passages.json""]",ASSET_2ded0580a91295e2783f,30155,2,structured_curation_or_provenance,json,atlas/research/fulltext_followup/method_passages.json,2ded0580a91295e2783fec7131d9ebc1fe174a6a9aaf7d6b316c265a7d8b0418
"[""atlas/research/cytokine_inventory/notes.md"",""atlas/candidates/0.3.0/input_snapshot/research/cytokine_inventory/notes.md""]",ASSET_2e01b90cd66ba4e7a5e8,1465,2,documentation_or_protocol,md,atlas/research/cytokine_inventory/notes.md,2e01b90cd66ba4e7a5e8036c07019a2395aeee76d409ab278c0a9ee683c834fd
"[""atlas/research/references/pubmed_entity_CCL11.response.json"",""atlas/releases/0.1.0/input_snapshot/research/references/pubmed_entity_CCL11.response.json"",""atlas/releases/0.2.0/input_snapshot/research/references/pubmed_entity_CCL11.response.json"",""atlas/releases/0.2.0/input_snapshot/releases/0.1.0/input_snapshot/research/references/pubmed_entity_CCL11.response.json""]",ASSET_2e3e51a18ac38e16743f,429,4,resource_metadata_snapshot,json,atlas/research/references/pubmed_entity_CCL11.response.json,2e3e51a18ac38e16743ff7a8f2c256b79f9cea6a30a53996f1d0f5bf8183ac28
"[""atlas/research/mechanisms_activation/source_manifest.json"",""atlas/candidates/0.3.0/input_snapshot/research/mechanisms_activation/source_manifest.json""]",ASSET_2e730c28f95a4d8f59d5,14839,2,structured_curation_or_provenance,json,atlas/research/mechanisms_activation/source_manifest.json,2e730c28f95a4d8f59d574ca8d219105ee5461a3f3345ef2f6008b3934d1de30
"[""atlas/research/receptor_expansion/snapshots/root_search3.json"",""atlas/releases/0.2.0/input_snapshot/research/receptor_expansion/snapshots/root_search3.json""]",ASSET_2efc4ce2ae19e59ae129,28897,2,documentary_or_repository_source_snapshot,json,atlas/research/receptor_expansion/snapshots/root_search3.json,2efc4ce2ae19e59ae1298184570a38e6b3a29dee06dc0d0e2e4d17102f1ab9e9
"[""atlas/releases/0.1.0/cell_states.csv"",""atlas/releases/0.2.0/input_snapshot/releases/0.1.0/cell_states.csv""]",ASSET_2f7bb7c8a4157d197520,2996,2,derived_atlas_table_or_database,csv,atlas/releases/0.1.0/cell_states.csv,2f7bb7c8a4157d197520649b7370f5a7551b8c1eb6dafbc7ab083aa3c858f267
"[""atlas/releases/0.1.0/input_snapshot/data/DATA_DICTIONARY.md"",""atlas/releases/0.2.0/input_snapshot/releases/0.1.0/input_snapshot/data/DATA_DICTIONARY.md""]",ASSET_305a18247fa7508c427e,14234,2,documentation_or_protocol,md,atlas/releases/0.1.0/input_snapshot/data/DATA_DICTIONARY.md,305a18247fa7508c427eab166d8c2a5db3e5ea5a24050a22a45185539629225c
"[""atlas/research/references/pubmed_entity_CXCL10.request.json"",""atlas/releases/0.1.0/input_snapshot/research/references/pubmed_entity_CXCL10.request.json"",""atlas/releases/0.2.0/input_snapshot/research/references/pubmed_entity_CXCL10.request.json"",""atlas/releases/0.2.0/input_snapshot/releases/0.1.0/input_snapshot/research/references/pubmed_entity_CXCL10.request.json""]",ASSET_3081eb8522d2a373e254,463,4,resource_metadata_snapshot,json,atlas/research/references/pubmed_entity_CXCL10.request.json,3081eb8522d2a373e2549b3b6f39f26b2b436cda4bc8be8e5647ef75b8b6c29e
"[""atlas/research/references/pubmed_entity_CXCL10.response.json"",""atlas/releases/0.1.0/input_snapshot/research/references/pubmed_entity_CXCL10.response.json"",""atlas/releases/0.2.0/input_snapshot/research/references/pubmed_entity_CXCL10.response.json"",""atlas/releases/0.2.0/input_snapshot/releases/0.1.0/input_snapshot/research/references/pubmed_entity_CXCL10.response.json""]",ASSET_30aa69254c52cc38e0d3,430,4,resource_metadata_snapshot,json,atlas/research/references/pubmed_entity_CXCL10.response.json,30aa69254c52cc38e0d3c658ca148fd215e5e9a2d769a8e22f0117382f90efd4
"[""atlas/reports/CANDIDATE_REPRODUCTION_0.3.0.json""]",ASSET_30d4827d086954b828bf,673,1,structured_curation_or_provenance,json,atlas/reports/CANDIDATE_REPRODUCTION_0.3.0.json,30d4827d086954b828bfac67cc4d50a6839f75050b9bc6baaa8e62b006c1acd0
"[""atlas/research/references/pubmed_entity_IL13.json"",""atlas/releases/0.1.0/input_snapshot/research/references/pubmed_entity_IL13.json"",""atlas/releases/0.2.0/input_snapshot/research/references/pubmed_entity_IL13.json"",""atlas/releases/0.2.0/input_snapshot/releases/0.1.0/input_snapshot/research/references/pubmed_entity_IL13.json""]",ASSET_30ddb4085c7ee30d0f94,3159,4,resource_metadata_snapshot,json,atlas/research/references/pubmed_entity_IL13.json,30ddb4085c7ee30d0f940cf7577e92d6c16485ad352647d7cab065fbb5e9dfc7
"[""atlas/research/genomic/snapshots/G02b_retrieval.txt"",""atlas/releases/0.1.0/input_snapshot/research/genomic/snapshots/G02b_retrieval.txt"",""atlas/releases/0.2.0/input_snapshot/research/genomic/snapshots/G02b_retrieval.txt"",""atlas/releases/0.2.0/input_snapshot/releases/0.1.0/input_snapshot/research/genomic/snapshots/G02b_retrieval.txt""]",ASSET_313fced2da5b8c22095e,442,4,documentary_or_repository_source_snapshot,txt,atlas/research/genomic/snapshots/G02b_retrieval.txt,313fced2da5b8c22095e7e4ba69fee261777f04295e5964ba1707a11b15be9d0
"[""atlas/research/cytokine_expansion/snapshots/PMC4709758_selected.txt"",""atlas/releases/0.2.0/input_snapshot/research/cytokine_expansion/snapshots/PMC4709758_selected.txt""]",ASSET_31c3de47536fbbddcfbd,3773,2,documentary_or_repository_source_snapshot,txt,atlas/research/cytokine_expansion/snapshots/PMC4709758_selected.txt,31c3de47536fbbddcfbd7576b9778d3fd4ec0a3aa66ae8e9f75456c3d80480eb
"[""atlas/research/cytokine/snapshots/search1.json"",""atlas/releases/0.1.0/input_snapshot/research/cytokine/snapshots/search1.json"",""atlas/releases/0.2.0/input_snapshot/research/cytokine/snapshots/search1.json"",""atlas/releases/0.2.0/input_snapshot/releases/0.1.0/input_snapshot/research/cytokine/snapshots/search1.json""]",ASSET_31daf70acc7364dda08c,29035,4,documentary_or_repository_source_snapshot,json,atlas/research/cytokine/snapshots/search1.json,31daf70acc7364dda08c0a5191aebd61fcca9fe30b522512798eacc9776e83cb
"[""atlas/research/receptor_expansion/snapshots/root_il1_full.json"",""atlas/releases/0.2.0/input_snapshot/research/receptor_expansion/snapshots/root_il1_full.json""]",ASSET_321f8d897377b06bad61,31882,2,documentary_or_repository_source_snapshot,json,atlas/research/receptor_expansion/snapshots/root_il1_full.json,321f8d897377b06bad61a6ab1c5b1b314d8bb384d9ff57f119f8ce41294a5bf3
"[""atlas/research/references/uniprot_IL12A.response.json"",""atlas/releases/0.1.0/input_snapshot/research/references/uniprot_IL12A.response.json"",""atlas/releases/0.2.0/input_snapshot/research/references/uniprot_IL12A.response.json"",""atlas/releases/0.2.0/input_snapshot/releases/0.1.0/input_snapshot/research/references/uniprot_IL12A.response.json""]",ASSET_3220d687dd119fb2b4f9,974,4,resource_metadata_snapshot,json,atlas/research/references/uniprot_IL12A.response.json,3220d687dd119fb2b4f94338f90980cc8c12e67cb15a444e4f4e476b8575cecf
"[""atlas/research/references/uniprot_CCL2.response.json"",""atlas/releases/0.1.0/input_snapshot/research/references/uniprot_CCL2.response.json"",""atlas/releases/0.2.0/input_snapshot/research/references/uniprot_CCL2.response.json"",""atlas/releases/0.2.0/input_snapshot/releases/0.1.0/input_snapshot/research/references/uniprot_CCL2.response.json""]",ASSET_32757b3c5497bbb4940f,982,4,resource_metadata_snapshot,json,atlas/research/references/uniprot_CCL2.response.json,32757b3c5497bbb4940f982ef79cb5f1659d0226284eff53ef22d9132483bf87
"[""atlas/research/references/uniprot_LTA.request.json"",""atlas/releases/0.1.0/input_snapshot/research/references/uniprot_LTA.request.json"",""atlas/releases/0.2.0/input_snapshot/research/references/uniprot_LTA.request.json"",""atlas/releases/0.2.0/input_snapshot/releases/0.1.0/input_snapshot/research/references/uniprot_LTA.request.json""]",ASSET_337707ad7d252f102728,336,4,resource_metadata_snapshot,json,atlas/research/references/uniprot_LTA.request.json,337707ad7d252f1027287dbf3d8568620a4a9dc1f4b6ae70060347fd73b144f0
"[""atlas/research/proteomic/snapshots/open4.json"",""atlas/releases/0.1.0/input_snapshot/research/proteomic/snapshots/open4.json"",""atlas/releases/0.2.0/input_snapshot/research/proteomic/snapshots/open4.json"",""atlas/releases/0.2.0/input_snapshot/releases/0.1.0/input_snapshot/research/proteomic/snapshots/open4.json""]",ASSET_33af42195fbe81aad787,15825,4,documentary_or_repository_source_snapshot,json,atlas/research/proteomic/snapshots/open4.json,33af42195fbe81aad787405261cf95a4032bd19ff972bd9975430718018fe4a9
"[""atlas/research/proteomic/snapshots/open1.json"",""atlas/releases/0.1.0/input_snapshot/research/proteomic/snapshots/open1.json"",""atlas/releases/0.2.0/input_snapshot/research/proteomic/snapshots/open1.json"",""atlas/releases/0.2.0/input_snapshot/releases/0.1.0/input_snapshot/research/proteomic/snapshots/open1.json""]",ASSET_34ce09a1babe5ae0a795,27094,4,documentary_or_repository_source_snapshot,json,atlas/research/proteomic/snapshots/open1.json,34ce09a1babe5ae0a79518dbb5d8d9b850c9f630e48d567254b692a9750f5e38
"[""atlas/research/EXTRACTION_CONTRACT.md"",""atlas/releases/0.1.0/input_snapshot/research/EXTRACTION_CONTRACT.md"",""atlas/releases/0.2.0/input_snapshot/research/EXTRACTION_CONTRACT.md"",""atlas/releases/0.2.0/input_snapshot/releases/0.1.0/input_snapshot/research/EXTRACTION_CONTRACT.md""]",ASSET_35093d4783a11f83166d,3770,4,documentation_or_protocol,md,atlas/research/EXTRACTION_CONTRACT.md,35093d4783a11f83166d09298343e135a7c9d76c196401d88532e91468ef0f0e
"[""atlas/protocol/AMENDMENT_0.2.md"",""atlas/releases/0.2.0/input_snapshot/protocol/AMENDMENT_0.2.md""]",ASSET_35bb33b2800802a2746c,3343,2,documentation_or_protocol,md,atlas/protocol/AMENDMENT_0.2.md,35bb33b2800802a2746c3da238b3e6d9ccf1e70df09a2197c3fa1c9aca7f1116
"[""atlas/research/references/pubmed_entity_CCL11.request.json"",""atlas/releases/0.1.0/input_snapshot/research/references/pubmed_entity_CCL11.request.json"",""atlas/releases/0.2.0/input_snapshot/research/references/pubmed_entity_CCL11.request.json"",""atlas/releases/0.2.0/input_snapshot/releases/0.1.0/input_snapshot/research/references/pubmed_entity_CCL11.request.json""]",ASSET_361372c416e29737d395,461,4,resource_metadata_snapshot,json,atlas/research/references/pubmed_entity_CCL11.request.json,361372c416e29737d395e46ec7cc2949f9bea649f6663acb2378b5a0502a816c
"[""atlas/research/references/uniprot_IL13.json"",""atlas/releases/0.1.0/input_snapshot/research/references/uniprot_IL13.json"",""atlas/releases/0.2.0/input_snapshot/research/references/uniprot_IL13.json"",""atlas/releases/0.2.0/input_snapshot/releases/0.1.0/input_snapshot/research/references/uniprot_IL13.json""]",ASSET_3664589414d41a843764,104385,4,resource_metadata_snapshot,json,atlas/research/references/uniprot_IL13.json,3664589414d41a843764556324da2a279cdd2ed1a7097b007e92d282366c1306
"[""atlas/releases/0.2.0/critic_findings.csv""]",ASSET_36897a368ec0559db25c,27561,1,derived_atlas_table_or_database,csv,atlas/releases/0.2.0/critic_findings.csv,36897a368ec0559db25c603d8451b5fd62a911eb0445eb207c8dfc0b927da3b4
"[""atlas/research/genomic/snapshots/G02_open.txt"",""atlas/releases/0.1.0/input_snapshot/research/genomic/snapshots/G02_open.txt"",""atlas/releases/0.2.0/input_snapshot/research/genomic/snapshots/G02_open.txt"",""atlas/releases/0.2.0/input_snapshot/releases/0.1.0/input_snapshot/research/genomic/snapshots/G02_open.txt""]",ASSET_374da8796b5882d8cdb3,421,4,documentary_or_repository_source_snapshot,txt,atlas/research/genomic/snapshots/G02_open.txt,374da8796b5882d8cdb32e9c16db26c6802e916a5c5e81defe8bdbc4d80ec497
"[""atlas/releases/0.1.0/datasets.csv"",""atlas/releases/0.2.0/input_snapshot/releases/0.1.0/datasets.csv""]",ASSET_377b8103800c8509d1b6,4836,2,derived_atlas_table_or_database,csv,atlas/releases/0.1.0/datasets.csv,377b8103800c8509d1b672063901f0dac739dfdc82353ccf11ae16201918988f
"[""atlas/releases/0.1.0/input_snapshot/data/project_checklist.json"",""atlas/releases/0.2.0/input_snapshot/releases/0.1.0/input_snapshot/data/project_checklist.json""]",ASSET_3792db283358364476e0,26790,2,structured_curation_or_provenance,json,atlas/releases/0.1.0/input_snapshot/data/project_checklist.json,3792db283358364476e030d40550bfba4dbb02170f507c6600c1d2c37532f036
"[""atlas/research/references/uniprot_LTA.json"",""atlas/releases/0.1.0/input_snapshot/research/references/uniprot_LTA.json"",""atlas/releases/0.2.0/input_snapshot/research/references/uniprot_LTA.json"",""atlas/releases/0.2.0/input_snapshot/releases/0.1.0/input_snapshot/research/references/uniprot_LTA.json""]",ASSET_37c513b236b9a61bcc78,91387,4,resource_metadata_snapshot,json,atlas/research/references/uniprot_LTA.json,37c513b236b9a61bcc7835f974add2d051f2191f4d3a1b1ebb10f7181b98a69f
"[""atlas/research/references/uniprot_CCL2.request.json"",""atlas/releases/0.1.0/input_snapshot/research/references/uniprot_CCL2.request.json"",""atlas/releases/0.2.0/input_snapshot/research/references/uniprot_CCL2.request.json"",""atlas/releases/0.2.0/input_snapshot/releases/0.1.0/input_snapshot/research/references/uniprot_CCL2.request.json""]",ASSET_382ae624756f1a6ebd12,338,4,resource_metadata_snapshot,json,atlas/research/references/uniprot_CCL2.request.json,382ae624756f1a6ebd12743e8bfddf45f2f92f192ba7900230ae788997436e7e
"[""atlas/releases/0.1.0/agent_runs.csv"",""atlas/releases/0.2.0/input_snapshot/releases/0.1.0/agent_runs.csv""]",ASSET_38cff8d77c1850839cd5,49071,2,derived_atlas_table_or_database,csv,atlas/releases/0.1.0/agent_runs.csv,38cff8d77c1850839cd5ee2e0085283874f437e82acf8f058c67a18d4f25d774
"[""atlas/provenance/USER_REQUEST.md"",""atlas/releases/0.1.0/input_snapshot/provenance/USER_REQUEST.md"",""atlas/releases/0.2.0/input_snapshot/provenance/USER_REQUEST.md"",""atlas/releases/0.2.0/input_snapshot/releases/0.1.0/input_snapshot/provenance/USER_REQUEST.md""]",ASSET_39b3b916189087ad5ced,665,4,documentation_or_protocol,md,atlas/provenance/USER_REQUEST.md,39b3b916189087ad5cede22fde9592216860dc1e1375f351bf8a2e3c1e2a0380
"[""atlas/research/references/pubmed_D.json"",""atlas/releases/0.1.0/input_snapshot/research/references/pubmed_D.json"",""atlas/releases/0.2.0/input_snapshot/research/references/pubmed_D.json"",""atlas/releases/0.2.0/input_snapshot/releases/0.1.0/input_snapshot/research/references/pubmed_D.json""]",ASSET_39d227a53722a16d0111,3918,4,resource_metadata_snapshot,json,atlas/research/references/pubmed_D.json,39d227a53722a16d011156b139a327f65452526c211be6184a6895204f4a3085
"[""atlas/research/cytokine_expansion/sanitize_audit.json"",""atlas/releases/0.2.0/input_snapshot/research/cytokine_expansion/sanitize_audit.json""]",ASSET_3a0ad9a0c1a124fdd513,355,2,structured_curation_or_provenance,json,atlas/research/cytokine_expansion/sanitize_audit.json,3a0ad9a0c1a124fdd5131b7b9624552bd1419cd01d8b1a37af1c85f29ac3c55d
"[""atlas/releases/0.1.0/entity_aliases.csv"",""atlas/releases/0.2.0/entity_aliases.csv"",""atlas/releases/0.2.0/input_snapshot/releases/0.1.0/entity_aliases.csv""]",ASSET_3a10f93eddef4a6035c4,3314,3,derived_atlas_table_or_database,csv,atlas/releases/0.1.0/entity_aliases.csv,3a10f93eddef4a6035c402e7a9e234bb2e3fbd4a3137f2bea87481528089c154
"[""atlas/research/references/uniprot_IL7.response.json"",""atlas/releases/0.1.0/input_snapshot/research/references/uniprot_IL7.response.json"",""atlas/releases/0.2.0/input_snapshot/research/references/uniprot_IL7.response.json"",""atlas/releases/0.2.0/input_snapshot/releases/0.1.0/input_snapshot/research/references/uniprot_IL7.response.json""]",ASSET_3a267746bcc4d4efeb4a,963,4,resource_metadata_snapshot,json,atlas/research/references/uniprot_IL7.response.json,3a267746bcc4d4efeb4a4154ecfe049e7afa8ce152d4af1f6fc7643992ec76b5
"[""atlas/research/references/uniprot_CCL17.response.json"",""atlas/releases/0.1.0/input_snapshot/research/references/uniprot_CCL17.response.json"",""atlas/releases/0.2.0/input_snapshot/research/references/uniprot_CCL17.response.json"",""atlas/releases/0.2.0/input_snapshot/releases/0.1.0/input_snapshot/research/references/uniprot_CCL17.response.json""]",ASSET_3a7b1bf1e2692b7ad43d,984,4,resource_metadata_snapshot,json,atlas/research/references/uniprot_CCL17.response.json,3a7b1bf1e2692b7ad43da179ffc497982c5512ba4f074f82e94453392e390b57
"[""atlas/data/schema.sql"",""atlas/releases/0.2.0/input_snapshot/data/schema.sql""]",ASSET_3ae14c92167ba04aa4b5,8562,2,code_or_environment_specification,sql,atlas/data/schema.sql,3ae14c92167ba04aa4b5be4185c7b2db0cb689926b6233c8203b58a907f44265
"[""atlas/research/cytokine_inventory/inventory_manifest.json"",""atlas/candidates/0.3.0/input_snapshot/research/cytokine_inventory/inventory_manifest.json""]",ASSET_3ae815c113f5e368cc52,2571,2,structured_curation_or_provenance,json,atlas/research/cytokine_inventory/inventory_manifest.json,3ae815c113f5e368cc5293495706e49a6aab14754844436c8bacaa747baf9f19
"[""atlas/research/cytokine/snapshots/open1.json"",""atlas/releases/0.1.0/input_snapshot/research/cytokine/snapshots/open1.json"",""atlas/releases/0.2.0/input_snapshot/research/cytokine/snapshots/open1.json"",""atlas/releases/0.2.0/input_snapshot/releases/0.1.0/input_snapshot/research/cytokine/snapshots/open1.json""]",ASSET_3b52b42ebbe3ef495120,34893,4,documentary_or_repository_source_snapshot,json,atlas/research/cytokine/snapshots/open1.json,3b52b42ebbe3ef495120b4daa7d388bf60f5fb0fb8a27b60edfaf0016d7c9263
"[""atlas/research/references/pubmed_entity_IL7.json"",""atlas/releases/0.1.0/input_snapshot/research/references/pubmed_entity_IL7.json"",""atlas/releases/0.2.0/input_snapshot/research/references/pubmed_entity_IL7.json"",""atlas/releases/0.2.0/input_snapshot/releases/0.1.0/input_snapshot/research/references/pubmed_entity_IL7.json""]",ASSET_3b69d48ce815a6269486,3158,4,resource_metadata_snapshot,json,atlas/research/references/pubmed_entity_IL7.json,3b69d48ce815a626948673456665eb48fa241945071d7c58fea3b1ea2f449a29
"[""atlas/research/references/pubmed_entity_IL12B.response.json"",""atlas/releases/0.1.0/input_snapshot/research/references/pubmed_entity_IL12B.response.json"",""atlas/releases/0.2.0/input_snapshot/research/references/pubmed_entity_IL12B.response.json"",""atlas/releases/0.2.0/input_snapshot/releases/0.1.0/input_snapshot/research/references/pubmed_entity_IL12B.response.json""]",ASSET_3bf42438e3bc9b1a5f04,429,4,resource_metadata_snapshot,json,atlas/research/references/pubmed_entity_IL12B.response.json,3bf42438e3bc9b1a5f04e565767eea986f7af82babf7208852de241cadd6953e
"[""atlas/research/mechanisms_activation/snapshots/MA_S04_full_metadata.json"",""atlas/candidates/0.3.0/input_snapshot/research/mechanisms_activation/snapshots/MA_S04_full_metadata.json""]",ASSET_3c7394c4c3b9d19cafb7,3964,2,documentary_or_repository_source_snapshot,json,atlas/research/mechanisms_activation/snapshots/MA_S04_full_metadata.json,3c7394c4c3b9d19cafb72199efadf2f69ec6a5f4f560fd2444f5819e5c4c0604
"[""atlas/research/genomic/snapshots/G10_retrieval.txt"",""atlas/releases/0.1.0/input_snapshot/research/genomic/snapshots/G10_retrieval.txt"",""atlas/releases/0.2.0/input_snapshot/research/genomic/snapshots/G10_retrieval.txt"",""atlas/releases/0.2.0/input_snapshot/releases/0.1.0/input_snapshot/research/genomic/snapshots/G10_retrieval.txt""]",ASSET_3cde6c8f23db94a0e831,419,4,documentary_or_repository_source_snapshot,txt,atlas/research/genomic/snapshots/G10_retrieval.txt,3cde6c8f23db94a0e83180d816b37c9e52357e611c4ad34ac302ebf3e95769b8
"[""atlas/research/references/pubmed_entity_IL13.response.json"",""atlas/releases/0.1.0/input_snapshot/research/references/pubmed_entity_IL13.response.json"",""atlas/releases/0.2.0/input_snapshot/research/references/pubmed_entity_IL13.response.json"",""atlas/releases/0.2.0/input_snapshot/releases/0.1.0/input_snapshot/research/references/pubmed_entity_IL13.response.json""]",ASSET_3d660da31a5fd38af5d9,428,4,resource_metadata_snapshot,json,atlas/research/references/pubmed_entity_IL13.response.json,3d660da31a5fd38af5d94ddd6a44d18cda64caf992868684e455b86520b5f7f0
"[""atlas/research/receptor_expansion/snapshots/root_lta_full.json"",""atlas/releases/0.2.0/input_snapshot/research/receptor_expansion/snapshots/root_lta_full.json""]",ASSET_3e3b32826dea23c9e7b7,30994,2,documentary_or_repository_source_snapshot,json,atlas/research/receptor_expansion/snapshots/root_lta_full.json,3e3b32826dea23c9e7b718e126c3ff0938fc46a788ed675154c2c000e67176e6
"[""atlas/research/review_receptor_0.2.json"",""atlas/releases/0.2.0/input_snapshot/research/review_receptor_0.2.json""]",ASSET_3e55d031479d526283f2,12390,2,structured_curation_or_provenance,json,atlas/research/review_receptor_0.2.json,3e55d031479d526283f23c5b05617d57414a995df6813673382da6d3ded6f66c
"[""atlas/research/cytokine_expansion/snapshots/search03.json"",""atlas/releases/0.2.0/input_snapshot/research/cytokine_expansion/snapshots/search03.json""]",ASSET_3e7ed8623af854b82584,28360,2,documentary_or_repository_source_snapshot,json,atlas/research/cytokine_expansion/snapshots/search03.json,3e7ed8623af854b82584d0d0ef32775fd06d74b0b27f8c7ab1f939e4a10e3259
"[""atlas/research/fulltext_followup/final_access_checks.json"",""atlas/releases/0.2.0/input_snapshot/research/fulltext_followup/final_access_checks.json""]",ASSET_3e9f787fb84b8a3fcfb5,30995,2,structured_curation_or_provenance,json,atlas/research/fulltext_followup/final_access_checks.json,3e9f787fb84b8a3fcfb52f0a2138dd3f70354088936f3f5de7fffbbb6a98dba1
"[""atlas/research/mechanisms_activation/bridges.json"",""atlas/candidates/0.3.0/input_snapshot/research/mechanisms_activation/bridges.json""]",ASSET_3f14cc3be2c37807d66c,55500,2,structured_curation_or_provenance,json,atlas/research/mechanisms_activation/bridges.json,3f14cc3be2c37807d66cb3f3c31b3421b1eafe446a7d72ed4edcc93e1c0c0025
"[""atlas/research/mechanisms_antigen/snapshots/MP_Kuilman2025_supplement.pdf"",""atlas/candidates/0.3.0/input_snapshot/research/mechanisms_antigen/snapshots/MP_Kuilman2025_supplement.pdf""]",ASSET_4019919e28d05cb62cd5,3059699,2,documentary_or_repository_source_snapshot,pdf,atlas/research/mechanisms_antigen/snapshots/MP_Kuilman2025_supplement.pdf,4019919e28d05cb62cd5b6dedfa2eacee186be3c706a448786424538586789e7
"[""atlas/research/references/resource_04.html"",""atlas/releases/0.1.0/input_snapshot/research/references/resource_04.html"",""atlas/releases/0.2.0/input_snapshot/research/references/resource_04.html"",""atlas/releases/0.2.0/input_snapshot/releases/0.1.0/input_snapshot/research/references/resource_04.html""]",ASSET_407c216919d76e93c207,94459,4,other_artifact,html,atlas/research/references/resource_04.html,407c216919d76e93c20766b1b118a2b42f2e972eed88da53cf8a65173fad9637
"[""atlas/tests/test_candidate.py"",""atlas/candidates/0.3.0/input_snapshot/tests/test_candidate.py""]",ASSET_40a71ff14855ec8163eb,9706,2,code_or_environment_specification,py,atlas/tests/test_candidate.py,40a71ff14855ec8163eb91a75680a4bd99ea9511a43b43f5d0eae54d0a9039a0
"[""atlas/research/mechanisms_antigen/snapshots/MP_ERAP2021.txt"",""atlas/candidates/0.3.0/input_snapshot/research/mechanisms_antigen/snapshots/MP_ERAP2021.txt""]",ASSET_4123c908d62f13e1cf2a,71873,2,documentary_or_repository_source_snapshot,txt,atlas/research/mechanisms_antigen/snapshots/MP_ERAP2021.txt,4123c908d62f13e1cf2a6a1ef449f8dc487f70a8c2f440acb061d35e86b8e3fd
"[""atlas/research/references/pubmed_entity_IL1B.json"",""atlas/releases/0.1.0/input_snapshot/research/references/pubmed_entity_IL1B.json"",""atlas/releases/0.2.0/input_snapshot/research/references/pubmed_entity_IL1B.json"",""atlas/releases/0.2.0/input_snapshot/releases/0.1.0/input_snapshot/research/references/pubmed_entity_IL1B.json""]",ASSET_4156342e0ce3a386f27d,3159,4,resource_metadata_snapshot,json,atlas/research/references/pubmed_entity_IL1B.json,4156342e0ce3a386f27d876e45489cf0890d1e245d83d67e3bde4e610677fe7e
"[""atlas/research/cytokine/snapshots/open5.json"",""atlas/releases/0.1.0/input_snapshot/research/cytokine/snapshots/open5.json"",""atlas/releases/0.2.0/input_snapshot/research/cytokine/snapshots/open5.json"",""atlas/releases/0.2.0/input_snapshot/releases/0.1.0/input_snapshot/research/cytokine/snapshots/open5.json""]",ASSET_4159833a379adcbd1885,1810,4,documentary_or_repository_source_snapshot,json,atlas/research/cytokine/snapshots/open5.json,4159833a379adcbd188547771cf631d49b1befdc6cbe4737bdd3997e3ff2a515
"[""atlas/research/references/pubmed_entity_IL16.json"",""atlas/releases/0.1.0/input_snapshot/research/references/pubmed_entity_IL16.json"",""atlas/releases/0.2.0/input_snapshot/research/references/pubmed_entity_IL16.json"",""atlas/releases/0.2.0/input_snapshot/releases/0.1.0/input_snapshot/research/references/pubmed_entity_IL16.json""]",ASSET_41799610c7a38f190eab,3157,4,resource_metadata_snapshot,json,atlas/research/references/pubmed_entity_IL16.json,41799610c7a38f190eabf950a4cd8e04a6740c477fa3dbe4fd84511477a9fa50
"[""atlas/research/references/resource_07.html"",""atlas/releases/0.1.0/input_snapshot/research/references/resource_07.html"",""atlas/releases/0.2.0/input_snapshot/research/references/resource_07.html"",""atlas/releases/0.2.0/input_snapshot/releases/0.1.0/input_snapshot/research/references/resource_07.html""]",ASSET_4184d91c72132b407ef1,13728,4,other_artifact,html,atlas/research/references/resource_07.html,4184d91c72132b407ef17a7914250a9f9b0ac7481a81aecae852d0cb7c154fe3
"[""atlas/research/chemokine_expansion/snapshots/open3.json"",""atlas/releases/0.2.0/input_snapshot/research/chemokine_expansion/snapshots/open3.json""]",ASSET_41d43672588a41471e8f,31711,2,documentary_or_repository_source_snapshot,json,atlas/research/chemokine_expansion/snapshots/open3.json,41d43672588a41471e8f6feb0e57e4b386a6ae66457f3e374d9313ae5ecb8a28
"[""atlas/research/mechanisms_activation/snapshots/MA_S06_full.html"",""atlas/candidates/0.3.0/input_snapshot/research/mechanisms_activation/snapshots/MA_S06_full.html""]",ASSET_41dbd274ab85a18fb204,515928,2,documentary_or_repository_source_snapshot,html,atlas/research/mechanisms_activation/snapshots/MA_S06_full.html,41dbd274ab85a18fb2048b742887c14db703cae09c6c23ad38d8273eb1e7f236
"[""atlas/research/references/pubmed_A.json"",""atlas/releases/0.1.0/input_snapshot/research/references/pubmed_A.json"",""atlas/releases/0.2.0/input_snapshot/research/references/pubmed_A.json"",""atlas/releases/0.2.0/input_snapshot/releases/0.1.0/input_snapshot/research/references/pubmed_A.json""]",ASSET_41e37ff9d03076e1f11b,5905,4,resource_metadata_snapshot,json,atlas/research/references/pubmed_A.json,41e37ff9d03076e1f11bd00625ed9e98b4bf83d246600027f312ac37038c5cc4
"[""atlas/releases/0.1.0/input_snapshot/data/scoring_annotations.json"",""atlas/releases/0.2.0/input_snapshot/releases/0.1.0/input_snapshot/data/scoring_annotations.json""]",ASSET_423812a5894107dae8a2,80489,2,structured_curation_or_provenance,json,atlas/releases/0.1.0/input_snapshot/data/scoring_annotations.json,423812a5894107dae8a27f55a8c121a56b32611a961298a4b04fd04d427fa7bb
"[""atlas/provenance/session_0.2.0.json"",""atlas/releases/0.2.0/input_snapshot/provenance/session_0.2.0.json""]",ASSET_42c03fc3dbc7393c4923,2710,2,structured_curation_or_provenance,json,atlas/provenance/session_0.2.0.json,42c03fc3dbc7393c492310318f6650a02458a8614b63806b2ffe29c5f17a829d
"[""atlas/research/proteomic/snapshots/atlas_publisher_page.txt"",""atlas/releases/0.1.0/input_snapshot/research/proteomic/snapshots/atlas_publisher_page.txt"",""atlas/releases/0.2.0/input_snapshot/research/proteomic/snapshots/atlas_publisher_page.txt"",""atlas/releases/0.2.0/input_snapshot/releases/0.1.0/input_snapshot/research/proteomic/snapshots/atlas_publisher_page.txt""]",ASSET_42ea8670d63883ce00e4,29873,4,documentary_or_repository_source_snapshot,txt,atlas/research/proteomic/snapshots/atlas_publisher_page.txt,42ea8670d63883ce00e4d6667812e236207f56d331a8400bb479becd698266f8
"[""atlas/research/mechanisms_activation/snapshots/MA_S06_fig3_full_metadata.json"",""atlas/research/mechanisms_activation/snapshots/MA_S06_fig4_full_metadata.json"",""atlas/candidates/0.3.0/input_snapshot/research/mechanisms_activation/snapshots/MA_S06_fig3_full_metadata.json"",""atlas/candidates/0.3.0/input_snapshot/research/mechanisms_activation/snapshots/MA_S06_fig4_full_metadata.json""]",ASSET_44136fa355b3678a1146,2,4,documentary_or_repository_source_snapshot,json,atlas/research/mechanisms_activation/snapshots/MA_S06_fig3_full_metadata.json,44136fa355b3678a1146ad16f7e8649e94fb4fc21fe77e8310c060f61caaff8a
"[""atlas/research/genomic/snapshots/G10_fulltext.txt"",""atlas/releases/0.1.0/input_snapshot/research/genomic/snapshots/G10_fulltext.txt"",""atlas/releases/0.2.0/input_snapshot/research/genomic/snapshots/G10_fulltext.txt"",""atlas/releases/0.2.0/input_snapshot/releases/0.1.0/input_snapshot/research/genomic/snapshots/G10_fulltext.txt""]",ASSET_443ce61649e0eb33b31f,59686,4,documentary_or_repository_source_snapshot,txt,atlas/research/genomic/snapshots/G10_fulltext.txt,443ce61649e0eb33b31f1780e7f7cf2b2bc1128c4180f07d56a2f2aae5236a66
"[""atlas/releases/0.1.0/entity_components.csv"",""atlas/releases/0.2.0/entity_components.csv"",""atlas/releases/0.2.0/input_snapshot/releases/0.1.0/entity_components.csv""]",ASSET_44858e971c64bb2da460,149,3,derived_atlas_table_or_database,csv,atlas/releases/0.1.0/entity_components.csv,44858e971c64bb2da460f60e9a6b274b61ebc05c78939a63b94cf718cdf9aa82
"[""atlas/research/mechanisms_antigen/finish_pack.py"",""atlas/candidates/0.3.0/input_snapshot/research/mechanisms_antigen/finish_pack.py""]",ASSET_44e5fc9777197aec0ffa,23895,2,code_or_environment_specification,py,atlas/research/mechanisms_antigen/finish_pack.py,44e5fc9777197aec0ffad8a207f293b594ccbaa1ec3781f0658df6f82ea87a8d
"[""atlas/research/proteomic/snapshots/search4.json"",""atlas/releases/0.1.0/input_snapshot/research/proteomic/snapshots/search4.json"",""atlas/releases/0.2.0/input_snapshot/research/proteomic/snapshots/search4.json"",""atlas/releases/0.2.0/input_snapshot/releases/0.1.0/input_snapshot/research/proteomic/snapshots/search4.json""]",ASSET_4500b7fd124cf851a6ae,33270,4,documentary_or_repository_source_snapshot,json,atlas/research/proteomic/snapshots/search4.json,4500b7fd124cf851a6ae37d3c81b48b91ad2e5cf80ab5e0dde2e1e118230505d
"[""atlas/research/references/pubmed_A.response.json"",""atlas/releases/0.1.0/input_snapshot/research/references/pubmed_A.response.json"",""atlas/releases/0.2.0/input_snapshot/research/references/pubmed_A.response.json"",""atlas/releases/0.2.0/input_snapshot/releases/0.1.0/input_snapshot/research/references/pubmed_A.response.json""]",ASSET_4527e7fd61593b8edbc2,418,4,resource_metadata_snapshot,json,atlas/research/references/pubmed_A.response.json,4527e7fd61593b8edbc21feb196af911e54ae3b0699e6cf10a36df53c82a5c75
"[""atlas/research/references/pubmed_entity_IL7.request.json"",""atlas/releases/0.1.0/input_snapshot/research/references/pubmed_entity_IL7.request.json"",""atlas/releases/0.2.0/input_snapshot/research/references/pubmed_entity_IL7.request.json"",""atlas/releases/0.2.0/input_snapshot/releases/0.1.0/input_snapshot/research/references/pubmed_entity_IL7.request.json""]",ASSET_4530ec14b02544c877c3,457,4,resource_metadata_snapshot,json,atlas/research/references/pubmed_entity_IL7.request.json,4530ec14b02544c877c3720933911734f9e4bedf6fb581ea59e97d288d84dcc6
"[""atlas/provenance/skill_snapshots/uniprot-skill.md"",""atlas/releases/0.1.0/input_snapshot/provenance/skill_snapshots/uniprot-skill.md"",""atlas/releases/0.2.0/input_snapshot/provenance/skill_snapshots/uniprot-skill.md"",""atlas/releases/0.2.0/input_snapshot/releases/0.1.0/input_snapshot/provenance/skill_snapshots/uniprot-skill.md""]",ASSET_456b5f2cb25b12403b5f,2733,4,documentation_or_protocol,md,atlas/provenance/skill_snapshots/uniprot-skill.md,456b5f2cb25b12403b5f000fa808bbc1f1278709bedbffdc4919a7677d31fe2c
"[""atlas/research/chemokine_expansion/snapshots/followup_search11.json"",""atlas/releases/0.2.0/input_snapshot/research/chemokine_expansion/snapshots/followup_search11.json""]",ASSET_466836e0da1e41ceec00,28254,2,documentary_or_repository_source_snapshot,json,atlas/research/chemokine_expansion/snapshots/followup_search11.json,466836e0da1e41ceec0050df2a3bae9fc5c3ef28b84dd275c567b4be1fd30eba
"[""atlas/research/chemokine_expansion/run.json"",""atlas/releases/0.2.0/input_snapshot/research/chemokine_expansion/run.json""]",ASSET_468764393c2d4bc7815c,10630,2,structured_curation_or_provenance,json,atlas/research/chemokine_expansion/run.json,468764393c2d4bc7815ce8c7fabf6624ebfb085239287805d0b4b4323749dcaa
"[""atlas/releases/0.1.0/input_snapshot/data/schema.sql"",""atlas/releases/0.2.0/input_snapshot/releases/0.1.0/input_snapshot/data/schema.sql""]",ASSET_46a167cfa5a981a35077,8057,2,code_or_environment_specification,sql,atlas/releases/0.1.0/input_snapshot/data/schema.sql,46a167cfa5a981a35077dde4b9c827d1ea9a9e7db80d524a3091cb3a4a01b099
"[""atlas/research/mechanisms_genetic/snapshots/MG02_Gregory_results_methods.txt"",""atlas/candidates/0.3.0/input_snapshot/research/mechanisms_genetic/snapshots/MG02_Gregory_results_methods.txt""]",ASSET_46d1165731e6ba61e55e,9074,2,documentary_or_repository_source_snapshot,txt,atlas/research/mechanisms_genetic/snapshots/MG02_Gregory_results_methods.txt,46d1165731e6ba61e55e5e7ef0808bd8142383579fe3fa5ac7e3f28a5523fae3
"[""atlas/research/cytokine_expansion/snapshots/search02.json"",""atlas/releases/0.2.0/input_snapshot/research/cytokine_expansion/snapshots/search02.json""]",ASSET_47115e24d5e451dd41bf,31224,2,documentary_or_repository_source_snapshot,json,atlas/research/cytokine_expansion/snapshots/search02.json,47115e24d5e451dd41bf0e159ae53fb4b1f399dc38f390f64426d470f69bf05c
"[""atlas/research/cytokine_expansion/snapshots/PMC5172478_selected.txt"",""atlas/releases/0.2.0/input_snapshot/research/cytokine_expansion/snapshots/PMC5172478_selected.txt""]",ASSET_4713510a1cf3a6534d06,4763,2,documentary_or_repository_source_snapshot,txt,atlas/research/cytokine_expansion/snapshots/PMC5172478_selected.txt,4713510a1cf3a6534d0694b3dd7ad1f00fddf8012e02b26080cd4f097e9575ca
"[""atlas/research/references/pubmed_entity_TNF.json"",""atlas/releases/0.1.0/input_snapshot/research/references/pubmed_entity_TNF.json"",""atlas/releases/0.2.0/input_snapshot/research/references/pubmed_entity_TNF.json"",""atlas/releases/0.2.0/input_snapshot/releases/0.1.0/input_snapshot/research/references/pubmed_entity_TNF.json""]",ASSET_471cda6d60f538e95dc4,3159,4,resource_metadata_snapshot,json,atlas/research/references/pubmed_entity_TNF.json,471cda6d60f538e95dc4ea0548341cfc01ba1c05dab3d1fba886b70833ff2311
"[""atlas/research/references/pubmed_entity_IL1A.json"",""atlas/releases/0.1.0/input_snapshot/research/references/pubmed_entity_IL1A.json"",""atlas/releases/0.2.0/input_snapshot/research/references/pubmed_entity_IL1A.json"",""atlas/releases/0.2.0/input_snapshot/releases/0.1.0/input_snapshot/research/references/pubmed_entity_IL1A.json""]",ASSET_473f8bc0d92379b0d291,3158,4,resource_metadata_snapshot,json,atlas/research/references/pubmed_entity_IL1A.json,473f8bc0d92379b0d291637002a68e6caeb84e2915740b4929c3284cd7b0ab8d
"[""atlas/releases/0.1.0/coverage_gaps.csv"",""atlas/releases/0.2.0/input_snapshot/releases/0.1.0/coverage_gaps.csv""]",ASSET_47d115fdc2b039cd7b68,7878,2,derived_atlas_table_or_database,csv,atlas/releases/0.1.0/coverage_gaps.csv,47d115fdc2b039cd7b6810cb61c163d63ffd5af0f0abb325e3bc733660204227
"[""atlas/releases/0.2.0/search_log.csv""]",ASSET_47df1406c32e7aebbcd2,62357,1,derived_atlas_table_or_database,csv,atlas/releases/0.2.0/search_log.csv,47df1406c32e7aebbcd2742919173018b91611d7cafe0323d5e222be42b1a499
"[""atlas/research/references/uniprot_CCL22.response.json"",""atlas/releases/0.1.0/input_snapshot/research/references/uniprot_CCL22.response.json"",""atlas/releases/0.2.0/input_snapshot/research/references/uniprot_CCL22.response.json"",""atlas/releases/0.2.0/input_snapshot/releases/0.1.0/input_snapshot/research/references/uniprot_CCL22.response.json""]",ASSET_48958ddd5890a0488556,1003,4,resource_metadata_snapshot,json,atlas/research/references/uniprot_CCL22.response.json,48958ddd5890a048855670f7e5cc1544a81a7017c871b2eefc1a518f4c48c691
"[""atlas/scripts/write_release_report.py"",""atlas/releases/0.2.0/input_snapshot/scripts/write_release_report.py""]",ASSET_4a20b753a6fdb16ac133,9237,2,code_or_environment_specification,py,atlas/scripts/write_release_report.py,4a20b753a6fdb16ac133d7fdbb71b2c8e68337b8ad2eb52f4bcd3d510b123c6c
"[""atlas/research/references/uniprot_CCL4.response.json"",""atlas/releases/0.1.0/input_snapshot/research/references/uniprot_CCL4.response.json"",""atlas/releases/0.2.0/input_snapshot/research/references/uniprot_CCL4.response.json"",""atlas/releases/0.2.0/input_snapshot/releases/0.1.0/input_snapshot/research/references/uniprot_CCL4.response.json""]",ASSET_4a2af9bca8a7999acf13,1021,4,resource_metadata_snapshot,json,atlas/research/references/uniprot_CCL4.response.json,4a2af9bca8a7999acf1342ca8760c88570663585e9d63c7994fe5820dda539c6
"[""atlas/research/mechanisms_antigen/snapshots/MP_Kuilman2025_supplement.txt"",""atlas/candidates/0.3.0/input_snapshot/research/mechanisms_antigen/snapshots/MP_Kuilman2025_supplement.txt""]",ASSET_4a5518c14bb9165bb3f4,21905,2,documentary_or_repository_source_snapshot,txt,atlas/research/mechanisms_antigen/snapshots/MP_Kuilman2025_supplement.txt,4a5518c14bb9165bb3f40e6034dbd4ced51aaba2ffd1d717571ab97bd72fada6
"[""atlas/research/proteomic/snapshots/platelet_fulltext.txt"",""atlas/releases/0.1.0/input_snapshot/research/proteomic/snapshots/platelet_fulltext.txt"",""atlas/releases/0.2.0/input_snapshot/research/proteomic/snapshots/platelet_fulltext.txt"",""atlas/releases/0.2.0/input_snapshot/releases/0.1.0/input_snapshot/research/proteomic/snapshots/platelet_fulltext.txt""]",ASSET_4af749dc94413e0b2c21,36265,4,documentary_or_repository_source_snapshot,txt,atlas/research/proteomic/snapshots/platelet_fulltext.txt,4af749dc94413e0b2c21192a7536b5a5774a50c1982cf37bd03fe5059caf865e
"[""atlas/research/receptor_expansion/snapshots/root_full_sources.json"",""atlas/releases/0.2.0/input_snapshot/research/receptor_expansion/snapshots/root_full_sources.json""]",ASSET_4b4b4601986daba61a33,26080,2,documentary_or_repository_source_snapshot,json,atlas/research/receptor_expansion/snapshots/root_full_sources.json,4b4b4601986daba61a336ebf3a6a763f2770456dbbf749ac9c76a05254abbbf7
"[""atlas/research/mechanisms_activation/snapshots/MA_S06_fig4_full.html"",""atlas/candidates/0.3.0/input_snapshot/research/mechanisms_activation/snapshots/MA_S06_fig4_full.html""]",ASSET_4d3c0ef2dd654c1a1357,177525,2,documentary_or_repository_source_snapshot,html,atlas/research/mechanisms_activation/snapshots/MA_S06_fig4_full.html,4d3c0ef2dd654c1a1357ae48472573b9bda304b186b3d891700987f5e55b1342
"[""atlas/research/references/pubmed_entity_TNF.response.json"",""atlas/releases/0.1.0/input_snapshot/research/references/pubmed_entity_TNF.response.json"",""atlas/releases/0.2.0/input_snapshot/research/references/pubmed_entity_TNF.response.json"",""atlas/releases/0.2.0/input_snapshot/releases/0.1.0/input_snapshot/research/references/pubmed_entity_TNF.response.json""]",ASSET_4dad62f3e607d969bc62,427,4,resource_metadata_snapshot,json,atlas/research/references/pubmed_entity_TNF.response.json,4dad62f3e607d969bc62f1fb2799723205b9b8307c2881021ac92a5032aaad87
"[""atlas/scripts/annotate_scoring.py"",""atlas/releases/0.2.0/input_snapshot/scripts/annotate_scoring.py""]",ASSET_4dfe9ddb31703e42590f,2148,2,code_or_environment_specification,py,atlas/scripts/annotate_scoring.py,4dfe9ddb31703e42590f13e2e7c5794f67d448c66a8bdd6ccf5e53921a4a17c7
"[""atlas/research/references/resource_08.html"",""atlas/releases/0.1.0/input_snapshot/research/references/resource_08.html"",""atlas/releases/0.2.0/input_snapshot/research/references/resource_08.html"",""atlas/releases/0.2.0/input_snapshot/releases/0.1.0/input_snapshot/research/references/resource_08.html""]",ASSET_4e1380746cec86eca3a6,8757,4,other_artifact,html,atlas/research/references/resource_08.html,4e1380746cec86eca3a6c5dd3e65fbeab58a2d8758539a6ea4dc2c98c5a88f0f
"[""atlas/releases/0.2.0/input_snapshot/scripts/kb.py""]",ASSET_4e60ac7ef9da7e249138,59718,1,code_or_environment_specification,py,atlas/releases/0.2.0/input_snapshot/scripts/kb.py,4e60ac7ef9da7e2491387f9625b3efc3c8c0cfd31a5cbab02161dd702ae57bb7
"[""atlas/research/mechanisms_activation/snapshots/MA_S02_full_metadata.json"",""atlas/candidates/0.3.0/input_snapshot/research/mechanisms_activation/snapshots/MA_S02_full_metadata.json""]",ASSET_4e9ec436976a2abdb27b,2843,2,documentary_or_repository_source_snapshot,json,atlas/research/mechanisms_activation/snapshots/MA_S02_full_metadata.json,4e9ec436976a2abdb27bd2404db8c767d41474658ee1b32855a05d21111b8ad7
"[""atlas/research/receptor_expansion/snapshots/root_selected_methods.json"",""atlas/releases/0.2.0/input_snapshot/research/receptor_expansion/snapshots/root_selected_methods.json""]",ASSET_4f78e219149fac2eb631,28037,2,documentary_or_repository_source_snapshot,json,atlas/research/receptor_expansion/snapshots/root_selected_methods.json,4f78e219149fac2eb6311a833295545f06aa4afdb76428ac0ca16faf155f67d5
"[""atlas/releases/0.1.0/protein_modifications.csv"",""atlas/releases/0.2.0/input_snapshot/releases/0.1.0/protein_modifications.csv""]",ASSET_4fd5cffa591ce6232501,578,2,derived_atlas_table_or_database,csv,atlas/releases/0.1.0/protein_modifications.csv,4fd5cffa591ce6232501734ac1b0d505a19671c0d20ca11dc27dc16260ad4bf0
"[""atlas/releases/0.1.0/immune_prior.sqlite"",""atlas/releases/0.2.0/input_snapshot/releases/0.1.0/immune_prior.sqlite""]",ASSET_500b7040c2d1badc9497,1134592,2,derived_atlas_table_or_database,sqlite,atlas/releases/0.1.0/immune_prior.sqlite,500b7040c2d1badc9497c8bbee788e2b6a05308428beffd0c072ad9d5b70836b
"[""atlas/research/references/uniprot_TNF.response.json"",""atlas/releases/0.1.0/input_snapshot/research/references/uniprot_TNF.response.json"",""atlas/releases/0.2.0/input_snapshot/research/references/uniprot_TNF.response.json"",""atlas/releases/0.2.0/input_snapshot/releases/0.1.0/input_snapshot/research/references/uniprot_TNF.response.json""]",ASSET_50a102bda6102765009e,1010,4,resource_metadata_snapshot,json,atlas/research/references/uniprot_TNF.response.json,50a102bda6102765009eb0c58040ea254934289f607dbd4be232399ef545cb26
"[""atlas/research/genomic/snapshots/G03_open.txt"",""atlas/releases/0.1.0/input_snapshot/research/genomic/snapshots/G03_open.txt"",""atlas/releases/0.2.0/input_snapshot/research/genomic/snapshots/G03_open.txt"",""atlas/releases/0.2.0/input_snapshot/releases/0.1.0/input_snapshot/research/genomic/snapshots/G03_open.txt""]",ASSET_50d425c42dfb6c1960bb,437,4,documentary_or_repository_source_snapshot,txt,atlas/research/genomic/snapshots/G03_open.txt,50d425c42dfb6c1960bb1afea0943ed8800fc90730ed2efc6692f86e32f36a51
"[""atlas/research/references/resource_01.html"",""atlas/releases/0.1.0/input_snapshot/research/references/resource_01.html"",""atlas/releases/0.2.0/input_snapshot/research/references/resource_01.html"",""atlas/releases/0.2.0/input_snapshot/releases/0.1.0/input_snapshot/research/references/resource_01.html""]",ASSET_511207a03fe6f8a2d8e0,64810,4,other_artifact,html,atlas/research/references/resource_01.html,511207a03fe6f8a2d8e02c4bda8d85a68cbaae5609ec4023b2ae632021ef9231
"[""atlas/research/cytokine_inventory/snapshots/uniprot_unreviewed.tsv"",""atlas/candidates/0.3.0/input_snapshot/research/cytokine_inventory/snapshots/uniprot_unreviewed.tsv""]",ASSET_51186f59c5601c902169,87337,2,resource_metadata_snapshot,tsv,atlas/research/cytokine_inventory/snapshots/uniprot_unreviewed.tsv,51186f59c5601c902169958ce636bd0615785a5191221b57c998ea9c0d892852
"[""atlas/scripts/sanitize_snapshots.py"",""atlas/candidates/0.3.0/input_snapshot/scripts/sanitize_snapshots.py""]",ASSET_516962737ef0d7d10afd,2990,2,code_or_environment_specification,py,atlas/scripts/sanitize_snapshots.py,516962737ef0d7d10afd25cdeae30beecf8f18401eae2f8fe1f97adc004a4b61
"[""atlas/research/curation_review_response_0.2.json"",""atlas/releases/0.2.0/input_snapshot/research/curation_review_response_0.2.json""]",ASSET_526a87078944b19e5118,3928,2,structured_curation_or_provenance,json,atlas/research/curation_review_response_0.2.json,526a87078944b19e511802712cad9d9ccc4c9b7c40bbe73a4669608544da9430
"[""atlas/candidates/0.3.0/cytokine_inventory.csv""]",ASSET_5298a77ac5d7dd3f9f3e,705648,1,derived_atlas_table_or_database,csv,atlas/candidates/0.3.0/cytokine_inventory.csv,5298a77ac5d7dd3f9f3e107290e2063ebfed9e775e5978b1cf37a1bda7a98cdd
"[""atlas/releases/0.2.0/proteomic_observations.csv""]",ASSET_52a261c0f51ec51619ba,25591,1,derived_atlas_table_or_database,csv,atlas/releases/0.2.0/proteomic_observations.csv,52a261c0f51ec51619bad6f7ccba1847cf9b5fa4c13890d955b79ad1fa83c51b
"[""atlas/research/cytokine/build_pack.py"",""atlas/releases/0.1.0/input_snapshot/research/cytokine/build_pack.py"",""atlas/releases/0.2.0/input_snapshot/research/cytokine/build_pack.py"",""atlas/releases/0.2.0/input_snapshot/releases/0.1.0/input_snapshot/research/cytokine/build_pack.py""]",ASSET_52a7f67389ee42d52d4d,34331,4,code_or_environment_specification,py,atlas/research/cytokine/build_pack.py,52a7f67389ee42d52d4d2d7bd5d0a2d0530e1eef0fdf67544d9fcf925fb76d22
"[""atlas/research/cytokine_expansion/snapshots/open03.json"",""atlas/releases/0.2.0/input_snapshot/research/cytokine_expansion/snapshots/open03.json""]",ASSET_53e70d032c8cdf16d510,1281,2,documentary_or_repository_source_snapshot,json,atlas/research/cytokine_expansion/snapshots/open03.json,53e70d032c8cdf16d510402b2dff97679d0a83c70c56e748612d43cc3debe2f3
"[""atlas/releases/0.2.0/prior_changes.csv""]",ASSET_551d7e8f3a8c5c1c3e77,137393,1,derived_atlas_table_or_database,csv,atlas/releases/0.2.0/prior_changes.csv,551d7e8f3a8c5c1c3e77e9bd8750d1242a9bab3accdc9cb0289f41b0f2965666
"[""atlas/research/chemokine_expansion/snapshots/followup_open12.json"",""atlas/releases/0.2.0/input_snapshot/research/chemokine_expansion/snapshots/followup_open12.json""]",ASSET_551f721aeb2d04319eb5,1693,2,documentary_or_repository_source_snapshot,json,atlas/research/chemokine_expansion/snapshots/followup_open12.json,551f721aeb2d04319eb56052086ec05574887f947639c1bb2fc9095133191715
"[""atlas/research/proteomic/snapshots/open3.json"",""atlas/releases/0.1.0/input_snapshot/research/proteomic/snapshots/open3.json"",""atlas/releases/0.2.0/input_snapshot/research/proteomic/snapshots/open3.json"",""atlas/releases/0.2.0/input_snapshot/releases/0.1.0/input_snapshot/research/proteomic/snapshots/open3.json""]",ASSET_55bf684aea6dba87a915,31930,4,documentary_or_repository_source_snapshot,json,atlas/research/proteomic/snapshots/open3.json,55bf684aea6dba87a915b28e45488c912f5fc6eb2b3f021e3aba8f5436cc20b8
"[""atlas/research/mechanisms_activation/snapshots/MA_S05_full.txt"",""atlas/candidates/0.3.0/input_snapshot/research/mechanisms_activation/snapshots/MA_S05_full.txt""]",ASSET_56151f37553491bab0d5,57264,2,documentary_or_repository_source_snapshot,txt,atlas/research/mechanisms_activation/snapshots/MA_S05_full.txt,56151f37553491bab0d5afd9a6a92e130477c1cbbb9160f0c9edea40b76510f3
"[""atlas/releases/0.1.0/cohorts.csv"",""atlas/releases/0.2.0/input_snapshot/releases/0.1.0/cohorts.csv""]",ASSET_5666279907a264565a4a,17172,2,derived_atlas_table_or_database,csv,atlas/releases/0.1.0/cohorts.csv,5666279907a264565a4a643778c8a915d8d059d1a89324e73794d98ceee88d7e
"[""atlas/releases/0.2.0/quantitative_results.csv""]",ASSET_568824d2a3d59326ca60,6222,1,derived_atlas_table_or_database,csv,atlas/releases/0.2.0/quantitative_results.csv,568824d2a3d59326ca60ef7c2a6c588bb07912bf62a1b18258ca0a6aa6822f45
"[""atlas/research/references/pubmed_C.response.json"",""atlas/releases/0.1.0/input_snapshot/research/references/pubmed_C.response.json"",""atlas/releases/0.2.0/input_snapshot/research/references/pubmed_C.response.json"",""atlas/releases/0.2.0/input_snapshot/releases/0.1.0/input_snapshot/research/references/pubmed_C.response.json""]",ASSET_568a6ee90016e161f719,418,4,resource_metadata_snapshot,json,atlas/research/references/pubmed_C.response.json,568a6ee90016e161f719638f1760c3d4adc008936bb565fd76038b767cfc2b94
"[""atlas/research/mechanisms_antigen/snapshots/MP_deLaSalle1999.txt"",""atlas/candidates/0.3.0/input_snapshot/research/mechanisms_antigen/snapshots/MP_deLaSalle1999.txt""]",ASSET_574042688451e4a399fe,39212,2,documentary_or_repository_source_snapshot,txt,atlas/research/mechanisms_antigen/snapshots/MP_deLaSalle1999.txt,574042688451e4a399fe15c648d5b863391f2a09d4c6054d6b58e7a8aafd002c
"[""atlas/research/review_chemokine_0.2.json"",""atlas/releases/0.2.0/input_snapshot/research/review_chemokine_0.2.json""]",ASSET_575764c960c7fc67b099,10736,2,structured_curation_or_provenance,json,atlas/research/review_chemokine_0.2.json,575764c960c7fc67b0991f86a473fe187dbc3a7e6fadda272f8e188a010f4226
"[""atlas/research/proteomic/snapshots/cite_publisher_page.txt"",""atlas/releases/0.1.0/input_snapshot/research/proteomic/snapshots/cite_publisher_page.txt"",""atlas/releases/0.2.0/input_snapshot/research/proteomic/snapshots/cite_publisher_page.txt"",""atlas/releases/0.2.0/input_snapshot/releases/0.1.0/input_snapshot/research/proteomic/snapshots/cite_publisher_page.txt""]",ASSET_5782bcf27eec883afc17,19270,4,documentary_or_repository_source_snapshot,txt,atlas/research/proteomic/snapshots/cite_publisher_page.txt,5782bcf27eec883afc174787bc013f73fe2b448a98c49319c2de48f7fe77bdd7
"[""atlas/research/cytokine/.gitignore"",""atlas/releases/0.1.0/input_snapshot/research/cytokine/.gitignore"",""atlas/releases/0.2.0/input_snapshot/research/cytokine/.gitignore"",""atlas/releases/0.2.0/input_snapshot/releases/0.1.0/input_snapshot/research/cytokine/.gitignore""]",ASSET_57a8ad0e62346f7b0f2e,20,4,other_artifact,text_or_extensionless,atlas/research/cytokine/.gitignore,57a8ad0e62346f7b0f2e261d59a7b90f1310043424bcb9d229208f183f1940d9
"[""atlas/research/mechanisms_genetic/snapshots/MG04_enhancer_results.txt"",""atlas/candidates/0.3.0/input_snapshot/research/mechanisms_genetic/snapshots/MG04_enhancer_results.txt""]",ASSET_57f3e52b28ef491a4d31,15155,2,documentary_or_repository_source_snapshot,txt,atlas/research/mechanisms_genetic/snapshots/MG04_enhancer_results.txt,57f3e52b28ef491a4d31225e60c31fffeaf6b5933dfb6117b6d981cf098cf888
"[""atlas/research/cytokine/snapshots/PMC10781646.txt"",""atlas/releases/0.1.0/input_snapshot/research/cytokine/snapshots/PMC10781646.txt"",""atlas/releases/0.2.0/input_snapshot/research/cytokine/snapshots/PMC10781646.txt"",""atlas/releases/0.2.0/input_snapshot/releases/0.1.0/input_snapshot/research/cytokine/snapshots/PMC10781646.txt""]",ASSET_5800341289afa6b8f5b9,66941,4,documentary_or_repository_source_snapshot,txt,atlas/research/cytokine/snapshots/PMC10781646.txt,5800341289afa6b8f5b94a8490ad87e58767e2f89a537730c30ca091936eea93
"[""atlas/scripts/scoring_rules.py"",""atlas/releases/0.2.0/input_snapshot/scripts/scoring_rules.py""]",ASSET_580a76d6d381fc14cd03,1808,2,code_or_environment_specification,py,atlas/scripts/scoring_rules.py,580a76d6d381fc14cd035e8b8775972d8b4410a4c1abd849cdc4756f0908372e
"[""atlas/research/mechanisms_genetic/snapshots/MG04_CD4_methods.txt"",""atlas/candidates/0.3.0/input_snapshot/research/mechanisms_genetic/snapshots/MG04_CD4_methods.txt""]",ASSET_583a5f30520f741931e8,20715,2,documentary_or_repository_source_snapshot,txt,atlas/research/mechanisms_genetic/snapshots/MG04_CD4_methods.txt,583a5f30520f741931e885ba07037d3fd794806557430333faeccb89e7c63c50
"[""atlas/releases/0.1.0/prior_changes.csv"",""atlas/releases/0.2.0/input_snapshot/releases/0.1.0/prior_changes.csv""]",ASSET_585a690da6ea40cc973c,140216,2,derived_atlas_table_or_database,csv,atlas/releases/0.1.0/prior_changes.csv,585a690da6ea40cc973c7e7ada48bfeccde792cf55957ced874fde6428627ddc
"[""atlas/research/genomic/snapshots/G02correction_retrieval.txt"",""atlas/releases/0.1.0/input_snapshot/research/genomic/snapshots/G02correction_retrieval.txt"",""atlas/releases/0.2.0/input_snapshot/research/genomic/snapshots/G02correction_retrieval.txt"",""atlas/releases/0.2.0/input_snapshot/releases/0.1.0/input_snapshot/research/genomic/snapshots/G02correction_retrieval.txt""]",ASSET_5864589d6cb156b4aab5,25841,4,documentary_or_repository_source_snapshot,txt,atlas/research/genomic/snapshots/G02correction_retrieval.txt,5864589d6cb156b4aab5004be1daa53500e90cc4598444ce28aab69fcd1ea3be
"[""atlas/research/references/pubmed_D.request.json"",""atlas/releases/0.1.0/input_snapshot/research/references/pubmed_D.request.json"",""atlas/releases/0.2.0/input_snapshot/research/references/pubmed_D.request.json"",""atlas/releases/0.2.0/input_snapshot/releases/0.1.0/input_snapshot/research/references/pubmed_D.request.json""]",ASSET_5880df97938eec4c6ae9,451,4,resource_metadata_snapshot,json,atlas/research/references/pubmed_D.request.json,5880df97938eec4c6ae94c9fbf53423b9f58493267644a22ca81ea745698aa0a
"[""atlas/research/cytokine_inventory/unreviewed.response.json"",""atlas/candidates/0.3.0/input_snapshot/research/cytokine_inventory/unreviewed.response.json""]",ASSET_58cb838bcc7da82f3606,331,2,structured_curation_or_provenance,json,atlas/research/cytokine_inventory/unreviewed.response.json,58cb838bcc7da82f3606e2be28c30ca2d499b97788d0865d879f3bb38654f4bc
"[""atlas/research/references/uniprot_CSF2.json"",""atlas/releases/0.1.0/input_snapshot/research/references/uniprot_CSF2.json"",""atlas/releases/0.2.0/input_snapshot/research/references/uniprot_CSF2.json"",""atlas/releases/0.2.0/input_snapshot/releases/0.1.0/input_snapshot/research/references/uniprot_CSF2.json""]",ASSET_59983f09e79dca047925,87006,4,resource_metadata_snapshot,json,atlas/research/references/uniprot_CSF2.json,59983f09e79dca0479258b562b5c0481124dc92c9bbb71c69497ce09c8430a81
"[""atlas/research/references/pubmed_entity_CCL13.request.json"",""atlas/releases/0.1.0/input_snapshot/research/references/pubmed_entity_CCL13.request.json"",""atlas/releases/0.2.0/input_snapshot/research/references/pubmed_entity_CCL13.request.json"",""atlas/releases/0.2.0/input_snapshot/releases/0.1.0/input_snapshot/research/references/pubmed_entity_CCL13.request.json""]",ASSET_5a181bf5254b7b92a488,461,4,resource_metadata_snapshot,json,atlas/research/references/pubmed_entity_CCL13.request.json,5a181bf5254b7b92a488cfb9c1a5077bc05b9f76ef0d7b6f2a4a3dd1c404c76f
"[""atlas/research/mechanisms_antigen/bridges.json"",""atlas/candidates/0.3.0/input_snapshot/research/mechanisms_antigen/bridges.json""]",ASSET_5a3a79c7f9934a5ea0be,85691,2,structured_curation_or_provenance,json,atlas/research/mechanisms_antigen/bridges.json,5a3a79c7f9934a5ea0be5f5a37c47d0db4ba15b76b840e25691d517ec8941048
"[""atlas/research/mechanisms_antigen/snapshots/MP_correction_search2.json"",""atlas/candidates/0.3.0/input_snapshot/research/mechanisms_antigen/snapshots/MP_correction_search2.json""]",ASSET_5a61538d042fcde21489,27345,2,documentary_or_repository_source_snapshot,json,atlas/research/mechanisms_antigen/snapshots/MP_correction_search2.json,5a61538d042fcde214893ba26d09841abf589cdee3fb212d7c93cc47eab35a54
"[""atlas/research/mechanisms_genetic/snapshots/metadata_checks.txt"",""atlas/candidates/0.3.0/input_snapshot/research/mechanisms_genetic/snapshots/metadata_checks.txt""]",ASSET_5a9be032bc88a103dd54,16952,2,documentary_or_repository_source_snapshot,txt,atlas/research/mechanisms_genetic/snapshots/metadata_checks.txt,5a9be032bc88a103dd54e5398ae21574745572969051ef5b6b79598f6f536051
"[""atlas/research/references/pubmed_entity_IL4.json"",""atlas/releases/0.1.0/input_snapshot/research/references/pubmed_entity_IL4.json"",""atlas/releases/0.2.0/input_snapshot/research/references/pubmed_entity_IL4.json"",""atlas/releases/0.2.0/input_snapshot/releases/0.1.0/input_snapshot/research/references/pubmed_entity_IL4.json""]",ASSET_5ac0a90f90c011e9187e,3158,4,resource_metadata_snapshot,json,atlas/research/references/pubmed_entity_IL4.json,5ac0a90f90c011e9187e8d50453a7f708e8cb85d7138187fbe98ea41e57aa014
"[""atlas/research/chemokine_expansion/upgrade_pack.py"",""atlas/releases/0.2.0/input_snapshot/research/chemokine_expansion/upgrade_pack.py""]",ASSET_5b17a714ead5aa086d65,32192,2,code_or_environment_specification,py,atlas/research/chemokine_expansion/upgrade_pack.py,5b17a714ead5aa086d65da32d90417648ac6eeea2bd0cb0b7f14581ff57b8340
"[""atlas/releases/0.2.0/input_snapshot/tests/test_snapshot_security.py""]",ASSET_5bf17cb7fd8544e48ae0,1687,1,code_or_environment_specification,py,atlas/releases/0.2.0/input_snapshot/tests/test_snapshot_security.py,5bf17cb7fd8544e48ae00756d217519937f6b3ee616c3ba92383ac30b53f6db2
"[""atlas/releases/0.1.0/multiomic_links.csv"",""atlas/releases/0.2.0/input_snapshot/releases/0.1.0/multiomic_links.csv""]",ASSET_5bf88bf2120660e43b84,3244,2,derived_atlas_table_or_database,csv,atlas/releases/0.1.0/multiomic_links.csv,5bf88bf2120660e43b842a0e7adce979ff3cfb77ee6463ea527f4175fd5a1379
"[""atlas/research/receptor_expansion/snapshots/root_il12_full.json"",""atlas/releases/0.2.0/input_snapshot/research/receptor_expansion/snapshots/root_il12_full.json""]",ASSET_5c397f66d393b6d80c36,29570,2,documentary_or_repository_source_snapshot,json,atlas/research/receptor_expansion/snapshots/root_il12_full.json,5c397f66d393b6d80c36fb74eccca1480b1a68961854ee3bb49800a81120fe7c
"[""atlas/research/review_chemokine_0.2_final_recheck.json"",""atlas/releases/0.2.0/input_snapshot/research/review_chemokine_0.2_final_recheck.json""]",ASSET_5cc9f34a18cd8534f714,18688,2,structured_curation_or_provenance,json,atlas/research/review_chemokine_0.2_final_recheck.json,5cc9f34a18cd8534f714c65d0d80eee186c7e9de8dc3e7a63390d25aa6677f66
"[""atlas/releases/0.1.0/input_snapshot/RUNNING.md"",""atlas/releases/0.2.0/input_snapshot/releases/0.1.0/input_snapshot/RUNNING.md""]",ASSET_5d07db438307cc4cbb22,6617,2,documentation_or_protocol,md,atlas/releases/0.1.0/input_snapshot/RUNNING.md,5d07db438307cc4cbb22d80d7082ab1f25555b7f96c27f16983a92d2defa5204
"[""atlas/research/references/pubmed_entity_IL2.request.json"",""atlas/releases/0.1.0/input_snapshot/research/references/pubmed_entity_IL2.request.json"",""atlas/releases/0.2.0/input_snapshot/research/references/pubmed_entity_IL2.request.json"",""atlas/releases/0.2.0/input_snapshot/releases/0.1.0/input_snapshot/research/references/pubmed_entity_IL2.request.json""]",ASSET_5d328e302b350c3c1dcd,457,4,resource_metadata_snapshot,json,atlas/research/references/pubmed_entity_IL2.request.json,5d328e302b350c3c1dcd2156fd4defd8f820d9b5fb21c29083754c3353c70b8b
"[""atlas/research/cytokine_expansion/run.json"",""atlas/releases/0.2.0/input_snapshot/research/cytokine_expansion/run.json""]",ASSET_5dce2ee609ce95ea9e94,12492,2,structured_curation_or_provenance,json,atlas/research/cytokine_expansion/run.json,5dce2ee609ce95ea9e94abba42f2728b8a654ae77bdf3bac0990af41f6e00c5c
"[""atlas/research/references/resource_22.html"",""atlas/releases/0.1.0/input_snapshot/research/references/resource_22.html"",""atlas/releases/0.2.0/input_snapshot/research/references/resource_22.html"",""atlas/releases/0.2.0/input_snapshot/releases/0.1.0/input_snapshot/research/references/resource_22.html""]",ASSET_5e0cb3553ee8959f280e,6450,4,other_artifact,html,atlas/research/references/resource_22.html,5e0cb3553ee8959f280e8fd7da240434e03a885ca8108dde4e20022767c98a5a
"[""atlas/protocol/AMENDMENT_0.3.md"",""atlas/candidates/0.3.0/input_snapshot/protocol/AMENDMENT_0.3.md""]",ASSET_5e1caf3d13bd3193afe0,1458,2,documentation_or_protocol,md,atlas/protocol/AMENDMENT_0.3.md,5e1caf3d13bd3193afe0d0179ae1322ff564a053b335606ce792eeceb1b48ac8
"[""atlas/research/proteomic/snapshots/extract2.json"",""atlas/releases/0.1.0/input_snapshot/research/proteomic/snapshots/extract2.json"",""atlas/releases/0.2.0/input_snapshot/research/proteomic/snapshots/extract2.json"",""atlas/releases/0.2.0/input_snapshot/releases/0.1.0/input_snapshot/research/proteomic/snapshots/extract2.json""]",ASSET_5e6d7a8cb7fdc9c6d603,24694,4,documentary_or_repository_source_snapshot,json,atlas/research/proteomic/snapshots/extract2.json,5e6d7a8cb7fdc9c6d6036c9b2d612244bf0de03bc62ebca77ea7298f883325d8
"[""atlas/research/genomic/snapshots/Gsearch4_retrieval.txt"",""atlas/releases/0.1.0/input_snapshot/research/genomic/snapshots/Gsearch4_retrieval.txt"",""atlas/releases/0.2.0/input_snapshot/research/genomic/snapshots/Gsearch4_retrieval.txt"",""atlas/releases/0.2.0/input_snapshot/releases/0.1.0/input_snapshot/research/genomic/snapshots/Gsearch4_retrieval.txt""]",ASSET_5ec38ebfaf165ff4306e,32629,4,documentary_or_repository_source_snapshot,txt,atlas/research/genomic/snapshots/Gsearch4_retrieval.txt,5ec38ebfaf165ff4306e916279953aec0b3961a381f16316fb012967c592113c
"[""atlas/research/mechanisms_activation/notes.md"",""atlas/candidates/0.3.0/input_snapshot/research/mechanisms_activation/notes.md""]",ASSET_5f6b69a7bcbfedb602d2,7936,2,documentation_or_protocol,md,atlas/research/mechanisms_activation/notes.md,5f6b69a7bcbfedb602d2ff0fd2b15b22e981014a779711e334438d6cd835fd31
"[""atlas/research/mechanisms_activation/snapshots/MA_S06_correction_full_metadata.json"",""atlas/candidates/0.3.0/input_snapshot/research/mechanisms_activation/snapshots/MA_S06_correction_full_metadata.json""]",ASSET_5fda2b950a9b991c66d3,3632,2,documentary_or_repository_source_snapshot,json,atlas/research/mechanisms_activation/snapshots/MA_S06_correction_full_metadata.json,5fda2b950a9b991c66d39d7545017d6db2c3bab58d481b89b6a728a909f178c7
"[""atlas/research/mechanisms_antigen/snapshots/MP_Landmann2001.html"",""atlas/candidates/0.3.0/input_snapshot/research/mechanisms_antigen/snapshots/MP_Landmann2001.html""]",ASSET_5fe14728208db35b80e0,231443,2,documentary_or_repository_source_snapshot,html,atlas/research/mechanisms_antigen/snapshots/MP_Landmann2001.html,5fe14728208db35b80e05129195732c8ae7ab84c0803d36a5ff6384f34924ecd
"[""atlas/research/mechanisms_activation/snapshots/MA_S03_full_metadata.json"",""atlas/candidates/0.3.0/input_snapshot/research/mechanisms_activation/snapshots/MA_S03_full_metadata.json""]",ASSET_60049370f7cf0d46031c,6590,2,documentary_or_repository_source_snapshot,json,atlas/research/mechanisms_activation/snapshots/MA_S03_full_metadata.json,60049370f7cf0d46031c1afa90c93e386817dbeb67e182b31a40ba75a5cd07b0
"[""atlas/research/references/pubmed_entity_IL12B.request.json"",""atlas/releases/0.1.0/input_snapshot/research/references/pubmed_entity_IL12B.request.json"",""atlas/releases/0.2.0/input_snapshot/research/references/pubmed_entity_IL12B.request.json"",""atlas/releases/0.2.0/input_snapshot/releases/0.1.0/input_snapshot/research/references/pubmed_entity_IL12B.request.json""]",ASSET_600bf7563f63cfaefcaf,461,4,resource_metadata_snapshot,json,atlas/research/references/pubmed_entity_IL12B.request.json,600bf7563f63cfaefcaf475b8e0991f07a126cfb2f906393eaee8315ea84d871
"[""atlas/tests/test_kb.py""]",ASSET_604d289e1e5bfeae45cf,10284,1,code_or_environment_specification,py,atlas/tests/test_kb.py,604d289e1e5bfeae45cfa8548d28b2b8ef559db0066180ae002256272ee6fa1c
"[""atlas/research/mechanisms_activation/snapshots/MA_S06_nature.failed.html"",""atlas/candidates/0.3.0/input_snapshot/research/mechanisms_activation/snapshots/MA_S06_nature.failed.html""]",ASSET_60594c343cd21c45b7fd,515926,2,documentary_or_repository_source_snapshot,html,atlas/research/mechanisms_activation/snapshots/MA_S06_nature.failed.html,60594c343cd21c45b7fd1b420f6777c574d449d1bb245669bb71ab07d8ff51bc
"[""atlas/data/source_overrides.json"",""atlas/releases/0.1.0/input_snapshot/data/source_overrides.json"",""atlas/releases/0.2.0/input_snapshot/data/source_overrides.json"",""atlas/releases/0.2.0/input_snapshot/releases/0.1.0/input_snapshot/data/source_overrides.json""]",ASSET_60d1736dbe1da124f1a0,182,4,structured_curation_or_provenance,json,atlas/data/source_overrides.json,60d1736dbe1da124f1a0ab7c9df5f52a03430d6cf444d994de8272d382f2b248
"[""atlas/research/references/pubmed_entity_IL17A.json"",""atlas/releases/0.1.0/input_snapshot/research/references/pubmed_entity_IL17A.json"",""atlas/releases/0.2.0/input_snapshot/research/references/pubmed_entity_IL17A.json"",""atlas/releases/0.2.0/input_snapshot/releases/0.1.0/input_snapshot/research/references/pubmed_entity_IL17A.json""]",ASSET_60d3bf4bbf487f15b2c9,3160,4,resource_metadata_snapshot,json,atlas/research/references/pubmed_entity_IL17A.json,60d3bf4bbf487f15b2c9e717ecae1054e0d46bb75d6af9f0c036a57551693006
"[""atlas/research/references/uniprot_IL5.json"",""atlas/releases/0.1.0/input_snapshot/research/references/uniprot_IL5.json"",""atlas/releases/0.2.0/input_snapshot/research/references/uniprot_IL5.json"",""atlas/releases/0.2.0/input_snapshot/releases/0.1.0/input_snapshot/research/references/uniprot_IL5.json""]",ASSET_60d57a8bcd962eb40fb7,73539,4,resource_metadata_snapshot,json,atlas/research/references/uniprot_IL5.json,60d57a8bcd962eb40fb7343e4cde9ee004ebd1da4e5976b9b031f087305dc5b1
"[""atlas/research/genomic/snapshots/search_02.json"",""atlas/releases/0.1.0/input_snapshot/research/genomic/snapshots/search_02.json"",""atlas/releases/0.2.0/input_snapshot/research/genomic/snapshots/search_02.json"",""atlas/releases/0.2.0/input_snapshot/releases/0.1.0/input_snapshot/research/genomic/snapshots/search_02.json""]",ASSET_60d7f54ca2902e9823f6,33317,4,documentary_or_repository_source_snapshot,json,atlas/research/genomic/snapshots/search_02.json,60d7f54ca2902e9823f68396169d2aba1c19d85da7c99d8a9ad4fd6a6d82e08e
"[""atlas/research/review_multiomic.json"",""atlas/releases/0.1.0/input_snapshot/research/review_multiomic.json"",""atlas/releases/0.2.0/input_snapshot/research/review_multiomic.json"",""atlas/releases/0.2.0/input_snapshot/releases/0.1.0/input_snapshot/research/review_multiomic.json""]",ASSET_6178648fa2dcfa1c2b1b,12303,4,structured_curation_or_provenance,json,atlas/research/review_multiomic.json,6178648fa2dcfa1c2b1b33d2f95c453e968ccc5977530c2676a6b782d8b7e545
"[""atlas/releases/0.1.0/input_snapshot/reports/PROJECT_STATUS.md"",""atlas/releases/0.2.0/input_snapshot/releases/0.1.0/input_snapshot/reports/PROJECT_STATUS.md""]",ASSET_622cca37b6b04c8e865a,21155,2,documentation_or_protocol,md,atlas/releases/0.1.0/input_snapshot/reports/PROJECT_STATUS.md,622cca37b6b04c8e865afac199575d12121f0a9a64895932aa03579ebf740a6e
"[""atlas/research/cytokine/snapshots/PMC534504.xml"",""atlas/releases/0.1.0/input_snapshot/research/cytokine/snapshots/PMC534504.xml"",""atlas/releases/0.2.0/input_snapshot/research/cytokine/snapshots/PMC534504.xml"",""atlas/releases/0.2.0/input_snapshot/releases/0.1.0/input_snapshot/research/cytokine/snapshots/PMC534504.xml""]",ASSET_623342701f7a90e76c16,9760,4,documentary_or_repository_source_snapshot,xml,atlas/research/cytokine/snapshots/PMC534504.xml,623342701f7a90e76c163651a779d90bf9dd59131a7992b334fb89fdb11574cb
"[""atlas/research/chemokine_expansion/snapshots/followup_search5.json"",""atlas/releases/0.2.0/input_snapshot/research/chemokine_expansion/snapshots/followup_search5.json""]",ASSET_62a14479fba117f7abef,31905,2,documentary_or_repository_source_snapshot,json,atlas/research/chemokine_expansion/snapshots/followup_search5.json,62a14479fba117f7abefc9da667be3d07bee53544a8beb75a1beba03cad37d01
"[""atlas/research/receptor_expansion/snapshots/root_search5.json"",""atlas/releases/0.2.0/input_snapshot/research/receptor_expansion/snapshots/root_search5.json""]",ASSET_6366c18e59f58ab2d84a,32082,2,documentary_or_repository_source_snapshot,json,atlas/research/receptor_expansion/snapshots/root_search5.json,6366c18e59f58ab2d84acdae240055edf0a7751696cd64b65ea3c108987dfa4b
"[""atlas/research/genomic/snapshots/G09_retrieval.txt"",""atlas/releases/0.1.0/input_snapshot/research/genomic/snapshots/G09_retrieval.txt"",""atlas/releases/0.2.0/input_snapshot/research/genomic/snapshots/G09_retrieval.txt"",""atlas/releases/0.2.0/input_snapshot/releases/0.1.0/input_snapshot/research/genomic/snapshots/G09_retrieval.txt""]",ASSET_639d82268108ac1cee8d,442,4,documentary_or_repository_source_snapshot,txt,atlas/research/genomic/snapshots/G09_retrieval.txt,639d82268108ac1cee8dcca782a2cb0bc6ecc595bf68c3138dcdda5abee03718
"[""atlas/research/references/uniprot_VEGFA.json"",""atlas/releases/0.1.0/input_snapshot/research/references/uniprot_VEGFA.json"",""atlas/releases/0.2.0/input_snapshot/research/references/uniprot_VEGFA.json"",""atlas/releases/0.2.0/input_snapshot/releases/0.1.0/input_snapshot/research/references/uniprot_VEGFA.json""]",ASSET_64143d4a8be940508a41,276897,4,resource_metadata_snapshot,json,atlas/research/references/uniprot_VEGFA.json,64143d4a8be940508a41a64616aa5f24d96b12c5538fb514424d9606a2adc6c3
"[""atlas/research/references/uniprot_CCL13.request.json"",""atlas/releases/0.1.0/input_snapshot/research/references/uniprot_CCL13.request.json"",""atlas/releases/0.2.0/input_snapshot/research/references/uniprot_CCL13.request.json"",""atlas/releases/0.2.0/input_snapshot/releases/0.1.0/input_snapshot/research/references/uniprot_CCL13.request.json""]",ASSET_649d001f51ed3499297d,340,4,resource_metadata_snapshot,json,atlas/research/references/uniprot_CCL13.request.json,649d001f51ed3499297d6ff62b47ac660583b8801e95c9d74eccd39e91e8a504
"[""atlas/research/fulltext_followup/proteomic_followup_search1.json"",""atlas/releases/0.2.0/input_snapshot/research/fulltext_followup/proteomic_followup_search1.json""]",ASSET_64e235fa5e88e0ca831e,31401,2,structured_curation_or_provenance,json,atlas/research/fulltext_followup/proteomic_followup_search1.json,64e235fa5e88e0ca831e9bf4d0b594b82ac8e806852104dcf31f80ab0ff801e2
"[""atlas/research/references/uniprot_IL1A.request.json"",""atlas/releases/0.1.0/input_snapshot/research/references/uniprot_IL1A.request.json"",""atlas/releases/0.2.0/input_snapshot/research/references/uniprot_IL1A.request.json"",""atlas/releases/0.2.0/input_snapshot/releases/0.1.0/input_snapshot/research/references/uniprot_IL1A.request.json""]",ASSET_64e3c3ce3c17de7e968a,338,4,resource_metadata_snapshot,json,atlas/research/references/uniprot_IL1A.request.json,64e3c3ce3c17de7e968acd41958706b2450ee8065378d9af0a448360f6c7828a
"[""atlas/research/chemokine_expansion/retrieval_limits.json"",""atlas/releases/0.2.0/input_snapshot/research/chemokine_expansion/retrieval_limits.json""]",ASSET_65d8ebb70570b8dab1f7,968,2,structured_curation_or_provenance,json,atlas/research/chemokine_expansion/retrieval_limits.json,65d8ebb70570b8dab1f75aaac6109c63e575f1b3c09445b8e1a68671ae0004a5
"[""atlas/research/references/uniprot_CCL22.request.json"",""atlas/releases/0.1.0/input_snapshot/research/references/uniprot_CCL22.request.json"",""atlas/releases/0.2.0/input_snapshot/research/references/uniprot_CCL22.request.json"",""atlas/releases/0.2.0/input_snapshot/releases/0.1.0/input_snapshot/research/references/uniprot_CCL22.request.json""]",ASSET_66839f8fde82888c4789,340,4,resource_metadata_snapshot,json,atlas/research/references/uniprot_CCL22.request.json,66839f8fde82888c4789ee0bba6a5b6ff0a7b420dfdad4231e1641e3c96317f9
"[""atlas/research/references/pubmed_entity_IL4.request.json"",""atlas/releases/0.1.0/input_snapshot/research/references/pubmed_entity_IL4.request.json"",""atlas/releases/0.2.0/input_snapshot/research/references/pubmed_entity_IL4.request.json"",""atlas/releases/0.2.0/input_snapshot/releases/0.1.0/input_snapshot/research/references/pubmed_entity_IL4.request.json""]",ASSET_66a6defec26e0f20325f,457,4,resource_metadata_snapshot,json,atlas/research/references/pubmed_entity_IL4.request.json,66a6defec26e0f20325f6af77214deb1d5a181a135402e55557440c3abe44a76
"[""atlas/reports/RELEASE_0.2.0.md"",""atlas/releases/0.2.0/input_snapshot/reports/RELEASE_0.2.0.md""]",ASSET_66b502ad0497e55228a5,6844,2,documentation_or_protocol,md,atlas/reports/RELEASE_0.2.0.md,66b502ad0497e55228a5a91fb6e6f3f0acf429c1b30d81fee30a732f34b9dfdf
"[""atlas/releases/0.1.0/input_snapshot/protocol/PROTOCOL.md"",""atlas/releases/0.2.0/input_snapshot/protocol/PROTOCOL.md"",""atlas/releases/0.2.0/input_snapshot/releases/0.1.0/input_snapshot/protocol/PROTOCOL.md""]",ASSET_66c4bf5aaf9364a02d27,10855,3,documentation_or_protocol,md,atlas/releases/0.1.0/input_snapshot/protocol/PROTOCOL.md,66c4bf5aaf9364a02d27aeb62b1792be85646255dcbbc9ead946d1e83971d31a
"[""atlas/candidates/0.3.0/candidate_cohorts.csv""]",ASSET_6838a8392d7594eb2f9d,39456,1,derived_atlas_table_or_database,csv,atlas/candidates/0.3.0/candidate_cohorts.csv,6838a8392d7594eb2f9d8b3d1732802b12809e821a46debb4da6281fb9628db2
"[""atlas/releases/0.1.0/input_snapshot/scripts/annotate_scoring.py"",""atlas/releases/0.2.0/input_snapshot/releases/0.1.0/input_snapshot/scripts/annotate_scoring.py""]",ASSET_685f050bfb4b6b74808e,2230,2,code_or_environment_specification,py,atlas/releases/0.1.0/input_snapshot/scripts/annotate_scoring.py,685f050bfb4b6b74808ea9f736f8f379c766823ad3c0c808680995703e6e5279
"[""atlas/research/EXTRACTION_CONTRACT_0.3.md"",""atlas/candidates/0.3.0/input_snapshot/research/EXTRACTION_CONTRACT_0.3.md""]",ASSET_688a94599ef2530d74d7,5188,2,documentation_or_protocol,md,atlas/research/EXTRACTION_CONTRACT_0.3.md,688a94599ef2530d74d76a999e72d20cad2a0198691fd844f64162e8f4f23c5f
"[""atlas/research/genomic/snapshots/Gfollowup5_retrieval.txt"",""atlas/releases/0.1.0/input_snapshot/research/genomic/snapshots/Gfollowup5_retrieval.txt"",""atlas/releases/0.2.0/input_snapshot/research/genomic/snapshots/Gfollowup5_retrieval.txt"",""atlas/releases/0.2.0/input_snapshot/releases/0.1.0/input_snapshot/research/genomic/snapshots/Gfollowup5_retrieval.txt""]",ASSET_68950a87ab45971eee52,26683,4,documentary_or_repository_source_snapshot,txt,atlas/research/genomic/snapshots/Gfollowup5_retrieval.txt,68950a87ab45971eee526ea2d70e50df015eed35237f7a9882d807c41f6b4ceb
"[""atlas/research/references/pubmed_entity_CCL17.response.json"",""atlas/releases/0.1.0/input_snapshot/research/references/pubmed_entity_CCL17.response.json"",""atlas/releases/0.2.0/input_snapshot/research/references/pubmed_entity_CCL17.response.json"",""atlas/releases/0.2.0/input_snapshot/releases/0.1.0/input_snapshot/research/references/pubmed_entity_CCL17.response.json""]",ASSET_68bd9e36d7100670642f,429,4,resource_metadata_snapshot,json,atlas/research/references/pubmed_entity_CCL17.response.json,68bd9e36d7100670642f5d1ed681acb577b36ba3dcd06c5415d5d87f63a55dec
"[""atlas/research/cytokine_inventory/snapshots/uniprot_probe.json"",""atlas/candidates/0.3.0/input_snapshot/research/cytokine_inventory/snapshots/uniprot_probe.json""]",ASSET_69098421e6675770a999,10418,2,resource_metadata_snapshot,json,atlas/research/cytokine_inventory/snapshots/uniprot_probe.json,69098421e6675770a999ecf381f43507f2a7362693efa7f2eae445a7cf700292
"[""atlas/data/CANDIDATE_DATA_DICTIONARY.md"",""atlas/candidates/0.3.0/input_snapshot/data/CANDIDATE_DATA_DICTIONARY.md""]",ASSET_6929b696aac39d977a22,4874,2,documentation_or_protocol,md,atlas/data/CANDIDATE_DATA_DICTIONARY.md,6929b696aac39d977a224cbae1e539b4011c9ff38cd34115b843d210b4ae2d8b
"[""atlas/releases/0.1.0/fine_mapping.csv"",""atlas/releases/0.2.0/fine_mapping.csv"",""atlas/releases/0.2.0/input_snapshot/releases/0.1.0/fine_mapping.csv""]",ASSET_696f82b50993f04957ce,78,3,derived_atlas_table_or_database,csv,atlas/releases/0.1.0/fine_mapping.csv,696f82b50993f04957cea514d888ed3049d91bb975d30a28492da076f49883a7
"[""atlas/research/chemokine_expansion/finalize_pack.py"",""atlas/releases/0.2.0/input_snapshot/research/chemokine_expansion/finalize_pack.py""]",ASSET_69e763268ab61c58a38f,13856,2,code_or_environment_specification,py,atlas/research/chemokine_expansion/finalize_pack.py,69e763268ab61c58a38f9d7198c27893b992fc4fed7c4e07eabb65b7ea27a92a
"[""atlas/research/final_curation_review_response_0.2.json"",""atlas/releases/0.2.0/input_snapshot/research/final_curation_review_response_0.2.json""]",ASSET_6a2c63ce2c8fba393f90,33165,2,structured_curation_or_provenance,json,atlas/research/final_curation_review_response_0.2.json,6a2c63ce2c8fba393f90a0894c5cc5fe335aea9d3bfbd6761dd0f2b72f37b0d7
"[""atlas/releases/0.1.0/search_log.csv"",""atlas/releases/0.2.0/input_snapshot/releases/0.1.0/search_log.csv""]",ASSET_6a4ba8658a92139278ba,45694,2,derived_atlas_table_or_database,csv,atlas/releases/0.1.0/search_log.csv,6a4ba8658a92139278babf1945134b153e3aebda6b04df4be6ad66d00bc0c1fc
"[""atlas/research/fulltext_followup/source_passages.json"",""atlas/releases/0.2.0/input_snapshot/research/fulltext_followup/source_passages.json""]",ASSET_6a5848fe4c578f88dea7,32286,2,structured_curation_or_provenance,json,atlas/research/fulltext_followup/source_passages.json,6a5848fe4c578f88dea75ff9f12c3356496f4cf97346344b04eb6e4df5a5738a
"[""atlas/research/chemokine_expansion/sanitize_local.py"",""atlas/releases/0.2.0/input_snapshot/research/chemokine_expansion/sanitize_local.py""]",ASSET_6aa282ec65bc9a781aef,1415,2,code_or_environment_specification,py,atlas/research/chemokine_expansion/sanitize_local.py,6aa282ec65bc9a781aef3709f3ded6c0bb9a3393b7d486a4b80876df70992253
"[""atlas/research/mechanisms_activation/snapshots/MA_S06_correction_full.txt"",""atlas/candidates/0.3.0/input_snapshot/research/mechanisms_activation/snapshots/MA_S06_correction_full.txt""]",ASSET_6abb4859b4fc04145cef,7209,2,documentary_or_repository_source_snapshot,txt,atlas/research/mechanisms_activation/snapshots/MA_S06_correction_full.txt,6abb4859b4fc04145cef6678f66d7100a28cb0b4cadb3784d1d68d792d41db13
"[""atlas/research/proteomic/snapshots/extract3.json"",""atlas/releases/0.1.0/input_snapshot/research/proteomic/snapshots/extract3.json"",""atlas/releases/0.2.0/input_snapshot/research/proteomic/snapshots/extract3.json"",""atlas/releases/0.2.0/input_snapshot/releases/0.1.0/input_snapshot/research/proteomic/snapshots/extract3.json""]",ASSET_6af3e7c4129c2432098b,16579,4,documentary_or_repository_source_snapshot,json,atlas/research/proteomic/snapshots/extract3.json,6af3e7c4129c2432098ba3fef4eca06a4e83b0cd3777c9c95af48ef369c48252
"[""atlas/research/genomic/snapshots/G03_fulltext.html"",""atlas/releases/0.1.0/input_snapshot/research/genomic/snapshots/G03_fulltext.html"",""atlas/releases/0.2.0/input_snapshot/research/genomic/snapshots/G03_fulltext.html"",""atlas/releases/0.2.0/input_snapshot/releases/0.1.0/input_snapshot/research/genomic/snapshots/G03_fulltext.html""]",ASSET_6bde78d536f1eb9d88c6,299120,4,documentary_or_repository_source_snapshot,html,atlas/research/genomic/snapshots/G03_fulltext.html,6bde78d536f1eb9d88c669269432b0d59c0e02155d5f02f54fbb7690c5ff1df8
"[""atlas/research/mechanisms_antigen/snapshots/MP_He2025.html"",""atlas/candidates/0.3.0/input_snapshot/research/mechanisms_antigen/snapshots/MP_He2025.html""]",ASSET_6c2321c449829422d897,346389,2,documentary_or_repository_source_snapshot,html,atlas/research/mechanisms_antigen/snapshots/MP_He2025.html,6c2321c449829422d897a29270aa063e6c84913e53d0313809341aa0a39cc4ea
"[""atlas/research/mechanisms_activation/snapshots/MA_S06_fig3_full.txt"",""atlas/candidates/0.3.0/input_snapshot/research/mechanisms_activation/snapshots/MA_S06_fig3_full.txt""]",ASSET_6c37c3cf7b7e757f1e15,5244,2,documentary_or_repository_source_snapshot,txt,atlas/research/mechanisms_activation/snapshots/MA_S06_fig3_full.txt,6c37c3cf7b7e757f1e15314933487e14637cc7c19901ef9dbe9dac11b0fad644
"[""atlas/research/references/pubmed_entity_IFNG.response.json"",""atlas/releases/0.1.0/input_snapshot/research/references/pubmed_entity_IFNG.response.json"",""atlas/releases/0.2.0/input_snapshot/research/references/pubmed_entity_IFNG.response.json"",""atlas/releases/0.2.0/input_snapshot/releases/0.1.0/input_snapshot/research/references/pubmed_entity_IFNG.response.json""]",ASSET_6c5027694e783db980df,428,4,resource_metadata_snapshot,json,atlas/research/references/pubmed_entity_IFNG.response.json,6c5027694e783db980df0a25a11e57c3dbe9324c50e557f52b5b3e63ce7158ec
"[""atlas/releases/0.2.0/entities.csv""]",ASSET_6c7cb14caad616433d3c,18400,1,derived_atlas_table_or_database,csv,atlas/releases/0.2.0/entities.csv,6c7cb14caad616433d3c3d776d1ebef1b953610fbfff3a3bd7dd4701fb493aa2
"[""atlas/data/cytokine_inventory.json"",""atlas/candidates/0.3.0/input_snapshot/data/cytokine_inventory.json""]",ASSET_6c92eb7dceaee88157a0,662166,2,structured_curation_or_provenance,json,atlas/data/cytokine_inventory.json,6c92eb7dceaee88157a052959fe649552f50c365f28532c93c69ea9954863724
"[""atlas/research/references/pubmed_entity_IL5.response.json"",""atlas/releases/0.1.0/input_snapshot/research/references/pubmed_entity_IL5.response.json"",""atlas/releases/0.2.0/input_snapshot/research/references/pubmed_entity_IL5.response.json"",""atlas/releases/0.2.0/input_snapshot/releases/0.1.0/input_snapshot/research/references/pubmed_entity_IL5.response.json""]",ASSET_6d71bba44d1b231b084d,427,4,resource_metadata_snapshot,json,atlas/research/references/pubmed_entity_IL5.response.json,6d71bba44d1b231b084d1f1563573a6c239626bdcec048d14ef4685a4533edb6
"[""atlas/research/references/pubmed_entity_IL12A.json"",""atlas/releases/0.1.0/input_snapshot/research/references/pubmed_entity_IL12A.json"",""atlas/releases/0.2.0/input_snapshot/research/references/pubmed_entity_IL12A.json"",""atlas/releases/0.2.0/input_snapshot/releases/0.1.0/input_snapshot/research/references/pubmed_entity_IL12A.json""]",ASSET_6d83a023edd54ee9e31d,3159,4,resource_metadata_snapshot,json,atlas/research/references/pubmed_entity_IL12A.json,6d83a023edd54ee9e31d21af27cc08132b0041a49c2953d93e3bada819808cbe
"[""atlas/releases/0.2.0/input_snapshot/scripts/write_status.py""]",ASSET_6e5dfd55372aa5fff5f4,8020,1,code_or_environment_specification,py,atlas/releases/0.2.0/input_snapshot/scripts/write_status.py,6e5dfd55372aa5fff5f451421b1678c43ad4d13bb9af700e44503e6216ce4090
"[""atlas/research/references/pubmed_entity_CCL3.request.json"",""atlas/releases/0.1.0/input_snapshot/research/references/pubmed_entity_CCL3.request.json"",""atlas/releases/0.2.0/input_snapshot/research/references/pubmed_entity_CCL3.request.json"",""atlas/releases/0.2.0/input_snapshot/releases/0.1.0/input_snapshot/research/references/pubmed_entity_CCL3.request.json""]",ASSET_6e638a0e09cf073f631f,459,4,resource_metadata_snapshot,json,atlas/research/references/pubmed_entity_CCL3.request.json,6e638a0e09cf073f631f4da88a80706749ff929849c302e24bd09ea0daa18cf7
"[""atlas/research/references/pubmed_entity_LTA.json"",""atlas/releases/0.1.0/input_snapshot/research/references/pubmed_entity_LTA.json"",""atlas/releases/0.2.0/input_snapshot/research/references/pubmed_entity_LTA.json"",""atlas/releases/0.2.0/input_snapshot/releases/0.1.0/input_snapshot/research/references/pubmed_entity_LTA.json""]",ASSET_6e7c03a7e8a34d5796e7,3157,4,resource_metadata_snapshot,json,atlas/research/references/pubmed_entity_LTA.json,6e7c03a7e8a34d5796e7fdc42dcd4c9ce1eddd8c18808aaecccc1a96d8918fed
"[""atlas/releases/0.1.0/manifest.json"",""atlas/releases/0.2.0/input_snapshot/releases/0.1.0/manifest.json""]",ASSET_6ef2ada53d85c341987f,45591,2,structured_curation_or_provenance,json,atlas/releases/0.1.0/manifest.json,6ef2ada53d85c341987f30d3355f4cde99157cdf5fe3883d56bdda936fecf8b0
"[""atlas/protocol/PROTOCOL.md"",""atlas/candidates/0.3.0/input_snapshot/protocol/PROTOCOL.md""]",ASSET_6f52b8cee9ed4a2be8cc,11593,2,documentation_or_protocol,md,atlas/protocol/PROTOCOL.md,6f52b8cee9ed4a2be8cce6fe1ec0f3a57c010bd14e047444d16a8b0686aadb37
"[""atlas/research/cytokine_inventory/unreviewed.request.json"",""atlas/candidates/0.3.0/input_snapshot/research/cytokine_inventory/unreviewed.request.json""]",ASSET_6f90cc092242b5a62cc6,496,2,structured_curation_or_provenance,json,atlas/research/cytokine_inventory/unreviewed.request.json,6f90cc092242b5a62cc6bf3bf91fc9ae0aaad36633466b3a03074cbc5ec2a9d7
"[""atlas/research/references/uniprot_IL6.json"",""atlas/releases/0.1.0/input_snapshot/research/references/uniprot_IL6.json"",""atlas/releases/0.2.0/input_snapshot/research/references/uniprot_IL6.json"",""atlas/releases/0.2.0/input_snapshot/releases/0.1.0/input_snapshot/research/references/uniprot_IL6.json""]",ASSET_6fb15320a443a455a08f,171291,4,resource_metadata_snapshot,json,atlas/research/references/uniprot_IL6.json,6fb15320a443a455a08fe049b9a077f539a106072baac06b1f448de35b381a39
"[""atlas/provenance/source_retrieval_times.json"",""atlas/releases/0.2.0/input_snapshot/provenance/source_retrieval_times.json""]",ASSET_700a762936eca861397c,10245,2,structured_curation_or_provenance,json,atlas/provenance/source_retrieval_times.json,700a762936eca861397c10034c02695d0223f76e4dd6fc3ba27ab86beabf0f76
"[""atlas/research/EXTRACTION_CONTRACT_0.2.md"",""atlas/releases/0.2.0/input_snapshot/research/EXTRACTION_CONTRACT_0.2.md""]",ASSET_7014d40049727774e9a6,3873,2,documentation_or_protocol,md,atlas/research/EXTRACTION_CONTRACT_0.2.md,7014d40049727774e9a6baa6dbc95f46aca85140c723c3aab36bfa98ce026767
"[""atlas/candidates/0.3.0/manifest.json""]",ASSET_707f04c897c5acd710b1,20161,1,structured_curation_or_provenance,json,atlas/candidates/0.3.0/manifest.json,707f04c897c5acd710b1084793a96f37354b3c33a29a4bf708ed2ca904ffe0e9
"[""atlas/research/references/pubmed_entity_IL12A.response.json"",""atlas/releases/0.1.0/input_snapshot/research/references/pubmed_entity_IL12A.response.json"",""atlas/releases/0.2.0/input_snapshot/research/references/pubmed_entity_IL12A.response.json"",""atlas/releases/0.2.0/input_snapshot/releases/0.1.0/input_snapshot/research/references/pubmed_entity_IL12A.response.json""]",ASSET_70cfcff9063ab32ebabc,429,4,resource_metadata_snapshot,json,atlas/research/references/pubmed_entity_IL12A.response.json,70cfcff9063ab32ebabc8bbf5819f7a7effc9e60cd768d54ba5e7a1cdba577c9
"[""atlas/research/implementation_review_response_0.2.json"",""atlas/releases/0.2.0/input_snapshot/research/implementation_review_response_0.2.json""]",ASSET_710b49fd192ed8004883,6468,2,structured_curation_or_provenance,json,atlas/research/implementation_review_response_0.2.json,710b49fd192ed800488318c628da9df4e7494cc0e8ea24975d1408a18cc53639
"[""atlas/research/genomic/snapshots/G05b_retrieval.txt"",""atlas/releases/0.1.0/input_snapshot/research/genomic/snapshots/G05b_retrieval.txt"",""atlas/releases/0.2.0/input_snapshot/research/genomic/snapshots/G05b_retrieval.txt"",""atlas/releases/0.2.0/input_snapshot/releases/0.1.0/input_snapshot/research/genomic/snapshots/G05b_retrieval.txt""]",ASSET_710c52feaafafcb234ff,388,4,documentary_or_repository_source_snapshot,txt,atlas/research/genomic/snapshots/G05b_retrieval.txt,710c52feaafafcb234ffeaa17ae0b244497b449a92c97a0da0f77b7647720c1c
"[""atlas/research/references/pubmed_entity_IL7.response.json"",""atlas/releases/0.1.0/input_snapshot/research/references/pubmed_entity_IL7.response.json"",""atlas/releases/0.2.0/input_snapshot/research/references/pubmed_entity_IL7.response.json"",""atlas/releases/0.2.0/input_snapshot/releases/0.1.0/input_snapshot/research/references/pubmed_entity_IL7.response.json""]",ASSET_714f3332a8c38a548c96,427,4,resource_metadata_snapshot,json,atlas/research/references/pubmed_entity_IL7.response.json,714f3332a8c38a548c96eca66eabf1cf47c83bcc9e6ef1043604e1c27ab67c7f
"[""atlas/candidates/0.3.0/candidate_contexts.csv""]",ASSET_71d50497b2ada758c76e,29767,1,derived_atlas_table_or_database,csv,atlas/candidates/0.3.0/candidate_contexts.csv,71d50497b2ada758c76e998a25b9ddf766570449e260ae7424483e68448ef093
"[""atlas/releases/0.1.0/input_snapshot/tests/test_kb.py"",""atlas/releases/0.2.0/input_snapshot/releases/0.1.0/input_snapshot/tests/test_kb.py""]",ASSET_71d741e6f4a3854e8c3e,9648,2,code_or_environment_specification,py,atlas/releases/0.1.0/input_snapshot/tests/test_kb.py,71d741e6f4a3854e8c3ed2de7bb04d54fe82920bcaeac63674e67ea87fb87656
"[""atlas/research/genomic/snapshots/search_01.json"",""atlas/releases/0.1.0/input_snapshot/research/genomic/snapshots/search_01.json"",""atlas/releases/0.2.0/input_snapshot/research/genomic/snapshots/search_01.json"",""atlas/releases/0.2.0/input_snapshot/releases/0.1.0/input_snapshot/research/genomic/snapshots/search_01.json""]",ASSET_71e142343d80b14718de,33114,4,documentary_or_repository_source_snapshot,json,atlas/research/genomic/snapshots/search_01.json,71e142343d80b14718de1590ffefdacc31b47783395eb660b8f1c047e82252f5
"[""atlas/research/chemokine_expansion/snapshots/followup_search13.json"",""atlas/releases/0.2.0/input_snapshot/research/chemokine_expansion/snapshots/followup_search13.json""]",ASSET_72290df31c19d4a0d96f,31488,2,documentary_or_repository_source_snapshot,json,atlas/research/chemokine_expansion/snapshots/followup_search13.json,72290df31c19d4a0d96fcf8293ba8f7398de2d399416446be20ed826cfaea5d2
"[""atlas/research/receptor_expansion/snapshots/root_search1.json"",""atlas/releases/0.2.0/input_snapshot/research/receptor_expansion/snapshots/root_search1.json""]",ASSET_72a7f7b4a59cf4393893,32193,2,documentary_or_repository_source_snapshot,json,atlas/research/receptor_expansion/snapshots/root_search1.json,72a7f7b4a59cf43938933d5ea6b4630c62e02b40ce9d381161065f0195c8c5cc
"[""atlas/research/references/pubmed_entity_CCL3.response.json"",""atlas/releases/0.1.0/input_snapshot/research/references/pubmed_entity_CCL3.response.json"",""atlas/releases/0.2.0/input_snapshot/research/references/pubmed_entity_CCL3.response.json"",""atlas/releases/0.2.0/input_snapshot/releases/0.1.0/input_snapshot/research/references/pubmed_entity_CCL3.response.json""]",ASSET_732426a9f0549c5cb485,428,4,resource_metadata_snapshot,json,atlas/research/references/pubmed_entity_CCL3.response.json,732426a9f0549c5cb4855ee94fb22cf3e040e38c1ceaa0bead96bfac5f6bd1f6
"[""atlas/releases/0.2.0/multiomic_links.csv""]",ASSET_732fb1fd8963305b4b4a,10607,1,derived_atlas_table_or_database,csv,atlas/releases/0.2.0/multiomic_links.csv,732fb1fd8963305b4b4a37ffccec28759219900be656657d11255cde3e7410e3
"[""atlas/research/references/pubmed_entity_CCL26.response.json"",""atlas/releases/0.1.0/input_snapshot/research/references/pubmed_entity_CCL26.response.json"",""atlas/releases/0.2.0/input_snapshot/research/references/pubmed_entity_CCL26.response.json"",""atlas/releases/0.2.0/input_snapshot/releases/0.1.0/input_snapshot/research/references/pubmed_entity_CCL26.response.json""]",ASSET_734a2939c74bc2b99447,429,4,resource_metadata_snapshot,json,atlas/research/references/pubmed_entity_CCL26.response.json,734a2939c74bc2b9944730c6a5997e4cb7fd6da5e64f1f5f4c89aa3f44e4f167
"[""atlas/research/references/resource_06.html"",""atlas/releases/0.1.0/input_snapshot/research/references/resource_06.html"",""atlas/releases/0.2.0/input_snapshot/research/references/resource_06.html"",""atlas/releases/0.2.0/input_snapshot/releases/0.1.0/input_snapshot/research/references/resource_06.html""]",ASSET_73543cbf5f0339a3a0fe,19715,4,other_artifact,html,atlas/research/references/resource_06.html,73543cbf5f0339a3a0fe272f5ef2e59b18feccec644a28578776e4f82e594a91
"[""atlas/releases/0.2.0/screening_candidates.csv""]",ASSET_73b74fe02b75c0b4277d,151228,1,derived_atlas_table_or_database,csv,atlas/releases/0.2.0/screening_candidates.csv,73b74fe02b75c0b4277d1872ae3c6cf810c0f152617672c6c8887f8625178c0c
"[""atlas/research/implementation_review_display_0.2.json"",""atlas/releases/0.2.0/input_snapshot/research/implementation_review_display_0.2.json""]",ASSET_73bf2821b413579736e8,5307,2,structured_curation_or_provenance,json,atlas/research/implementation_review_display_0.2.json,73bf2821b413579736e81e6706477994a0dfaf4e0f0d2c4ddd9f2259c8b046de
"[""atlas/research/proteomic/snapshots/bendall_fulltext.html"",""atlas/releases/0.1.0/input_snapshot/research/proteomic/snapshots/bendall_fulltext.html"",""atlas/releases/0.2.0/input_snapshot/research/proteomic/snapshots/bendall_fulltext.html"",""atlas/releases/0.2.0/input_snapshot/releases/0.1.0/input_snapshot/research/proteomic/snapshots/bendall_fulltext.html""]",ASSET_73c3dcc246f01706db7f,213822,4,documentary_or_repository_source_snapshot,html,atlas/research/proteomic/snapshots/bendall_fulltext.html,73c3dcc246f01706db7fd878734c3f2d836391da1e7918f4315acf1bddef8c55
"[""atlas/research/references/alias_plan.json"",""atlas/releases/0.1.0/input_snapshot/research/references/alias_plan.json"",""atlas/releases/0.2.0/input_snapshot/research/references/alias_plan.json"",""atlas/releases/0.2.0/input_snapshot/releases/0.1.0/input_snapshot/research/references/alias_plan.json""]",ASSET_747e7940b91a392576b0,2087,4,resource_metadata_snapshot,json,atlas/research/references/alias_plan.json,747e7940b91a392576b00169575940b00dd871d1aa96fc4bb35ae309dc440055
"[""atlas/releases/0.2.0/cohorts.csv""]",ASSET_74c1af48a721bfeec18d,36398,1,derived_atlas_table_or_database,csv,atlas/releases/0.2.0/cohorts.csv,74c1af48a721bfeec18d5ff3f9a058f1543f5e5648e4586bc0404a627b8ec4df
"[""atlas/research/fulltext_followup/atlas_followup_paper.json"",""atlas/releases/0.2.0/input_snapshot/research/fulltext_followup/atlas_followup_paper.json""]",ASSET_74d4494d3a446ab73cbb,33457,2,structured_curation_or_provenance,json,atlas/research/fulltext_followup/atlas_followup_paper.json,74d4494d3a446ab73cbb4d04acac8f5fbf8179803908fa653f2f0292bd0a4800
"[""atlas/research/genomic/snapshots/G03b_retrieval.txt"",""atlas/releases/0.1.0/input_snapshot/research/genomic/snapshots/G03b_retrieval.txt"",""atlas/releases/0.2.0/input_snapshot/research/genomic/snapshots/G03b_retrieval.txt"",""atlas/releases/0.2.0/input_snapshot/releases/0.1.0/input_snapshot/research/genomic/snapshots/G03b_retrieval.txt""]",ASSET_74ddccc82ab1c0f27523,250,4,documentary_or_repository_source_snapshot,txt,atlas/research/genomic/snapshots/G03b_retrieval.txt,74ddccc82ab1c0f27523bd4e698d8426ab184fb1264f88af1463ba27d4df8e07
"[""atlas/research/references/pubmed_entity_IL5.request.json"",""atlas/releases/0.1.0/input_snapshot/research/references/pubmed_entity_IL5.request.json"",""atlas/releases/0.2.0/input_snapshot/research/references/pubmed_entity_IL5.request.json"",""atlas/releases/0.2.0/input_snapshot/releases/0.1.0/input_snapshot/research/references/pubmed_entity_IL5.request.json""]",ASSET_75339320d47c756959dc,457,4,resource_metadata_snapshot,json,atlas/research/references/pubmed_entity_IL5.request.json,75339320d47c756959dc1e52b87decdea02cceef1c8f0fff03fd28bc36c9aacd
"[""atlas/research/references/pubmed_entity_IL2.response.json"",""atlas/releases/0.1.0/input_snapshot/research/references/pubmed_entity_IL2.response.json"",""atlas/releases/0.2.0/input_snapshot/research/references/pubmed_entity_IL2.response.json"",""atlas/releases/0.2.0/input_snapshot/releases/0.1.0/input_snapshot/research/references/pubmed_entity_IL2.response.json""]",ASSET_758339c9d49aad8011f6,427,4,resource_metadata_snapshot,json,atlas/research/references/pubmed_entity_IL2.response.json,758339c9d49aad8011f63f522e5c315db516275fe3485f8f48131294ab8ff299
"[""atlas/research/cytokine/snapshots/PMC2119001.xml"",""atlas/releases/0.1.0/input_snapshot/research/cytokine/snapshots/PMC2119001.xml"",""atlas/releases/0.2.0/input_snapshot/research/cytokine/snapshots/PMC2119001.xml"",""atlas/releases/0.2.0/input_snapshot/releases/0.1.0/input_snapshot/research/cytokine/snapshots/PMC2119001.xml""]",ASSET_75a1f66ee0b4bcc57615,98361,4,documentary_or_repository_source_snapshot,xml,atlas/research/cytokine/snapshots/PMC2119001.xml,75a1f66ee0b4bcc5761557e1dc4fe4805791b7022f585d5d67e9e7d97aa30e61
"[""atlas/research/references/pubmed_entity_CCL22.json"",""atlas/releases/0.1.0/input_snapshot/research/references/pubmed_entity_CCL22.json"",""atlas/releases/0.2.0/input_snapshot/research/references/pubmed_entity_CCL22.json"",""atlas/releases/0.2.0/input_snapshot/releases/0.1.0/input_snapshot/research/references/pubmed_entity_CCL22.json""]",ASSET_75d9d6700180a7b57bce,3159,4,resource_metadata_snapshot,json,atlas/research/references/pubmed_entity_CCL22.json,75d9d6700180a7b57bce0dd5b13fc4d7bfc067dff06454446cdde4056139dd90
"[""atlas/research/references/uniprot_IFNG.request.json"",""atlas/releases/0.1.0/input_snapshot/research/references/uniprot_IFNG.request.json"",""atlas/releases/0.2.0/input_snapshot/research/references/uniprot_IFNG.request.json"",""atlas/releases/0.2.0/input_snapshot/releases/0.1.0/input_snapshot/research/references/uniprot_IFNG.request.json""]",ASSET_77967ecb30f3a4922b43,338,4,resource_metadata_snapshot,json,atlas/research/references/uniprot_IFNG.request.json,77967ecb30f3a4922b4358f807847b1af4402bce109debfb98a13f67d78f879f
"[""atlas/research/cytokine/snapshots/pmc_fulltext.xml"",""atlas/releases/0.1.0/input_snapshot/research/cytokine/snapshots/pmc_fulltext.xml"",""atlas/releases/0.2.0/input_snapshot/research/cytokine/snapshots/pmc_fulltext.xml"",""atlas/releases/0.2.0/input_snapshot/releases/0.1.0/input_snapshot/research/cytokine/snapshots/pmc_fulltext.xml""]",ASSET_77d173dcd567817d5140,603781,4,documentary_or_repository_source_snapshot,xml,atlas/research/cytokine/snapshots/pmc_fulltext.xml,77d173dcd567817d51400495a3d1b6750790685d43f24e820618f459fd3fcb1f
"[""atlas/research/references/uniprot_CCL26.json"",""atlas/releases/0.1.0/input_snapshot/research/references/uniprot_CCL26.json"",""atlas/releases/0.2.0/input_snapshot/research/references/uniprot_CCL26.json"",""atlas/releases/0.2.0/input_snapshot/releases/0.1.0/input_snapshot/research/references/uniprot_CCL26.json""]",ASSET_77d1b55e180906f46407,71210,4,resource_metadata_snapshot,json,atlas/research/references/uniprot_CCL26.json,77d1b55e180906f46407c713bf0919f1790fc6898249b6548e5aa8ef182fc5ba
"[""atlas/releases/0.1.0/input_snapshot/scripts/write_status.py"",""atlas/releases/0.2.0/input_snapshot/releases/0.1.0/input_snapshot/scripts/write_status.py""]",ASSET_77e4d124a432edcfbb81,6743,2,code_or_environment_specification,py,atlas/releases/0.1.0/input_snapshot/scripts/write_status.py,77e4d124a432edcfbb812f919a1a28c9f5e45dbcc632a8175335d51f19e979e0
"[""atlas/data/reviewed_curations.json"",""atlas/releases/0.2.0/input_snapshot/data/reviewed_curations.json""]",ASSET_7814aa808565d496a328,5350,2,structured_curation_or_provenance,json,atlas/data/reviewed_curations.json,7814aa808565d496a328cd898bd6f9ffa5a4b34acd8a6edfaf008c860306fe89
"[""atlas/research/implementation_review_retrieval_time_0.2.json"",""atlas/releases/0.2.0/input_snapshot/research/implementation_review_retrieval_time_0.2.json""]",ASSET_78217c699eaf805271ca,7361,2,structured_curation_or_provenance,json,atlas/research/implementation_review_retrieval_time_0.2.json,78217c699eaf805271caeb43e26f1cbc88317402a1251e624a31b71baa39009e
"[""atlas/research/proteomic/snapshots/open2.json"",""atlas/releases/0.1.0/input_snapshot/research/proteomic/snapshots/open2.json"",""atlas/releases/0.2.0/input_snapshot/research/proteomic/snapshots/open2.json"",""atlas/releases/0.2.0/input_snapshot/releases/0.1.0/input_snapshot/research/proteomic/snapshots/open2.json""]",ASSET_78249fb5817b3c38481f,28167,4,documentary_or_repository_source_snapshot,json,atlas/research/proteomic/snapshots/open2.json,78249fb5817b3c38481fa0a87feba95ba8fe5788a499ad91ff2bec26c9c9309a
"[""atlas/research/references/pubmed_entity_CXCL8.response.json"",""atlas/releases/0.1.0/input_snapshot/research/references/pubmed_entity_CXCL8.response.json"",""atlas/releases/0.2.0/input_snapshot/research/references/pubmed_entity_CXCL8.response.json"",""atlas/releases/0.2.0/input_snapshot/releases/0.1.0/input_snapshot/research/references/pubmed_entity_CXCL8.response.json""]",ASSET_786de2f45ff09b3cc8ea,429,4,resource_metadata_snapshot,json,atlas/research/references/pubmed_entity_CXCL8.response.json,786de2f45ff09b3cc8ea6d7bf2d24412095b837c5851b7400d7cff81576b1fc6
"[""atlas/research/references/uniprot_IL16.json"",""atlas/releases/0.1.0/input_snapshot/research/references/uniprot_IL16.json"",""atlas/releases/0.2.0/input_snapshot/research/references/uniprot_IL16.json"",""atlas/releases/0.2.0/input_snapshot/releases/0.1.0/input_snapshot/research/references/uniprot_IL16.json""]",ASSET_787cb9ed6c0d5736719e,330535,4,resource_metadata_snapshot,json,atlas/research/references/uniprot_IL16.json,787cb9ed6c0d5736719e08f5ad3cd7823cf1f13060e4bccb0b2c36a564d44fe0
"[""atlas/research/cytokine_expansion/pmc_request.json"",""atlas/releases/0.2.0/input_snapshot/research/cytokine_expansion/pmc_request.json""]",ASSET_78a482dec3df2caed903,380,2,structured_curation_or_provenance,json,atlas/research/cytokine_expansion/pmc_request.json,78a482dec3df2caed903ee6cb87e4e3a61b2c29b37a2eda9f78a559834c4f845
"[""atlas/research/mechanisms_activation/build_pack.py"",""atlas/candidates/0.3.0/input_snapshot/research/mechanisms_activation/build_pack.py""]",ASSET_78bf7d3c14b19e612e75,26835,2,code_or_environment_specification,py,atlas/research/mechanisms_activation/build_pack.py,78bf7d3c14b19e612e75bf5665fe09ff782f6866625a58b0616d58940a50e5b9
"[""atlas/releases/0.2.0/prior_parameters.csv""]",ASSET_7a11a84a2edee66c5ff0,304971,1,derived_atlas_table_or_database,csv,atlas/releases/0.2.0/prior_parameters.csv,7a11a84a2edee66c5ff03262e4c51707fe2e01d047ad32c97041bdd5e1371a49
"[""atlas/research/mechanisms_activation/snapshots/MA_S06_web.json"",""atlas/candidates/0.3.0/input_snapshot/research/mechanisms_activation/snapshots/MA_S06_web.json""]",ASSET_7a94e18b956035d0ac2b,300,2,documentary_or_repository_source_snapshot,json,atlas/research/mechanisms_activation/snapshots/MA_S06_web.json,7a94e18b956035d0ac2bf37b07c556e1d7215ed69ed4d233cdebe7354864996d
"[""atlas/README.md"",""atlas/candidates/0.3.0/input_snapshot/README.md""]",ASSET_7adb59c8542cc655d4d8,21448,2,documentation_or_protocol,md,atlas/README.md,7adb59c8542cc655d4d871bbab87d4e3ecbf2f66dc9102531c8c407261cbab42
"[""atlas/research/references/resource_23.html"",""atlas/releases/0.1.0/input_snapshot/research/references/resource_23.html"",""atlas/releases/0.2.0/input_snapshot/research/references/resource_23.html"",""atlas/releases/0.2.0/input_snapshot/releases/0.1.0/input_snapshot/research/references/resource_23.html""]",ASSET_7ae0b9b85f8737c419b0,6612,4,other_artifact,html,atlas/research/references/resource_23.html,7ae0b9b85f8737c419b00282de2ac4106165dca2f48e7ef9ce6284e32b9be0fc
"[""atlas/research/mechanisms_activation/snapshots/MA_S06_full_metadata.json"",""atlas/candidates/0.3.0/input_snapshot/research/mechanisms_activation/snapshots/MA_S06_full_metadata.json""]",ASSET_7b2eb4ca2d4fc287a414,26291,2,documentary_or_repository_source_snapshot,json,atlas/research/mechanisms_activation/snapshots/MA_S06_full_metadata.json,7b2eb4ca2d4fc287a4147be44a803f3f2b1fdad8d0bc5b7c71f31677a7fbc287
"[""atlas/research/cytokine_expansion/notes.md"",""atlas/releases/0.2.0/input_snapshot/research/cytokine_expansion/notes.md""]",ASSET_7b5bdd47c758780f5dd9,5009,2,documentation_or_protocol,md,atlas/research/cytokine_expansion/notes.md,7b5bdd47c758780f5dd9b60aa0c42b8d5daae0fcab7ab8b12850f2e795b7f01e
"[""atlas/research/references/pubmed_entity_CXCL8.json"",""atlas/releases/0.1.0/input_snapshot/research/references/pubmed_entity_CXCL8.json"",""atlas/releases/0.2.0/input_snapshot/research/references/pubmed_entity_CXCL8.json"",""atlas/releases/0.2.0/input_snapshot/releases/0.1.0/input_snapshot/research/references/pubmed_entity_CXCL8.json""]",ASSET_7bfc9c46a8435f2a0606,3160,4,resource_metadata_snapshot,json,atlas/research/references/pubmed_entity_CXCL8.json,7bfc9c46a8435f2a06064a0258fc9803e0f31a03dd9e254a02cb15c5c8fe0b59
"[""atlas/research/mechanisms_antigen/build_pack.py"",""atlas/candidates/0.3.0/input_snapshot/research/mechanisms_antigen/build_pack.py""]",ASSET_7c78d3023f184d132654,40239,2,code_or_environment_specification,py,atlas/research/mechanisms_antigen/build_pack.py,7c78d3023f184d132654a1b2940b2013f2d05d3c53c735bb2fd0e73659d32b09
"[""atlas/research/chemokine_expansion/pack.json"",""atlas/releases/0.2.0/input_snapshot/research/chemokine_expansion/pack.json""]",ASSET_7c93e1ddf84ae4fea6cc,122425,2,curated_evidence_extraction,json,atlas/research/chemokine_expansion/pack.json,7c93e1ddf84ae4fea6cc1fbb347d38282a60cdbeba48b161243c6c2dbb5ca081
"[""atlas/research/chemokine_expansion/snapshots/open1.json"",""atlas/releases/0.2.0/input_snapshot/research/chemokine_expansion/snapshots/open1.json""]",ASSET_7d698aacc66a6779732e,30071,2,documentary_or_repository_source_snapshot,json,atlas/research/chemokine_expansion/snapshots/open1.json,7d698aacc66a6779732ed19f39161b236edfd167dd490c6271f5a1732b10d2d6
"[""atlas/tests/test_review_integrity.py"",""atlas/releases/0.2.0/input_snapshot/tests/test_review_integrity.py""]",ASSET_7ddb55820560ced697f3,17903,2,code_or_environment_specification,py,atlas/tests/test_review_integrity.py,7ddb55820560ced697f3956fbe4245f1a50a102b3148917e428063b8a57fe1e8
"[""atlas/research/references/resource_14.html"",""atlas/releases/0.1.0/input_snapshot/research/references/resource_14.html"",""atlas/releases/0.2.0/input_snapshot/research/references/resource_14.html"",""atlas/releases/0.2.0/input_snapshot/releases/0.1.0/input_snapshot/research/references/resource_14.html""]",ASSET_7e6c4ef019bf27d8cb9a,204430,4,other_artifact,html,atlas/research/references/resource_14.html,7e6c4ef019bf27d8cb9a9629b9c5d42b693e665b7ecab045de42240a2fac559a
"[""atlas/research/references/pubmed_entity_IL15.request.json"",""atlas/releases/0.1.0/input_snapshot/research/references/pubmed_entity_IL15.request.json"",""atlas/releases/0.2.0/input_snapshot/research/references/pubmed_entity_IL15.request.json"",""atlas/releases/0.2.0/input_snapshot/releases/0.1.0/input_snapshot/research/references/pubmed_entity_IL15.request.json""]",ASSET_7f66779ed1099c6cadea,459,4,resource_metadata_snapshot,json,atlas/research/references/pubmed_entity_IL15.request.json,7f66779ed1099c6cadead3c8e629813455384452e5fcbfcf277e2a5a4fdebef8
"[""atlas/research/references/uniprot_IL1B.json"",""atlas/releases/0.1.0/input_snapshot/research/references/uniprot_IL1B.json"",""atlas/releases/0.2.0/input_snapshot/research/references/uniprot_IL1B.json"",""atlas/releases/0.2.0/input_snapshot/releases/0.1.0/input_snapshot/research/references/uniprot_IL1B.json""]",ASSET_80677a941288d75bfa94,213502,4,resource_metadata_snapshot,json,atlas/research/references/uniprot_IL1B.json,80677a941288d75bfa9451844eff7a9ed29b1dc718bf7658ab8d7470ac3a89a4
"[""atlas/research/mechanisms_antigen/snapshots/MP_Kuilman2025_supplement_p8.png"",""atlas/candidates/0.3.0/input_snapshot/research/mechanisms_antigen/snapshots/MP_Kuilman2025_supplement_p8.png""]",ASSET_80b722f685639d91ab27,333807,2,documentary_or_repository_source_snapshot,png,atlas/research/mechanisms_antigen/snapshots/MP_Kuilman2025_supplement_p8.png,80b722f685639d91ab2770b8fd62f2993e5602f27fee34f3376bebf738f903b3
"[""atlas/candidates/0.3.0/candidate_entities.csv""]",ASSET_80e22b06655319f31807,18192,1,derived_atlas_table_or_database,csv,atlas/candidates/0.3.0/candidate_entities.csv,80e22b06655319f3180722c2edf15197b87aa1ac74a1006f15bcdd6efd5ecaed
"[""atlas/research/genomic/review_response.json"",""atlas/releases/0.1.0/input_snapshot/research/genomic/review_response.json"",""atlas/releases/0.2.0/input_snapshot/research/genomic/review_response.json"",""atlas/releases/0.2.0/input_snapshot/releases/0.1.0/input_snapshot/research/genomic/review_response.json""]",ASSET_81926babb2c47084c75b,1244,4,structured_curation_or_provenance,json,atlas/research/genomic/review_response.json,81926babb2c47084c75b09b011a79ba76f5528ca93e0797fafb0d45678cb5ea7
"[""atlas/research/mechanisms_antigen/pack.json"",""atlas/candidates/0.3.0/input_snapshot/research/mechanisms_antigen/pack.json""]",ASSET_81e4acf11a815fc13cd6,119914,2,curated_evidence_extraction,json,atlas/research/mechanisms_antigen/pack.json,81e4acf11a815fc13cd68c70c0a71cdb8824f6988e880a50e6f65abac9f20618
"[""atlas/research/references/uniprot_IFNG.response.json"",""atlas/releases/0.1.0/input_snapshot/research/references/uniprot_IFNG.response.json"",""atlas/releases/0.2.0/input_snapshot/research/references/uniprot_IFNG.response.json"",""atlas/releases/0.2.0/input_snapshot/releases/0.1.0/input_snapshot/research/references/uniprot_IFNG.response.json""]",ASSET_826d5c1b147be010ad9b,982,4,resource_metadata_snapshot,json,atlas/research/references/uniprot_IFNG.response.json,826d5c1b147be010ad9b06cdd3f638548f05350b5c3ebc01c1772b1aa51202ff
"[""atlas/protocol/README.original.md"",""atlas/releases/0.1.0/input_snapshot/protocol/README.original.md"",""atlas/releases/0.2.0/input_snapshot/protocol/README.original.md"",""atlas/releases/0.2.0/input_snapshot/releases/0.1.0/input_snapshot/protocol/README.original.md""]",ASSET_830499875f22f23c10cd,20020,4,documentation_or_protocol,md,atlas/protocol/README.original.md,830499875f22f23c10cd4bcb3c3f389797a62f339fb2eda3995b5ef44e4a3edf
"[""atlas/research/mechanisms_antigen/snapshots/MP_He2025.txt"",""atlas/candidates/0.3.0/input_snapshot/research/mechanisms_antigen/snapshots/MP_He2025.txt""]",ASSET_834a66a8301fd84d67ce,114992,2,documentary_or_repository_source_snapshot,txt,atlas/research/mechanisms_antigen/snapshots/MP_He2025.txt,834a66a8301fd84d67ced862b4e1aef186e3d02e7a80b9179250f8598212d907
"[""atlas/research/references/uniprot_LTA.response.json"",""atlas/releases/0.1.0/input_snapshot/research/references/uniprot_LTA.response.json"",""atlas/releases/0.2.0/input_snapshot/research/references/uniprot_LTA.response.json"",""atlas/releases/0.2.0/input_snapshot/releases/0.1.0/input_snapshot/research/references/uniprot_LTA.response.json""]",ASSET_836c50cfeb559a779bba,981,4,resource_metadata_snapshot,json,atlas/research/references/uniprot_LTA.response.json,836c50cfeb559a779bba5092cb3b207013cfeb10a4c755ee2559065900dcfe61
"[""atlas/research/cytokine/snapshots/search3.json"",""atlas/releases/0.1.0/input_snapshot/research/cytokine/snapshots/search3.json"",""atlas/releases/0.2.0/input_snapshot/research/cytokine/snapshots/search3.json"",""atlas/releases/0.2.0/input_snapshot/releases/0.1.0/input_snapshot/research/cytokine/snapshots/search3.json""]",ASSET_83f76e61110794713fad,29024,4,documentary_or_repository_source_snapshot,json,atlas/research/cytokine/snapshots/search3.json,83f76e61110794713fad05a4147e8c9c4830914b386dddf87388843e758f3aa1
"[""atlas/research/genomic/snapshots/G02_fulltext.txt"",""atlas/releases/0.1.0/input_snapshot/research/genomic/snapshots/G02_fulltext.txt"",""atlas/releases/0.2.0/input_snapshot/research/genomic/snapshots/G02_fulltext.txt"",""atlas/releases/0.2.0/input_snapshot/releases/0.1.0/input_snapshot/research/genomic/snapshots/G02_fulltext.txt""]",ASSET_8475690c1c795fff7c98,90940,4,documentary_or_repository_source_snapshot,txt,atlas/research/genomic/snapshots/G02_fulltext.txt,8475690c1c795fff7c9880e69a02fad1118593f5959f702e44350d7c9f66be09
"[""atlas/research/genomic/snapshots/G04_open.txt"",""atlas/releases/0.1.0/input_snapshot/research/genomic/snapshots/G04_open.txt"",""atlas/releases/0.2.0/input_snapshot/research/genomic/snapshots/G04_open.txt"",""atlas/releases/0.2.0/input_snapshot/releases/0.1.0/input_snapshot/research/genomic/snapshots/G04_open.txt""]",ASSET_84fefacb0d631b7da4bf,30019,4,documentary_or_repository_source_snapshot,txt,atlas/research/genomic/snapshots/G04_open.txt,84fefacb0d631b7da4bfb4b82f8e6d2af37a1b0d76c12da931031bb95c14aa1e
"[""atlas/research/receptor_expansion/run.json"",""atlas/releases/0.2.0/input_snapshot/research/receptor_expansion/run.json""]",ASSET_851f4865b3b43339a909,967,2,structured_curation_or_provenance,json,atlas/research/receptor_expansion/run.json,851f4865b3b43339a90952eaaf0bcfc1828c8bc1a1ef2e6d9c59f205efff85d3
"[""atlas/releases/0.1.0/contexts.csv"",""atlas/releases/0.2.0/input_snapshot/releases/0.1.0/contexts.csv""]",ASSET_85d198dbd8bf47726687,19894,2,derived_atlas_table_or_database,csv,atlas/releases/0.1.0/contexts.csv,85d198dbd8bf47726687e6391ee47822fbc195631bc36b392c11c1c5ffe2878e
"[""atlas/research/cytokine_expansion/snapshots/PMC2673366_selected.txt"",""atlas/releases/0.2.0/input_snapshot/research/cytokine_expansion/snapshots/PMC2673366_selected.txt""]",ASSET_8743d685793f380d13a8,5448,2,documentary_or_repository_source_snapshot,txt,atlas/research/cytokine_expansion/snapshots/PMC2673366_selected.txt,8743d685793f380d13a8188302d3c0e81fd2958dfb3bfad5d058a9c3d0b8536b
"[""atlas/research/mechanisms_activation/snapshots/MA_S07_full_metadata.json"",""atlas/candidates/0.3.0/input_snapshot/research/mechanisms_activation/snapshots/MA_S07_full_metadata.json""]",ASSET_875bbec16b4d330718e2,1131,2,documentary_or_repository_source_snapshot,json,atlas/research/mechanisms_activation/snapshots/MA_S07_full_metadata.json,875bbec16b4d330718e23a9437b5d16b609de9c5b6fb352646cfc2f341065494
"[""atlas/research/genomic/snapshots/G05_fulltext.txt"",""atlas/releases/0.1.0/input_snapshot/research/genomic/snapshots/G05_fulltext.txt"",""atlas/releases/0.2.0/input_snapshot/research/genomic/snapshots/G05_fulltext.txt"",""atlas/releases/0.2.0/input_snapshot/releases/0.1.0/input_snapshot/research/genomic/snapshots/G05_fulltext.txt""]",ASSET_87a2bc34e00150f79458,184104,4,documentary_or_repository_source_snapshot,txt,atlas/research/genomic/snapshots/G05_fulltext.txt,87a2bc34e00150f79458f23efe25c280aecd496b31acc29f9b7624b0dce39da1
"[""atlas/research/references/uniprot_CXCL8.response.json"",""atlas/releases/0.1.0/input_snapshot/research/references/uniprot_CXCL8.response.json"",""atlas/releases/0.2.0/input_snapshot/research/references/uniprot_CXCL8.response.json"",""atlas/releases/0.2.0/input_snapshot/releases/0.1.0/input_snapshot/research/references/uniprot_CXCL8.response.json""]",ASSET_87ff344a4a29d838682b,1071,4,resource_metadata_snapshot,json,atlas/research/references/uniprot_CXCL8.response.json,87ff344a4a29d838682bf9d01dfbe29f6ee3c2344e07cb0c5f7499b7d8f829d4
"[""atlas/research/references/pubmed_entity_CSF2.response.json"",""atlas/releases/0.1.0/input_snapshot/research/references/pubmed_entity_CSF2.response.json"",""atlas/releases/0.2.0/input_snapshot/research/references/pubmed_entity_CSF2.response.json"",""atlas/releases/0.2.0/input_snapshot/releases/0.1.0/input_snapshot/research/references/pubmed_entity_CSF2.response.json""]",ASSET_884c211cd551396b0c5e,428,4,resource_metadata_snapshot,json,atlas/research/references/pubmed_entity_CSF2.response.json,884c211cd551396b0c5ea39fdbba721bac6f162fe0f9bf745ddd263b8bace4b8
"[""atlas/research/references/uniprot_CCL26.request.json"",""atlas/releases/0.1.0/input_snapshot/research/references/uniprot_CCL26.request.json"",""atlas/releases/0.2.0/input_snapshot/research/references/uniprot_CCL26.request.json"",""atlas/releases/0.2.0/input_snapshot/releases/0.1.0/input_snapshot/research/references/uniprot_CCL26.request.json""]",ASSET_8884a1bc79460a25b97d,340,4,resource_metadata_snapshot,json,atlas/research/references/uniprot_CCL26.request.json,8884a1bc79460a25b97d90cd7a1383c4c809fb788a9843e929170e23ce91e9fb
"[""atlas/research/receptor_expansion/snapshots/xre_extract5.json"",""atlas/releases/0.2.0/input_snapshot/research/receptor_expansion/snapshots/xre_extract5.json""]",ASSET_8894dfbd1d0618f6c63d,29194,2,documentary_or_repository_source_snapshot,json,atlas/research/receptor_expansion/snapshots/xre_extract5.json,8894dfbd1d0618f6c63dce3707bcb0fea37886551837d37828bbf7d65c018b4d
"[""atlas/research/cytokine_expansion/snapshots/PMC3656131_selected.txt"",""atlas/releases/0.2.0/input_snapshot/research/cytokine_expansion/snapshots/PMC3656131_selected.txt""]",ASSET_88996d97ce409e8181e3,4307,2,documentary_or_repository_source_snapshot,txt,atlas/research/cytokine_expansion/snapshots/PMC3656131_selected.txt,88996d97ce409e8181e32b8ec75f5ead269caabcd2e79452769a95ca1710a9c5
"[""atlas/research/genomic/pack.json"",""atlas/releases/0.1.0/input_snapshot/research/genomic/pack.json"",""atlas/releases/0.2.0/input_snapshot/research/genomic/pack.json"",""atlas/releases/0.2.0/input_snapshot/releases/0.1.0/input_snapshot/research/genomic/pack.json""]",ASSET_8a1002c03070bb3ba895,94092,4,curated_evidence_extraction,json,atlas/research/genomic/pack.json,8a1002c03070bb3ba89561f3092056cef2b16eacbc77590c12a5689c396238b6
"[""atlas/releases/0.1.0/proteomic_observations.csv"",""atlas/releases/0.2.0/input_snapshot/releases/0.1.0/proteomic_observations.csv""]",ASSET_8a14d4a728f8997fedee,11575,2,derived_atlas_table_or_database,csv,atlas/releases/0.1.0/proteomic_observations.csv,8a14d4a728f8997fedee01ff26660332c6e58b2b0f450a254e9dad04b55d75f4
"[""atlas/research/references/resource_19.html"",""atlas/releases/0.1.0/input_snapshot/research/references/resource_19.html"",""atlas/releases/0.2.0/input_snapshot/research/references/resource_19.html"",""atlas/releases/0.2.0/input_snapshot/releases/0.1.0/input_snapshot/research/references/resource_19.html""]",ASSET_8a3ba035dc6cda9acafe,34083,4,other_artifact,html,atlas/research/references/resource_19.html,8a3ba035dc6cda9acafe552c2af2b0571221def0601a5a387a22d207b567c850
"[""atlas/research/implementation_review_additional_sources_0.2.json"",""atlas/releases/0.2.0/input_snapshot/research/implementation_review_additional_sources_0.2.json""]",ASSET_8a4777b86681f90d5ff1,4728,2,structured_curation_or_provenance,json,atlas/research/implementation_review_additional_sources_0.2.json,8a4777b86681f90d5ff149e58289e70b05bd38872613bd35589d483c1f7d8221
"[""atlas/research/references/pubmed_entity_CXCL8.request.json"",""atlas/releases/0.1.0/input_snapshot/research/references/pubmed_entity_CXCL8.request.json"",""atlas/releases/0.2.0/input_snapshot/research/references/pubmed_entity_CXCL8.request.json"",""atlas/releases/0.2.0/input_snapshot/releases/0.1.0/input_snapshot/research/references/pubmed_entity_CXCL8.request.json""]",ASSET_8ad15e8615a099bacba6,461,4,resource_metadata_snapshot,json,atlas/research/references/pubmed_entity_CXCL8.request.json,8ad15e8615a099bacba68a8f87ec50da79582cc24283131c45dc7fc36f89a211
"[""atlas/research/references/resource_20.html"",""atlas/releases/0.1.0/input_snapshot/research/references/resource_20.html"",""atlas/releases/0.2.0/input_snapshot/research/references/resource_20.html"",""atlas/releases/0.2.0/input_snapshot/releases/0.1.0/input_snapshot/research/references/resource_20.html""]",ASSET_8ad515e1f6d2f397eb90,7474,4,other_artifact,html,atlas/research/references/resource_20.html,8ad515e1f6d2f397eb905a8c1566494aaaa3e19f7e692c683d3f6648b8645f77
"[""atlas/research/references/pubmed_entity_CSF2.json"",""atlas/releases/0.1.0/input_snapshot/research/references/pubmed_entity_CSF2.json"",""atlas/releases/0.2.0/input_snapshot/research/references/pubmed_entity_CSF2.json"",""atlas/releases/0.2.0/input_snapshot/releases/0.1.0/input_snapshot/research/references/pubmed_entity_CSF2.json""]",ASSET_8b05b85ecdf4de960581,3158,4,resource_metadata_snapshot,json,atlas/research/references/pubmed_entity_CSF2.json,8b05b85ecdf4de9605810f5d2b4aebbea6f45ac32614d1165cd49287e69b98db
"[""atlas/research/receptor_expansion/snapshots/root_search2.json"",""atlas/releases/0.2.0/input_snapshot/research/receptor_expansion/snapshots/root_search2.json""]",ASSET_8b38c9ef884727b58502,29692,2,documentary_or_repository_source_snapshot,json,atlas/research/receptor_expansion/snapshots/root_search2.json,8b38c9ef884727b58502763330f3d131cc3dcf3e9bdf7f48d1fbbee50dcedc76
"[""atlas/releases/0.1.0/provenance_manifest.json"",""atlas/releases/0.2.0/input_snapshot/releases/0.1.0/provenance_manifest.json""]",ASSET_8b3d1cb2dba1a40d9542,143591,2,structured_curation_or_provenance,json,atlas/releases/0.1.0/provenance_manifest.json,8b3d1cb2dba1a40d95421e08a1cc6eec3687d45fd3cb47860494a1831c5ed398
"[""atlas/releases/0.1.0/transcriptional_programs.csv"",""atlas/releases/0.2.0/transcriptional_programs.csv"",""atlas/releases/0.2.0/input_snapshot/releases/0.1.0/transcriptional_programs.csv""]",ASSET_8b52eccfbadaf0379912,66,3,derived_atlas_table_or_database,csv,atlas/releases/0.1.0/transcriptional_programs.csv,8b52eccfbadaf0379912257ceb9713c4a55541446e3a4b064e0782795230ee26
"[""atlas/releases/0.1.0/qc.json"",""atlas/releases/0.2.0/input_snapshot/releases/0.1.0/qc.json""]",ASSET_8bf2645860ccda3373a6,1656,2,structured_curation_or_provenance,json,atlas/releases/0.1.0/qc.json,8bf2645860ccda3373a6440f2ebb99de1346ca8105a9878ad7001ed924ad3956
"[""atlas/research/cytokine/snapshots/metadata.json"",""atlas/releases/0.1.0/input_snapshot/research/cytokine/snapshots/metadata.json"",""atlas/releases/0.2.0/input_snapshot/research/cytokine/snapshots/metadata.json"",""atlas/releases/0.2.0/input_snapshot/releases/0.1.0/input_snapshot/research/cytokine/snapshots/metadata.json""]",ASSET_8c42a52e3d6a95926fdf,29948,4,documentary_or_repository_source_snapshot,json,atlas/research/cytokine/snapshots/metadata.json,8c42a52e3d6a95926fdfc894095e161dd2e23d0480a9b76e621f391fae88c988
"[""atlas/research/references/pubmed_entity_IL15.response.json"",""atlas/releases/0.1.0/input_snapshot/research/references/pubmed_entity_IL15.response.json"",""atlas/releases/0.2.0/input_snapshot/research/references/pubmed_entity_IL15.response.json"",""atlas/releases/0.2.0/input_snapshot/releases/0.1.0/input_snapshot/research/references/pubmed_entity_IL15.response.json""]",ASSET_8cbd85dad510fc02492a,428,4,resource_metadata_snapshot,json,atlas/research/references/pubmed_entity_IL15.response.json,8cbd85dad510fc02492a82b6592ab5a3b66f259ff46ebed08c1006cdc5876935
"[""atlas/research/cytokine/snapshots/open6.json"",""atlas/releases/0.1.0/input_snapshot/research/cytokine/snapshots/open6.json"",""atlas/releases/0.2.0/input_snapshot/research/cytokine/snapshots/open6.json"",""atlas/releases/0.2.0/input_snapshot/releases/0.1.0/input_snapshot/research/cytokine/snapshots/open6.json""]",ASSET_8d198a3c0e20035dc2ee,26767,4,documentary_or_repository_source_snapshot,json,atlas/research/cytokine/snapshots/open6.json,8d198a3c0e20035dc2ee4945dc7d7e9b581c7f54264b674b9f13620187e8706f
"[""atlas/research/fulltext_followup/chrome_NK_DC_passages.json"",""atlas/releases/0.2.0/input_snapshot/research/fulltext_followup/chrome_NK_DC_passages.json""]",ASSET_8d49f2cff939f486ed20,3644,2,structured_curation_or_provenance,json,atlas/research/fulltext_followup/chrome_NK_DC_passages.json,8d49f2cff939f486ed2007014c6af5498c6a1c3bc7ccf671ca8fab16f7f95f10
"[""atlas/research/mechanisms_activation/snapshots/MA_S06_repository.failed.html"",""atlas/candidates/0.3.0/input_snapshot/research/mechanisms_activation/snapshots/MA_S06_repository.failed.html""]",ASSET_8d5c49893e197e978a18,3058,2,documentary_or_repository_source_snapshot,html,atlas/research/mechanisms_activation/snapshots/MA_S06_repository.failed.html,8d5c49893e197e978a18c122f0487cddee54a2033963f2f9ff6ed300a087d517
"[""atlas/research/fulltext_followup/XCH_S008_Loetscher1996_selected_primary.json"",""atlas/releases/0.2.0/input_snapshot/research/fulltext_followup/XCH_S008_Loetscher1996_selected_primary.json""]",ASSET_8e2348c3968eb66097d9,16585,2,structured_curation_or_provenance,json,atlas/research/fulltext_followup/XCH_S008_Loetscher1996_selected_primary.json,8e2348c3968eb66097d95214eb45d8fdc4946b2f21b3a4a9449b7f97afe8976f
"[""atlas/research/mechanisms_activation/snapshots/MA_S06_fig4_full.txt"",""atlas/candidates/0.3.0/input_snapshot/research/mechanisms_activation/snapshots/MA_S06_fig4_full.txt""]",ASSET_8e8d9a9d3ce2b8729e34,5269,2,documentary_or_repository_source_snapshot,txt,atlas/research/mechanisms_activation/snapshots/MA_S06_fig4_full.txt,8e8d9a9d3ce2b8729e34a530254ddba751ba7bd6e2610f410de59216bf305849
"[""atlas/research/cytokine/notes.md"",""atlas/releases/0.1.0/input_snapshot/research/cytokine/notes.md"",""atlas/releases/0.2.0/input_snapshot/research/cytokine/notes.md"",""atlas/releases/0.2.0/input_snapshot/releases/0.1.0/input_snapshot/research/cytokine/notes.md""]",ASSET_8eef313a70e10ad7f9ae,7100,4,documentation_or_protocol,md,atlas/research/cytokine/notes.md,8eef313a70e10ad7f9ae90e673b1824cc5b51018dae7689273205055bd36f90c
"[""atlas/research/references/pubmed_entity_VEGFA.json"",""atlas/releases/0.1.0/input_snapshot/research/references/pubmed_entity_VEGFA.json"",""atlas/releases/0.2.0/input_snapshot/research/references/pubmed_entity_VEGFA.json"",""atlas/releases/0.2.0/input_snapshot/releases/0.1.0/input_snapshot/research/references/pubmed_entity_VEGFA.json""]",ASSET_8f70bb43c84fc4111aa3,3160,4,resource_metadata_snapshot,json,atlas/research/references/pubmed_entity_VEGFA.json,8f70bb43c84fc4111aa3c4788aa24fdd93daacfcfebd780a717c0dce02a41345
"[""atlas/provenance/security_scan_exceptions.json"",""atlas/releases/0.2.0/input_snapshot/provenance/security_scan_exceptions.json""]",ASSET_904ddb34c022701c3181,842,2,structured_curation_or_provenance,json,atlas/provenance/security_scan_exceptions.json,904ddb34c022701c31810dd0a2875209e9c35de2fb05b0493a57923a99841bf0
"[""atlas/releases/0.1.0/edge_assertions.csv"",""atlas/releases/0.2.0/input_snapshot/releases/0.1.0/edge_assertions.csv""]",ASSET_904f930b1ce717fe3970,13049,2,derived_atlas_table_or_database,csv,atlas/releases/0.1.0/edge_assertions.csv,904f930b1ce717fe39706ba983a95381e4dffd95af90fb1768e926a971496bb2
"[""atlas/releases/0.2.0/assay_coverage.csv""]",ASSET_905b729f6cac6880ebc7,3382,1,derived_atlas_table_or_database,csv,atlas/releases/0.2.0/assay_coverage.csv,905b729f6cac6880ebc7c4a3d87fa720acb65f292b7094438528ca337274d67c
"[""atlas/research/genomic/snapshots/G07_fulltext.html"",""atlas/releases/0.1.0/input_snapshot/research/genomic/snapshots/G07_fulltext.html"",""atlas/releases/0.2.0/input_snapshot/research/genomic/snapshots/G07_fulltext.html"",""atlas/releases/0.2.0/input_snapshot/releases/0.1.0/input_snapshot/research/genomic/snapshots/G07_fulltext.html""]",ASSET_90dec76f49467727354b,259495,4,documentary_or_repository_source_snapshot,html,atlas/research/genomic/snapshots/G07_fulltext.html,90dec76f49467727354b9ec9f7e3a1689c75a4879fe92702917f4458ffed15b5
"[""atlas/research/references/uniprot_CCL17.json"",""atlas/releases/0.1.0/input_snapshot/research/references/uniprot_CCL17.json"",""atlas/releases/0.2.0/input_snapshot/research/references/uniprot_CCL17.json"",""atlas/releases/0.2.0/input_snapshot/releases/0.1.0/input_snapshot/research/references/uniprot_CCL17.json""]",ASSET_91be4ae1029f2f7fda07,62542,4,resource_metadata_snapshot,json,atlas/research/references/uniprot_CCL17.json,91be4ae1029f2f7fda075cd3d71ec7d8c3ccd7e6e9ae67a8008458b91571305e
"[""atlas/research/references/pubmed_entity_IL1A.request.json"",""atlas/releases/0.1.0/input_snapshot/research/references/pubmed_entity_IL1A.request.json"",""atlas/releases/0.2.0/input_snapshot/research/references/pubmed_entity_IL1A.request.json"",""atlas/releases/0.2.0/input_snapshot/releases/0.1.0/input_snapshot/research/references/pubmed_entity_IL1A.request.json""]",ASSET_92250c2274f3adc99f33,459,4,resource_metadata_snapshot,json,atlas/research/references/pubmed_entity_IL1A.request.json,92250c2274f3adc99f33c9d17590e582c7cad889843a0fc9a7abfd42febb2279
"[""atlas/provenance/session.json"",""atlas/releases/0.1.0/input_snapshot/provenance/session.json"",""atlas/releases/0.2.0/input_snapshot/provenance/session.json"",""atlas/releases/0.2.0/input_snapshot/releases/0.1.0/input_snapshot/provenance/session.json""]",ASSET_9227a911d9b97884cba2,730,4,structured_curation_or_provenance,json,atlas/provenance/session.json,9227a911d9b97884cba2f1860e2da6227399646c8129716faed97de27aa8c946
"[""atlas/releases/0.2.0/cells.csv""]",ASSET_9259e045e54b99e079e2,4540,1,derived_atlas_table_or_database,csv,atlas/releases/0.2.0/cells.csv,9259e045e54b99e079e22c681be54f05f1ac53d518d2a47f61da2a58e9f27b0a
"[""atlas/releases/0.2.0/protein_modifications.csv""]",ASSET_92694222cd0594576cd5,934,1,derived_atlas_table_or_database,csv,atlas/releases/0.2.0/protein_modifications.csv,92694222cd0594576cd54a1de6356bc48ca3b4eaf655354f12f7ce4155c2deb1
"[""atlas/research/mechanisms_activation/snapshots/MA_S06_fig3_full.html"",""atlas/candidates/0.3.0/input_snapshot/research/mechanisms_activation/snapshots/MA_S06_fig3_full.html""]",ASSET_926cfd766f38fb588ae1,177990,2,documentary_or_repository_source_snapshot,html,atlas/research/mechanisms_activation/snapshots/MA_S06_fig3_full.html,926cfd766f38fb588ae1fa7e00f071d47011f6fcdf882fb62638f3d80926db89
"[""atlas/research/cytokine/snapshots/PMC12776526.txt"",""atlas/releases/0.1.0/input_snapshot/research/cytokine/snapshots/PMC12776526.txt"",""atlas/releases/0.2.0/input_snapshot/research/cytokine/snapshots/PMC12776526.txt"",""atlas/releases/0.2.0/input_snapshot/releases/0.1.0/input_snapshot/research/cytokine/snapshots/PMC12776526.txt""]",ASSET_9361c53a21f54affb3fe,82490,4,documentary_or_repository_source_snapshot,txt,atlas/research/cytokine/snapshots/PMC12776526.txt,9361c53a21f54affb3fe0450a44cfb1f398c615f707f21300b6076e389098d0e
"[""atlas/releases/0.2.0/release_changes.csv""]",ASSET_93aeba07ca9c02a8363a,639925,1,derived_atlas_table_or_database,csv,atlas/releases/0.2.0/release_changes.csv,93aeba07ca9c02a8363a42a9ab1e4c4aad94b705e58be380fd106c7325ac6b8e
"[""atlas/releases/0.2.0/protocol_instruction_manifest.json""]",ASSET_93bfd4b6e4bb5e3b59b2,2695,1,structured_curation_or_provenance,json,atlas/releases/0.2.0/protocol_instruction_manifest.json,93bfd4b6e4bb5e3b59b2d032ed0434e1e14c8fa205eb660168deb67ee00312d4
"[""atlas/research/mechanisms_activation/snapshots/MA_S03_full.html"",""atlas/candidates/0.3.0/input_snapshot/research/mechanisms_activation/snapshots/MA_S03_full.html""]",ASSET_93d58492599cf783a253,270951,2,documentary_or_repository_source_snapshot,html,atlas/research/mechanisms_activation/snapshots/MA_S03_full.html,93d58492599cf783a253d0d3dd49094e1d2bcc146c43b61d96f817568d952276
"[""atlas/research/references/uniprot_VEGFA.request.json"",""atlas/releases/0.1.0/input_snapshot/research/references/uniprot_VEGFA.request.json"",""atlas/releases/0.2.0/input_snapshot/research/references/uniprot_VEGFA.request.json"",""atlas/releases/0.2.0/input_snapshot/releases/0.1.0/input_snapshot/research/references/uniprot_VEGFA.request.json""]",ASSET_94186762428301e000a5,340,4,resource_metadata_snapshot,json,atlas/research/references/uniprot_VEGFA.request.json,94186762428301e000a558c71c029d852c6c2428e63faa39bd73904b20f16cda
"[""atlas/releases/0.1.0/input_snapshot/README.md"",""atlas/releases/0.2.0/input_snapshot/releases/0.1.0/input_snapshot/README.md""]",ASSET_942a9151ed094446ecc9,20789,2,documentation_or_protocol,md,atlas/releases/0.1.0/input_snapshot/README.md,942a9151ed094446ecc918381d713ead4569e6b5c0b84445c4ae6e675a21efe4
"[""atlas/research/mechanisms_activation/snapshots/MA_S06_full.failed.html"",""atlas/candidates/0.3.0/input_snapshot/research/mechanisms_activation/snapshots/MA_S06_full.failed.html""]",ASSET_9448f8a1159c9b14e3e1,236,2,documentary_or_repository_source_snapshot,html,atlas/research/mechanisms_activation/snapshots/MA_S06_full.failed.html,9448f8a1159c9b14e3e1b9d8eab1a6ddf88d26e1f888a34cef430c756e4e6e1e
"[""atlas/releases/0.2.0/genetic_associations.csv""]",ASSET_9467ac349f61808b5324,3191,1,derived_atlas_table_or_database,csv,atlas/releases/0.2.0/genetic_associations.csv,9467ac349f61808b5324bb19bd791fb31aea1d217726a97d97c7b89fc07bc225
"[""atlas/research/references/pubmed_entity_IL4.response.json"",""atlas/releases/0.1.0/input_snapshot/research/references/pubmed_entity_IL4.response.json"",""atlas/releases/0.2.0/input_snapshot/research/references/pubmed_entity_IL4.response.json"",""atlas/releases/0.2.0/input_snapshot/releases/0.1.0/input_snapshot/research/references/pubmed_entity_IL4.response.json""]",ASSET_961907198211f5b95ea4,427,4,resource_metadata_snapshot,json,atlas/research/references/pubmed_entity_IL4.response.json,961907198211f5b95ea493c38f9d8d6e562bedd0f07f69b11ee9fd5339e8bee7
"[""atlas/research/proteomic/pack.json"",""atlas/releases/0.1.0/input_snapshot/research/proteomic/pack.json"",""atlas/releases/0.2.0/input_snapshot/research/proteomic/pack.json"",""atlas/releases/0.2.0/input_snapshot/releases/0.1.0/input_snapshot/research/proteomic/pack.json""]",ASSET_965f21a12afbf5f44671,72597,4,curated_evidence_extraction,json,atlas/research/proteomic/pack.json,965f21a12afbf5f4467148bd3c5c43faf483e29fc21d745af449e4b2bcac7937
"[""atlas/research/references/uniprot_CCL11.response.json"",""atlas/releases/0.1.0/input_snapshot/research/references/uniprot_CCL11.response.json"",""atlas/releases/0.2.0/input_snapshot/research/references/uniprot_CCL11.response.json"",""atlas/releases/0.2.0/input_snapshot/releases/0.1.0/input_snapshot/research/references/uniprot_CCL11.response.json""]",ASSET_968e7a3e9615509a993b,994,4,resource_metadata_snapshot,json,atlas/research/references/uniprot_CCL11.response.json,968e7a3e9615509a993ba5140566a0210d83ed26338f663774f1c78842852b31
"[""atlas/research/references/pubmed_C.json"",""atlas/releases/0.1.0/input_snapshot/research/references/pubmed_C.json"",""atlas/releases/0.2.0/input_snapshot/research/references/pubmed_C.json"",""atlas/releases/0.2.0/input_snapshot/releases/0.1.0/input_snapshot/research/references/pubmed_C.json""]",ASSET_96d1b0810aba31ce6826,3831,4,resource_metadata_snapshot,json,atlas/research/references/pubmed_C.json,96d1b0810aba31ce6826c1ae206605ac304f52ea4ede08bd045b36392c520948
"[""atlas/releases/0.1.0/input_snapshot/scripts/kb.py"",""atlas/releases/0.2.0/input_snapshot/releases/0.1.0/input_snapshot/scripts/kb.py""]",ASSET_977b5d439913980c7e9b,46206,2,code_or_environment_specification,py,atlas/releases/0.1.0/input_snapshot/scripts/kb.py,977b5d439913980c7e9b30d8b59c9788f7bebc3a1021482dcfaa52b530698e9a
"[""atlas/research/references/uniprot_CXCL10.json"",""atlas/releases/0.1.0/input_snapshot/research/references/uniprot_CXCL10.json"",""atlas/releases/0.2.0/input_snapshot/research/references/uniprot_CXCL10.json"",""atlas/releases/0.2.0/input_snapshot/releases/0.1.0/input_snapshot/research/references/uniprot_CXCL10.json""]",ASSET_981ca215a3471f7b987e,86398,4,resource_metadata_snapshot,json,atlas/research/references/uniprot_CXCL10.json,981ca215a3471f7b987ef9ed2e5368f93434400d791a379a9c23c82fd06d3aec
"[""atlas/research/mechanisms_activation/snapshots/MA_S04_full.html"",""atlas/candidates/0.3.0/input_snapshot/research/mechanisms_activation/snapshots/MA_S04_full.html""]",ASSET_98249d5b017bfaa00043,1094332,2,documentary_or_repository_source_snapshot,html,atlas/research/mechanisms_activation/snapshots/MA_S04_full.html,98249d5b017bfaa00043f5c3f24e488b2fda03072f736187c12466ad860adb1c
"[""atlas/research/genomic/snapshots/Gsearch7_retrieval.txt"",""atlas/releases/0.1.0/input_snapshot/research/genomic/snapshots/Gsearch7_retrieval.txt"",""atlas/releases/0.2.0/input_snapshot/research/genomic/snapshots/Gsearch7_retrieval.txt"",""atlas/releases/0.2.0/input_snapshot/releases/0.1.0/input_snapshot/research/genomic/snapshots/Gsearch7_retrieval.txt""]",ASSET_986dcf30bd9d69454cd2,35689,4,documentary_or_repository_source_snapshot,txt,atlas/research/genomic/snapshots/Gsearch7_retrieval.txt,986dcf30bd9d69454cd2cb80d7cca67ce6b3374c5ec4aba4c6009db6a02a4126
"[""atlas/research/chemokine_expansion/snapshots/Viney2014_chrome.txt"",""atlas/releases/0.2.0/input_snapshot/research/chemokine_expansion/snapshots/Viney2014_chrome.txt""]",ASSET_98a580bc653e9a6d9aca,7199,2,documentary_or_repository_source_snapshot,txt,atlas/research/chemokine_expansion/snapshots/Viney2014_chrome.txt,98a580bc653e9a6d9acac0b081287f7389b81732f331e7118620965fc550a101
"[""atlas/candidates/0.3.0/candidate_screening.csv""]",ASSET_98b4372345599af275f1,80315,1,derived_atlas_table_or_database,csv,atlas/candidates/0.3.0/candidate_screening.csv,98b4372345599af275f12c1b5c768e7e35975d93651e7ccfac5df5845a0cb3a8
"[""atlas/research/mechanisms_activation/snapshots/MA_S06_methods.txt"",""atlas/candidates/0.3.0/input_snapshot/research/mechanisms_activation/snapshots/MA_S06_methods.txt""]",ASSET_99171892e66cba7aa174,11416,2,documentary_or_repository_source_snapshot,txt,atlas/research/mechanisms_activation/snapshots/MA_S06_methods.txt,99171892e66cba7aa17496cd7663393e32942c256003c15fe8126c067a377c3e
"[""atlas/scripts/kb.py""]",ASSET_992a05c750f78e7a8c37,59695,1,code_or_environment_specification,py,atlas/scripts/kb.py,992a05c750f78e7a8c370bd12a68a8065c71d7b37dbf5c1723167d617008bfbd
"[""atlas/research/receptor_expansion/screening.json"",""atlas/releases/0.2.0/input_snapshot/research/receptor_expansion/screening.json""]",ASSET_995cb1955e52dae17185,60639,2,structured_curation_or_provenance,json,atlas/research/receptor_expansion/screening.json,995cb1955e52dae1718514afa0808e520010282ef26a128eec6cc14b6d670378
"[""atlas/research/genomic/snapshots/G05_open.txt"",""atlas/releases/0.1.0/input_snapshot/research/genomic/snapshots/G05_open.txt"",""atlas/releases/0.2.0/input_snapshot/research/genomic/snapshots/G05_open.txt"",""atlas/releases/0.2.0/input_snapshot/releases/0.1.0/input_snapshot/research/genomic/snapshots/G05_open.txt""]",ASSET_99c0394656e6b5bf9251,442,4,documentary_or_repository_source_snapshot,txt,atlas/research/genomic/snapshots/G05_open.txt,99c0394656e6b5bf925160701b2bc1da21310874bf86bdf7512f5402e0b8357a
"[""atlas/candidates/0.3.0/candidate_bridges.csv""]",ASSET_9a3e746383dddba87788,243995,1,derived_atlas_table_or_database,csv,atlas/candidates/0.3.0/candidate_bridges.csv,9a3e746383dddba87788bfca39e3eb3537a9f2a7a9d5eefbdf119c92ac5d7b0c
"[""atlas/research/mechanisms_activation/snapshots/MA_S07_full.html"",""atlas/candidates/0.3.0/input_snapshot/research/mechanisms_activation/snapshots/MA_S07_full.html""]",ASSET_9a4fafb02aae934b0eec,219712,2,documentary_or_repository_source_snapshot,html,atlas/research/mechanisms_activation/snapshots/MA_S07_full.html,9a4fafb02aae934b0eecdf74e04c9c87a2b7ddfee130b2fc6f7a85b1f2c716e1
"[""atlas/research/proteomic/snapshots/bendall_fulltext.txt"",""atlas/releases/0.1.0/input_snapshot/research/proteomic/snapshots/bendall_fulltext.txt"",""atlas/releases/0.2.0/input_snapshot/research/proteomic/snapshots/bendall_fulltext.txt"",""atlas/releases/0.2.0/input_snapshot/releases/0.1.0/input_snapshot/research/proteomic/snapshots/bendall_fulltext.txt""]",ASSET_9a9f86d6f0be3e361b3b,66613,4,documentary_or_repository_source_snapshot,txt,atlas/research/proteomic/snapshots/bendall_fulltext.txt,9a9f86d6f0be3e361b3b235b3ad50bb654236ea251654e27ca40c88c698ebf95
"[""atlas/releases/0.1.0/source_registry.csv"",""atlas/releases/0.2.0/input_snapshot/releases/0.1.0/source_registry.csv""]",ASSET_9b6aa51c88210ef9d142,45963,2,derived_atlas_table_or_database,csv,atlas/releases/0.1.0/source_registry.csv,9b6aa51c88210ef9d1423796924ead169635857a76ffd5054de0f7a466c5e3f8
"[""atlas/research/mechanisms_activation/snapshots/MA_S03_full.txt"",""atlas/candidates/0.3.0/input_snapshot/research/mechanisms_activation/snapshots/MA_S03_full.txt""]",ASSET_9b7f0485c866ffe4363c,95543,2,documentary_or_repository_source_snapshot,txt,atlas/research/mechanisms_activation/snapshots/MA_S03_full.txt,9b7f0485c866ffe4363cd6b0b3aebb279b0e705eccbf874779fa4779e2a64e8e
"[""atlas/research/mechanisms_antigen/screening.json"",""atlas/candidates/0.3.0/input_snapshot/research/mechanisms_antigen/screening.json""]",ASSET_9b92d3299168fd98a057,20020,2,structured_curation_or_provenance,json,atlas/research/mechanisms_antigen/screening.json,9b92d3299168fd98a0577ae510be6a8e31cdc13808a2d8a79cb1e0a5a411d0eb
"[""atlas/releases/0.1.0/protocol_instruction_manifest.json"",""atlas/releases/0.2.0/input_snapshot/releases/0.1.0/protocol_instruction_manifest.json""]",ASSET_9bb723de884bf9754abb,2175,2,structured_curation_or_provenance,json,atlas/releases/0.1.0/protocol_instruction_manifest.json,9bb723de884bf9754abb9b1b207ef260a42bdb9fb2c71df2e32a619b6d8646a5
"[""atlas/scripts/build_candidate.py"",""atlas/candidates/0.3.0/input_snapshot/scripts/build_candidate.py""]",ASSET_9be08c3734f393739289,35053,2,code_or_environment_specification,py,atlas/scripts/build_candidate.py,9be08c3734f393739289f892a510b6777b6457bab71ed1d94698b83e0ebae60d
"[""atlas/research/references/pubmed_entity_CCL2.response.json"",""atlas/releases/0.1.0/input_snapshot/research/references/pubmed_entity_CCL2.response.json"",""atlas/releases/0.2.0/input_snapshot/research/references/pubmed_entity_CCL2.response.json"",""atlas/releases/0.2.0/input_snapshot/releases/0.1.0/input_snapshot/research/references/pubmed_entity_CCL2.response.json""]",ASSET_9c11e2c149c88996422b,428,4,resource_metadata_snapshot,json,atlas/research/references/pubmed_entity_CCL2.response.json,9c11e2c149c88996422b48c502b3bac61c0619e5d7c7b277a3168d4e0946a8c9
"[""atlas/research/proteomic/notes.md"",""atlas/releases/0.1.0/input_snapshot/research/proteomic/notes.md"",""atlas/releases/0.2.0/input_snapshot/research/proteomic/notes.md"",""atlas/releases/0.2.0/input_snapshot/releases/0.1.0/input_snapshot/research/proteomic/notes.md""]",ASSET_9c8ac7147af39b62f09f,5906,4,documentation_or_protocol,md,atlas/research/proteomic/notes.md,9c8ac7147af39b62f09f945b832b251043d34f4ae9ce26ab4ea3a47fafec1d62
"[""atlas/research/references/uniprot_IFNG.json"",""atlas/releases/0.1.0/input_snapshot/research/references/uniprot_IFNG.json"",""atlas/releases/0.2.0/input_snapshot/research/references/uniprot_IFNG.json"",""atlas/releases/0.2.0/input_snapshot/releases/0.1.0/input_snapshot/research/references/uniprot_IFNG.json""]",ASSET_9d276b5007880b6ba39d,116791,4,resource_metadata_snapshot,json,atlas/research/references/uniprot_IFNG.json,9d276b5007880b6ba39d35194c87745c3f60f2bc2793468062e88328f3e5b205
"[""atlas/research/fulltext_followup/publisher_open.json"",""atlas/releases/0.2.0/input_snapshot/research/fulltext_followup/publisher_open.json""]",ASSET_9d8781c0148504a3aeb6,661,2,structured_curation_or_provenance,json,atlas/research/fulltext_followup/publisher_open.json,9d8781c0148504a3aeb6ce33be94e97a5422ad4d5f639f02dbf50966b43763e5
"[""atlas/research/chemokine_expansion/notes.md"",""atlas/releases/0.2.0/input_snapshot/research/chemokine_expansion/notes.md""]",ASSET_9db1d3c090599b53cf90,9357,2,documentation_or_protocol,md,atlas/research/chemokine_expansion/notes.md,9db1d3c090599b53cf900542b957cc94756f5b2211d7f406281d7d9fa3d7203b
"[""atlas/research/chemokine_expansion/snapshots/followup_search10.json"",""atlas/releases/0.2.0/input_snapshot/research/chemokine_expansion/snapshots/followup_search10.json""]",ASSET_9edd28895238fe12d920,32388,2,documentary_or_repository_source_snapshot,json,atlas/research/chemokine_expansion/snapshots/followup_search10.json,9edd28895238fe12d920addad365f075e93fa5524a22d63ee746d162ce982b48
"[""atlas/research/references/resource_02.html"",""atlas/releases/0.1.0/input_snapshot/research/references/resource_02.html"",""atlas/releases/0.2.0/input_snapshot/research/references/resource_02.html"",""atlas/releases/0.2.0/input_snapshot/releases/0.1.0/input_snapshot/research/references/resource_02.html""]",ASSET_9f759d28535cb6639733,12509,4,other_artifact,html,atlas/research/references/resource_02.html,9f759d28535cb6639733ea1d8de8ff59e244bb979e0b8ddda5948bd71ef8ea45
"[""atlas/research/references/uniprot_IL1A.json"",""atlas/releases/0.1.0/input_snapshot/research/references/uniprot_IL1A.json"",""atlas/releases/0.2.0/input_snapshot/research/references/uniprot_IL1A.json"",""atlas/releases/0.2.0/input_snapshot/releases/0.1.0/input_snapshot/research/references/uniprot_IL1A.json""]",ASSET_9fc3a121a644741a9d7f,120023,4,resource_metadata_snapshot,json,atlas/research/references/uniprot_IL1A.json,9fc3a121a644741a9d7ffd41844dab9e556c2821ded130273979b51e6855140b
"[""atlas/research/references/uniprot_CCL4.request.json"",""atlas/releases/0.1.0/input_snapshot/research/references/uniprot_CCL4.request.json"",""atlas/releases/0.2.0/input_snapshot/research/references/uniprot_CCL4.request.json"",""atlas/releases/0.2.0/input_snapshot/releases/0.1.0/input_snapshot/research/references/uniprot_CCL4.request.json""]",ASSET_9ff025ce91338f480d7d,338,4,resource_metadata_snapshot,json,atlas/research/references/uniprot_CCL4.request.json,9ff025ce91338f480d7d961cf6518b4e9b04717f8836b9242c291ab9997ae646
"[""atlas/releases/0.2.0/source_manifest.json""]",ASSET_a02a35d1ebca2bc1cb50,448317,1,structured_curation_or_provenance,json,atlas/releases/0.2.0/source_manifest.json,a02a35d1ebca2bc1cb506f354dc8db6cb702b5123bac3d841d268fa5c35eef69
"[""atlas/releases/0.1.0/materialized_paths.csv"",""atlas/releases/0.2.0/materialized_paths.csv"",""atlas/releases/0.2.0/input_snapshot/releases/0.1.0/materialized_paths.csv""]",ASSET_a04aec3ec151e0ddf9c6,62,3,derived_atlas_table_or_database,csv,atlas/releases/0.1.0/materialized_paths.csv,a04aec3ec151e0ddf9c663a230e54453a4193ad0333286d75630c9aafa7dd55e
"[""atlas/research/references/pubmed_entity_IL1B.response.json"",""atlas/releases/0.1.0/input_snapshot/research/references/pubmed_entity_IL1B.response.json"",""atlas/releases/0.2.0/input_snapshot/research/references/pubmed_entity_IL1B.response.json"",""atlas/releases/0.2.0/input_snapshot/releases/0.1.0/input_snapshot/research/references/pubmed_entity_IL1B.response.json""]",ASSET_a0af1ebcfce8c3508105,428,4,resource_metadata_snapshot,json,atlas/research/references/pubmed_entity_IL1B.response.json,a0af1ebcfce8c35081059bc083cb761cd3fad5e5e34412848bb3de883c0d1e21
"[""atlas/provenance/skill_snapshots/ncbi-entrez-skill.md"",""atlas/releases/0.1.0/input_snapshot/provenance/skill_snapshots/ncbi-entrez-skill.md"",""atlas/releases/0.2.0/input_snapshot/provenance/skill_snapshots/ncbi-entrez-skill.md"",""atlas/releases/0.2.0/input_snapshot/releases/0.1.0/input_snapshot/provenance/skill_snapshots/ncbi-entrez-skill.md""]",ASSET_a0df39c740f481ad8cf6,3019,4,documentation_or_protocol,md,atlas/provenance/skill_snapshots/ncbi-entrez-skill.md,a0df39c740f481ad8cf613cb3f61603dc321829f8fb7dd11737481118ab9695c
"[""atlas/research/mechanisms_activation/snapshots/MA_S06_correction_full.html"",""atlas/candidates/0.3.0/input_snapshot/research/mechanisms_activation/snapshots/MA_S06_correction_full.html""]",ASSET_a156006bbc9bbdf89cb7,237259,2,documentary_or_repository_source_snapshot,html,atlas/research/mechanisms_activation/snapshots/MA_S06_correction_full.html,a156006bbc9bbdf89cb7ed083eb8c634e1ec33a6f917de39b47f111d6eb9a1e2
"[""atlas/research/cytokine_expansion/snapshots/PMC2198963_selected.txt"",""atlas/releases/0.2.0/input_snapshot/research/cytokine_expansion/snapshots/PMC2198963_selected.txt""]",ASSET_a257de5e5496e32330ee,5209,2,documentary_or_repository_source_snapshot,txt,atlas/research/cytokine_expansion/snapshots/PMC2198963_selected.txt,a257de5e5496e32330ee6dc4fab139a61df54e0c599dc470bea63e9ea407957b
"[""atlas/research/references/pubmed_entity_VEGFA.response.json"",""atlas/releases/0.1.0/input_snapshot/research/references/pubmed_entity_VEGFA.response.json"",""atlas/releases/0.2.0/input_snapshot/research/references/pubmed_entity_VEGFA.response.json"",""atlas/releases/0.2.0/input_snapshot/releases/0.1.0/input_snapshot/research/references/pubmed_entity_VEGFA.response.json""]",ASSET_a27783324b6b98383cb5,429,4,resource_metadata_snapshot,json,atlas/research/references/pubmed_entity_VEGFA.response.json,a27783324b6b98383cb55d80ccc5476736ae2cba1914a35b4d0637b4537542a4
"[""atlas/releases/0.2.0/adjudications.csv""]",ASSET_a2d4d4b443c57c927170,6276,1,derived_atlas_table_or_database,csv,atlas/releases/0.2.0/adjudications.csv,a2d4d4b443c57c92717084c96d9f967acaa1479c0733da78e5fffb2ea8271d89
"[""atlas/research/mechanisms_antigen/notes.md"",""atlas/candidates/0.3.0/input_snapshot/research/mechanisms_antigen/notes.md""]",ASSET_a2eeac828ae3f279b848,5937,2,documentation_or_protocol,md,atlas/research/mechanisms_antigen/notes.md,a2eeac828ae3f279b8484d9e14e2c40d5873ab5842b27fd1f6309a00a70b38bb
"[""atlas/protocol/PRODUCT_SCOPE.md"",""atlas/candidates/0.3.0/input_snapshot/protocol/PRODUCT_SCOPE.md""]",ASSET_a3030f357cfeedbac29b,5790,2,documentation_or_protocol,md,atlas/protocol/PRODUCT_SCOPE.md,a3030f357cfeedbac29b9b877b408f3fd0d5cc7278b63b75c7f1d98540fd202e
"[""atlas/research/chemokine_expansion/snapshots/postpack_schall_attempt.json"",""atlas/releases/0.2.0/input_snapshot/research/chemokine_expansion/snapshots/postpack_schall_attempt.json""]",ASSET_a3529bddd2533ecc6a69,28301,2,documentary_or_repository_source_snapshot,json,atlas/research/chemokine_expansion/snapshots/postpack_schall_attempt.json,a3529bddd2533ecc6a6961ffbcc5b4c6b5beb0ad7e56270bb0cc49e918c411f6
"[""atlas/research/cytokine/run.json"",""atlas/releases/0.1.0/input_snapshot/research/cytokine/run.json"",""atlas/releases/0.2.0/input_snapshot/research/cytokine/run.json"",""atlas/releases/0.2.0/input_snapshot/releases/0.1.0/input_snapshot/research/cytokine/run.json""]",ASSET_a4fe7bef469c43256fdd,22712,4,structured_curation_or_provenance,json,atlas/research/cytokine/run.json,a4fe7bef469c43256fddff957e7c30ec388aa09503bb2b7334e8e5b45c698dbd
"[""atlas/research/references/pubmed_entity_IL15.json"",""atlas/releases/0.1.0/input_snapshot/research/references/pubmed_entity_IL15.json"",""atlas/releases/0.2.0/input_snapshot/research/references/pubmed_entity_IL15.json"",""atlas/releases/0.2.0/input_snapshot/releases/0.1.0/input_snapshot/research/references/pubmed_entity_IL15.json""]",ASSET_a53eb40084125f82f235,3159,4,resource_metadata_snapshot,json,atlas/research/references/pubmed_entity_IL15.json,a53eb40084125f82f2356add74c8ef0675f4d7a34b18ff968e91ea9fcc5d07f8
"[""atlas/research/references/pubmed_entity_IL17A.request.json"",""atlas/releases/0.1.0/input_snapshot/research/references/pubmed_entity_IL17A.request.json"",""atlas/releases/0.2.0/input_snapshot/research/references/pubmed_entity_IL17A.request.json"",""atlas/releases/0.2.0/input_snapshot/releases/0.1.0/input_snapshot/research/references/pubmed_entity_IL17A.request.json""]",ASSET_a5939fd4359e576135fb,461,4,resource_metadata_snapshot,json,atlas/research/references/pubmed_entity_IL17A.request.json,a5939fd4359e576135fb31f636d081d84afdadda497b76a2925b3a09d7017c2f
"[""atlas/releases/0.1.0/entities.csv"",""atlas/releases/0.2.0/input_snapshot/releases/0.1.0/entities.csv""]",ASSET_a5d70ebf0d419ccd58c5,13392,2,derived_atlas_table_or_database,csv,atlas/releases/0.1.0/entities.csv,a5d70ebf0d419ccd58c52944f4558f65dedd9da1c852222469e6aa9a54f98dc8
"[""atlas/research/references/pubmed_entity_IL10.response.json"",""atlas/releases/0.1.0/input_snapshot/research/references/pubmed_entity_IL10.response.json"",""atlas/releases/0.2.0/input_snapshot/research/references/pubmed_entity_IL10.response.json"",""atlas/releases/0.2.0/input_snapshot/releases/0.1.0/input_snapshot/research/references/pubmed_entity_IL10.response.json""]",ASSET_a5fde7ccbeed5a41c67e,428,4,resource_metadata_snapshot,json,atlas/research/references/pubmed_entity_IL10.response.json,a5fde7ccbeed5a41c67e399f7794f353b958fda516daba97de81a527aad31e30
"[""atlas/research/chemokine_expansion/snapshots/Agostini2001_chrome.txt"",""atlas/releases/0.2.0/input_snapshot/research/chemokine_expansion/snapshots/Agostini2001_chrome.txt""]",ASSET_a67f2adc3ad98ca54929,11333,2,documentary_or_repository_source_snapshot,txt,atlas/research/chemokine_expansion/snapshots/Agostini2001_chrome.txt,a67f2adc3ad98ca5492909a6ce51ce7acf754730eb58e1fcd262a04e0077416b
"[""atlas/research/references/uniprot_IL15.json"",""atlas/releases/0.1.0/input_snapshot/research/references/uniprot_IL15.json"",""atlas/releases/0.2.0/input_snapshot/research/references/uniprot_IL15.json"",""atlas/releases/0.2.0/input_snapshot/releases/0.1.0/input_snapshot/research/references/uniprot_IL15.json""]",ASSET_a682b20afa52bfb33d35,104103,4,resource_metadata_snapshot,json,atlas/research/references/uniprot_IL15.json,a682b20afa52bfb33d35f98a5f30fa3cbaa2dac4da49acdd9bc67d2f31600c75
"[""atlas/research/cytokine/snapshots/open4.json"",""atlas/releases/0.1.0/input_snapshot/research/cytokine/snapshots/open4.json"",""atlas/releases/0.2.0/input_snapshot/research/cytokine/snapshots/open4.json"",""atlas/releases/0.2.0/input_snapshot/releases/0.1.0/input_snapshot/research/cytokine/snapshots/open4.json""]",ASSET_a6d5bae4931439f1e296,21175,4,documentary_or_repository_source_snapshot,json,atlas/research/cytokine/snapshots/open4.json,a6d5bae4931439f1e296a2bd6e225d5f881dffebb22c168cb4ddc4bd863ed77b
"[""atlas/research/chemokine_expansion/build_pack.py"",""atlas/releases/0.2.0/input_snapshot/research/chemokine_expansion/build_pack.py""]",ASSET_a753b6262e3c13eed3f8,31068,2,code_or_environment_specification,py,atlas/research/chemokine_expansion/build_pack.py,a753b6262e3c13eed3f87ad3abe5c4cdb8876ad63668801db71c5782fb0d759a
"[""atlas/research/references/pubmed_entity_IFNG.request.json"",""atlas/releases/0.1.0/input_snapshot/research/references/pubmed_entity_IFNG.request.json"",""atlas/releases/0.2.0/input_snapshot/research/references/pubmed_entity_IFNG.request.json"",""atlas/releases/0.2.0/input_snapshot/releases/0.1.0/input_snapshot/research/references/pubmed_entity_IFNG.request.json""]",ASSET_a7c49c11f5b175b1ef9f,459,4,resource_metadata_snapshot,json,atlas/research/references/pubmed_entity_IFNG.request.json,a7c49c11f5b175b1ef9f75f0581cbc4daadf3d54c515e647a0d163989c5fbeb3
"[""atlas/research/receptor_expansion/snapshots/xre_open4.json"",""atlas/releases/0.2.0/input_snapshot/research/receptor_expansion/snapshots/xre_open4.json""]",ASSET_a7cdcf1262afc421e3da,11097,2,documentary_or_repository_source_snapshot,json,atlas/research/receptor_expansion/snapshots/xre_open4.json,a7cdcf1262afc421e3da90d5c05adfbd3742f28619db0b66fdb8e29aef66d3aa
"[""atlas/research/receptor_expansion/snapshots/xre_search1.json"",""atlas/releases/0.2.0/input_snapshot/research/receptor_expansion/snapshots/xre_search1.json""]",ASSET_a982c7934c601744abfd,31263,2,documentary_or_repository_source_snapshot,json,atlas/research/receptor_expansion/snapshots/xre_search1.json,a982c7934c601744abfde3e9e202f19b44579f5b1cae4881ae28232de8b2b426
"[""atlas/candidates/0.3.0/candidate_graphs.csv""]",ASSET_aa5af80c04fd66b9aca6,448667,1,derived_atlas_table_or_database,csv,atlas/candidates/0.3.0/candidate_graphs.csv,aa5af80c04fd66b9aca6caf5159860d514f55afbe2f95962ae9574dfcfb3c35f
"[""atlas/research/references/resource_21.html"",""atlas/releases/0.1.0/input_snapshot/research/references/resource_21.html"",""atlas/releases/0.2.0/input_snapshot/research/references/resource_21.html"",""atlas/releases/0.2.0/input_snapshot/releases/0.1.0/input_snapshot/research/references/resource_21.html""]",ASSET_aa9c2044fcadce3637f7,9237,4,other_artifact,html,atlas/research/references/resource_21.html,aa9c2044fcadce3637f78c43798812a3ef830b0415cf674b8672b349f8b660f9
"[""atlas/research/cytokine/snapshots/hcd_biorxiv_api.json"",""atlas/releases/0.1.0/input_snapshot/research/cytokine/snapshots/hcd_biorxiv_api.json"",""atlas/releases/0.2.0/input_snapshot/research/cytokine/snapshots/hcd_biorxiv_api.json"",""atlas/releases/0.2.0/input_snapshot/releases/0.1.0/input_snapshot/research/cytokine/snapshots/hcd_biorxiv_api.json""]",ASSET_aad63d5def0b98781389,2848,4,documentary_or_repository_source_snapshot,json,atlas/research/cytokine/snapshots/hcd_biorxiv_api.json,aad63d5def0b98781389bdb8f82d01720508fb82cea609cae3ddd055cfae0d1a
"[""atlas/research/references/uniprot_CCL3.request.json"",""atlas/releases/0.1.0/input_snapshot/research/references/uniprot_CCL3.request.json"",""atlas/releases/0.2.0/input_snapshot/research/references/uniprot_CCL3.request.json"",""atlas/releases/0.2.0/input_snapshot/releases/0.1.0/input_snapshot/research/references/uniprot_CCL3.request.json""]",ASSET_abc50aa18182f2eab7ad,338,4,resource_metadata_snapshot,json,atlas/research/references/uniprot_CCL3.request.json,abc50aa18182f2eab7add423c99ce25247c9b03f291d704014eff1a0d4300bec
"[""atlas/research/chemokine_expansion/snapshots/followup_search6.json"",""atlas/releases/0.2.0/input_snapshot/research/chemokine_expansion/snapshots/followup_search6.json""]",ASSET_ad0ba6a5543af65e538f,28409,2,documentary_or_repository_source_snapshot,json,atlas/research/chemokine_expansion/snapshots/followup_search6.json,ad0ba6a5543af65e538fae0d05ddb7ead69c1bbc3423a53bd135184371e20dad
"[""atlas/research/mechanisms_antigen/snapshots/MP_deLaSalle1999.html"",""atlas/candidates/0.3.0/input_snapshot/research/mechanisms_antigen/snapshots/MP_deLaSalle1999.html""]",ASSET_ad1c589296cb98baaffa,96039,2,documentary_or_repository_source_snapshot,html,atlas/research/mechanisms_antigen/snapshots/MP_deLaSalle1999.html,ad1c589296cb98baaffa912f88d3a9efef2a2e59add69100a9114dc62c65b3c3
"[""atlas/research/references/uniprot_CCL26.response.json"",""atlas/releases/0.1.0/input_snapshot/research/references/uniprot_CCL26.response.json"",""atlas/releases/0.2.0/input_snapshot/research/references/uniprot_CCL26.response.json"",""atlas/releases/0.2.0/input_snapshot/releases/0.1.0/input_snapshot/research/references/uniprot_CCL26.response.json""]",ASSET_ad48f4a00c5d42a37f48,984,4,resource_metadata_snapshot,json,atlas/research/references/uniprot_CCL26.response.json,ad48f4a00c5d42a37f48d1682fd6b78d99cc7b279c417674388c1a656e0b4189
"[""atlas/research/genomic/snapshots/G03_fulltext.txt"",""atlas/releases/0.1.0/input_snapshot/research/genomic/snapshots/G03_fulltext.txt"",""atlas/releases/0.2.0/input_snapshot/research/genomic/snapshots/G03_fulltext.txt"",""atlas/releases/0.2.0/input_snapshot/releases/0.1.0/input_snapshot/research/genomic/snapshots/G03_fulltext.txt""]",ASSET_ad8910e5fd1b2e1bb576,115203,4,documentary_or_repository_source_snapshot,txt,atlas/research/genomic/snapshots/G03_fulltext.txt,ad8910e5fd1b2e1bb5760547b251254404700ac08f6991e7f0f40c9af9f3b027
"[""atlas/research/references/pubmed_C.request.json"",""atlas/releases/0.1.0/input_snapshot/research/references/pubmed_C.request.json"",""atlas/releases/0.2.0/input_snapshot/research/references/pubmed_C.request.json"",""atlas/releases/0.2.0/input_snapshot/releases/0.1.0/input_snapshot/research/references/pubmed_C.request.json""]",ASSET_ad95b28cf3503842dc5d,443,4,resource_metadata_snapshot,json,atlas/research/references/pubmed_C.request.json,ad95b28cf3503842dc5d017bf1c755867475a9b436b6c64d56db896d875f88dd
"[""atlas/research/fulltext_followup/G08_Gregory2007_selected_primary.json"",""atlas/releases/0.2.0/input_snapshot/research/fulltext_followup/G08_Gregory2007_selected_primary.json""]",ASSET_ae29b2bea667a8377842,21952,2,structured_curation_or_provenance,json,atlas/research/fulltext_followup/G08_Gregory2007_selected_primary.json,ae29b2bea667a83778423f0c1847678f67402f525336a471a7e0ad53bd455d6a
"[""atlas/research/references/uniprot_IL12B.json"",""atlas/releases/0.1.0/input_snapshot/research/references/uniprot_IL12B.json"",""atlas/releases/0.2.0/input_snapshot/research/references/uniprot_IL12B.json"",""atlas/releases/0.2.0/input_snapshot/releases/0.1.0/input_snapshot/research/references/uniprot_IL12B.json""]",ASSET_aefe8f13ba48952f0d15,131187,4,resource_metadata_snapshot,json,atlas/research/references/uniprot_IL12B.json,aefe8f13ba48952f0d1548e466bd3143647a8f9eadf1f722e070a8be5c9b5b18
"[""atlas/research/references/uniprot_CCL2.json"",""atlas/releases/0.1.0/input_snapshot/research/references/uniprot_CCL2.json"",""atlas/releases/0.2.0/input_snapshot/research/references/uniprot_CCL2.json"",""atlas/releases/0.2.0/input_snapshot/releases/0.1.0/input_snapshot/research/references/uniprot_CCL2.json""]",ASSET_af5e39a492bb231b9c57,146464,4,resource_metadata_snapshot,json,atlas/research/references/uniprot_CCL2.json,af5e39a492bb231b9c574b15072f1571637445068dae3843d2268a4653f02730
"[""atlas/research/genomic/snapshots/G04_fulltext.html"",""atlas/releases/0.1.0/input_snapshot/research/genomic/snapshots/G04_fulltext.html"",""atlas/releases/0.2.0/input_snapshot/research/genomic/snapshots/G04_fulltext.html"",""atlas/releases/0.2.0/input_snapshot/releases/0.1.0/input_snapshot/research/genomic/snapshots/G04_fulltext.html""]",ASSET_b00f8fea385ccd45e5f5,293551,4,documentary_or_repository_source_snapshot,html,atlas/research/genomic/snapshots/G04_fulltext.html,b00f8fea385ccd45e5f52e4dec0e77ba2e8904404c4f9c6003fa846a98976c2e
"[""atlas/research/references/pubmed_entity_IL5.json"",""atlas/releases/0.1.0/input_snapshot/research/references/pubmed_entity_IL5.json"",""atlas/releases/0.2.0/input_snapshot/research/references/pubmed_entity_IL5.json"",""atlas/releases/0.2.0/input_snapshot/releases/0.1.0/input_snapshot/research/references/pubmed_entity_IL5.json""]",ASSET_b0c7ea6b353dbe808f1d,3158,4,resource_metadata_snapshot,json,atlas/research/references/pubmed_entity_IL5.json,b0c7ea6b353dbe808f1d1d210baddd3edcf6bd69a0383d823f777d8d0d6c04e7
"[""atlas/research/cytokine/snapshots/search4.json"",""atlas/releases/0.1.0/input_snapshot/research/cytokine/snapshots/search4.json"",""atlas/releases/0.2.0/input_snapshot/research/cytokine/snapshots/search4.json"",""atlas/releases/0.2.0/input_snapshot/releases/0.1.0/input_snapshot/research/cytokine/snapshots/search4.json""]",ASSET_b0d48b1485f731e219a5,30475,4,documentary_or_repository_source_snapshot,json,atlas/research/cytokine/snapshots/search4.json,b0d48b1485f731e219a576ee7db7a02ee7c04ca9a9a6c2ea52ddf4e2c287c983
"[""atlas/research/cytokine_expansion/snapshots/open02.json"",""atlas/releases/0.2.0/input_snapshot/research/cytokine_expansion/snapshots/open02.json""]",ASSET_b13289cd9ca826d481c9,2047,2,documentary_or_repository_source_snapshot,json,atlas/research/cytokine_expansion/snapshots/open02.json,b13289cd9ca826d481c98994df3beb64a20e7232c1b363e76352c4e8c52b6466
"[""atlas/research/mechanisms_activation/complete_provenance.py"",""atlas/candidates/0.3.0/input_snapshot/research/mechanisms_activation/complete_provenance.py""]",ASSET_b191d0b2bd2cb4466c9f,5879,2,code_or_environment_specification,py,atlas/research/mechanisms_activation/complete_provenance.py,b191d0b2bd2cb4466c9fd5261f3951aeca6f318a652ac48545680b3ae81754a9
"[""atlas/research/mechanisms_activation/build_connections.py"",""atlas/candidates/0.3.0/input_snapshot/research/mechanisms_activation/build_connections.py""]",ASSET_b19a7cdf2c15258c38e8,17333,2,code_or_environment_specification,py,atlas/research/mechanisms_activation/build_connections.py,b19a7cdf2c15258c38e856b0c00de62f29319b6d21ca9c905e0058a50cd94baf
"[""atlas/research/mechanisms_activation/snapshots/MA_Q09_web.json"",""atlas/candidates/0.3.0/input_snapshot/research/mechanisms_activation/snapshots/MA_Q09_web.json""]",ASSET_b2119512d21bf11e0bee,16462,2,documentary_or_repository_source_snapshot,json,atlas/research/mechanisms_activation/snapshots/MA_Q09_web.json,b2119512d21bf11e0bee846ecb951478cf70be477add592b9e7c465e6a8e7b2a
"[""atlas/research/references/uniprot_CCL26.fallback.json"",""atlas/releases/0.1.0/input_snapshot/research/references/uniprot_CCL26.fallback.json"",""atlas/releases/0.2.0/input_snapshot/research/references/uniprot_CCL26.fallback.json"",""atlas/releases/0.2.0/input_snapshot/releases/0.1.0/input_snapshot/research/references/uniprot_CCL26.fallback.json""]",ASSET_b32ba4aa8389ec5988c4,298,4,resource_metadata_snapshot,json,atlas/research/references/uniprot_CCL26.fallback.json,b32ba4aa8389ec5988c4444b9c2cad878a5eb9a395bfd919bdb0bbb0e50c4dfc
"[""atlas/research/references/resource_03.html"",""atlas/releases/0.1.0/input_snapshot/research/references/resource_03.html"",""atlas/releases/0.2.0/input_snapshot/research/references/resource_03.html"",""atlas/releases/0.2.0/input_snapshot/releases/0.1.0/input_snapshot/research/references/resource_03.html""]",ASSET_b3d2c99b8dd47fcc8f84,28315,4,other_artifact,html,atlas/research/references/resource_03.html,b3d2c99b8dd47fcc8f8443c81c687ceb2bc24a9f24d3aa1fd9c93e6f48a43831
"[""atlas/research/mechanisms_genetic/snapshots/MG03_selected_primary.txt"",""atlas/candidates/0.3.0/input_snapshot/research/mechanisms_genetic/snapshots/MG03_selected_primary.txt""]",ASSET_b3e36dc04f248316dc57,16305,2,documentary_or_repository_source_snapshot,txt,atlas/research/mechanisms_genetic/snapshots/MG03_selected_primary.txt,b3e36dc04f248316dc575f56b05205e1f93a92c43023c33a5eda69119d868fa5
"[""atlas/releases/0.1.0/evidence_instances.csv"",""atlas/releases/0.2.0/input_snapshot/releases/0.1.0/evidence_instances.csv""]",ASSET_b3f3337a7bb378c35738,89169,2,derived_atlas_table_or_database,csv,atlas/releases/0.1.0/evidence_instances.csv,b3f3337a7bb378c35738838692a071ffec53220c78ee742a21d640a9a6905e42
"[""atlas/reports/CANDIDATE_0.3.0.md""]",ASSET_b45af6ebcf4c0412eacc,4100,1,documentation_or_protocol,md,atlas/reports/CANDIDATE_0.3.0.md,b45af6ebcf4c0412eacc73599c8e10177d101b9ed59fc83b2aa9277e71207ac2
"[""atlas/research/receptor_expansion/notes.md"",""atlas/releases/0.2.0/input_snapshot/research/receptor_expansion/notes.md""]",ASSET_b46bbe833a07f1d2bf32,893,2,documentation_or_protocol,md,atlas/research/receptor_expansion/notes.md,b46bbe833a07f1d2bf327e1b8cb78ed35c6a075417ed6e70489e1ce17021b51f
"[""atlas/research/references/uniprot_IL17A.json"",""atlas/releases/0.1.0/input_snapshot/research/references/uniprot_IL17A.json"",""atlas/releases/0.2.0/input_snapshot/research/references/uniprot_IL17A.json"",""atlas/releases/0.2.0/input_snapshot/releases/0.1.0/input_snapshot/research/references/uniprot_IL17A.json""]",ASSET_b475356a182537e37171,124224,4,resource_metadata_snapshot,json,atlas/research/references/uniprot_IL17A.json,b475356a182537e3717192dd12b849b0ef559d1e61fe2cd60322ae54c7348e23
"[""atlas/research/mechanisms_antigen/run.json"",""atlas/candidates/0.3.0/input_snapshot/research/mechanisms_antigen/run.json""]",ASSET_b4cbf50eff2d062426a1,2803,2,structured_curation_or_provenance,json,atlas/research/mechanisms_antigen/run.json,b4cbf50eff2d062426a1212883cf4c7e9fbcce2f0cf5bd17cdb347811f26ce3a
"[""atlas/research/references/pubmed_entity_IL1A.response.json"",""atlas/releases/0.1.0/input_snapshot/research/references/pubmed_entity_IL1A.response.json"",""atlas/releases/0.2.0/input_snapshot/research/references/pubmed_entity_IL1A.response.json"",""atlas/releases/0.2.0/input_snapshot/releases/0.1.0/input_snapshot/research/references/pubmed_entity_IL1A.response.json""]",ASSET_b5371146e202b73a122b,428,4,resource_metadata_snapshot,json,atlas/research/references/pubmed_entity_IL1A.response.json,b5371146e202b73a122b8759b408ed654306deb0d15b79c8a400ac51bdffd98b
"[""atlas/research/proteomic/snapshots/search1.json"",""atlas/releases/0.1.0/input_snapshot/research/proteomic/snapshots/search1.json"",""atlas/releases/0.2.0/input_snapshot/research/proteomic/snapshots/search1.json"",""atlas/releases/0.2.0/input_snapshot/releases/0.1.0/input_snapshot/research/proteomic/snapshots/search1.json""]",ASSET_b58f8b5df81724f54eb4,35398,4,documentary_or_repository_source_snapshot,json,atlas/research/proteomic/snapshots/search1.json,b58f8b5df81724f54eb4a18a5b95457af183ab593606b84002d21f6f2e2c2ed2
"[""atlas/requirements-research.lock"",""atlas/releases/0.1.0/input_snapshot/requirements-research.lock"",""atlas/releases/0.2.0/input_snapshot/requirements-research.lock"",""atlas/releases/0.2.0/input_snapshot/releases/0.1.0/input_snapshot/requirements-research.lock""]",ASSET_b590ba9aa122415ac6b5,88,4,code_or_environment_specification,lock,atlas/requirements-research.lock,b590ba9aa122415ac6b551c0f2e07a4abc493ac2b2c41d8537796298a765c972
"[""atlas/research/proteomic/snapshots/cite_publisher_page.html"",""atlas/releases/0.1.0/input_snapshot/research/proteomic/snapshots/cite_publisher_page.html"",""atlas/releases/0.2.0/input_snapshot/research/proteomic/snapshots/cite_publisher_page.html"",""atlas/releases/0.2.0/input_snapshot/releases/0.1.0/input_snapshot/research/proteomic/snapshots/cite_publisher_page.html""]",ASSET_b5e3ba5a6a270e6fd818,325623,4,documentary_or_repository_source_snapshot,html,atlas/research/proteomic/snapshots/cite_publisher_page.html,b5e3ba5a6a270e6fd8181c031641877920d5ce2b2a0724608ccd4b666800dda5
"[""atlas/research/cytokine/snapshots/PMC12776526.xml"",""atlas/releases/0.1.0/input_snapshot/research/cytokine/snapshots/PMC12776526.xml"",""atlas/releases/0.2.0/input_snapshot/research/cytokine/snapshots/PMC12776526.xml"",""atlas/releases/0.2.0/input_snapshot/releases/0.1.0/input_snapshot/research/cytokine/snapshots/PMC12776526.xml""]",ASSET_b5eb7fa311846f14f30d,191710,4,documentary_or_repository_source_snapshot,xml,atlas/research/cytokine/snapshots/PMC12776526.xml,b5eb7fa311846f14f30de12ff62393c3bb13203e3890632dadcc2bffd19430b0
"[""atlas/research/mechanisms_genetic/run.json"",""atlas/candidates/0.3.0/input_snapshot/research/mechanisms_genetic/run.json""]",ASSET_b6b5aa21c97badcf43fc,4027,2,structured_curation_or_provenance,json,atlas/research/mechanisms_genetic/run.json,b6b5aa21c97badcf43fcda04f2ed1766edfe66399a912dbb1ae2be3b18655660
"[""atlas/research/references/resource_13.html"",""atlas/releases/0.1.0/input_snapshot/research/references/resource_13.html"",""atlas/releases/0.2.0/input_snapshot/research/references/resource_13.html"",""atlas/releases/0.2.0/input_snapshot/releases/0.1.0/input_snapshot/research/references/resource_13.html""]",ASSET_b6d3907cdd632f5683ee,224754,4,other_artifact,html,atlas/research/references/resource_13.html,b6d3907cdd632f5683eedc24a3d58dcce48872aab0d786a25401bcea9361f86b
"[""atlas/data/curation_overrides_0.2.json"",""atlas/releases/0.2.0/input_snapshot/data/curation_overrides_0.2.json""]",ASSET_b70312de6cb8955e85ee,22312,2,structured_curation_or_provenance,json,atlas/data/curation_overrides_0.2.json,b70312de6cb8955e85eed0f341baf14eb11fc243a370eb8b3302323977c7f41b
"[""atlas/research/genomic/snapshots/Gfind6_retrieval.txt"",""atlas/releases/0.1.0/input_snapshot/research/genomic/snapshots/Gfind6_retrieval.txt"",""atlas/releases/0.2.0/input_snapshot/research/genomic/snapshots/Gfind6_retrieval.txt"",""atlas/releases/0.2.0/input_snapshot/releases/0.1.0/input_snapshot/research/genomic/snapshots/Gfind6_retrieval.txt""]",ASSET_b7222d2c52a542e41d1d,14123,4,documentary_or_repository_source_snapshot,txt,atlas/research/genomic/snapshots/Gfind6_retrieval.txt,b7222d2c52a542e41d1dc0c66df555cfedbe2a67272622aaaa2d6534ef5e1e94
"[""atlas/research/references/uniprot_IL1B.response.json"",""atlas/releases/0.1.0/input_snapshot/research/references/uniprot_IL1B.response.json"",""atlas/releases/0.2.0/input_snapshot/research/references/uniprot_IL1B.response.json"",""atlas/releases/0.2.0/input_snapshot/releases/0.1.0/input_snapshot/research/references/uniprot_IL1B.response.json""]",ASSET_b76decb50df3147f0fa3,1022,4,resource_metadata_snapshot,json,atlas/research/references/uniprot_IL1B.response.json,b76decb50df3147f0fa3240601134822256ac59dfaff7f86f6812c66c28ea5c3
"[""atlas/research/mechanisms_antigen/snapshots/MP_search_batch4.json"",""atlas/candidates/0.3.0/input_snapshot/research/mechanisms_antigen/snapshots/MP_search_batch4.json""]",ASSET_b76e8d45eeba2030f6d8,32184,2,documentary_or_repository_source_snapshot,json,atlas/research/mechanisms_antigen/snapshots/MP_search_batch4.json,b76e8d45eeba2030f6d8e9d08212623c7c711805e15c691500c90e6432ef6119
"[""atlas/research/references/uniprot_IL4.response.json"",""atlas/releases/0.1.0/input_snapshot/research/references/uniprot_IL4.response.json"",""atlas/releases/0.2.0/input_snapshot/research/references/uniprot_IL4.response.json"",""atlas/releases/0.2.0/input_snapshot/releases/0.1.0/input_snapshot/research/references/uniprot_IL4.response.json""]",ASSET_b81885e7b7e5379c2dfe,980,4,resource_metadata_snapshot,json,atlas/research/references/uniprot_IL4.response.json,b81885e7b7e5379c2dfea1045ebc7d02d1ae52df4d73d360c6df9adbd251cfcd
"[""atlas/research/references/pubmed_entity_IL16.response.json"",""atlas/releases/0.1.0/input_snapshot/research/references/pubmed_entity_IL16.response.json"",""atlas/releases/0.2.0/input_snapshot/research/references/pubmed_entity_IL16.response.json"",""atlas/releases/0.2.0/input_snapshot/releases/0.1.0/input_snapshot/research/references/pubmed_entity_IL16.response.json""]",ASSET_b81ea3f49e8b2f2c4701,427,4,resource_metadata_snapshot,json,atlas/research/references/pubmed_entity_IL16.response.json,b81ea3f49e8b2f2c4701218e73080f0ffcbb686d543451e7520d95c891746083
"[""atlas/research/receptor_review_response_0.2.json"",""atlas/releases/0.2.0/input_snapshot/research/receptor_review_response_0.2.json""]",ASSET_b8ab56950ca417e0a598,4659,2,structured_curation_or_provenance,json,atlas/research/receptor_review_response_0.2.json,b8ab56950ca417e0a598ace136494e5cb4e57c3d5fe76eb389d2b1bf5b251689
"[""atlas/research/cytokine/snapshots/PMC2119001.txt"",""atlas/releases/0.1.0/input_snapshot/research/cytokine/snapshots/PMC2119001.txt"",""atlas/releases/0.2.0/input_snapshot/research/cytokine/snapshots/PMC2119001.txt"",""atlas/releases/0.2.0/input_snapshot/releases/0.1.0/input_snapshot/research/cytokine/snapshots/PMC2119001.txt""]",ASSET_b8da7ec812a4af73a955,50280,4,documentary_or_repository_source_snapshot,txt,atlas/research/cytokine/snapshots/PMC2119001.txt,b8da7ec812a4af73a955d451f7493b377d021a95385225379c7ca64ea0acf6d6
"[""atlas/releases/0.1.0/genetic_associations.csv"",""atlas/releases/0.2.0/input_snapshot/releases/0.1.0/genetic_associations.csv""]",ASSET_b8ea6dc3321ee879dea3,3149,2,derived_atlas_table_or_database,csv,atlas/releases/0.1.0/genetic_associations.csv,b8ea6dc3321ee879dea35389b59c0eac45c230aa629d0a3ba230393a16d9e50f
"[""atlas/releases/0.2.0/source_registry.csv""]",ASSET_b994c49e6a7906c2cd17,68486,1,derived_atlas_table_or_database,csv,atlas/releases/0.2.0/source_registry.csv,b994c49e6a7906c2cd176e544dec55a8af6a629eebc2930ae843946fd06492c3
"[""atlas/research/references/uniprot_IL2.response.json"",""atlas/releases/0.1.0/input_snapshot/research/references/uniprot_IL2.response.json"",""atlas/releases/0.2.0/input_snapshot/research/references/uniprot_IL2.response.json"",""atlas/releases/0.2.0/input_snapshot/releases/0.1.0/input_snapshot/research/references/uniprot_IL2.response.json""]",ASSET_b99b1fc1be9dcc322e24,989,4,resource_metadata_snapshot,json,atlas/research/references/uniprot_IL2.response.json,b99b1fc1be9dcc322e249c44f329bcf139e9bf9ea5d3b46aef0cd3564749587b
"[""atlas/data/gap_dispositions_0.2.0.json"",""atlas/releases/0.2.0/input_snapshot/data/gap_dispositions_0.2.0.json""]",ASSET_b9d9a1b2aa61d26c231c,2229,2,structured_curation_or_provenance,json,atlas/data/gap_dispositions_0.2.0.json,b9d9a1b2aa61d26c231ca63988e01afe604d4ffcb005a82a7f3dfc970a2e3ff6
"[""atlas/research/references/uniprot_IL6.response.json"",""atlas/releases/0.1.0/input_snapshot/research/references/uniprot_IL6.response.json"",""atlas/releases/0.2.0/input_snapshot/research/references/uniprot_IL6.response.json"",""atlas/releases/0.2.0/input_snapshot/releases/0.1.0/input_snapshot/research/references/uniprot_IL6.response.json""]",ASSET_ba67a15bf0527e9e1419,990,4,resource_metadata_snapshot,json,atlas/research/references/uniprot_IL6.response.json,ba67a15bf0527e9e1419233ddb7c177ce9e4dcd6e248002ed2e48a8e00be5b23
"[""atlas/research/references/uniprot_IL4.request.json"",""atlas/releases/0.1.0/input_snapshot/research/references/uniprot_IL4.request.json"",""atlas/releases/0.2.0/input_snapshot/research/references/uniprot_IL4.request.json"",""atlas/releases/0.2.0/input_snapshot/releases/0.1.0/input_snapshot/research/references/uniprot_IL4.request.json""]",ASSET_bac7175f60ce778345b3,336,4,resource_metadata_snapshot,json,atlas/research/references/uniprot_IL4.request.json,bac7175f60ce778345b30e800f08e052f7fe4da7021c18932903564c790088b6
"[""atlas/research/references/pubmed_entity_CCL3.json"",""atlas/releases/0.1.0/input_snapshot/research/references/pubmed_entity_CCL3.json"",""atlas/releases/0.2.0/input_snapshot/research/references/pubmed_entity_CCL3.json"",""atlas/releases/0.2.0/input_snapshot/releases/0.1.0/input_snapshot/research/references/pubmed_entity_CCL3.json""]",ASSET_bb5926d08d04a41ca17b,3159,4,resource_metadata_snapshot,json,atlas/research/references/pubmed_entity_CCL3.json,bb5926d08d04a41ca17be23fccee4c43814f8974fc2c6f47a34e86de4b5fa6c5
"[""atlas/research/references/uniprot_CCL4.json"",""atlas/releases/0.1.0/input_snapshot/research/references/uniprot_CCL4.json"",""atlas/releases/0.2.0/input_snapshot/research/references/uniprot_CCL4.json"",""atlas/releases/0.2.0/input_snapshot/releases/0.1.0/input_snapshot/research/references/uniprot_CCL4.json""]",ASSET_bb90d278544edf2ecbd3,91612,4,resource_metadata_snapshot,json,atlas/research/references/uniprot_CCL4.json,bb90d278544edf2ecbd3b263495635f193f9c0b8592d2361835506e8720686de
"[""atlas/research/proteomic/snapshots/reap_fulltext.pdf"",""atlas/releases/0.1.0/input_snapshot/research/proteomic/snapshots/reap_fulltext.pdf"",""atlas/releases/0.2.0/input_snapshot/research/proteomic/snapshots/reap_fulltext.pdf"",""atlas/releases/0.2.0/input_snapshot/releases/0.1.0/input_snapshot/research/proteomic/snapshots/reap_fulltext.pdf""]",ASSET_bba7753a2baea26cb649,3127949,4,documentary_or_repository_source_snapshot,pdf,atlas/research/proteomic/snapshots/reap_fulltext.pdf,bba7753a2baea26cb649e574e530791a040f1d37958b1e59f244d9331058356d
"[""atlas/releases/0.2.0/input_snapshot/tests/test_kb.py""]",ASSET_bbfafee7fc594291a49a,9730,1,code_or_environment_specification,py,atlas/releases/0.2.0/input_snapshot/tests/test_kb.py,bbfafee7fc594291a49a0cff12b9d63ee69038a7937e59923639c9da5bfd2907
"[""atlas/sandbox/smpl.md""]",ASSET_bc4cdeb69f5bd4db7edd,1260,1,documentation_or_protocol,md,atlas/sandbox/smpl.md,bc4cdeb69f5bd4db7edd05676e75dfd57a2eb340309c191e646bacbbf830ffd2
"[""atlas/research/references/pubmed_entity_CSF2.request.json"",""atlas/releases/0.1.0/input_snapshot/research/references/pubmed_entity_CSF2.request.json"",""atlas/releases/0.2.0/input_snapshot/research/references/pubmed_entity_CSF2.request.json"",""atlas/releases/0.2.0/input_snapshot/releases/0.1.0/input_snapshot/research/references/pubmed_entity_CSF2.request.json""]",ASSET_bd134c49d906875ec6a3,459,4,resource_metadata_snapshot,json,atlas/research/references/pubmed_entity_CSF2.request.json,bd134c49d906875ec6a388fb959fcecaa08e6e787f1730d73237912501b0022d
"[""atlas/research/cytokine/review_response.json"",""atlas/releases/0.1.0/input_snapshot/research/cytokine/review_response.json"",""atlas/releases/0.2.0/input_snapshot/research/cytokine/review_response.json"",""atlas/releases/0.2.0/input_snapshot/releases/0.1.0/input_snapshot/research/cytokine/review_response.json""]",ASSET_bd8e422b605517a44997,4709,4,structured_curation_or_provenance,json,atlas/research/cytokine/review_response.json,bd8e422b605517a44997a2c55ff304b43f2d72b40f53ed4ffcb64ab4a904c5fb
"[""atlas/scripts/build_cytokine_inventory.py"",""atlas/candidates/0.3.0/input_snapshot/scripts/build_cytokine_inventory.py""]",ASSET_bd93d8f1684ba065acc7,5147,2,code_or_environment_specification,py,atlas/scripts/build_cytokine_inventory.py,bd93d8f1684ba065acc7ac7f390bc7e425b5a5b32842b877796b0453d00207fc
"[""atlas/releases/0.2.0/edge_assertions.csv""]",ASSET_bd9f3713d5869b7aca3f,25865,1,derived_atlas_table_or_database,csv,atlas/releases/0.2.0/edge_assertions.csv,bd9f3713d5869b7aca3f38dff44aee98d6c9ed8ae96be48db41422828b13259e
"[""atlas/releases/0.2.0/contexts.csv""]",ASSET_bda4493bc003408b4424,52371,1,derived_atlas_table_or_database,csv,atlas/releases/0.2.0/contexts.csv,bda4493bc003408b4424f0aee9eb070bbceda55d650ad384232a27a7286bc2af
"[""atlas/research/cytokine_expansion/build_pack.py"",""atlas/releases/0.2.0/input_snapshot/research/cytokine_expansion/build_pack.py""]",ASSET_bdf8e1d568c9ed6bdb98,51289,2,code_or_environment_specification,py,atlas/research/cytokine_expansion/build_pack.py,bdf8e1d568c9ed6bdb98d0683a0a7e67206ff6ce4505cfd902c7f1dc14bd5a8d
"[""atlas/research/mechanisms_activation/snapshots/MA_S06_methods.pdf"",""atlas/candidates/0.3.0/input_snapshot/research/mechanisms_activation/snapshots/MA_S06_methods.pdf""]",ASSET_be7d095528ea94d03451,529176,2,documentary_or_repository_source_snapshot,pdf,atlas/research/mechanisms_activation/snapshots/MA_S06_methods.pdf,be7d095528ea94d03451657bca5aa4bbeb17ffd8a9dd91330fd4e0d74fa73aa9
"[""atlas/research/mechanisms_activation/screening.json"",""atlas/candidates/0.3.0/input_snapshot/research/mechanisms_activation/screening.json""]",ASSET_be9ab6d0262a889ba5ea,42753,2,structured_curation_or_provenance,json,atlas/research/mechanisms_activation/screening.json,be9ab6d0262a889ba5ea91cdd9c1ba1ca45bf2e7ee25a47c606357179f6393f6
"[""atlas/research/genomic/snapshots/G04_fulltext.txt"",""atlas/releases/0.1.0/input_snapshot/research/genomic/snapshots/G04_fulltext.txt"",""atlas/releases/0.2.0/input_snapshot/research/genomic/snapshots/G04_fulltext.txt"",""atlas/releases/0.2.0/input_snapshot/releases/0.1.0/input_snapshot/research/genomic/snapshots/G04_fulltext.txt""]",ASSET_bea3af30fa10d267347a,110124,4,documentary_or_repository_source_snapshot,txt,atlas/research/genomic/snapshots/G04_fulltext.txt,bea3af30fa10d267347a9a2401e0b56a8004eb1144fb885f68597c7d5fc03374
"[""atlas/research/fulltext_followup/notes.md"",""atlas/releases/0.2.0/input_snapshot/research/fulltext_followup/notes.md""]",ASSET_beb79f96e3966bfcad6f,1643,2,documentation_or_protocol,md,atlas/research/fulltext_followup/notes.md,beb79f96e3966bfcad6f20c5563c5a18403b8ee4b32394fed2cff3d9a97d5fd7
"[""atlas/research/references/resource_11.html"",""atlas/releases/0.1.0/input_snapshot/research/references/resource_11.html"",""atlas/releases/0.2.0/input_snapshot/research/references/resource_11.html"",""atlas/releases/0.2.0/input_snapshot/releases/0.1.0/input_snapshot/research/references/resource_11.html""]",ASSET_bffdedbde05ae0788290,207097,4,other_artifact,html,atlas/research/references/resource_11.html,bffdedbde05ae0788290da20a8eaa43b4aa926f341f0728b773cc376d8e75c86
"[""atlas/research/references/uniprot_IL17A.response.json"",""atlas/releases/0.1.0/input_snapshot/research/references/uniprot_IL17A.response.json"",""atlas/releases/0.2.0/input_snapshot/research/references/uniprot_IL17A.response.json"",""atlas/releases/0.2.0/input_snapshot/releases/0.1.0/input_snapshot/research/references/uniprot_IL17A.response.json""]",ASSET_c0335180f329bc02b063,973,4,resource_metadata_snapshot,json,atlas/research/references/uniprot_IL17A.response.json,c0335180f329bc02b0633a0b1ad0c70766433c34a46fada96844375d426e2d77
"[""atlas/releases/0.1.0/samples.csv"",""atlas/releases/0.2.0/samples.csv"",""atlas/releases/0.2.0/input_snapshot/releases/0.1.0/samples.csv""]",ASSET_c070f415c6b0c0be6e64,58,3,derived_atlas_table_or_database,csv,atlas/releases/0.1.0/samples.csv,c070f415c6b0c0be6e64cc4420051c34a42b1f498f316de8e4974e0c803bbf76
"[""atlas/requirements-research.txt"",""atlas/releases/0.1.0/input_snapshot/requirements-research.txt"",""atlas/releases/0.2.0/input_snapshot/requirements-research.txt"",""atlas/releases/0.2.0/input_snapshot/releases/0.1.0/input_snapshot/requirements-research.txt""]",ASSET_c0ee2c01270411fcd5c8,17,4,code_or_environment_specification,txt,atlas/requirements-research.txt,c0ee2c01270411fcd5c8bf8e78d080237c4d1c61ae34d197c935d29cf50a8833
"[""atlas/research/cytokine_expansion/snapshots/search01.json"",""atlas/releases/0.2.0/input_snapshot/research/cytokine_expansion/snapshots/search01.json""]",ASSET_c190f9e5d70a037730fc,30810,2,documentary_or_repository_source_snapshot,json,atlas/research/cytokine_expansion/snapshots/search01.json,c190f9e5d70a037730fcfa287ffaa83dcbe492fe94a66b484bb56ae9d1c13d8e
"[""atlas/provenance/environment.json"",""atlas/releases/0.1.0/input_snapshot/provenance/environment.json"",""atlas/releases/0.2.0/input_snapshot/provenance/environment.json"",""atlas/releases/0.2.0/input_snapshot/releases/0.1.0/input_snapshot/provenance/environment.json""]",ASSET_c194490463c5bea2fe35,420,4,structured_curation_or_provenance,json,atlas/provenance/environment.json,c194490463c5bea2fe3500765879bf6926257ea9565591fb6249597fc35f7619
"[""atlas/research/mechanisms_antigen/snapshots/MP_Landmann2001.txt"",""atlas/candidates/0.3.0/input_snapshot/research/mechanisms_antigen/snapshots/MP_Landmann2001.txt""]",ASSET_c2d32ec398e3f86baf52,73742,2,documentary_or_repository_source_snapshot,txt,atlas/research/mechanisms_antigen/snapshots/MP_Landmann2001.txt,c2d32ec398e3f86baf5293dedc860da80c45c6112dec35285a3595d08c9c8e18
"[""atlas/research/genomic/snapshots/Gsearch3_retrieval.txt"",""atlas/releases/0.1.0/input_snapshot/research/genomic/snapshots/Gsearch3_retrieval.txt"",""atlas/releases/0.2.0/input_snapshot/research/genomic/snapshots/Gsearch3_retrieval.txt"",""atlas/releases/0.2.0/input_snapshot/releases/0.1.0/input_snapshot/research/genomic/snapshots/Gsearch3_retrieval.txt""]",ASSET_c2ee108de1f9a82dd9eb,29424,4,documentary_or_repository_source_snapshot,txt,atlas/research/genomic/snapshots/Gsearch3_retrieval.txt,c2ee108de1f9a82dd9eb49b08fa21b2fb13675c5d420f03518edf8ee3dd0d5ce
"[""atlas/research/references/pubmed_entity_LTA.request.json"",""atlas/releases/0.1.0/input_snapshot/research/references/pubmed_entity_LTA.request.json"",""atlas/releases/0.2.0/input_snapshot/research/references/pubmed_entity_LTA.request.json"",""atlas/releases/0.2.0/input_snapshot/releases/0.1.0/input_snapshot/research/references/pubmed_entity_LTA.request.json""]",ASSET_c35ed814e7fee5cd6680,457,4,resource_metadata_snapshot,json,atlas/research/references/pubmed_entity_LTA.request.json,c35ed814e7fee5cd6680d4520178ca2a7fe69c96c38be0dddaea30fbf736da28
"[""atlas/research/proteomic/snapshots/search2.json"",""atlas/releases/0.1.0/input_snapshot/research/proteomic/snapshots/search2.json"",""atlas/releases/0.2.0/input_snapshot/research/proteomic/snapshots/search2.json"",""atlas/releases/0.2.0/input_snapshot/releases/0.1.0/input_snapshot/research/proteomic/snapshots/search2.json""]",ASSET_c36ddae22b9a23b76294,35069,4,documentary_or_repository_source_snapshot,json,atlas/research/proteomic/snapshots/search2.json,c36ddae22b9a23b7629464d463ff95f1dd78797965b8399f570a3fcfcbca53b3
"[""atlas/data/release_config.json"",""atlas/releases/0.2.0/input_snapshot/data/release_config.json""]",ASSET_c377d1a69e6f86164f11,321,2,structured_curation_or_provenance,json,atlas/data/release_config.json,c377d1a69e6f86164f11a91ab5d3cd5dea942c4949ad7fcce017c5f828279fe3
"[""atlas/research/fulltext_followup/retrieval.json"",""atlas/releases/0.2.0/input_snapshot/research/fulltext_followup/retrieval.json""]",ASSET_c58ed1d31cf7c9325d93,509,2,structured_curation_or_provenance,json,atlas/research/fulltext_followup/retrieval.json,c58ed1d31cf7c9325d93a1bb3211132d894df64c28346e4839adc3a131f717b2
"[""atlas/research/genomic/build_pack.py"",""atlas/releases/0.1.0/input_snapshot/research/genomic/build_pack.py"",""atlas/releases/0.2.0/input_snapshot/research/genomic/build_pack.py"",""atlas/releases/0.2.0/input_snapshot/releases/0.1.0/input_snapshot/research/genomic/build_pack.py""]",ASSET_c5c16d971068920ab8ed,38388,4,code_or_environment_specification,py,atlas/research/genomic/build_pack.py,c5c16d971068920ab8ed242c4c43b4ad096e2df814e06db953b0e7bba06bf686
"[""atlas/research/references/resource_12.html"",""atlas/releases/0.1.0/input_snapshot/research/references/resource_12.html"",""atlas/releases/0.2.0/input_snapshot/research/references/resource_12.html"",""atlas/releases/0.2.0/input_snapshot/releases/0.1.0/input_snapshot/research/references/resource_12.html""]",ASSET_c5d8d124691dc870f34d,181473,4,other_artifact,html,atlas/research/references/resource_12.html,c5d8d124691dc870f34d7ce74e77a4b047fccc8b76249c6489c5e29456f29b9e
"[""atlas/research/cytokine_expansion/pack.json"",""atlas/releases/0.2.0/input_snapshot/research/cytokine_expansion/pack.json""]",ASSET_c5e092d0622df616967d,83883,2,curated_evidence_extraction,json,atlas/research/cytokine_expansion/pack.json,c5e092d0622df616967d847dfc3ca0fc53b04f33ad0536d0c254de1f51d59474
"[""atlas/releases/0.2.0/datasets.csv""]",ASSET_c62439f453c8d25c6169,6549,1,derived_atlas_table_or_database,csv,atlas/releases/0.2.0/datasets.csv,c62439f453c8d25c6169d984f87be309a32fd971062da082ce1cbaa8fbf336df
"[""atlas/research/cytokine_inventory/reviewed.response.json"",""atlas/candidates/0.3.0/input_snapshot/research/cytokine_inventory/reviewed.response.json""]",ASSET_c6d6c365aa2cc4c0dac8,329,2,structured_curation_or_provenance,json,atlas/research/cytokine_inventory/reviewed.response.json,c6d6c365aa2cc4c0dac8d7be4b6bc9da370f44213fc1a6e6ed692a02f5854b58
"[""atlas/research/references/search_registry.json"",""atlas/releases/0.1.0/input_snapshot/research/references/search_registry.json"",""atlas/releases/0.2.0/input_snapshot/research/references/search_registry.json"",""atlas/releases/0.2.0/input_snapshot/releases/0.1.0/input_snapshot/research/references/search_registry.json""]",ASSET_c766bbe8727bd126588c,28950,4,resource_metadata_snapshot,json,atlas/research/references/search_registry.json,c766bbe8727bd126588cc440a4404fb99b33c09250fff65f76d9b6fcec5aa171
"[""atlas/research/references/pubmed_entity_IL17A.response.json"",""atlas/releases/0.1.0/input_snapshot/research/references/pubmed_entity_IL17A.response.json"",""atlas/releases/0.2.0/input_snapshot/research/references/pubmed_entity_IL17A.response.json"",""atlas/releases/0.2.0/input_snapshot/releases/0.1.0/input_snapshot/research/references/pubmed_entity_IL17A.response.json""]",ASSET_c7dd1478c81b179347a4,429,4,resource_metadata_snapshot,json,atlas/research/references/pubmed_entity_IL17A.response.json,c7dd1478c81b179347a478c56ff495d669eb0b286b14349f5c8099055b516d1c
"[""atlas/releases/0.1.0/molecular_qtls.csv"",""atlas/releases/0.2.0/molecular_qtls.csv"",""atlas/releases/0.2.0/input_snapshot/releases/0.1.0/molecular_qtls.csv""]",ASSET_c7e7f09fd2441c9fc2bc,1284,3,derived_atlas_table_or_database,csv,atlas/releases/0.1.0/molecular_qtls.csv,c7e7f09fd2441c9fc2bcc4da2048d019651d664f4bd3b87b0c93860502b1286f
"[""atlas/research/mechanisms_antigen/snapshots/MP_deLaSalle2002.txt"",""atlas/candidates/0.3.0/input_snapshot/research/mechanisms_antigen/snapshots/MP_deLaSalle2002.txt""]",ASSET_c82cd173b053073a0f10,38232,2,documentary_or_repository_source_snapshot,txt,atlas/research/mechanisms_antigen/snapshots/MP_deLaSalle2002.txt,c82cd173b053073a0f104823bc1236ecb15c2913c7a6dadb57982f6a38231642
"[""atlas/research/mechanisms_activation/snapshots/MA_S06_full.txt"",""atlas/candidates/0.3.0/input_snapshot/research/mechanisms_activation/snapshots/MA_S06_full.txt""]",ASSET_c83609107e9fb39e58eb,43356,2,documentary_or_repository_source_snapshot,txt,atlas/research/mechanisms_activation/snapshots/MA_S06_full.txt,c83609107e9fb39e58eb4f9486f2c76e65ca656a9edc24ca01e92893afa5544c
"[""atlas/data/scoring_annotations.json"",""atlas/releases/0.2.0/input_snapshot/data/scoring_annotations.json""]",ASSET_c9427d29507c69ae68c0,213379,2,structured_curation_or_provenance,json,atlas/data/scoring_annotations.json,c9427d29507c69ae68c0c031b0a9f1904e338172a6ce9d6f52185b2998dcc132
"[""atlas/research/chemokine_expansion/snapshots/search1.json"",""atlas/releases/0.2.0/input_snapshot/research/chemokine_expansion/snapshots/search1.json""]",ASSET_c9f95422a19306c646f0,30527,2,documentary_or_repository_source_snapshot,json,atlas/research/chemokine_expansion/snapshots/search1.json,c9f95422a19306c646f0da293128cedb1cc58ea8d2859a9fbd75ddba4beed402
"[""atlas/research/genomic/snapshots/G01_fulltext.html"",""atlas/releases/0.1.0/input_snapshot/research/genomic/snapshots/G01_fulltext.html"",""atlas/releases/0.2.0/input_snapshot/research/genomic/snapshots/G01_fulltext.html"",""atlas/releases/0.2.0/input_snapshot/releases/0.1.0/input_snapshot/research/genomic/snapshots/G01_fulltext.html""]",ASSET_ca2b3158a5ede8d44f8d,247423,4,documentary_or_repository_source_snapshot,html,atlas/research/genomic/snapshots/G01_fulltext.html,ca2b3158a5ede8d44f8def50e8c0ebe859f9744a1eb8f6fa8567d8da77f6ee47
"[""atlas/candidates/0.3.0/input_manifest.json""]",ASSET_caf517ae7f3701133f36,16560,1,structured_curation_or_provenance,json,atlas/candidates/0.3.0/input_manifest.json,caf517ae7f3701133f3664999e0d2a95a02873efe0aa008424d40f307d24f139
"[""atlas/research/references/uniprot_CCL22.json"",""atlas/releases/0.1.0/input_snapshot/research/references/uniprot_CCL22.json"",""atlas/releases/0.2.0/input_snapshot/research/references/uniprot_CCL22.json"",""atlas/releases/0.2.0/input_snapshot/releases/0.1.0/input_snapshot/research/references/uniprot_CCL22.json""]",ASSET_cbd6c304448f3d236dde,59340,4,resource_metadata_snapshot,json,atlas/research/references/uniprot_CCL22.json,cbd6c304448f3d236ddefa0726c93c66b5a45392ba11605cdfb380f10cd8a514
"[""atlas/research/references/resource_registry.json"",""atlas/releases/0.1.0/input_snapshot/research/references/resource_registry.json"",""atlas/releases/0.2.0/input_snapshot/research/references/resource_registry.json"",""atlas/releases/0.2.0/input_snapshot/releases/0.1.0/input_snapshot/research/references/resource_registry.json""]",ASSET_cc79d8951673d79435be,12630,4,resource_metadata_snapshot,json,atlas/research/references/resource_registry.json,cc79d8951673d79435be85d55612c0aeb5a64110d232eee3a709ce11302a2a83
"[""atlas/research/receptor_expansion/snapshots/xre_searchopen3.json"",""atlas/releases/0.2.0/input_snapshot/research/receptor_expansion/snapshots/xre_searchopen3.json""]",ASSET_ccd83038c6bdab477829,31328,2,documentary_or_repository_source_snapshot,json,atlas/research/receptor_expansion/snapshots/xre_searchopen3.json,ccd83038c6bdab4778293505999577cc43d15b65da91d68d9c2f6f33ad72b9b6
"[""atlas/research/references/uniprot_IL17A.request.json"",""atlas/releases/0.1.0/input_snapshot/research/references/uniprot_IL17A.request.json"",""atlas/releases/0.2.0/input_snapshot/research/references/uniprot_IL17A.request.json"",""atlas/releases/0.2.0/input_snapshot/releases/0.1.0/input_snapshot/research/references/uniprot_IL17A.request.json""]",ASSET_cceebb4396ecc3cf6b41,340,4,resource_metadata_snapshot,json,atlas/research/references/uniprot_IL17A.request.json,cceebb4396ecc3cf6b41b2449c0194d72fcd5fcd81dd0f9ab77dfa43450a0dfd
"[""atlas/research/receptor_expansion/snapshots/root_search4.json"",""atlas/releases/0.2.0/input_snapshot/research/receptor_expansion/snapshots/root_search4.json""]",ASSET_ccfcd43e5006ee92b92f,32749,2,documentary_or_repository_source_snapshot,json,atlas/research/receptor_expansion/snapshots/root_search4.json,ccfcd43e5006ee92b92f23b75a4091bff9933ad10f7be1568aa0ac806c9a5039
"[""atlas/research/references/pubmed_entity_IL10.json"",""atlas/releases/0.1.0/input_snapshot/research/references/pubmed_entity_IL10.json"",""atlas/releases/0.2.0/input_snapshot/research/references/pubmed_entity_IL10.json"",""atlas/releases/0.2.0/input_snapshot/releases/0.1.0/input_snapshot/research/references/pubmed_entity_IL10.json""]",ASSET_cd2083b32799520db951,3160,4,resource_metadata_snapshot,json,atlas/research/references/pubmed_entity_IL10.json,cd2083b32799520db9512d73a67037469b6f7edd25c57d3e71c4ce17f174ef03
"[""atlas/research/genomic/notes.md"",""atlas/releases/0.1.0/input_snapshot/research/genomic/notes.md"",""atlas/releases/0.2.0/input_snapshot/research/genomic/notes.md"",""atlas/releases/0.2.0/input_snapshot/releases/0.1.0/input_snapshot/research/genomic/notes.md""]",ASSET_cd2b8db162a50583adad,6753,4,documentation_or_protocol,md,atlas/research/genomic/notes.md,cd2b8db162a50583adada1fff37a68232262ef6903f8b2b75c665f62b412bf63
"[""atlas/research/references/resource_15.html"",""atlas/releases/0.1.0/input_snapshot/research/references/resource_15.html"",""atlas/releases/0.2.0/input_snapshot/research/references/resource_15.html"",""atlas/releases/0.2.0/input_snapshot/releases/0.1.0/input_snapshot/research/references/resource_15.html""]",ASSET_cda8f7e324124dbe19fd,21263,4,other_artifact,html,atlas/research/references/resource_15.html,cda8f7e324124dbe19fd1d8f88e8b9c943bde9401e736dcbbd0c796f0bb18731
"[""atlas/research/cytokine/snapshots/PMC10781646.xml"",""atlas/releases/0.1.0/input_snapshot/research/cytokine/snapshots/PMC10781646.xml"",""atlas/releases/0.2.0/input_snapshot/research/cytokine/snapshots/PMC10781646.xml"",""atlas/releases/0.2.0/input_snapshot/releases/0.1.0/input_snapshot/research/cytokine/snapshots/PMC10781646.xml""]",ASSET_cdeefd81ddec026ccc32,171779,4,documentary_or_repository_source_snapshot,xml,atlas/research/cytokine/snapshots/PMC10781646.xml,cdeefd81ddec026ccc32292d2ff428312e9331187217f2baf95b73386227a133
"[""atlas/research/references/uniprot_IL12A.json"",""atlas/releases/0.1.0/input_snapshot/research/references/uniprot_IL12A.json"",""atlas/releases/0.2.0/input_snapshot/research/references/uniprot_IL12A.json"",""atlas/releases/0.2.0/input_snapshot/releases/0.1.0/input_snapshot/research/references/uniprot_IL12A.json""]",ASSET_ce089ec46e6ee82b91bd,85657,4,resource_metadata_snapshot,json,atlas/research/references/uniprot_IL12A.json,ce089ec46e6ee82b91bdf4a3f8e1263c83baaeb28081dd8eaed5ffd1b959a022
"[""atlas/research/references/uniprot_CCL13.response.json"",""atlas/releases/0.1.0/input_snapshot/research/references/uniprot_CCL13.response.json"",""atlas/releases/0.2.0/input_snapshot/research/references/uniprot_CCL13.response.json"",""atlas/releases/0.2.0/input_snapshot/releases/0.1.0/input_snapshot/research/references/uniprot_CCL13.response.json""]",ASSET_ce13a37b6e48cc3350e1,1003,4,resource_metadata_snapshot,json,atlas/research/references/uniprot_CCL13.response.json,ce13a37b6e48cc3350e10d89797cc3dfdd5000c5eff104fc2aa9f5ccafac6b46
"[""atlas/tests/test_release_lifecycle.py"",""atlas/releases/0.2.0/input_snapshot/tests/test_release_lifecycle.py""]",ASSET_cef4a9ecac01e374653a,5976,2,code_or_environment_specification,py,atlas/tests/test_release_lifecycle.py,cef4a9ecac01e374653aecc7fb1e11bc7a2f20779e992dfe9a596e22499ac731
"[""atlas/research/fulltext_followup/genomic_curation_proposal.json"",""atlas/releases/0.2.0/input_snapshot/research/fulltext_followup/genomic_curation_proposal.json""]",ASSET_cfe0351bc71cf4ff9c04,8821,2,structured_curation_or_provenance,json,atlas/research/fulltext_followup/genomic_curation_proposal.json,cfe0351bc71cf4ff9c043df16ac50dc2700fcc6ed635a565219c7a91810e7e78
"[""atlas/releases/0.2.0/screening_decisions.csv""]",ASSET_d0286a578563c5ccf4c8,9432,1,derived_atlas_table_or_database,csv,atlas/releases/0.2.0/screening_decisions.csv,d0286a578563c5ccf4c87501c4ce9d4ebe9810b5204254d452ab6c36980fd277
"[""atlas/research/review_cytokine_0.2.json"",""atlas/releases/0.2.0/input_snapshot/research/review_cytokine_0.2.json""]",ASSET_d092e1e7166dda5a7cbd,11248,2,structured_curation_or_provenance,json,atlas/research/review_cytokine_0.2.json,d092e1e7166dda5a7cbd91c6a2f38e5fb0acf9f7734368bea0a6f89969782071
"[""atlas/research/mechanisms_antigen/snapshots/MP_primary_details4.json"",""atlas/candidates/0.3.0/input_snapshot/research/mechanisms_antigen/snapshots/MP_primary_details4.json""]",ASSET_d0932ca22fbd774e35e2,31412,2,documentary_or_repository_source_snapshot,json,atlas/research/mechanisms_antigen/snapshots/MP_primary_details4.json,d0932ca22fbd774e35e2b2b1934b8bc12d7251ffe36571b2582678224db0e3ce
"[""atlas/research/references/pubmed_entity_IL1B.request.json"",""atlas/releases/0.1.0/input_snapshot/research/references/pubmed_entity_IL1B.request.json"",""atlas/releases/0.2.0/input_snapshot/research/references/pubmed_entity_IL1B.request.json"",""atlas/releases/0.2.0/input_snapshot/releases/0.1.0/input_snapshot/research/references/pubmed_entity_IL1B.request.json""]",ASSET_d22720216e50c7fc3b7e,459,4,resource_metadata_snapshot,json,atlas/research/references/pubmed_entity_IL1B.request.json,d22720216e50c7fc3b7e9e346be19a98025b7c1e8b36fd243485126abfbd73e9
"[""atlas/research/proteomic/snapshots/search3.json"",""atlas/releases/0.1.0/input_snapshot/research/proteomic/snapshots/search3.json"",""atlas/releases/0.2.0/input_snapshot/research/proteomic/snapshots/search3.json"",""atlas/releases/0.2.0/input_snapshot/releases/0.1.0/input_snapshot/research/proteomic/snapshots/search3.json""]",ASSET_d260164e0a42a3745b81,32815,4,documentary_or_repository_source_snapshot,json,atlas/research/proteomic/snapshots/search3.json,d260164e0a42a3745b81ed951ec79917069e2e2456f01abcd06e079dd40a665b
"[""atlas/research/references/uniprot_CCL3.response.json"",""atlas/releases/0.1.0/input_snapshot/research/references/uniprot_CCL3.response.json"",""atlas/releases/0.2.0/input_snapshot/research/references/uniprot_CCL3.response.json"",""atlas/releases/0.2.0/input_snapshot/releases/0.1.0/input_snapshot/research/references/uniprot_CCL3.response.json""]",ASSET_d298dcef503158bbffba,1026,4,resource_metadata_snapshot,json,atlas/research/references/uniprot_CCL3.response.json,d298dcef503158bbffbafc91ff3ed4ba57c4cba3faf1403624edfb0baf8ab16c
"[""atlas/research/proteomic/snapshots/search6.json"",""atlas/releases/0.1.0/input_snapshot/research/proteomic/snapshots/search6.json"",""atlas/releases/0.2.0/input_snapshot/research/proteomic/snapshots/search6.json"",""atlas/releases/0.2.0/input_snapshot/releases/0.1.0/input_snapshot/research/proteomic/snapshots/search6.json""]",ASSET_d2d45217330507e9ce64,33815,4,documentary_or_repository_source_snapshot,json,atlas/research/proteomic/snapshots/search6.json,d2d45217330507e9ce6478d4746c0fc846095aba894ee68f4d80b72949008f39
"[""atlas/data/reviewed_expansion_packs.json"",""atlas/releases/0.2.0/input_snapshot/data/reviewed_expansion_packs.json""]",ASSET_d2e2114c5fe0c4c1d002,5001,2,structured_curation_or_provenance,json,atlas/data/reviewed_expansion_packs.json,d2e2114c5fe0c4c1d002719e7c09a1c823e3e2b21463d52ac447db2e0ca869a4
"[""atlas/releases/0.2.0/cell_states.csv""]",ASSET_d30456e1d065ed2b1653,6472,1,derived_atlas_table_or_database,csv,atlas/releases/0.2.0/cell_states.csv,d30456e1d065ed2b16532502d6e71b866c8a22d4898896ae53882d93dec765ca
"[""atlas/releases/0.2.0/EVIDENCE_ATLAS.md""]",ASSET_d3167202dd3f3ad55a17,77472,1,documentation_or_protocol,md,atlas/releases/0.2.0/EVIDENCE_ATLAS.md,d3167202dd3f3ad55a179a9aa087eb1994e6991968f94d6aa839e679ad5ef533
"[""atlas/data/project_checklist.json"",""atlas/releases/0.2.0/input_snapshot/data/project_checklist.json""]",ASSET_d32147fae1a3fcbd9503,26911,2,structured_curation_or_provenance,json,atlas/data/project_checklist.json,d32147fae1a3fcbd9503eeb8b2ab914b70af7e346b3aaadfd442640c77c807eb
"[""atlas/research/references/uniprot_IL4.json"",""atlas/releases/0.1.0/input_snapshot/research/references/uniprot_IL4.json"",""atlas/releases/0.2.0/input_snapshot/research/references/uniprot_IL4.json"",""atlas/releases/0.2.0/input_snapshot/releases/0.1.0/input_snapshot/research/references/uniprot_IL4.json""]",ASSET_d356080c4ed94add51e6,116062,4,resource_metadata_snapshot,json,atlas/research/references/uniprot_IL4.json,d356080c4ed94add51e600bb3a563628a9dc099bedf5c3d95372da7b290ab2cf
"[""atlas/research/receptor_expansion/snapshots/root_il12_candidates.json"",""atlas/releases/0.2.0/input_snapshot/research/receptor_expansion/snapshots/root_il12_candidates.json""]",ASSET_d3b985ddc0e259257c6d,31040,2,documentary_or_repository_source_snapshot,json,atlas/research/receptor_expansion/snapshots/root_il12_candidates.json,d3b985ddc0e259257c6d8b931eed03d02515285e91c809d5a526670a32336259
"[""atlas/research/mechanisms_antigen/snapshots/MP_Restifo1996.html"",""atlas/candidates/0.3.0/input_snapshot/research/mechanisms_antigen/snapshots/MP_Restifo1996.html""]",ASSET_d3c2b5bf1562aa290e43,214225,2,documentary_or_repository_source_snapshot,html,atlas/research/mechanisms_antigen/snapshots/MP_Restifo1996.html,d3c2b5bf1562aa290e430d603f9741c2d0f4980319999d6c9a72a689b16d22e7
"[""atlas/RUNNING.md"",""atlas/candidates/0.3.0/input_snapshot/RUNNING.md""]",ASSET_d4e6cca40d9f4f6d7bb7,11574,2,documentation_or_protocol,md,atlas/RUNNING.md,d4e6cca40d9f4f6d7bb764e8c2cb233192e2eb1e47ec11bf8524e8c0f40d038a
"[""atlas/research/references/uniprot_IL12B.request.json"",""atlas/releases/0.1.0/input_snapshot/research/references/uniprot_IL12B.request.json"",""atlas/releases/0.2.0/input_snapshot/research/references/uniprot_IL12B.request.json"",""atlas/releases/0.2.0/input_snapshot/releases/0.1.0/input_snapshot/research/references/uniprot_IL12B.request.json""]",ASSET_d4ef11bf582c7ac00674,340,4,resource_metadata_snapshot,json,atlas/research/references/uniprot_IL12B.request.json,d4ef11bf582c7ac00674d2d0fcd605f455609ef3a19aeddda565d5d039bac895
"[""atlas/research/genomic/snapshots/G01_open.txt"",""atlas/releases/0.1.0/input_snapshot/research/genomic/snapshots/G01_open.txt"",""atlas/releases/0.2.0/input_snapshot/research/genomic/snapshots/G01_open.txt"",""atlas/releases/0.2.0/input_snapshot/releases/0.1.0/input_snapshot/research/genomic/snapshots/G01_open.txt""]",ASSET_d4efbae49f1d84743f6b,31912,4,documentary_or_repository_source_snapshot,txt,atlas/research/genomic/snapshots/G01_open.txt,d4efbae49f1d84743f6be185db85a5536c70e59e499031cd474179a7a648bd11
"[""atlas/research/chemokine_expansion/snapshots/ScalleyKim2012_chrome.txt"",""atlas/releases/0.2.0/input_snapshot/research/chemokine_expansion/snapshots/ScalleyKim2012_chrome.txt""]",ASSET_d51cd8c1af55301b05ea,5105,2,documentary_or_repository_source_snapshot,txt,atlas/research/chemokine_expansion/snapshots/ScalleyKim2012_chrome.txt,d51cd8c1af55301b05ea981a56e9253281df189c09da41cf274fba0d4b21c5ea
"[""atlas/research/mechanisms_activation/snapshots/MA_S04_full.txt"",""atlas/candidates/0.3.0/input_snapshot/research/mechanisms_activation/snapshots/MA_S04_full.txt""]",ASSET_d58269eec27f9e8555e1,76403,2,documentary_or_repository_source_snapshot,txt,atlas/research/mechanisms_activation/snapshots/MA_S04_full.txt,d58269eec27f9e8555e1aaea766e5e091f300fcb277883776cd8ad6538266895
"[""atlas/releases/0.2.0/input_snapshot/reports/PROJECT_STATUS.md""]",ASSET_d6078069c35628de344b,21345,1,documentation_or_protocol,md,atlas/releases/0.2.0/input_snapshot/reports/PROJECT_STATUS.md,d6078069c35628de344b5f7fb4dfe5755bdd65e747cf873247a60cf78c103dc1
"[""atlas/research/proteomic/review_response.json"",""atlas/releases/0.1.0/input_snapshot/research/proteomic/review_response.json"",""atlas/releases/0.2.0/input_snapshot/research/proteomic/review_response.json"",""atlas/releases/0.2.0/input_snapshot/releases/0.1.0/input_snapshot/research/proteomic/review_response.json""]",ASSET_d660342dd7a2717013ab,7992,4,structured_curation_or_provenance,json,atlas/research/proteomic/review_response.json,d660342dd7a2717013ab255b670020c4bb12f7d3145d844594a3918789cc3605
"[""atlas/releases/0.2.0/qc.json""]",ASSET_d6647b793a307cf1cd69,1771,1,structured_curation_or_provenance,json,atlas/releases/0.2.0/qc.json,d6647b793a307cf1cd69668c82d0065f528433529fdb9cda566338265e4dc460
"[""atlas/research/cytokine/snapshots/open7.json"",""atlas/releases/0.1.0/input_snapshot/research/cytokine/snapshots/open7.json"",""atlas/releases/0.2.0/input_snapshot/research/cytokine/snapshots/open7.json"",""atlas/releases/0.2.0/input_snapshot/releases/0.1.0/input_snapshot/research/cytokine/snapshots/open7.json""]",ASSET_d69e2f5591bbb0d719e3,29126,4,documentary_or_repository_source_snapshot,json,atlas/research/cytokine/snapshots/open7.json,d69e2f5591bbb0d719e3db4aad2e86b2dd19f2c77052ca1f2b9a6b87856eba42
"[""atlas/candidates/0.3.0/REVIEW_PACKET.md""]",ASSET_d754684642209ca682fd,51754,1,documentation_or_protocol,md,atlas/candidates/0.3.0/REVIEW_PACKET.md,d754684642209ca682fd4ed941d16169c2f090c8c159378e250943a8edf5a1fd
"[""atlas/research/cytokine_expansion/screening.json"",""atlas/releases/0.2.0/input_snapshot/research/cytokine_expansion/screening.json""]",ASSET_d89ebac67e5ccbca31c2,27211,2,structured_curation_or_provenance,json,atlas/research/cytokine_expansion/screening.json,d89ebac67e5ccbca31c2728f47466d997dd4646cbdeb68643d115809d4394935
"[""atlas/research/chemokine_expansion/snapshots/followup_search8.json"",""atlas/releases/0.2.0/input_snapshot/research/chemokine_expansion/snapshots/followup_search8.json""]",ASSET_d90445a624cf5562ee6c,30223,2,documentary_or_repository_source_snapshot,json,atlas/research/chemokine_expansion/snapshots/followup_search8.json,d90445a624cf5562ee6c9ac4f985c3c43cff3ca916dceac7a8dabadf04465b9b
"[""atlas/research/references/pubmed_entity_TNF.request.json"",""atlas/releases/0.1.0/input_snapshot/research/references/pubmed_entity_TNF.request.json"",""atlas/releases/0.2.0/input_snapshot/research/references/pubmed_entity_TNF.request.json"",""atlas/releases/0.2.0/input_snapshot/releases/0.1.0/input_snapshot/research/references/pubmed_entity_TNF.request.json""]",ASSET_d9390a7dc1fc88c75abb,457,4,resource_metadata_snapshot,json,atlas/research/references/pubmed_entity_TNF.request.json,d9390a7dc1fc88c75abb30aeef0c180b31391e0ebef49d1a1e9f07661cb07d4b
"[""atlas/research/cytokine_expansion/snapshots/PMC6581624_selected.txt"",""atlas/releases/0.2.0/input_snapshot/research/cytokine_expansion/snapshots/PMC6581624_selected.txt""]",ASSET_d9a5bdf7302e77e310d7,3489,2,documentary_or_repository_source_snapshot,txt,atlas/research/cytokine_expansion/snapshots/PMC6581624_selected.txt,d9a5bdf7302e77e310d70c5f64cf23c436fa127c5d1ae4554a4e28dd33c67283
"[""atlas/research/genomic/snapshots/G02_fulltext.html"",""atlas/releases/0.1.0/input_snapshot/research/genomic/snapshots/G02_fulltext.html"",""atlas/releases/0.2.0/input_snapshot/research/genomic/snapshots/G02_fulltext.html"",""atlas/releases/0.2.0/input_snapshot/releases/0.1.0/input_snapshot/research/genomic/snapshots/G02_fulltext.html""]",ASSET_d9d79f2a8201bf96a7fa,272848,4,documentary_or_repository_source_snapshot,html,atlas/research/genomic/snapshots/G02_fulltext.html,d9d79f2a8201bf96a7fa80b68ef492f431a922ca879ab2973f9bf6c3a2a639f3
"[""atlas/research/cytokine/snapshots/open3.json"",""atlas/releases/0.1.0/input_snapshot/research/cytokine/snapshots/open3.json"",""atlas/releases/0.2.0/input_snapshot/research/cytokine/snapshots/open3.json"",""atlas/releases/0.2.0/input_snapshot/releases/0.1.0/input_snapshot/research/cytokine/snapshots/open3.json""]",ASSET_d9dc26428e7fdb7e067a,32396,4,documentary_or_repository_source_snapshot,json,atlas/research/cytokine/snapshots/open3.json,d9dc26428e7fdb7e067a2d228206337b4b6aba480806b652b8c26392a1f17458
"[""atlas/research/chemokine_expansion/snapshots/Provost2013_chrome.txt"",""atlas/releases/0.2.0/input_snapshot/research/chemokine_expansion/snapshots/Provost2013_chrome.txt""]",ASSET_db3e82e3879360f1ab9b,9508,2,documentary_or_repository_source_snapshot,txt,atlas/research/chemokine_expansion/snapshots/Provost2013_chrome.txt,db3e82e3879360f1ab9bc229f9b2f0c4338afe6d2226502fcea0d7dde57bce51
"[""atlas/research/references/uniprot_IL15.request.json"",""atlas/releases/0.1.0/input_snapshot/research/references/uniprot_IL15.request.json"",""atlas/releases/0.2.0/input_snapshot/research/references/uniprot_IL15.request.json"",""atlas/releases/0.2.0/input_snapshot/releases/0.1.0/input_snapshot/research/references/uniprot_IL15.request.json""]",ASSET_dbf3ae371de6bcc59d7d,338,4,resource_metadata_snapshot,json,atlas/research/references/uniprot_IL15.request.json,dbf3ae371de6bcc59d7db726f1d8334354ba965bb5f39db31be158b9ace077a5
"[""atlas/research/mechanisms_activation/finalize.py"",""atlas/candidates/0.3.0/input_snapshot/research/mechanisms_activation/finalize.py""]",ASSET_dc9d1d41209113ee2273,16327,2,code_or_environment_specification,py,atlas/research/mechanisms_activation/finalize.py,dc9d1d41209113ee227398ef362ace2c58ac6c192a1e0f7feb2d0281dbf2582e
"[""atlas/provenance/candidate_preparation_0.3.json"",""atlas/candidates/0.3.0/input_snapshot/provenance/candidate_preparation_0.3.json""]",ASSET_dcc2874175a1509559b1,3934,2,structured_curation_or_provenance,json,atlas/provenance/candidate_preparation_0.3.json,dcc2874175a1509559b16d893cffcc233d5c8c34e77ba5bcb558ed649fda7451
"[""atlas/research/references/pubmed_entity_LTA.response.json"",""atlas/releases/0.1.0/input_snapshot/research/references/pubmed_entity_LTA.response.json"",""atlas/releases/0.2.0/input_snapshot/research/references/pubmed_entity_LTA.response.json"",""atlas/releases/0.2.0/input_snapshot/releases/0.1.0/input_snapshot/research/references/pubmed_entity_LTA.response.json""]",ASSET_dd5eea4a9ed8a81315ae,427,4,resource_metadata_snapshot,json,atlas/research/references/pubmed_entity_LTA.response.json,dd5eea4a9ed8a81315aedb1429255c3cc993a62b1a0fda609e345fa72be34942
"[""atlas/research/references/uniprot_CXCL10.response.json"",""atlas/releases/0.1.0/input_snapshot/research/references/uniprot_CXCL10.response.json"",""atlas/releases/0.2.0/input_snapshot/research/references/uniprot_CXCL10.response.json"",""atlas/releases/0.2.0/input_snapshot/releases/0.1.0/input_snapshot/research/references/uniprot_CXCL10.response.json""]",ASSET_dd9d2c1f03d3ae96323d,994,4,resource_metadata_snapshot,json,atlas/research/references/uniprot_CXCL10.response.json,dd9d2c1f03d3ae96323d07e9772383f691693cf28c349e4251dbb0cc1cf54758
"[""atlas/research/references/pubmed_entity_IL10.request.json"",""atlas/releases/0.1.0/input_snapshot/research/references/pubmed_entity_IL10.request.json"",""atlas/releases/0.2.0/input_snapshot/research/references/pubmed_entity_IL10.request.json"",""atlas/releases/0.2.0/input_snapshot/releases/0.1.0/input_snapshot/research/references/pubmed_entity_IL10.request.json""]",ASSET_deb57f2cfe84002047fc,459,4,resource_metadata_snapshot,json,atlas/research/references/pubmed_entity_IL10.request.json,deb57f2cfe84002047fc4b307d4603ba9010c2f41be91cd2948e4507584d30d0
"[""atlas/research/references/uniprot_IL13.response.json"",""atlas/releases/0.1.0/input_snapshot/research/references/uniprot_IL13.response.json"",""atlas/releases/0.2.0/input_snapshot/research/references/uniprot_IL13.response.json"",""atlas/releases/0.2.0/input_snapshot/releases/0.1.0/input_snapshot/research/references/uniprot_IL13.response.json""]",ASSET_dec6b22ee436a294669c,965,4,resource_metadata_snapshot,json,atlas/research/references/uniprot_IL13.response.json,dec6b22ee436a294669cdc1e20663983ebf78edb1d5d8b1873ddd3f8af62ebcb
"[""atlas/releases/0.2.0/instruction_versions.csv""]",ASSET_df6292ebae9acdce18bc,1582,1,derived_atlas_table_or_database,csv,atlas/releases/0.2.0/instruction_versions.csv,df6292ebae9acdce18bc8055114992eac4e9dc652a76343bd70d19893784eba3
"[""atlas/research/references/uniprot_TNF.json"",""atlas/releases/0.1.0/input_snapshot/research/references/uniprot_TNF.json"",""atlas/releases/0.2.0/input_snapshot/research/references/uniprot_TNF.json"",""atlas/releases/0.2.0/input_snapshot/releases/0.1.0/input_snapshot/research/references/uniprot_TNF.json""]",ASSET_e0ff0ba226d6d35a9fff,262771,4,resource_metadata_snapshot,json,atlas/research/references/uniprot_TNF.json,e0ff0ba226d6d35a9fff2f24366edb2f7bf6bba1c8e6ae18c907f8463b2623f7
"[""atlas/research/references/uniprot_IL15.response.json"",""atlas/releases/0.1.0/input_snapshot/research/references/uniprot_IL15.response.json"",""atlas/releases/0.2.0/input_snapshot/research/references/uniprot_IL15.response.json"",""atlas/releases/0.2.0/input_snapshot/releases/0.1.0/input_snapshot/research/references/uniprot_IL15.response.json""]",ASSET_e12984c10ab56dcdbd7c,1005,4,resource_metadata_snapshot,json,atlas/research/references/uniprot_IL15.response.json,e12984c10ab56dcdbd7c6ffddadb9c06cf1d5f97e5877030a3c9860b17fe59a4
"[""atlas/research/references/uniprot_IL5.response.json"",""atlas/releases/0.1.0/input_snapshot/research/references/uniprot_IL5.response.json"",""atlas/releases/0.2.0/input_snapshot/research/references/uniprot_IL5.response.json"",""atlas/releases/0.2.0/input_snapshot/releases/0.1.0/input_snapshot/research/references/uniprot_IL5.response.json""]",ASSET_e1500ac4b76ed5d9a2a6,970,4,resource_metadata_snapshot,json,atlas/research/references/uniprot_IL5.response.json,e1500ac4b76ed5d9a2a682446d54b1f30eb4cf22ac969096bcdabdbcdfc03844
"[""atlas/research/mechanisms_antigen/snapshots/MP_download_log.json"",""atlas/candidates/0.3.0/input_snapshot/research/mechanisms_antigen/snapshots/MP_download_log.json""]",ASSET_e15eef36f77da0a050fb,1177,2,documentary_or_repository_source_snapshot,json,atlas/research/mechanisms_antigen/snapshots/MP_download_log.json,e15eef36f77da0a050fb460d200bce965301ae42ce3fce3ea7bebb8b94638ac6
"[""atlas/research/proteomic/snapshots/atlas_publisher_page.html"",""atlas/releases/0.1.0/input_snapshot/research/proteomic/snapshots/atlas_publisher_page.html"",""atlas/releases/0.2.0/input_snapshot/research/proteomic/snapshots/atlas_publisher_page.html"",""atlas/releases/0.2.0/input_snapshot/releases/0.1.0/input_snapshot/research/proteomic/snapshots/atlas_publisher_page.html""]",ASSET_e1f46d13ea56494ca9b8,444489,4,documentary_or_repository_source_snapshot,html,atlas/research/proteomic/snapshots/atlas_publisher_page.html,e1f46d13ea56494ca9b897e1b739bf8eb2ab3399d4e5e1eaa61d2e1de5a31304
"[""atlas/research/genomic/run.json"",""atlas/releases/0.1.0/input_snapshot/research/genomic/run.json"",""atlas/releases/0.2.0/input_snapshot/research/genomic/run.json"",""atlas/releases/0.2.0/input_snapshot/releases/0.1.0/input_snapshot/research/genomic/run.json""]",ASSET_e218fe9d2f370d28fbd3,3392,4,structured_curation_or_provenance,json,atlas/research/genomic/run.json,e218fe9d2f370d28fbd33bef999e207a121f7a2ae219e1538f4772f28e2c4867
"[""atlas/research/genomic/snapshots/G05c_retrieval.txt"",""atlas/releases/0.1.0/input_snapshot/research/genomic/snapshots/G05c_retrieval.txt"",""atlas/releases/0.2.0/input_snapshot/research/genomic/snapshots/G05c_retrieval.txt"",""atlas/releases/0.2.0/input_snapshot/releases/0.1.0/input_snapshot/research/genomic/snapshots/G05c_retrieval.txt""]",ASSET_e240beb3f432d6c81f72,278,4,documentary_or_repository_source_snapshot,txt,atlas/research/genomic/snapshots/G05c_retrieval.txt,e240beb3f432d6c81f722a8b92d17a34d2b462f5a30576a0686029c472a07dd5
"[""atlas/research/chemokine_expansion/snapshots/followup_search9.json"",""atlas/releases/0.2.0/input_snapshot/research/chemokine_expansion/snapshots/followup_search9.json""]",ASSET_e2637123c75f8a42f7f6,27144,2,documentary_or_repository_source_snapshot,json,atlas/research/chemokine_expansion/snapshots/followup_search9.json,e2637123c75f8a42f7f6b76bbc9fcd56bf1285b7bb22204dc55930bc4df4217d
"[""atlas/research/cytokine/pack.json"",""atlas/releases/0.1.0/input_snapshot/research/cytokine/pack.json"",""atlas/releases/0.2.0/input_snapshot/research/cytokine/pack.json"",""atlas/releases/0.2.0/input_snapshot/releases/0.1.0/input_snapshot/research/cytokine/pack.json""]",ASSET_e270f0cca18d05dcf0a1,81102,4,curated_evidence_extraction,json,atlas/research/cytokine/pack.json,e270f0cca18d05dcf0a1552d5144c79081b7532d7c76fb6f963e52e6c6d4ca8d
"[""atlas/releases/0.1.0/journal_metrics.csv"",""atlas/releases/0.2.0/journal_metrics.csv"",""atlas/releases/0.2.0/input_snapshot/releases/0.1.0/journal_metrics.csv""]",ASSET_e30a31b7ea724cdf207d,79,3,derived_atlas_table_or_database,csv,atlas/releases/0.1.0/journal_metrics.csv,e30a31b7ea724cdf207d23681cd33110d18d2d71ed94cbcf32fe9e542a05db5a
"[""atlas/research/references/uniprot_VEGFA.response.json"",""atlas/releases/0.1.0/input_snapshot/research/references/uniprot_VEGFA.response.json"",""atlas/releases/0.2.0/input_snapshot/research/references/uniprot_VEGFA.response.json"",""atlas/releases/0.2.0/input_snapshot/releases/0.1.0/input_snapshot/research/references/uniprot_VEGFA.response.json""]",ASSET_e340608c082a9276ee41,1101,4,resource_metadata_snapshot,json,atlas/research/references/uniprot_VEGFA.response.json,e340608c082a9276ee41ca4969f41e6ab27e523e5310b3009836ca77971a38c5
"[""atlas/releases/0.2.0/reproduction_check.json""]",ASSET_e41ab2607912c50f08b6,778,1,structured_curation_or_provenance,json,atlas/releases/0.2.0/reproduction_check.json,e41ab2607912c50f08b6b3920a94dd0a92c5d6d2f22f0270bf661325f88e6dca
"[""atlas/releases/0.2.0/artifact_hashes.csv""]",ASSET_e472e4d84077bef98ec8,139202,1,derived_atlas_table_or_database,csv,atlas/releases/0.2.0/artifact_hashes.csv,e472e4d84077bef98ec8ba3103005a005ccdf9c7e66258df0c75cce682998d26
"[""atlas/research/references/uniprot_IL12B.response.json"",""atlas/releases/0.1.0/input_snapshot/research/references/uniprot_IL12B.response.json"",""atlas/releases/0.2.0/input_snapshot/research/references/uniprot_IL12B.response.json"",""atlas/releases/0.2.0/input_snapshot/releases/0.1.0/input_snapshot/research/references/uniprot_IL12B.response.json""]",ASSET_e47886b0d8a9929a8260,1023,4,resource_metadata_snapshot,json,atlas/research/references/uniprot_IL12B.response.json,e47886b0d8a9929a8260610b76edc4f6accf03d02ec10b8f73e151cc37d9d28a
"[""atlas/research/mechanisms_genetic/screening.json"",""atlas/candidates/0.3.0/input_snapshot/research/mechanisms_genetic/screening.json""]",ASSET_e51db5ebcfa7d5e86698,11603,2,structured_curation_or_provenance,json,atlas/research/mechanisms_genetic/screening.json,e51db5ebcfa7d5e8669806f22524144a281833630c13ad26454878366d666e22
"[""atlas/research/mechanisms_activation/snapshots/MA_S02_full.txt"",""atlas/candidates/0.3.0/input_snapshot/research/mechanisms_activation/snapshots/MA_S02_full.txt""]",ASSET_e532abc1ae62a5bfdf84,47769,2,documentary_or_repository_source_snapshot,txt,atlas/research/mechanisms_activation/snapshots/MA_S02_full.txt,e532abc1ae62a5bfdf846d752ed8913cc4a31ec3365212e0e51d6383d4633741
"[""atlas/research/mechanisms_antigen/snapshots/MP_Kuilman2025_supplement_p12.png"",""atlas/candidates/0.3.0/input_snapshot/research/mechanisms_antigen/snapshots/MP_Kuilman2025_supplement_p12.png""]",ASSET_e5610d9d748c4f5357dc,282446,2,documentary_or_repository_source_snapshot,png,atlas/research/mechanisms_antigen/snapshots/MP_Kuilman2025_supplement_p12.png,e5610d9d748c4f5357dcaa9a8895a6b1d42b23b3e8ff4682e1b3ac1962dd0b22
"[""atlas/research/review_proteomic_curations_0.2.json"",""atlas/releases/0.2.0/input_snapshot/research/review_proteomic_curations_0.2.json""]",ASSET_e563b8372a4ca57c6629,23277,2,structured_curation_or_provenance,json,atlas/research/review_proteomic_curations_0.2.json,e563b8372a4ca57c6629e0518dbac3bf18e2ffa676838bf0295afeae2234e4c5
"[""atlas/research/proteomic/run.json"",""atlas/releases/0.1.0/input_snapshot/research/proteomic/run.json"",""atlas/releases/0.2.0/input_snapshot/research/proteomic/run.json"",""atlas/releases/0.2.0/input_snapshot/releases/0.1.0/input_snapshot/research/proteomic/run.json""]",ASSET_e5c488529be3cb6d6050,3555,4,structured_curation_or_provenance,json,atlas/research/proteomic/run.json,e5c488529be3cb6d6050ae9fffdbf14ac0bed2b3b35bf84c7eb5ce103e96bf33
"[""atlas/research/mechanisms_genetic/snapshots/MG05_fulltext.html"",""atlas/candidates/0.3.0/input_snapshot/research/mechanisms_genetic/snapshots/MG05_fulltext.html""]",ASSET_e5ed84ca9dd92d843302,407839,2,documentary_or_repository_source_snapshot,html,atlas/research/mechanisms_genetic/snapshots/MG05_fulltext.html,e5ed84ca9dd92d843302cc60d5f08169c7b7da8e2cd2ddcf3a2fb0fd46192b8a
"[""atlas/research/references/uniprot_CCL11.json"",""atlas/releases/0.1.0/input_snapshot/research/references/uniprot_CCL11.json"",""atlas/releases/0.2.0/input_snapshot/research/references/uniprot_CCL11.json"",""atlas/releases/0.2.0/input_snapshot/releases/0.1.0/input_snapshot/research/references/uniprot_CCL11.json""]",ASSET_e6a6bc43ad1949904efb,73311,4,resource_metadata_snapshot,json,atlas/research/references/uniprot_CCL11.json,e6a6bc43ad1949904efb185cb3ba96d5ed3e6a413be735617d837fe3ca79e901
"[""atlas/research/mechanisms_antigen/snapshots/MP_Restifo1996.txt"",""atlas/candidates/0.3.0/input_snapshot/research/mechanisms_antigen/snapshots/MP_Restifo1996.txt""]",ASSET_e6cf5825c0aee4697e4c,58493,2,documentary_or_repository_source_snapshot,txt,atlas/research/mechanisms_antigen/snapshots/MP_Restifo1996.txt,e6cf5825c0aee4697e4c15236f598f77d74c7fdd58a24f2d4c3b3bb2e5a9e95a
"[""atlas/research/proteomic/snapshots/search5.json"",""atlas/releases/0.1.0/input_snapshot/research/proteomic/snapshots/search5.json"",""atlas/releases/0.2.0/input_snapshot/research/proteomic/snapshots/search5.json"",""atlas/releases/0.2.0/input_snapshot/releases/0.1.0/input_snapshot/research/proteomic/snapshots/search5.json""]",ASSET_e75df81b921fa739d035,35231,4,documentary_or_repository_source_snapshot,json,atlas/research/proteomic/snapshots/search5.json,e75df81b921fa739d035d55b2eb5c6b63972b1fad1932fd7c18e05213f2fa2d4
"[""atlas/research/chemokine_expansion/snapshots/Godiska1997_chrome.txt"",""atlas/releases/0.2.0/input_snapshot/research/chemokine_expansion/snapshots/Godiska1997_chrome.txt""]",ASSET_e78920682e3c4dbae1c5,7082,2,documentary_or_repository_source_snapshot,txt,atlas/research/chemokine_expansion/snapshots/Godiska1997_chrome.txt,e78920682e3c4dbae1c53fd441be4347b1b681c57c27e4d9735588fe5df6e5db
"[""atlas/research/chemokine_expansion/snapshots/followup_search7.json"",""atlas/releases/0.2.0/input_snapshot/research/chemokine_expansion/snapshots/followup_search7.json""]",ASSET_e8f330e3389e4413aa53,30779,2,documentary_or_repository_source_snapshot,json,atlas/research/chemokine_expansion/snapshots/followup_search7.json,e8f330e3389e4413aa5389657eb1aadfb9e8f5e3b6e38b07dffc1f0244dc8453
"[""atlas/research/cytokine/biorxiv_request.json"",""atlas/releases/0.1.0/input_snapshot/research/cytokine/biorxiv_request.json"",""atlas/releases/0.2.0/input_snapshot/research/cytokine/biorxiv_request.json"",""atlas/releases/0.2.0/input_snapshot/releases/0.1.0/input_snapshot/research/cytokine/biorxiv_request.json""]",ASSET_e95c4071e75be7410181,261,4,structured_curation_or_provenance,json,atlas/research/cytokine/biorxiv_request.json,e95c4071e75be7410181bb1cf1098cc2267704653823fbfdd92b8b3ae91f47e8
"[""atlas/releases/0.2.0/input_snapshot/RUNNING.md""]",ASSET_e974b37f5d78e8286105,9038,1,documentation_or_protocol,md,atlas/releases/0.2.0/input_snapshot/RUNNING.md,e974b37f5d78e8286105c1e99a03667343aabd4aa88dcd005a9ac09a4b69f124
"[""atlas/provenance/skill_snapshots/research-router-skill.md"",""atlas/releases/0.1.0/input_snapshot/provenance/skill_snapshots/research-router-skill.md"",""atlas/releases/0.2.0/input_snapshot/provenance/skill_snapshots/research-router-skill.md"",""atlas/releases/0.2.0/input_snapshot/releases/0.1.0/input_snapshot/provenance/skill_snapshots/research-router-skill.md""]",ASSET_e9e39c6c411da80f9fd6,6046,4,documentation_or_protocol,md,atlas/provenance/skill_snapshots/research-router-skill.md,e9e39c6c411da80f9fd62a62e70cbedac2404bdcfb51ddb8fda1dc3332c7e357
"[""atlas/research/references/uniprot_IL7.request.json"",""atlas/releases/0.1.0/input_snapshot/research/references/uniprot_IL7.request.json"",""atlas/releases/0.2.0/input_snapshot/research/references/uniprot_IL7.request.json"",""atlas/releases/0.2.0/input_snapshot/releases/0.1.0/input_snapshot/research/references/uniprot_IL7.request.json""]",ASSET_ea18bf9c3f8225a7fb5f,336,4,resource_metadata_snapshot,json,atlas/research/references/uniprot_IL7.request.json,ea18bf9c3f8225a7fb5fc5432af9120c90bc512d71af3bbd10c61730182349bf
"[""atlas/research/references/uniprot_IL13.request.json"",""atlas/releases/0.1.0/input_snapshot/research/references/uniprot_IL13.request.json"",""atlas/releases/0.2.0/input_snapshot/research/references/uniprot_IL13.request.json"",""atlas/releases/0.2.0/input_snapshot/releases/0.1.0/input_snapshot/research/references/uniprot_IL13.request.json""]",ASSET_ea65d07e1684f0a53cac,338,4,resource_metadata_snapshot,json,atlas/research/references/uniprot_IL13.request.json,ea65d07e1684f0a53cacbda7b3c5b44c4baf03c6f1e433a326efb4c5bf594f06
"[""atlas/research/mechanisms_antigen/snapshots/MP_search_batch2.json"",""atlas/candidates/0.3.0/input_snapshot/research/mechanisms_antigen/snapshots/MP_search_batch2.json""]",ASSET_eaa5e91be4f0fd3f9a71,32017,2,documentary_or_repository_source_snapshot,json,atlas/research/mechanisms_antigen/snapshots/MP_search_batch2.json,eaa5e91be4f0fd3f9a71cdf10f2d9bdfcd0e6aaec0e6760792a38a024e299511
"[""atlas/releases/0.1.0/regulatory_evidence.csv"",""atlas/releases/0.2.0/regulatory_evidence.csv"",""atlas/releases/0.2.0/input_snapshot/releases/0.1.0/regulatory_evidence.csv""]",ASSET_eaed65f4fc6224aa1a7f,325,3,derived_atlas_table_or_database,csv,atlas/releases/0.1.0/regulatory_evidence.csv,eaed65f4fc6224aa1a7fe27e51c1374ff8e4e4f3cf30b2a65eaff8adf6f2282e
"[""atlas/research/fulltext_followup/proteomic_followup_methods.json"",""atlas/releases/0.2.0/input_snapshot/research/fulltext_followup/proteomic_followup_methods.json""]",ASSET_eb045f5d63885ab3b559,34267,2,structured_curation_or_provenance,json,atlas/research/fulltext_followup/proteomic_followup_methods.json,eb045f5d63885ab3b55909802a521902a35d174a50b0273e639b7efd91492663
"[""atlas/research/references/pubmed_entity_CCL26.json"",""atlas/releases/0.1.0/input_snapshot/research/references/pubmed_entity_CCL26.json"",""atlas/releases/0.2.0/input_snapshot/research/references/pubmed_entity_CCL26.json"",""atlas/releases/0.2.0/input_snapshot/releases/0.1.0/input_snapshot/research/references/pubmed_entity_CCL26.json""]",ASSET_eb70a6b50b5028bf1bf3,3159,4,resource_metadata_snapshot,json,atlas/research/references/pubmed_entity_CCL26.json,eb70a6b50b5028bf1bf3f204f8b82712f1584e1f164cb7251a9c33befef04720
"[""atlas/releases/0.2.0/coverage_gaps.csv""]",ASSET_ec0b3e636b90f731e114,17183,1,derived_atlas_table_or_database,csv,atlas/releases/0.2.0/coverage_gaps.csv,ec0b3e636b90f731e1149a189b2740679a62ddf0f1566c41a1da460eb79fc1c3
"[""atlas/research/cytokine_inventory/probe.request.json"",""atlas/candidates/0.3.0/input_snapshot/research/cytokine_inventory/probe.request.json""]",ASSET_ec3c61403e02315e7080,490,2,structured_curation_or_provenance,json,atlas/research/cytokine_inventory/probe.request.json,ec3c61403e02315e70809e1c26fe85e568cd4f80cd4113ae3241f0ade66ed009
"[""atlas/releases/0.1.0/instruction_versions.csv"",""atlas/releases/0.2.0/input_snapshot/releases/0.1.0/instruction_versions.csv""]",ASSET_ec9b6efea3104b853a26,1286,2,derived_atlas_table_or_database,csv,atlas/releases/0.1.0/instruction_versions.csv,ec9b6efea3104b853a26b083e8c6386816ba50d9a74721a97a3d954bafa9edc4
"[""atlas/scripts/retrieve_references.py"",""atlas/releases/0.1.0/input_snapshot/scripts/retrieve_references.py"",""atlas/releases/0.2.0/input_snapshot/scripts/retrieve_references.py"",""atlas/releases/0.2.0/input_snapshot/releases/0.1.0/input_snapshot/scripts/retrieve_references.py""]",ASSET_ed9449638e61a8664379,9377,4,code_or_environment_specification,py,atlas/scripts/retrieve_references.py,ed9449638e61a8664379b86ee44c70b29c7e887b888f6aea7365b7319905535d
"[""atlas/research/mechanisms_genetic/snapshots/MG04_CD4_results.txt"",""atlas/candidates/0.3.0/input_snapshot/research/mechanisms_genetic/snapshots/MG04_CD4_results.txt""]",ASSET_eefb8d111de51c8af999,22940,2,documentary_or_repository_source_snapshot,txt,atlas/research/mechanisms_genetic/snapshots/MG04_CD4_results.txt,eefb8d111de51c8af999499eb6455ffd064ec91549f4033b2caed4d870798be4
"[""atlas/research/chemokine_expansion/snapshots/search3.json"",""atlas/releases/0.2.0/input_snapshot/research/chemokine_expansion/snapshots/search3.json""]",ASSET_ef3ff143edd890b90064,30738,2,documentary_or_repository_source_snapshot,json,atlas/research/chemokine_expansion/snapshots/search3.json,ef3ff143edd890b90064bc16d8067a10fe3aaaaa36c47cca1b0a45c6f6898e4c
"[""atlas/releases/0.1.0/source_manifest.json"",""atlas/releases/0.2.0/input_snapshot/releases/0.1.0/source_manifest.json""]",ASSET_ef88488b240abd566868,157063,2,structured_curation_or_provenance,json,atlas/releases/0.1.0/source_manifest.json,ef88488b240abd566868033591da570f04129dc6ae08f56f2c834ae77cea2330
"[""atlas/research/cytokine_expansion/retrieval_failure.json"",""atlas/releases/0.2.0/input_snapshot/research/cytokine_expansion/retrieval_failure.json""]",ASSET_efc555ac0f5405f9e160,908,2,structured_curation_or_provenance,json,atlas/research/cytokine_expansion/retrieval_failure.json,efc555ac0f5405f9e160abf22f775773d341cf77c7b9655f1be298a8e7ced655
"[""atlas/research/review_implementation.json"",""atlas/releases/0.1.0/input_snapshot/research/review_implementation.json"",""atlas/releases/0.2.0/input_snapshot/research/review_implementation.json"",""atlas/releases/0.2.0/input_snapshot/releases/0.1.0/input_snapshot/research/review_implementation.json""]",ASSET_eff01477aa7ce0d38648,12569,4,structured_curation_or_provenance,json,atlas/research/review_implementation.json,eff01477aa7ce0d386481c336b9f53dfc43e172c66e96654a77b2098380589d8
"[""atlas/research/mechanisms_genetic/snapshots/MG05_selected_primary.txt"",""atlas/candidates/0.3.0/input_snapshot/research/mechanisms_genetic/snapshots/MG05_selected_primary.txt""]",ASSET_f250db59bc2ecf9d6619,20976,2,documentary_or_repository_source_snapshot,txt,atlas/research/mechanisms_genetic/snapshots/MG05_selected_primary.txt,f250db59bc2ecf9d6619ffacee93fb149525a7f31b5319acdb23a7c2e4cf5e57
"[""atlas/research/mechanisms_antigen/snapshots/MP_Kuilman2025.html"",""atlas/candidates/0.3.0/input_snapshot/research/mechanisms_antigen/snapshots/MP_Kuilman2025.html""]",ASSET_f27872f9a76a1b9e5632,588336,2,documentary_or_repository_source_snapshot,html,atlas/research/mechanisms_antigen/snapshots/MP_Kuilman2025.html,f27872f9a76a1b9e563227650cb9056ce16e7fc9d92e7ab525b0fb02742ad3fd
"[""atlas/releases/0.1.0/artifact_hashes.csv"",""atlas/releases/0.2.0/input_snapshot/releases/0.1.0/artifact_hashes.csv""]",ASSET_f2edcc1d7cfa828c2e24,51097,2,derived_atlas_table_or_database,csv,atlas/releases/0.1.0/artifact_hashes.csv,f2edcc1d7cfa828c2e241341865b82266ee95082b3619bbcbb74d4c01a22b739
"[""atlas/research/references/uniprot_IL12A.request.json"",""atlas/releases/0.1.0/input_snapshot/research/references/uniprot_IL12A.request.json"",""atlas/releases/0.2.0/input_snapshot/research/references/uniprot_IL12A.request.json"",""atlas/releases/0.2.0/input_snapshot/releases/0.1.0/input_snapshot/research/references/uniprot_IL12A.request.json""]",ASSET_f38d7cbabbba0afadaa9,340,4,resource_metadata_snapshot,json,atlas/research/references/uniprot_IL12A.request.json,f38d7cbabbba0afadaa9ce86024907018b736942b4ece63c11f722e1114f2d52
"[""atlas/research/review_curations_0.2.json"",""atlas/releases/0.2.0/input_snapshot/research/review_curations_0.2.json""]",ASSET_f3cbf5907936d36c0a25,9100,2,structured_curation_or_provenance,json,atlas/research/review_curations_0.2.json,f3cbf5907936d36c0a255bf926ecda2028e479247b45123c4d4c5d0587ceccac
"[""atlas/research/genomic/snapshots/G07_open.txt"",""atlas/releases/0.1.0/input_snapshot/research/genomic/snapshots/G07_open.txt"",""atlas/releases/0.2.0/input_snapshot/research/genomic/snapshots/G07_open.txt"",""atlas/releases/0.2.0/input_snapshot/releases/0.1.0/input_snapshot/research/genomic/snapshots/G07_open.txt""]",ASSET_f4ed1da2486a671657cd,33475,4,documentary_or_repository_source_snapshot,txt,atlas/research/genomic/snapshots/G07_open.txt,f4ed1da2486a671657cd22805eaa8bfb84a23ae741f1423e89e819f360258d53
"[""atlas/research/review_cytokine.json"",""atlas/releases/0.1.0/input_snapshot/research/review_cytokine.json"",""atlas/releases/0.2.0/input_snapshot/research/review_cytokine.json"",""atlas/releases/0.2.0/input_snapshot/releases/0.1.0/input_snapshot/research/review_cytokine.json""]",ASSET_f526336a026170742eed,10075,4,structured_curation_or_provenance,json,atlas/research/review_cytokine.json,f526336a026170742eed03c25e81f28a9bc98774cce7c5f820a4fa9f68bed09a
"[""atlas/research/references/uniprot_IL16.request.json"",""atlas/releases/0.1.0/input_snapshot/research/references/uniprot_IL16.request.json"",""atlas/releases/0.2.0/input_snapshot/research/references/uniprot_IL16.request.json"",""atlas/releases/0.2.0/input_snapshot/releases/0.1.0/input_snapshot/research/references/uniprot_IL16.request.json""]",ASSET_f54590c1496b7c95e7e9,338,4,resource_metadata_snapshot,json,atlas/research/references/uniprot_IL16.request.json,f54590c1496b7c95e7e9a906f52eee61bf3bb8b098bea4e2458624dfca2592c0
"[""atlas/research/references/uniprot_CCL3.json"",""atlas/releases/0.1.0/input_snapshot/research/references/uniprot_CCL3.json"",""atlas/releases/0.2.0/input_snapshot/research/references/uniprot_CCL3.json"",""atlas/releases/0.2.0/input_snapshot/releases/0.1.0/input_snapshot/research/references/uniprot_CCL3.json""]",ASSET_f60c8beadec02ecd90cc,103914,4,resource_metadata_snapshot,json,atlas/research/references/uniprot_CCL3.json,f60c8beadec02ecd90cc38521bf90bc45cb631c3d5926386a9f29d05b4b53576
"[""atlas/research/references/uniprot_IL10.request.json"",""atlas/releases/0.1.0/input_snapshot/research/references/uniprot_IL10.request.json"",""atlas/releases/0.2.0/input_snapshot/research/references/uniprot_IL10.request.json"",""atlas/releases/0.2.0/input_snapshot/releases/0.1.0/input_snapshot/research/references/uniprot_IL10.request.json""]",ASSET_f661fb9b54a777ac800d,338,4,resource_metadata_snapshot,json,atlas/research/references/uniprot_IL10.request.json,f661fb9b54a777ac800d9f665a13fd78e3f51f0b52d05fa311698f5953389014
"[""atlas/candidates/0.3.0/candidate_sources.csv""]",ASSET_f6729b9f77efed846d38,63573,1,derived_atlas_table_or_database,csv,atlas/candidates/0.3.0/candidate_sources.csv,f6729b9f77efed846d3833faaa0b91e8c3d52854239d8a9500ea3a15d9f57cd3
"[""atlas/research/cytokine/snapshots/PMC1810496.xml"",""atlas/releases/0.1.0/input_snapshot/research/cytokine/snapshots/PMC1810496.xml"",""atlas/releases/0.2.0/input_snapshot/research/cytokine/snapshots/PMC1810496.xml"",""atlas/releases/0.2.0/input_snapshot/releases/0.1.0/input_snapshot/research/cytokine/snapshots/PMC1810496.xml""]",ASSET_f7993bdc507d40185cee,6954,4,documentary_or_repository_source_snapshot,xml,atlas/research/cytokine/snapshots/PMC1810496.xml,f7993bdc507d40185cee9d442f80352c9cf6acf3699627962bf8f4a6d3cbb661
"[""atlas/research/mechanisms_activation/snapshots/MA_S05_full_metadata.json"",""atlas/candidates/0.3.0/input_snapshot/research/mechanisms_activation/snapshots/MA_S05_full_metadata.json""]",ASSET_f79957a08969383e3542,2471,2,documentary_or_repository_source_snapshot,json,atlas/research/mechanisms_activation/snapshots/MA_S05_full_metadata.json,f79957a08969383e354253291596aa3304bfcb47031cdc5574d17f53192a998a
"[""atlas/candidates/0.3.0/immune_candidate.sqlite""]",ASSET_f863a43d399d7501bc08,4943872,1,derived_atlas_table_or_database,sqlite,atlas/candidates/0.3.0/immune_candidate.sqlite,f863a43d399d7501bc08dcdd3184ff30f3bf2a43381e764943f1e165d7d3a037
"[""atlas/research/references/pubmed_entity_CCL13.response.json"",""atlas/releases/0.1.0/input_snapshot/research/references/pubmed_entity_CCL13.response.json"",""atlas/releases/0.2.0/input_snapshot/research/references/pubmed_entity_CCL13.response.json"",""atlas/releases/0.2.0/input_snapshot/releases/0.1.0/input_snapshot/research/references/pubmed_entity_CCL13.response.json""]",ASSET_f93ff17a5492e6c1e18c,429,4,resource_metadata_snapshot,json,atlas/research/references/pubmed_entity_CCL13.response.json,f93ff17a5492e6c1e18c02969251d1553a3ab56093c7b70ffedce832e5f3588f
"[""atlas/research/cytokine/snapshots/open2.json"",""atlas/releases/0.1.0/input_snapshot/research/cytokine/snapshots/open2.json"",""atlas/releases/0.2.0/input_snapshot/research/cytokine/snapshots/open2.json"",""atlas/releases/0.2.0/input_snapshot/releases/0.1.0/input_snapshot/research/cytokine/snapshots/open2.json""]",ASSET_f9514d5acc67bcd4c065,33305,4,documentary_or_repository_source_snapshot,json,atlas/research/cytokine/snapshots/open2.json,f9514d5acc67bcd4c065709c3ad0da971699e1c268100b3b55be3cd1abd6dcc0
"[""atlas/research/mechanisms_genetic/snapshots/MG05_discovery.txt"",""atlas/candidates/0.3.0/input_snapshot/research/mechanisms_genetic/snapshots/MG05_discovery.txt""]",ASSET_f9f5fd57a8030142e414,11119,2,documentary_or_repository_source_snapshot,txt,atlas/research/mechanisms_genetic/snapshots/MG05_discovery.txt,f9f5fd57a8030142e41448678c59ef124ae63a2c614a20030e3a997466abcf56
"[""atlas/research/genomic/snapshots/Gcorrection_supp_retrieval.txt"",""atlas/releases/0.1.0/input_snapshot/research/genomic/snapshots/Gcorrection_supp_retrieval.txt"",""atlas/releases/0.2.0/input_snapshot/research/genomic/snapshots/Gcorrection_supp_retrieval.txt"",""atlas/releases/0.2.0/input_snapshot/releases/0.1.0/input_snapshot/research/genomic/snapshots/Gcorrection_supp_retrieval.txt""]",ASSET_fa11f71cd5029162cc87,295,4,documentary_or_repository_source_snapshot,txt,atlas/research/genomic/snapshots/Gcorrection_supp_retrieval.txt,fa11f71cd5029162cc874a738c51ec8ed2694f013b2d6f86e4c230f7f7f47d15
"[""atlas/research/mechanisms_genetic/pack.json"",""atlas/candidates/0.3.0/input_snapshot/research/mechanisms_genetic/pack.json""]",ASSET_fa2ed00d81fda2038d69,78563,2,curated_evidence_extraction,json,atlas/research/mechanisms_genetic/pack.json,fa2ed00d81fda2038d698a105954c669f7290d64b14f35ed65b8e64b17de1be8
"[""atlas/research/mechanisms_genetic/bridges.json"",""atlas/candidates/0.3.0/input_snapshot/research/mechanisms_genetic/bridges.json""]",ASSET_fa569aa6435c10792d0c,34775,2,structured_curation_or_provenance,json,atlas/research/mechanisms_genetic/bridges.json,fa569aa6435c10792d0c7cf99e6b4325f008243913593bbe620818e1a4f9d739
"[""atlas/research/fulltext_followup/proteomic_followup_full.json"",""atlas/releases/0.2.0/input_snapshot/research/fulltext_followup/proteomic_followup_full.json""]",ASSET_fa6f13652911dc5a1008,20874,2,structured_curation_or_provenance,json,atlas/research/fulltext_followup/proteomic_followup_full.json,fa6f13652911dc5a100841b7f9525d1b00e4a03c64e45e5255e32a4aa1297d8e
"[""atlas/research/references/uniprot_CCL11.request.json"",""atlas/releases/0.1.0/input_snapshot/research/references/uniprot_CCL11.request.json"",""atlas/releases/0.2.0/input_snapshot/research/references/uniprot_CCL11.request.json"",""atlas/releases/0.2.0/input_snapshot/releases/0.1.0/input_snapshot/research/references/uniprot_CCL11.request.json""]",ASSET_fae34fbf452e819bd85d,340,4,resource_metadata_snapshot,json,atlas/research/references/uniprot_CCL11.request.json,fae34fbf452e819bd85dec39e7a36cc8f186ab26c7db176c5859ba3aef441d35
"[""atlas/research/references/pubmed_A.request.json"",""atlas/releases/0.1.0/input_snapshot/research/references/pubmed_A.request.json"",""atlas/releases/0.2.0/input_snapshot/research/references/pubmed_A.request.json"",""atlas/releases/0.2.0/input_snapshot/releases/0.1.0/input_snapshot/research/references/pubmed_A.request.json""]",ASSET_fafe820a26fdfbf8cee7,453,4,resource_metadata_snapshot,json,atlas/research/references/pubmed_A.request.json,fafe820a26fdfbf8cee759c4742248942476c2dcfc62753eb24b5d262ac77fb1
"[""atlas/research/genomic/snapshots/G01_fulltext.txt"",""atlas/releases/0.1.0/input_snapshot/research/genomic/snapshots/G01_fulltext.txt"",""atlas/releases/0.2.0/input_snapshot/research/genomic/snapshots/G01_fulltext.txt"",""atlas/releases/0.2.0/input_snapshot/releases/0.1.0/input_snapshot/research/genomic/snapshots/G01_fulltext.txt""]",ASSET_fbbabd48dc54c65150ba,82083,4,documentary_or_repository_source_snapshot,txt,atlas/research/genomic/snapshots/G01_fulltext.txt,fbbabd48dc54c65150ba6a3a2299aa83ed85c8dc399012bfd018d6bb81893fd6
"[""atlas/research/mechanisms_genetic/snapshots/MG05_fulltext.txt"",""atlas/candidates/0.3.0/input_snapshot/research/mechanisms_genetic/snapshots/MG05_fulltext.txt""]",ASSET_fc1838b844432de3edb4,144133,2,documentary_or_repository_source_snapshot,txt,atlas/research/mechanisms_genetic/snapshots/MG05_fulltext.txt,fc1838b844432de3edb4a47905d53ba0cc8633e937c1fd00e1f69d3a158c4694
"[""atlas/research/references/uniprot_CSF2.response.json"",""atlas/releases/0.1.0/input_snapshot/research/references/uniprot_CSF2.response.json"",""atlas/releases/0.2.0/input_snapshot/research/references/uniprot_CSF2.response.json"",""atlas/releases/0.2.0/input_snapshot/releases/0.1.0/input_snapshot/research/references/uniprot_CSF2.response.json""]",ASSET_fc38c73b996541e7ef70,992,4,resource_metadata_snapshot,json,atlas/research/references/uniprot_CSF2.response.json,fc38c73b996541e7ef705ca1e93763d3c96b87ea2e7f7d915aab2e5a759b96fa
"[""atlas/releases/0.1.0/EVIDENCE_ATLAS.md"",""atlas/releases/0.2.0/input_snapshot/releases/0.1.0/EVIDENCE_ATLAS.md""]",ASSET_fc86580a06bd6f16e6cd,34146,2,documentation_or_protocol,md,atlas/releases/0.1.0/EVIDENCE_ATLAS.md,fc86580a06bd6f16e6cd88527ed66a91540090dea685ee4b08abc045f2f062c1
"[""atlas/research/fulltext_followup/XCH_Taub_fulltext_attempts.json"",""atlas/releases/0.2.0/input_snapshot/research/fulltext_followup/XCH_Taub_fulltext_attempts.json""]",ASSET_fcb1f34a5d904299c7b0,7005,2,structured_curation_or_provenance,json,atlas/research/fulltext_followup/XCH_Taub_fulltext_attempts.json,fcb1f34a5d904299c7b0f66518ee7d43deb3eb9cc2cbc2ee7a756a69ae4fca0f
"[""atlas/research/references/uniprot_CCL13.json"",""atlas/releases/0.1.0/input_snapshot/research/references/uniprot_CCL13.json"",""atlas/releases/0.2.0/input_snapshot/research/references/uniprot_CCL13.json"",""atlas/releases/0.2.0/input_snapshot/releases/0.1.0/input_snapshot/research/references/uniprot_CCL13.json""]",ASSET_fcbf90dfe2f8a72bf34e,65814,4,resource_metadata_snapshot,json,atlas/research/references/uniprot_CCL13.json,fcbf90dfe2f8a72bf34e0f461e00bec4e0570578ffddf5a809db23241157b63e
"[""atlas/research/references/resource_17.html"",""atlas/releases/0.1.0/input_snapshot/research/references/resource_17.html"",""atlas/releases/0.2.0/input_snapshot/research/references/resource_17.html"",""atlas/releases/0.2.0/input_snapshot/releases/0.1.0/input_snapshot/research/references/resource_17.html""]",ASSET_fd2cb3ca8404a66d0548,17538,4,other_artifact,html,atlas/research/references/resource_17.html,fd2cb3ca8404a66d05485772912d96255cc7f73f95c6dd10e9bc20bfa3f64af5
"[""atlas/data/product_scope.json"",""atlas/candidates/0.3.0/input_snapshot/data/product_scope.json""]",ASSET_fd34f5eaab5fe579dbee,717,2,structured_curation_or_provenance,json,atlas/data/product_scope.json,fd34f5eaab5fe579dbeeed04e1c3c4a08251232e06cb9891139e3a8b4fd9323e
"[""atlas/research/references/uniprot_IL10.json"",""atlas/releases/0.1.0/input_snapshot/research/references/uniprot_IL10.json"",""atlas/releases/0.2.0/input_snapshot/research/references/uniprot_IL10.json"",""atlas/releases/0.2.0/input_snapshot/releases/0.1.0/input_snapshot/research/references/uniprot_IL10.json""]",ASSET_fd6bde5be61aa73ba6aa,108223,4,resource_metadata_snapshot,json,atlas/research/references/uniprot_IL10.json,fd6bde5be61aa73ba6aac09bcff9fc92036b580367c09f9969b725174b649b1e
"[""atlas/data/DATA_DICTIONARY.md"",""atlas/releases/0.2.0/input_snapshot/data/DATA_DICTIONARY.md""]",ASSET_fd6cffb26a2e775f1f11,15135,2,documentation_or_protocol,md,atlas/data/DATA_DICTIONARY.md,fd6cffb26a2e775f1f110521fec1f59cf83b3c258cb327f53fa29a75b01d75c3
"[""atlas/research/genomic/snapshots/G10_fulltext.html"",""atlas/releases/0.1.0/input_snapshot/research/genomic/snapshots/G10_fulltext.html"",""atlas/releases/0.2.0/input_snapshot/research/genomic/snapshots/G10_fulltext.html"",""atlas/releases/0.2.0/input_snapshot/releases/0.1.0/input_snapshot/research/genomic/snapshots/G10_fulltext.html""]",ASSET_fd9b54e4e1b84f4dc51b,198377,4,documentary_or_repository_source_snapshot,html,atlas/research/genomic/snapshots/G10_fulltext.html,fd9b54e4e1b84f4dc51b3cd26a3f379f611eced0f5e63d99555bd0b85b454efa
"[""atlas/research/mechanisms_antigen/snapshots/MP_Kuilman2025.txt"",""atlas/candidates/0.3.0/input_snapshot/research/mechanisms_antigen/snapshots/MP_Kuilman2025.txt""]",ASSET_fdd0b46423db72ea6e9c,87638,2,documentary_or_repository_source_snapshot,txt,atlas/research/mechanisms_antigen/snapshots/MP_Kuilman2025.txt,fdd0b46423db72ea6e9c6cf85669e66c1b3bd792906283576d269e5bbc6c8fd1
"[""atlas/research/chemokine_expansion/snapshots/search2.json"",""atlas/releases/0.2.0/input_snapshot/research/chemokine_expansion/snapshots/search2.json""]",ASSET_fe2c137425a915383bff,31072,2,documentary_or_repository_source_snapshot,json,atlas/research/chemokine_expansion/snapshots/search2.json,fe2c137425a915383bffe21e4a06b262a6cc6b80f266996cd8b15c9c375c676b
"[""atlas/research/mechanisms_antigen/snapshots/MP_search_batch3.json"",""atlas/candidates/0.3.0/input_snapshot/research/mechanisms_antigen/snapshots/MP_search_batch3.json""]",ASSET_fe476305951c3090794f,30896,2,documentary_or_repository_source_snapshot,json,atlas/research/mechanisms_antigen/snapshots/MP_search_batch3.json,fe476305951c3090794f4bd943be6c1203e14ac9bc2cb288092ff8650c4e9330
"[""atlas/provenance/skill_snapshots/deep-research.md"",""atlas/releases/0.1.0/input_snapshot/provenance/skill_snapshots/deep-research.md"",""atlas/releases/0.2.0/input_snapshot/provenance/skill_snapshots/deep-research.md"",""atlas/releases/0.2.0/input_snapshot/releases/0.1.0/input_snapshot/provenance/skill_snapshots/deep-research.md""]",ASSET_fe92f226b47314a39637,9152,4,documentation_or_protocol,md,atlas/provenance/skill_snapshots/deep-research.md,fe92f226b47314a3963738a7b98d5afc5d51973c7b589c72277e3cc9e59d44eb
"[""atlas/research/proteomic/apply_review_corrections.py"",""atlas/releases/0.1.0/input_snapshot/research/proteomic/apply_review_corrections.py"",""atlas/releases/0.2.0/input_snapshot/research/proteomic/apply_review_corrections.py"",""atlas/releases/0.2.0/input_snapshot/releases/0.1.0/input_snapshot/research/proteomic/apply_review_corrections.py""]",ASSET_fe9e75e925fc84f51c99,3346,4,code_or_environment_specification,py,atlas/research/proteomic/apply_review_corrections.py,fe9e75e925fc84f51c990fdb03b76d5af4827079a07068602e1fb1993a18b048
"[""atlas/research/references/pubmed_entity_IL6.request.json"",""atlas/releases/0.1.0/input_snapshot/research/references/pubmed_entity_IL6.request.json"",""atlas/releases/0.2.0/input_snapshot/research/references/pubmed_entity_IL6.request.json"",""atlas/releases/0.2.0/input_snapshot/releases/0.1.0/input_snapshot/research/references/pubmed_entity_IL6.request.json""]",ASSET_fede4f2d86fbc45eec5b,457,4,resource_metadata_snapshot,json,atlas/research/references/pubmed_entity_IL6.request.json,fede4f2d86fbc45eec5b0271591b992fc646c2dce9aace66ea278460e25a882f
"[""atlas/research/references/pubmed_entity_CCL2.json"",""atlas/releases/0.1.0/input_snapshot/research/references/pubmed_entity_CCL2.json"",""atlas/releases/0.2.0/input_snapshot/research/references/pubmed_entity_CCL2.json"",""atlas/releases/0.2.0/input_snapshot/releases/0.1.0/input_snapshot/research/references/pubmed_entity_CCL2.json""]",ASSET_ff4687359394dbb5dfe8,3159,4,resource_metadata_snapshot,json,atlas/research/references/pubmed_entity_CCL2.json,ff4687359394dbb5dfe89162894c052bf3ac6f761f64bd82ae4f8101f3a46be1
"[""atlas/research/references/pubmed_entity_IL6.response.json"",""atlas/releases/0.1.0/input_snapshot/research/references/pubmed_entity_IL6.response.json"",""atlas/releases/0.2.0/input_snapshot/research/references/pubmed_entity_IL6.response.json"",""atlas/releases/0.2.0/input_snapshot/releases/0.1.0/input_snapshot/research/references/pubmed_entity_IL6.response.json""]",ASSET_ff88fc5ac3df45d2e672,427,4,resource_metadata_snapshot,json,atlas/research/references/pubmed_entity_IL6.response.json,ff88fc5ac3df45d2e6727cb2772b7fac07991035925e48717ffbd67433bea6c4
