definition,definition_source,field,foreign_key,missingness,primary_key,storage_type,table_id,units
Preserved atlas field; see linked schema and scientific dictionary for interpretation.,atlas/data/DATA_DICTIONARY.md,adjudication_id,,unavailable marks explicit scientific unknown; SQL NULL follows source table semantics,True,TEXT,ATLAS_TABLE:adjudications,source/measurement dependent; do not infer from storage type
Preserved atlas field; see linked schema and scientific dictionary for interpretation.,atlas/data/DATA_DICTIONARY.md,finding_id,critic_findings.None,unavailable marks explicit scientific unknown; SQL NULL follows source table semantics,False,TEXT,ATLAS_TABLE:adjudications,source/measurement dependent; do not infer from storage type
Preserved atlas field; see linked schema and scientific dictionary for interpretation.,atlas/data/DATA_DICTIONARY.md,adjudicator_role,,unavailable marks explicit scientific unknown; SQL NULL follows source table semantics,False,TEXT,ATLAS_TABLE:adjudications,source/measurement dependent; do not infer from storage type
Preserved atlas field; see linked schema and scientific dictionary for interpretation.,atlas/data/DATA_DICTIONARY.md,decision,,unavailable marks explicit scientific unknown; SQL NULL follows source table semantics,False,TEXT,ATLAS_TABLE:adjudications,source/measurement dependent; do not infer from storage type
Preserved atlas field; see linked schema and scientific dictionary for interpretation.,atlas/data/DATA_DICTIONARY.md,rationale,,unavailable marks explicit scientific unknown; SQL NULL follows source table semantics,False,TEXT,ATLAS_TABLE:adjudications,source/measurement dependent; do not infer from storage type
Preserved atlas field; see linked schema and scientific dictionary for interpretation.,atlas/data/DATA_DICTIONARY.md,human_adjudication_status,,unavailable marks explicit scientific unknown; SQL NULL follows source table semantics,False,TEXT,ATLAS_TABLE:adjudications,source/measurement dependent; do not infer from storage type
Preserved atlas field; see linked schema and scientific dictionary for interpretation.,atlas/data/DATA_DICTIONARY.md,run_id,,unavailable marks explicit scientific unknown; SQL NULL follows source table semantics,True,TEXT,ATLAS_TABLE:agent_runs,source/measurement dependent; do not infer from storage type
Preserved atlas field; see linked schema and scientific dictionary for interpretation.,atlas/data/DATA_DICTIONARY.md,agent_role,,unavailable marks explicit scientific unknown; SQL NULL follows source table semantics,False,TEXT,ATLAS_TABLE:agent_runs,source/measurement dependent; do not infer from storage type
Preserved atlas field; see linked schema and scientific dictionary for interpretation.,atlas/data/DATA_DICTIONARY.md,timestamp_start,,unavailable marks explicit scientific unknown; SQL NULL follows source table semantics,False,TEXT,ATLAS_TABLE:agent_runs,source/measurement dependent; do not infer from storage type
Preserved atlas field; see linked schema and scientific dictionary for interpretation.,atlas/data/DATA_DICTIONARY.md,timestamp_end,,unavailable marks explicit scientific unknown; SQL NULL follows source table semantics,False,TEXT,ATLAS_TABLE:agent_runs,source/measurement dependent; do not infer from storage type
Preserved atlas field; see linked schema and scientific dictionary for interpretation.,atlas/data/DATA_DICTIONARY.md,timezone,,unavailable marks explicit scientific unknown; SQL NULL follows source table semantics,False,TEXT,ATLAS_TABLE:agent_runs,source/measurement dependent; do not infer from storage type
Preserved atlas field; see linked schema and scientific dictionary for interpretation.,atlas/data/DATA_DICTIONARY.md,LLM_provider,,unavailable marks explicit scientific unknown; SQL NULL follows source table semantics,False,TEXT,ATLAS_TABLE:agent_runs,source/measurement dependent; do not infer from storage type
Preserved atlas field; see linked schema and scientific dictionary for interpretation.,atlas/data/DATA_DICTIONARY.md,LLM_model,,unavailable marks explicit scientific unknown; SQL NULL follows source table semantics,False,TEXT,ATLAS_TABLE:agent_runs,source/measurement dependent; do not infer from storage type
Preserved atlas field; see linked schema and scientific dictionary for interpretation.,atlas/data/DATA_DICTIONARY.md,model_snapshot_if_available,,unavailable marks explicit scientific unknown; SQL NULL follows source table semantics,False,TEXT,ATLAS_TABLE:agent_runs,source/measurement dependent; do not infer from storage type
Preserved atlas field; see linked schema and scientific dictionary for interpretation.,atlas/data/DATA_DICTIONARY.md,reasoning_mode,,unavailable marks explicit scientific unknown; SQL NULL follows source table semantics,False,TEXT,ATLAS_TABLE:agent_runs,source/measurement dependent; do not infer from storage type
Preserved atlas field; see linked schema and scientific dictionary for interpretation.,atlas/data/DATA_DICTIONARY.md,protocol_version,,unavailable marks explicit scientific unknown; SQL NULL follows source table semantics,False,TEXT,ATLAS_TABLE:agent_runs,source/measurement dependent; do not infer from storage type
Preserved atlas field; see linked schema and scientific dictionary for interpretation.,atlas/data/DATA_DICTIONARY.md,agent_prompt_version,,unavailable marks explicit scientific unknown; SQL NULL follows source table semantics,False,TEXT,ATLAS_TABLE:agent_runs,source/measurement dependent; do not infer from storage type
Preserved atlas field; see linked schema and scientific dictionary for interpretation.,atlas/data/DATA_DICTIONARY.md,instruction_bundle_hash,,unavailable marks explicit scientific unknown; SQL NULL follows source table semantics,False,TEXT,ATLAS_TABLE:agent_runs,source/measurement dependent; do not infer from storage type
Preserved atlas field; see linked schema and scientific dictionary for interpretation.,atlas/data/DATA_DICTIONARY.md,source_versions,,unavailable marks explicit scientific unknown; SQL NULL follows source table semantics,False,TEXT,ATLAS_TABLE:agent_runs,source/measurement dependent; do not infer from storage type
Preserved atlas field; see linked schema and scientific dictionary for interpretation.,atlas/data/DATA_DICTIONARY.md,retrieval_queries,,unavailable marks explicit scientific unknown; SQL NULL follows source table semantics,False,TEXT,ATLAS_TABLE:agent_runs,source/measurement dependent; do not infer from storage type
Preserved atlas field; see linked schema and scientific dictionary for interpretation.,atlas/data/DATA_DICTIONARY.md,retrieval_dates,,unavailable marks explicit scientific unknown; SQL NULL follows source table semantics,False,TEXT,ATLAS_TABLE:agent_runs,source/measurement dependent; do not infer from storage type
Preserved atlas field; see linked schema and scientific dictionary for interpretation.,atlas/data/DATA_DICTIONARY.md,source_hashes,,unavailable marks explicit scientific unknown; SQL NULL follows source table semantics,False,TEXT,ATLAS_TABLE:agent_runs,source/measurement dependent; do not infer from storage type
Preserved atlas field; see linked schema and scientific dictionary for interpretation.,atlas/data/DATA_DICTIONARY.md,code_commit,,unavailable marks explicit scientific unknown; SQL NULL follows source table semantics,False,TEXT,ATLAS_TABLE:agent_runs,source/measurement dependent; do not infer from storage type
Preserved atlas field; see linked schema and scientific dictionary for interpretation.,atlas/data/DATA_DICTIONARY.md,environment_hash,,unavailable marks explicit scientific unknown; SQL NULL follows source table semantics,False,TEXT,ATLAS_TABLE:agent_runs,source/measurement dependent; do not infer from storage type
Preserved atlas field; see linked schema and scientific dictionary for interpretation.,atlas/data/DATA_DICTIONARY.md,output_hash,,unavailable marks explicit scientific unknown; SQL NULL follows source table semantics,False,TEXT,ATLAS_TABLE:agent_runs,source/measurement dependent; do not infer from storage type
Preserved atlas field; see linked schema and scientific dictionary for interpretation.,atlas/data/DATA_DICTIONARY.md,critic_run_ids,,unavailable marks explicit scientific unknown; SQL NULL follows source table semantics,False,TEXT,ATLAS_TABLE:agent_runs,source/measurement dependent; do not infer from storage type
Preserved atlas field; see linked schema and scientific dictionary for interpretation.,atlas/data/DATA_DICTIONARY.md,human_edits,,unavailable marks explicit scientific unknown; SQL NULL follows source table semantics,False,TEXT,ATLAS_TABLE:agent_runs,source/measurement dependent; do not infer from storage type
Preserved atlas field; see linked schema and scientific dictionary for interpretation.,atlas/data/DATA_DICTIONARY.md,original_metadata,,unavailable marks explicit scientific unknown; SQL NULL follows source table semantics,False,TEXT,ATLAS_TABLE:agent_runs,source/measurement dependent; do not infer from storage type
Preserved atlas field; see linked schema and scientific dictionary for interpretation.,atlas/data/DATA_DICTIONARY.md,artifact_id,,unavailable marks explicit scientific unknown; SQL NULL follows source table semantics,True,TEXT,ATLAS_TABLE:artifact_hashes,source/measurement dependent; do not infer from storage type
Preserved atlas field; see linked schema and scientific dictionary for interpretation.,atlas/data/DATA_DICTIONARY.md,path,,unavailable marks explicit scientific unknown; SQL NULL follows source table semantics,False,TEXT,ATLAS_TABLE:artifact_hashes,source/measurement dependent; do not infer from storage type
Preserved atlas field; see linked schema and scientific dictionary for interpretation.,atlas/data/DATA_DICTIONARY.md,sha256,,unavailable marks explicit scientific unknown; SQL NULL follows source table semantics,False,TEXT,ATLAS_TABLE:artifact_hashes,source/measurement dependent; do not infer from storage type
Preserved atlas field; see linked schema and scientific dictionary for interpretation.,atlas/data/DATA_DICTIONARY.md,hash_scope,,unavailable marks explicit scientific unknown; SQL NULL follows source table semantics,False,TEXT,ATLAS_TABLE:artifact_hashes,source/measurement dependent; do not infer from storage type
Preserved atlas field; see linked schema and scientific dictionary for interpretation.,atlas/data/DATA_DICTIONARY.md,original_label,,unavailable marks explicit scientific unknown; SQL NULL follows source table semantics,True,TEXT,ATLAS_TABLE:assay_coverage,source/measurement dependent; do not infer from storage type
Preserved atlas field; see linked schema and scientific dictionary for interpretation.,atlas/data/DATA_DICTIONARY.md,entity_id,entities.None,unavailable marks explicit scientific unknown; SQL NULL follows source table semantics,False,TEXT,ATLAS_TABLE:assay_coverage,source/measurement dependent; do not infer from storage type
Preserved atlas field; see linked schema and scientific dictionary for interpretation.,atlas/data/DATA_DICTIONARY.md,mapping_status,,unavailable marks explicit scientific unknown; SQL NULL follows source table semantics,False,TEXT,ATLAS_TABLE:assay_coverage,source/measurement dependent; do not infer from storage type
Preserved atlas field; see linked schema and scientific dictionary for interpretation.,atlas/data/DATA_DICTIONARY.md,related_assertion_count,,unavailable marks explicit scientific unknown; SQL NULL follows source table semantics,False,INTEGER,ATLAS_TABLE:assay_coverage,source/measurement dependent; do not infer from storage type
Preserved atlas field; see linked schema and scientific dictionary for interpretation.,atlas/data/DATA_DICTIONARY.md,reviewed_protein_assertion_count,,unavailable marks explicit scientific unknown; SQL NULL follows source table semantics,False,INTEGER,ATLAS_TABLE:assay_coverage,source/measurement dependent; do not infer from storage type
Preserved atlas field; see linked schema and scientific dictionary for interpretation.,atlas/data/DATA_DICTIONARY.md,coverage_status,,unavailable marks explicit scientific unknown; SQL NULL follows source table semantics,False,TEXT,ATLAS_TABLE:assay_coverage,source/measurement dependent; do not infer from storage type
Preserved atlas field; see linked schema and scientific dictionary for interpretation.,atlas/data/CANDIDATE_DATA_DICTIONARY.md,assertion_id,,unavailable marks explicit scientific unknown; SQL NULL follows source table semantics,True,TEXT,ATLAS_TABLE:candidate_assertions,source/measurement dependent; do not infer from storage type
Preserved atlas field; see linked schema and scientific dictionary for interpretation.,atlas/data/CANDIDATE_DATA_DICTIONARY.md,subject_id,candidate_entities.None,unavailable marks explicit scientific unknown; SQL NULL follows source table semantics,False,TEXT,ATLAS_TABLE:candidate_assertions,source/measurement dependent; do not infer from storage type
Preserved atlas field; see linked schema and scientific dictionary for interpretation.,atlas/data/CANDIDATE_DATA_DICTIONARY.md,predicate,,unavailable marks explicit scientific unknown; SQL NULL follows source table semantics,False,TEXT,ATLAS_TABLE:candidate_assertions,source/measurement dependent; do not infer from storage type
Preserved atlas field; see linked schema and scientific dictionary for interpretation.,atlas/data/CANDIDATE_DATA_DICTIONARY.md,object_id,candidate_entities.None,unavailable marks explicit scientific unknown; SQL NULL follows source table semantics,False,TEXT,ATLAS_TABLE:candidate_assertions,source/measurement dependent; do not infer from storage type
Preserved atlas field; see linked schema and scientific dictionary for interpretation.,atlas/data/CANDIDATE_DATA_DICTIONARY.md,context_id,candidate_contexts.None,unavailable marks explicit scientific unknown; SQL NULL follows source table semantics,False,TEXT,ATLAS_TABLE:candidate_assertions,source/measurement dependent; do not infer from storage type
Preserved atlas field; see linked schema and scientific dictionary for interpretation.,atlas/data/CANDIDATE_DATA_DICTIONARY.md,source_id,candidate_sources.None,unavailable marks explicit scientific unknown; SQL NULL follows source table semantics,False,TEXT,ATLAS_TABLE:candidate_assertions,source/measurement dependent; do not infer from storage type
Preserved atlas field; see linked schema and scientific dictionary for interpretation.,atlas/data/CANDIDATE_DATA_DICTIONARY.md,cohort_id,candidate_cohorts.None,unavailable marks explicit scientific unknown; SQL NULL follows source table semantics,False,TEXT,ATLAS_TABLE:candidate_assertions,source/measurement dependent; do not infer from storage type
Preserved atlas field; see linked schema and scientific dictionary for interpretation.,atlas/data/CANDIDATE_DATA_DICTIONARY.md,measurement,,unavailable marks explicit scientific unknown; SQL NULL follows source table semantics,False,TEXT,ATLAS_TABLE:candidate_assertions,source/measurement dependent; do not infer from storage type
Preserved atlas field; see linked schema and scientific dictionary for interpretation.,atlas/data/CANDIDATE_DATA_DICTIONARY.md,direction,,unavailable marks explicit scientific unknown; SQL NULL follows source table semantics,False,TEXT,ATLAS_TABLE:candidate_assertions,source/measurement dependent; do not infer from storage type
Preserved atlas field; see linked schema and scientific dictionary for interpretation.,atlas/data/CANDIDATE_DATA_DICTIONARY.md,qc_status,,unavailable marks explicit scientific unknown; SQL NULL follows source table semantics,False,TEXT,ATLAS_TABLE:candidate_assertions,source/measurement dependent; do not infer from storage type
Preserved atlas field; see linked schema and scientific dictionary for interpretation.,atlas/data/CANDIDATE_DATA_DICTIONARY.md,lane,,unavailable marks explicit scientific unknown; SQL NULL follows source table semantics,False,TEXT,ATLAS_TABLE:candidate_assertions,source/measurement dependent; do not infer from storage type
Preserved atlas field; see linked schema and scientific dictionary for interpretation.,atlas/data/CANDIDATE_DATA_DICTIONARY.md,source_locator,,unavailable marks explicit scientific unknown; SQL NULL follows source table semantics,False,TEXT,ATLAS_TABLE:candidate_assertions,source/measurement dependent; do not infer from storage type
Preserved atlas field; see linked schema and scientific dictionary for interpretation.,atlas/data/CANDIDATE_DATA_DICTIONARY.md,evidence_summary,,unavailable marks explicit scientific unknown; SQL NULL follows source table semantics,False,TEXT,ATLAS_TABLE:candidate_assertions,source/measurement dependent; do not infer from storage type
Preserved atlas field; see linked schema and scientific dictionary for interpretation.,atlas/data/CANDIDATE_DATA_DICTIONARY.md,limitations,,unavailable marks explicit scientific unknown; SQL NULL follows source table semantics,False,TEXT,ATLAS_TABLE:candidate_assertions,source/measurement dependent; do not infer from storage type
Preserved atlas field; see linked schema and scientific dictionary for interpretation.,atlas/data/CANDIDATE_DATA_DICTIONARY.md,source_dependencies,,unavailable marks explicit scientific unknown; SQL NULL follows source table semantics,False,TEXT,ATLAS_TABLE:candidate_assertions,source/measurement dependent; do not infer from storage type
Preserved atlas field; see linked schema and scientific dictionary for interpretation.,atlas/data/CANDIDATE_DATA_DICTIONARY.md,payload,,unavailable marks explicit scientific unknown; SQL NULL follows source table semantics,False,TEXT,ATLAS_TABLE:candidate_assertions,source/measurement dependent; do not infer from storage type
Preserved atlas field; see linked schema and scientific dictionary for interpretation.,atlas/data/CANDIDATE_DATA_DICTIONARY.md,bridge_id,,unavailable marks explicit scientific unknown; SQL NULL follows source table semantics,True,TEXT,ATLAS_TABLE:candidate_bridges,source/measurement dependent; do not infer from storage type
Preserved atlas field; see linked schema and scientific dictionary for interpretation.,atlas/data/CANDIDATE_DATA_DICTIONARY.md,mechanism_id,,unavailable marks explicit scientific unknown; SQL NULL follows source table semantics,False,TEXT,ATLAS_TABLE:candidate_bridges,source/measurement dependent; do not infer from storage type
Preserved atlas field; see linked schema and scientific dictionary for interpretation.,atlas/data/CANDIDATE_DATA_DICTIONARY.md,from_assertion_id,candidate_assertions.None,unavailable marks explicit scientific unknown; SQL NULL follows source table semantics,False,TEXT,ATLAS_TABLE:candidate_bridges,source/measurement dependent; do not infer from storage type
Preserved atlas field; see linked schema and scientific dictionary for interpretation.,atlas/data/CANDIDATE_DATA_DICTIONARY.md,to_assertion_id,candidate_assertions.None,unavailable marks explicit scientific unknown; SQL NULL follows source table semantics,False,TEXT,ATLAS_TABLE:candidate_bridges,source/measurement dependent; do not infer from storage type
Preserved atlas field; see linked schema and scientific dictionary for interpretation.,atlas/data/CANDIDATE_DATA_DICTIONARY.md,bridge_type,,unavailable marks explicit scientific unknown; SQL NULL follows source table semantics,False,TEXT,ATLAS_TABLE:candidate_bridges,source/measurement dependent; do not infer from storage type
Preserved atlas field; see linked schema and scientific dictionary for interpretation.,atlas/data/CANDIDATE_DATA_DICTIONARY.md,bridge_relation,,unavailable marks explicit scientific unknown; SQL NULL follows source table semantics,False,TEXT,ATLAS_TABLE:candidate_bridges,source/measurement dependent; do not infer from storage type
Preserved atlas field; see linked schema and scientific dictionary for interpretation.,atlas/data/CANDIDATE_DATA_DICTIONARY.md,classification,,unavailable marks explicit scientific unknown; SQL NULL follows source table semantics,False,TEXT,ATLAS_TABLE:candidate_bridges,source/measurement dependent; do not infer from storage type
Preserved atlas field; see linked schema and scientific dictionary for interpretation.,atlas/data/CANDIDATE_DATA_DICTIONARY.md,review_status,,unavailable marks explicit scientific unknown; SQL NULL follows source table semantics,False,TEXT,ATLAS_TABLE:candidate_bridges,source/measurement dependent; do not infer from storage type
Preserved atlas field; see linked schema and scientific dictionary for interpretation.,atlas/data/CANDIDATE_DATA_DICTIONARY.md,production_approved,,unavailable marks explicit scientific unknown; SQL NULL follows source table semantics,False,INTEGER,ATLAS_TABLE:candidate_bridges,source/measurement dependent; do not infer from storage type
Preserved atlas field; see linked schema and scientific dictionary for interpretation.,atlas/data/CANDIDATE_DATA_DICTIONARY.md,reasons,,unavailable marks explicit scientific unknown; SQL NULL follows source table semantics,False,TEXT,ATLAS_TABLE:candidate_bridges,source/measurement dependent; do not infer from storage type
Preserved atlas field; see linked schema and scientific dictionary for interpretation.,atlas/data/CANDIDATE_DATA_DICTIONARY.md,source_dependencies,,unavailable marks explicit scientific unknown; SQL NULL follows source table semantics,False,TEXT,ATLAS_TABLE:candidate_bridges,source/measurement dependent; do not infer from storage type
Preserved atlas field; see linked schema and scientific dictionary for interpretation.,atlas/data/CANDIDATE_DATA_DICTIONARY.md,payload,,unavailable marks explicit scientific unknown; SQL NULL follows source table semantics,False,TEXT,ATLAS_TABLE:candidate_bridges,source/measurement dependent; do not infer from storage type
Preserved atlas field; see linked schema and scientific dictionary for interpretation.,atlas/data/CANDIDATE_DATA_DICTIONARY.md,cohort_id,,unavailable marks explicit scientific unknown; SQL NULL follows source table semantics,True,TEXT,ATLAS_TABLE:candidate_cohorts,source/measurement dependent; do not infer from storage type
Preserved atlas field; see linked schema and scientific dictionary for interpretation.,atlas/data/CANDIDATE_DATA_DICTIONARY.md,source_id,,unavailable marks explicit scientific unknown; SQL NULL follows source table semantics,False,TEXT,ATLAS_TABLE:candidate_cohorts,source/measurement dependent; do not infer from storage type
Preserved atlas field; see linked schema and scientific dictionary for interpretation.,atlas/data/CANDIDATE_DATA_DICTIONARY.md,lane,,unavailable marks explicit scientific unknown; SQL NULL follows source table semantics,False,TEXT,ATLAS_TABLE:candidate_cohorts,source/measurement dependent; do not infer from storage type
Preserved atlas field; see linked schema and scientific dictionary for interpretation.,atlas/data/CANDIDATE_DATA_DICTIONARY.md,payload,,unavailable marks explicit scientific unknown; SQL NULL follows source table semantics,False,TEXT,ATLAS_TABLE:candidate_cohorts,source/measurement dependent; do not infer from storage type
Preserved atlas field; see linked schema and scientific dictionary for interpretation.,atlas/data/CANDIDATE_DATA_DICTIONARY.md,context_id,,unavailable marks explicit scientific unknown; SQL NULL follows source table semantics,True,TEXT,ATLAS_TABLE:candidate_contexts,source/measurement dependent; do not infer from storage type
Preserved atlas field; see linked schema and scientific dictionary for interpretation.,atlas/data/CANDIDATE_DATA_DICTIONARY.md,species,,unavailable marks explicit scientific unknown; SQL NULL follows source table semantics,False,TEXT,ATLAS_TABLE:candidate_contexts,source/measurement dependent; do not infer from storage type
Preserved atlas field; see linked schema and scientific dictionary for interpretation.,atlas/data/CANDIDATE_DATA_DICTIONARY.md,ancestry,,unavailable marks explicit scientific unknown; SQL NULL follows source table semantics,False,TEXT,ATLAS_TABLE:candidate_contexts,source/measurement dependent; do not infer from storage type
Preserved atlas field; see linked schema and scientific dictionary for interpretation.,atlas/data/CANDIDATE_DATA_DICTIONARY.md,age,,unavailable marks explicit scientific unknown; SQL NULL follows source table semantics,False,TEXT,ATLAS_TABLE:candidate_contexts,source/measurement dependent; do not infer from storage type
Preserved atlas field; see linked schema and scientific dictionary for interpretation.,atlas/data/CANDIDATE_DATA_DICTIONARY.md,sex,,unavailable marks explicit scientific unknown; SQL NULL follows source table semantics,False,TEXT,ATLAS_TABLE:candidate_contexts,source/measurement dependent; do not infer from storage type
Preserved atlas field; see linked schema and scientific dictionary for interpretation.,atlas/data/CANDIDATE_DATA_DICTIONARY.md,tissue,,unavailable marks explicit scientific unknown; SQL NULL follows source table semantics,False,TEXT,ATLAS_TABLE:candidate_contexts,source/measurement dependent; do not infer from storage type
Preserved atlas field; see linked schema and scientific dictionary for interpretation.,atlas/data/CANDIDATE_DATA_DICTIONARY.md,disease,,unavailable marks explicit scientific unknown; SQL NULL follows source table semantics,False,TEXT,ATLAS_TABLE:candidate_contexts,source/measurement dependent; do not infer from storage type
Preserved atlas field; see linked schema and scientific dictionary for interpretation.,atlas/data/CANDIDATE_DATA_DICTIONARY.md,disease_severity,,unavailable marks explicit scientific unknown; SQL NULL follows source table semantics,False,TEXT,ATLAS_TABLE:candidate_contexts,source/measurement dependent; do not infer from storage type
Preserved atlas field; see linked schema and scientific dictionary for interpretation.,atlas/data/CANDIDATE_DATA_DICTIONARY.md,treatment_status,,unavailable marks explicit scientific unknown; SQL NULL follows source table semantics,False,TEXT,ATLAS_TABLE:candidate_contexts,source/measurement dependent; do not infer from storage type
Preserved atlas field; see linked schema and scientific dictionary for interpretation.,atlas/data/CANDIDATE_DATA_DICTIONARY.md,cell_type,,unavailable marks explicit scientific unknown; SQL NULL follows source table semantics,False,TEXT,ATLAS_TABLE:candidate_contexts,source/measurement dependent; do not infer from storage type
Preserved atlas field; see linked schema and scientific dictionary for interpretation.,atlas/data/CANDIDATE_DATA_DICTIONARY.md,cell_state,,unavailable marks explicit scientific unknown; SQL NULL follows source table semantics,False,TEXT,ATLAS_TABLE:candidate_contexts,source/measurement dependent; do not infer from storage type
Preserved atlas field; see linked schema and scientific dictionary for interpretation.,atlas/data/CANDIDATE_DATA_DICTIONARY.md,developmental_state,,unavailable marks explicit scientific unknown; SQL NULL follows source table semantics,False,TEXT,ATLAS_TABLE:candidate_contexts,source/measurement dependent; do not infer from storage type
Preserved atlas field; see linked schema and scientific dictionary for interpretation.,atlas/data/CANDIDATE_DATA_DICTIONARY.md,stimulation,,unavailable marks explicit scientific unknown; SQL NULL follows source table semantics,False,TEXT,ATLAS_TABLE:candidate_contexts,source/measurement dependent; do not infer from storage type
Preserved atlas field; see linked schema and scientific dictionary for interpretation.,atlas/data/CANDIDATE_DATA_DICTIONARY.md,dose,,unavailable marks explicit scientific unknown; SQL NULL follows source table semantics,False,TEXT,ATLAS_TABLE:candidate_contexts,source/measurement dependent; do not infer from storage type
Preserved atlas field; see linked schema and scientific dictionary for interpretation.,atlas/data/CANDIDATE_DATA_DICTIONARY.md,duration,,unavailable marks explicit scientific unknown; SQL NULL follows source table semantics,False,TEXT,ATLAS_TABLE:candidate_contexts,source/measurement dependent; do not infer from storage type
Preserved atlas field; see linked schema and scientific dictionary for interpretation.,atlas/data/CANDIDATE_DATA_DICTIONARY.md,assay,,unavailable marks explicit scientific unknown; SQL NULL follows source table semantics,False,TEXT,ATLAS_TABLE:candidate_contexts,source/measurement dependent; do not infer from storage type
Preserved atlas field; see linked schema and scientific dictionary for interpretation.,atlas/data/CANDIDATE_DATA_DICTIONARY.md,genomic_background,,unavailable marks explicit scientific unknown; SQL NULL follows source table semantics,False,TEXT,ATLAS_TABLE:candidate_contexts,source/measurement dependent; do not infer from storage type
Preserved atlas field; see linked schema and scientific dictionary for interpretation.,atlas/data/CANDIDATE_DATA_DICTIONARY.md,time_point,,unavailable marks explicit scientific unknown; SQL NULL follows source table semantics,False,TEXT,ATLAS_TABLE:candidate_contexts,source/measurement dependent; do not infer from storage type
Preserved atlas field; see linked schema and scientific dictionary for interpretation.,atlas/data/CANDIDATE_DATA_DICTIONARY.md,entity_id,,unavailable marks explicit scientific unknown; SQL NULL follows source table semantics,True,TEXT,ATLAS_TABLE:candidate_entities,source/measurement dependent; do not infer from storage type
Preserved atlas field; see linked schema and scientific dictionary for interpretation.,atlas/data/CANDIDATE_DATA_DICTIONARY.md,name,,unavailable marks explicit scientific unknown; SQL NULL follows source table semantics,False,TEXT,ATLAS_TABLE:candidate_entities,source/measurement dependent; do not infer from storage type
Preserved atlas field; see linked schema and scientific dictionary for interpretation.,atlas/data/CANDIDATE_DATA_DICTIONARY.md,entity_type,,unavailable marks explicit scientific unknown; SQL NULL follows source table semantics,False,TEXT,ATLAS_TABLE:candidate_entities,source/measurement dependent; do not infer from storage type
Preserved atlas field; see linked schema and scientific dictionary for interpretation.,atlas/data/CANDIDATE_DATA_DICTIONARY.md,layer,,unavailable marks explicit scientific unknown; SQL NULL follows source table semantics,False,TEXT,ATLAS_TABLE:candidate_entities,source/measurement dependent; do not infer from storage type
Preserved atlas field; see linked schema and scientific dictionary for interpretation.,atlas/data/CANDIDATE_DATA_DICTIONARY.md,species,,unavailable marks explicit scientific unknown; SQL NULL follows source table semantics,False,TEXT,ATLAS_TABLE:candidate_entities,source/measurement dependent; do not infer from storage type
Preserved atlas field; see linked schema and scientific dictionary for interpretation.,atlas/data/CANDIDATE_DATA_DICTIONARY.md,mapping_status,,unavailable marks explicit scientific unknown; SQL NULL follows source table semantics,False,TEXT,ATLAS_TABLE:candidate_entities,source/measurement dependent; do not infer from storage type
Preserved atlas field; see linked schema and scientific dictionary for interpretation.,atlas/data/CANDIDATE_DATA_DICTIONARY.md,gap_id,,unavailable marks explicit scientific unknown; SQL NULL follows source table semantics,True,TEXT,ATLAS_TABLE:candidate_gaps,source/measurement dependent; do not infer from storage type
Preserved atlas field; see linked schema and scientific dictionary for interpretation.,atlas/data/CANDIDATE_DATA_DICTIONARY.md,lane,,unavailable marks explicit scientific unknown; SQL NULL follows source table semantics,False,TEXT,ATLAS_TABLE:candidate_gaps,source/measurement dependent; do not infer from storage type
Preserved atlas field; see linked schema and scientific dictionary for interpretation.,atlas/data/CANDIDATE_DATA_DICTIONARY.md,description,,unavailable marks explicit scientific unknown; SQL NULL follows source table semantics,False,TEXT,ATLAS_TABLE:candidate_gaps,source/measurement dependent; do not infer from storage type
Preserved atlas field; see linked schema and scientific dictionary for interpretation.,atlas/data/CANDIDATE_DATA_DICTIONARY.md,status,,unavailable marks explicit scientific unknown; SQL NULL follows source table semantics,False,TEXT,ATLAS_TABLE:candidate_gaps,source/measurement dependent; do not infer from storage type
Preserved atlas field; see linked schema and scientific dictionary for interpretation.,atlas/data/CANDIDATE_DATA_DICTIONARY.md,payload,,unavailable marks explicit scientific unknown; SQL NULL follows source table semantics,False,TEXT,ATLAS_TABLE:candidate_gaps,source/measurement dependent; do not infer from storage type
Preserved atlas field; see linked schema and scientific dictionary for interpretation.,atlas/data/CANDIDATE_DATA_DICTIONARY.md,mechanism_id,,unavailable marks explicit scientific unknown; SQL NULL follows source table semantics,True,TEXT,ATLAS_TABLE:candidate_graphs,source/measurement dependent; do not infer from storage type
Preserved atlas field; see linked schema and scientific dictionary for interpretation.,atlas/data/CANDIDATE_DATA_DICTIONARY.md,lane,,unavailable marks explicit scientific unknown; SQL NULL follows source table semantics,False,TEXT,ATLAS_TABLE:candidate_graphs,source/measurement dependent; do not infer from storage type
Preserved atlas field; see linked schema and scientific dictionary for interpretation.,atlas/data/CANDIDATE_DATA_DICTIONARY.md,assertion_ids,,unavailable marks explicit scientific unknown; SQL NULL follows source table semantics,False,TEXT,ATLAS_TABLE:candidate_graphs,source/measurement dependent; do not infer from storage type
Preserved atlas field; see linked schema and scientific dictionary for interpretation.,atlas/data/CANDIDATE_DATA_DICTIONARY.md,bridge_ids,,unavailable marks explicit scientific unknown; SQL NULL follows source table semantics,False,TEXT,ATLAS_TABLE:candidate_graphs,source/measurement dependent; do not infer from storage type
Preserved atlas field; see linked schema and scientific dictionary for interpretation.,atlas/data/CANDIDATE_DATA_DICTIONARY.md,classifications,,unavailable marks explicit scientific unknown; SQL NULL follows source table semantics,False,TEXT,ATLAS_TABLE:candidate_graphs,source/measurement dependent; do not infer from storage type
Preserved atlas field; see linked schema and scientific dictionary for interpretation.,atlas/data/CANDIDATE_DATA_DICTIONARY.md,review_status,,unavailable marks explicit scientific unknown; SQL NULL follows source table semantics,False,TEXT,ATLAS_TABLE:candidate_graphs,source/measurement dependent; do not infer from storage type
Preserved atlas field; see linked schema and scientific dictionary for interpretation.,atlas/data/CANDIDATE_DATA_DICTIONARY.md,graph,,unavailable marks explicit scientific unknown; SQL NULL follows source table semantics,False,TEXT,ATLAS_TABLE:candidate_graphs,source/measurement dependent; do not infer from storage type
Preserved atlas field; see linked schema and scientific dictionary for interpretation.,atlas/data/CANDIDATE_DATA_DICTIONARY.md,path,,unavailable marks explicit scientific unknown; SQL NULL follows source table semantics,True,TEXT,ATLAS_TABLE:candidate_inputs,source/measurement dependent; do not infer from storage type
Preserved atlas field; see linked schema and scientific dictionary for interpretation.,atlas/data/CANDIDATE_DATA_DICTIONARY.md,sha256,,unavailable marks explicit scientific unknown; SQL NULL follows source table semantics,False,TEXT,ATLAS_TABLE:candidate_inputs,source/measurement dependent; do not infer from storage type
Preserved atlas field; see linked schema and scientific dictionary for interpretation.,atlas/data/CANDIDATE_DATA_DICTIONARY.md,key,,unavailable marks explicit scientific unknown; SQL NULL follows source table semantics,True,TEXT,ATLAS_TABLE:candidate_metadata,source/measurement dependent; do not infer from storage type
Preserved atlas field; see linked schema and scientific dictionary for interpretation.,atlas/data/CANDIDATE_DATA_DICTIONARY.md,value,,unavailable marks explicit scientific unknown; SQL NULL follows source table semantics,False,TEXT,ATLAS_TABLE:candidate_metadata,source/measurement dependent; do not infer from storage type
Preserved atlas field; see linked schema and scientific dictionary for interpretation.,atlas/data/CANDIDATE_DATA_DICTIONARY.md,candidate_id,,unavailable marks explicit scientific unknown; SQL NULL follows source table semantics,True,TEXT,ATLAS_TABLE:candidate_screening,source/measurement dependent; do not infer from storage type
Preserved atlas field; see linked schema and scientific dictionary for interpretation.,atlas/data/CANDIDATE_DATA_DICTIONARY.md,query_id,candidate_searches.None,unavailable marks explicit scientific unknown; SQL NULL follows source table semantics,False,TEXT,ATLAS_TABLE:candidate_screening,source/measurement dependent; do not infer from storage type
Preserved atlas field; see linked schema and scientific dictionary for interpretation.,atlas/data/CANDIDATE_DATA_DICTIONARY.md,title,,unavailable marks explicit scientific unknown; SQL NULL follows source table semantics,False,TEXT,ATLAS_TABLE:candidate_screening,source/measurement dependent; do not infer from storage type
Preserved atlas field; see linked schema and scientific dictionary for interpretation.,atlas/data/CANDIDATE_DATA_DICTIONARY.md,doi,,unavailable marks explicit scientific unknown; SQL NULL follows source table semantics,False,TEXT,ATLAS_TABLE:candidate_screening,source/measurement dependent; do not infer from storage type
Preserved atlas field; see linked schema and scientific dictionary for interpretation.,atlas/data/CANDIDATE_DATA_DICTIONARY.md,decision,,unavailable marks explicit scientific unknown; SQL NULL follows source table semantics,False,TEXT,ATLAS_TABLE:candidate_screening,source/measurement dependent; do not infer from storage type
Preserved atlas field; see linked schema and scientific dictionary for interpretation.,atlas/data/CANDIDATE_DATA_DICTIONARY.md,reason,,unavailable marks explicit scientific unknown; SQL NULL follows source table semantics,False,TEXT,ATLAS_TABLE:candidate_screening,source/measurement dependent; do not infer from storage type
Preserved atlas field; see linked schema and scientific dictionary for interpretation.,atlas/data/CANDIDATE_DATA_DICTIONARY.md,lane,,unavailable marks explicit scientific unknown; SQL NULL follows source table semantics,False,TEXT,ATLAS_TABLE:candidate_screening,source/measurement dependent; do not infer from storage type
Preserved atlas field; see linked schema and scientific dictionary for interpretation.,atlas/data/CANDIDATE_DATA_DICTIONARY.md,payload,,unavailable marks explicit scientific unknown; SQL NULL follows source table semantics,False,TEXT,ATLAS_TABLE:candidate_screening,source/measurement dependent; do not infer from storage type
Preserved atlas field; see linked schema and scientific dictionary for interpretation.,atlas/data/CANDIDATE_DATA_DICTIONARY.md,search_id,,unavailable marks explicit scientific unknown; SQL NULL follows source table semantics,True,TEXT,ATLAS_TABLE:candidate_searches,source/measurement dependent; do not infer from storage type
Preserved atlas field; see linked schema and scientific dictionary for interpretation.,atlas/data/CANDIDATE_DATA_DICTIONARY.md,lane,,unavailable marks explicit scientific unknown; SQL NULL follows source table semantics,False,TEXT,ATLAS_TABLE:candidate_searches,source/measurement dependent; do not infer from storage type
Preserved atlas field; see linked schema and scientific dictionary for interpretation.,atlas/data/CANDIDATE_DATA_DICTIONARY.md,query,,unavailable marks explicit scientific unknown; SQL NULL follows source table semantics,False,TEXT,ATLAS_TABLE:candidate_searches,source/measurement dependent; do not infer from storage type
Preserved atlas field; see linked schema and scientific dictionary for interpretation.,atlas/data/CANDIDATE_DATA_DICTIONARY.md,database_name,,unavailable marks explicit scientific unknown; SQL NULL follows source table semantics,False,TEXT,ATLAS_TABLE:candidate_searches,source/measurement dependent; do not infer from storage type
Preserved atlas field; see linked schema and scientific dictionary for interpretation.,atlas/data/CANDIDATE_DATA_DICTIONARY.md,searched_at,,unavailable marks explicit scientific unknown; SQL NULL follows source table semantics,False,TEXT,ATLAS_TABLE:candidate_searches,source/measurement dependent; do not infer from storage type
Preserved atlas field; see linked schema and scientific dictionary for interpretation.,atlas/data/CANDIDATE_DATA_DICTIONARY.md,payload,,unavailable marks explicit scientific unknown; SQL NULL follows source table semantics,False,TEXT,ATLAS_TABLE:candidate_searches,source/measurement dependent; do not infer from storage type
Preserved atlas field; see linked schema and scientific dictionary for interpretation.,atlas/data/CANDIDATE_DATA_DICTIONARY.md,source_id,,unavailable marks explicit scientific unknown; SQL NULL follows source table semantics,True,TEXT,ATLAS_TABLE:candidate_sources,source/measurement dependent; do not infer from storage type
Preserved atlas field; see linked schema and scientific dictionary for interpretation.,atlas/data/CANDIDATE_DATA_DICTIONARY.md,title,,unavailable marks explicit scientific unknown; SQL NULL follows source table semantics,False,TEXT,ATLAS_TABLE:candidate_sources,source/measurement dependent; do not infer from storage type
Preserved atlas field; see linked schema and scientific dictionary for interpretation.,atlas/data/CANDIDATE_DATA_DICTIONARY.md,doi,,unavailable marks explicit scientific unknown; SQL NULL follows source table semantics,False,TEXT,ATLAS_TABLE:candidate_sources,source/measurement dependent; do not infer from storage type
Preserved atlas field; see linked schema and scientific dictionary for interpretation.,atlas/data/CANDIDATE_DATA_DICTIONARY.md,url,,unavailable marks explicit scientific unknown; SQL NULL follows source table semantics,False,TEXT,ATLAS_TABLE:candidate_sources,source/measurement dependent; do not infer from storage type
Preserved atlas field; see linked schema and scientific dictionary for interpretation.,atlas/data/CANDIDATE_DATA_DICTIONARY.md,access_level,,unavailable marks explicit scientific unknown; SQL NULL follows source table semantics,False,TEXT,ATLAS_TABLE:candidate_sources,source/measurement dependent; do not infer from storage type
Preserved atlas field; see linked schema and scientific dictionary for interpretation.,atlas/data/CANDIDATE_DATA_DICTIONARY.md,lane,,unavailable marks explicit scientific unknown; SQL NULL follows source table semantics,False,TEXT,ATLAS_TABLE:candidate_sources,source/measurement dependent; do not infer from storage type
Preserved atlas field; see linked schema and scientific dictionary for interpretation.,atlas/data/CANDIDATE_DATA_DICTIONARY.md,baseline_source_ids,,unavailable marks explicit scientific unknown; SQL NULL follows source table semantics,False,TEXT,ATLAS_TABLE:candidate_sources,source/measurement dependent; do not infer from storage type
Preserved atlas field; see linked schema and scientific dictionary for interpretation.,atlas/data/CANDIDATE_DATA_DICTIONARY.md,source_dependencies,,unavailable marks explicit scientific unknown; SQL NULL follows source table semantics,False,TEXT,ATLAS_TABLE:candidate_sources,source/measurement dependent; do not infer from storage type
Preserved atlas field; see linked schema and scientific dictionary for interpretation.,atlas/data/CANDIDATE_DATA_DICTIONARY.md,payload,,unavailable marks explicit scientific unknown; SQL NULL follows source table semantics,False,TEXT,ATLAS_TABLE:candidate_sources,source/measurement dependent; do not infer from storage type
Preserved atlas field; see linked schema and scientific dictionary for interpretation.,atlas/data/DATA_DICTIONARY.md,state_id,,unavailable marks explicit scientific unknown; SQL NULL follows source table semantics,True,TEXT,ATLAS_TABLE:cell_states,source/measurement dependent; do not infer from storage type
Preserved atlas field; see linked schema and scientific dictionary for interpretation.,atlas/data/DATA_DICTIONARY.md,cell_id,cells.None,unavailable marks explicit scientific unknown; SQL NULL follows source table semantics,False,TEXT,ATLAS_TABLE:cell_states,source/measurement dependent; do not infer from storage type
Preserved atlas field; see linked schema and scientific dictionary for interpretation.,atlas/data/DATA_DICTIONARY.md,name,,unavailable marks explicit scientific unknown; SQL NULL follows source table semantics,False,TEXT,ATLAS_TABLE:cell_states,source/measurement dependent; do not infer from storage type
Preserved atlas field; see linked schema and scientific dictionary for interpretation.,atlas/data/DATA_DICTIONARY.md,ontology_id,,unavailable marks explicit scientific unknown; SQL NULL follows source table semantics,False,TEXT,ATLAS_TABLE:cell_states,source/measurement dependent; do not infer from storage type
Preserved atlas field; see linked schema and scientific dictionary for interpretation.,atlas/data/DATA_DICTIONARY.md,cell_id,,unavailable marks explicit scientific unknown; SQL NULL follows source table semantics,True,TEXT,ATLAS_TABLE:cells,source/measurement dependent; do not infer from storage type
Preserved atlas field; see linked schema and scientific dictionary for interpretation.,atlas/data/DATA_DICTIONARY.md,name,,unavailable marks explicit scientific unknown; SQL NULL follows source table semantics,False,TEXT,ATLAS_TABLE:cells,source/measurement dependent; do not infer from storage type
Preserved atlas field; see linked schema and scientific dictionary for interpretation.,atlas/data/DATA_DICTIONARY.md,ontology_id,,unavailable marks explicit scientific unknown; SQL NULL follows source table semantics,False,TEXT,ATLAS_TABLE:cells,source/measurement dependent; do not infer from storage type
Preserved atlas field; see linked schema and scientific dictionary for interpretation.,atlas/data/DATA_DICTIONARY.md,mapping_status,,unavailable marks explicit scientific unknown; SQL NULL follows source table semantics,False,TEXT,ATLAS_TABLE:cells,source/measurement dependent; do not infer from storage type
Preserved atlas field; see linked schema and scientific dictionary for interpretation.,atlas/data/DATA_DICTIONARY.md,cohort_id,,unavailable marks explicit scientific unknown; SQL NULL follows source table semantics,True,TEXT,ATLAS_TABLE:cohorts,source/measurement dependent; do not infer from storage type
Preserved atlas field; see linked schema and scientific dictionary for interpretation.,atlas/data/DATA_DICTIONARY.md,dataset_id,,unavailable marks explicit scientific unknown; SQL NULL follows source table semantics,False,TEXT,ATLAS_TABLE:cohorts,source/measurement dependent; do not infer from storage type
Preserved atlas field; see linked schema and scientific dictionary for interpretation.,atlas/data/DATA_DICTIONARY.md,accession,,unavailable marks explicit scientific unknown; SQL NULL follows source table semantics,False,TEXT,ATLAS_TABLE:cohorts,source/measurement dependent; do not infer from storage type
Preserved atlas field; see linked schema and scientific dictionary for interpretation.,atlas/data/DATA_DICTIONARY.md,study_id,,unavailable marks explicit scientific unknown; SQL NULL follows source table semantics,False,TEXT,ATLAS_TABLE:cohorts,source/measurement dependent; do not infer from storage type
Preserved atlas field; see linked schema and scientific dictionary for interpretation.,atlas/data/DATA_DICTIONARY.md,participants,,unavailable marks explicit scientific unknown; SQL NULL follows source table semantics,False,TEXT,ATLAS_TABLE:cohorts,source/measurement dependent; do not infer from storage type
Preserved atlas field; see linked schema and scientific dictionary for interpretation.,atlas/data/DATA_DICTIONARY.md,ancestry,,unavailable marks explicit scientific unknown; SQL NULL follows source table semantics,False,TEXT,ATLAS_TABLE:cohorts,source/measurement dependent; do not infer from storage type
Preserved atlas field; see linked schema and scientific dictionary for interpretation.,atlas/data/DATA_DICTIONARY.md,species,,unavailable marks explicit scientific unknown; SQL NULL follows source table semantics,False,TEXT,ATLAS_TABLE:cohorts,source/measurement dependent; do not infer from storage type
Preserved atlas field; see linked schema and scientific dictionary for interpretation.,atlas/data/DATA_DICTIONARY.md,tissue,,unavailable marks explicit scientific unknown; SQL NULL follows source table semantics,False,TEXT,ATLAS_TABLE:cohorts,source/measurement dependent; do not infer from storage type
Preserved atlas field; see linked schema and scientific dictionary for interpretation.,atlas/data/DATA_DICTIONARY.md,cell_type,,unavailable marks explicit scientific unknown; SQL NULL follows source table semantics,False,TEXT,ATLAS_TABLE:cohorts,source/measurement dependent; do not infer from storage type
Preserved atlas field; see linked schema and scientific dictionary for interpretation.,atlas/data/DATA_DICTIONARY.md,disease,,unavailable marks explicit scientific unknown; SQL NULL follows source table semantics,False,TEXT,ATLAS_TABLE:cohorts,source/measurement dependent; do not infer from storage type
Preserved atlas field; see linked schema and scientific dictionary for interpretation.,atlas/data/DATA_DICTIONARY.md,intervention,,unavailable marks explicit scientific unknown; SQL NULL follows source table semantics,False,TEXT,ATLAS_TABLE:cohorts,source/measurement dependent; do not infer from storage type
Preserved atlas field; see linked schema and scientific dictionary for interpretation.,atlas/data/DATA_DICTIONARY.md,sample_count,,unavailable marks explicit scientific unknown; SQL NULL follows source table semantics,False,TEXT,ATLAS_TABLE:cohorts,source/measurement dependent; do not infer from storage type
Preserved atlas field; see linked schema and scientific dictionary for interpretation.,atlas/data/DATA_DICTIONARY.md,donor_count,,unavailable marks explicit scientific unknown; SQL NULL follows source table semantics,False,TEXT,ATLAS_TABLE:cohorts,source/measurement dependent; do not infer from storage type
Preserved atlas field; see linked schema and scientific dictionary for interpretation.,atlas/data/DATA_DICTIONARY.md,parent_cohort,,unavailable marks explicit scientific unknown; SQL NULL follows source table semantics,False,TEXT,ATLAS_TABLE:cohorts,source/measurement dependent; do not infer from storage type
Preserved atlas field; see linked schema and scientific dictionary for interpretation.,atlas/data/DATA_DICTIONARY.md,related_publications,,unavailable marks explicit scientific unknown; SQL NULL follows source table semantics,False,TEXT,ATLAS_TABLE:cohorts,source/measurement dependent; do not infer from storage type
Preserved atlas field; see linked schema and scientific dictionary for interpretation.,atlas/data/DATA_DICTIONARY.md,independence_status,,unavailable marks explicit scientific unknown; SQL NULL follows source table semantics,False,TEXT,ATLAS_TABLE:cohorts,source/measurement dependent; do not infer from storage type
Preserved atlas field; see linked schema and scientific dictionary for interpretation.,atlas/data/DATA_DICTIONARY.md,notes,,unavailable marks explicit scientific unknown; SQL NULL follows source table semantics,False,TEXT,ATLAS_TABLE:cohorts,source/measurement dependent; do not infer from storage type
Preserved atlas field; see linked schema and scientific dictionary for interpretation.,atlas/data/DATA_DICTIONARY.md,context_id,,unavailable marks explicit scientific unknown; SQL NULL follows source table semantics,True,TEXT,ATLAS_TABLE:contexts,source/measurement dependent; do not infer from storage type
Preserved atlas field; see linked schema and scientific dictionary for interpretation.,atlas/data/DATA_DICTIONARY.md,species,,unavailable marks explicit scientific unknown; SQL NULL follows source table semantics,False,TEXT,ATLAS_TABLE:contexts,source/measurement dependent; do not infer from storage type
Preserved atlas field; see linked schema and scientific dictionary for interpretation.,atlas/data/DATA_DICTIONARY.md,ancestry,,unavailable marks explicit scientific unknown; SQL NULL follows source table semantics,False,TEXT,ATLAS_TABLE:contexts,source/measurement dependent; do not infer from storage type
Preserved atlas field; see linked schema and scientific dictionary for interpretation.,atlas/data/DATA_DICTIONARY.md,age,,unavailable marks explicit scientific unknown; SQL NULL follows source table semantics,False,TEXT,ATLAS_TABLE:contexts,source/measurement dependent; do not infer from storage type
Preserved atlas field; see linked schema and scientific dictionary for interpretation.,atlas/data/DATA_DICTIONARY.md,sex,,unavailable marks explicit scientific unknown; SQL NULL follows source table semantics,False,TEXT,ATLAS_TABLE:contexts,source/measurement dependent; do not infer from storage type
Preserved atlas field; see linked schema and scientific dictionary for interpretation.,atlas/data/DATA_DICTIONARY.md,tissue,,unavailable marks explicit scientific unknown; SQL NULL follows source table semantics,False,TEXT,ATLAS_TABLE:contexts,source/measurement dependent; do not infer from storage type
Preserved atlas field; see linked schema and scientific dictionary for interpretation.,atlas/data/DATA_DICTIONARY.md,disease,,unavailable marks explicit scientific unknown; SQL NULL follows source table semantics,False,TEXT,ATLAS_TABLE:contexts,source/measurement dependent; do not infer from storage type
Preserved atlas field; see linked schema and scientific dictionary for interpretation.,atlas/data/DATA_DICTIONARY.md,disease_severity,,unavailable marks explicit scientific unknown; SQL NULL follows source table semantics,False,TEXT,ATLAS_TABLE:contexts,source/measurement dependent; do not infer from storage type
Preserved atlas field; see linked schema and scientific dictionary for interpretation.,atlas/data/DATA_DICTIONARY.md,treatment_status,,unavailable marks explicit scientific unknown; SQL NULL follows source table semantics,False,TEXT,ATLAS_TABLE:contexts,source/measurement dependent; do not infer from storage type
Preserved atlas field; see linked schema and scientific dictionary for interpretation.,atlas/data/DATA_DICTIONARY.md,cell_type,,unavailable marks explicit scientific unknown; SQL NULL follows source table semantics,False,TEXT,ATLAS_TABLE:contexts,source/measurement dependent; do not infer from storage type
Preserved atlas field; see linked schema and scientific dictionary for interpretation.,atlas/data/DATA_DICTIONARY.md,cell_state,,unavailable marks explicit scientific unknown; SQL NULL follows source table semantics,False,TEXT,ATLAS_TABLE:contexts,source/measurement dependent; do not infer from storage type
Preserved atlas field; see linked schema and scientific dictionary for interpretation.,atlas/data/DATA_DICTIONARY.md,developmental_state,,unavailable marks explicit scientific unknown; SQL NULL follows source table semantics,False,TEXT,ATLAS_TABLE:contexts,source/measurement dependent; do not infer from storage type
Preserved atlas field; see linked schema and scientific dictionary for interpretation.,atlas/data/DATA_DICTIONARY.md,stimulation,,unavailable marks explicit scientific unknown; SQL NULL follows source table semantics,False,TEXT,ATLAS_TABLE:contexts,source/measurement dependent; do not infer from storage type
Preserved atlas field; see linked schema and scientific dictionary for interpretation.,atlas/data/DATA_DICTIONARY.md,dose,,unavailable marks explicit scientific unknown; SQL NULL follows source table semantics,False,TEXT,ATLAS_TABLE:contexts,source/measurement dependent; do not infer from storage type
Preserved atlas field; see linked schema and scientific dictionary for interpretation.,atlas/data/DATA_DICTIONARY.md,duration,,unavailable marks explicit scientific unknown; SQL NULL follows source table semantics,False,TEXT,ATLAS_TABLE:contexts,source/measurement dependent; do not infer from storage type
Preserved atlas field; see linked schema and scientific dictionary for interpretation.,atlas/data/DATA_DICTIONARY.md,assay,,unavailable marks explicit scientific unknown; SQL NULL follows source table semantics,False,TEXT,ATLAS_TABLE:contexts,source/measurement dependent; do not infer from storage type
Preserved atlas field; see linked schema and scientific dictionary for interpretation.,atlas/data/DATA_DICTIONARY.md,genomic_background,,unavailable marks explicit scientific unknown; SQL NULL follows source table semantics,False,TEXT,ATLAS_TABLE:contexts,source/measurement dependent; do not infer from storage type
Preserved atlas field; see linked schema and scientific dictionary for interpretation.,atlas/data/DATA_DICTIONARY.md,time_point,,unavailable marks explicit scientific unknown; SQL NULL follows source table semantics,False,TEXT,ATLAS_TABLE:contexts,source/measurement dependent; do not infer from storage type
Preserved atlas field; see linked schema and scientific dictionary for interpretation.,atlas/data/DATA_DICTIONARY.md,gap_id,,unavailable marks explicit scientific unknown; SQL NULL follows source table semantics,True,TEXT,ATLAS_TABLE:coverage_gaps,source/measurement dependent; do not infer from storage type
Preserved atlas field; see linked schema and scientific dictionary for interpretation.,atlas/data/DATA_DICTIONARY.md,lane,,unavailable marks explicit scientific unknown; SQL NULL follows source table semantics,False,TEXT,ATLAS_TABLE:coverage_gaps,source/measurement dependent; do not infer from storage type
Preserved atlas field; see linked schema and scientific dictionary for interpretation.,atlas/data/DATA_DICTIONARY.md,description,,unavailable marks explicit scientific unknown; SQL NULL follows source table semantics,False,TEXT,ATLAS_TABLE:coverage_gaps,source/measurement dependent; do not infer from storage type
Preserved atlas field; see linked schema and scientific dictionary for interpretation.,atlas/data/DATA_DICTIONARY.md,status,,unavailable marks explicit scientific unknown; SQL NULL follows source table semantics,False,TEXT,ATLAS_TABLE:coverage_gaps,source/measurement dependent; do not infer from storage type
Preserved atlas field; see linked schema and scientific dictionary for interpretation.,atlas/data/DATA_DICTIONARY.md,finding_id,,unavailable marks explicit scientific unknown; SQL NULL follows source table semantics,True,TEXT,ATLAS_TABLE:critic_findings,source/measurement dependent; do not infer from storage type
Preserved atlas field; see linked schema and scientific dictionary for interpretation.,atlas/data/DATA_DICTIONARY.md,critic_run_id,critic_runs.None,unavailable marks explicit scientific unknown; SQL NULL follows source table semantics,False,TEXT,ATLAS_TABLE:critic_findings,source/measurement dependent; do not infer from storage type
Preserved atlas field; see linked schema and scientific dictionary for interpretation.,atlas/data/DATA_DICTIONARY.md,severity,,unavailable marks explicit scientific unknown; SQL NULL follows source table semantics,False,TEXT,ATLAS_TABLE:critic_findings,source/measurement dependent; do not infer from storage type
Preserved atlas field; see linked schema and scientific dictionary for interpretation.,atlas/data/DATA_DICTIONARY.md,target_type,,unavailable marks explicit scientific unknown; SQL NULL follows source table semantics,False,TEXT,ATLAS_TABLE:critic_findings,source/measurement dependent; do not infer from storage type
Preserved atlas field; see linked schema and scientific dictionary for interpretation.,atlas/data/DATA_DICTIONARY.md,target_id,,unavailable marks explicit scientific unknown; SQL NULL follows source table semantics,False,TEXT,ATLAS_TABLE:critic_findings,source/measurement dependent; do not infer from storage type
Preserved atlas field; see linked schema and scientific dictionary for interpretation.,atlas/data/DATA_DICTIONARY.md,challenge,,unavailable marks explicit scientific unknown; SQL NULL follows source table semantics,False,TEXT,ATLAS_TABLE:critic_findings,source/measurement dependent; do not infer from storage type
Preserved atlas field; see linked schema and scientific dictionary for interpretation.,atlas/data/DATA_DICTIONARY.md,evidence,,unavailable marks explicit scientific unknown; SQL NULL follows source table semantics,False,TEXT,ATLAS_TABLE:critic_findings,source/measurement dependent; do not infer from storage type
Preserved atlas field; see linked schema and scientific dictionary for interpretation.,atlas/data/DATA_DICTIONARY.md,recommendation,,unavailable marks explicit scientific unknown; SQL NULL follows source table semantics,False,TEXT,ATLAS_TABLE:critic_findings,source/measurement dependent; do not infer from storage type
Preserved atlas field; see linked schema and scientific dictionary for interpretation.,atlas/data/DATA_DICTIONARY.md,disposition,,unavailable marks explicit scientific unknown; SQL NULL follows source table semantics,False,TEXT,ATLAS_TABLE:critic_findings,source/measurement dependent; do not infer from storage type
Preserved atlas field; see linked schema and scientific dictionary for interpretation.,atlas/data/DATA_DICTIONARY.md,critic_run_id,,unavailable marks explicit scientific unknown; SQL NULL follows source table semantics,True,TEXT,ATLAS_TABLE:critic_runs,source/measurement dependent; do not infer from storage type
Preserved atlas field; see linked schema and scientific dictionary for interpretation.,atlas/data/DATA_DICTIONARY.md,role,,unavailable marks explicit scientific unknown; SQL NULL follows source table semantics,False,TEXT,ATLAS_TABLE:critic_runs,source/measurement dependent; do not infer from storage type
Preserved atlas field; see linked schema and scientific dictionary for interpretation.,atlas/data/DATA_DICTIONARY.md,scope,,unavailable marks explicit scientific unknown; SQL NULL follows source table semantics,False,TEXT,ATLAS_TABLE:critic_runs,source/measurement dependent; do not infer from storage type
Preserved atlas field; see linked schema and scientific dictionary for interpretation.,atlas/data/DATA_DICTIONARY.md,timestamp_start,,unavailable marks explicit scientific unknown; SQL NULL follows source table semantics,False,TEXT,ATLAS_TABLE:critic_runs,source/measurement dependent; do not infer from storage type
Preserved atlas field; see linked schema and scientific dictionary for interpretation.,atlas/data/DATA_DICTIONARY.md,timestamp_end,,unavailable marks explicit scientific unknown; SQL NULL follows source table semantics,False,TEXT,ATLAS_TABLE:critic_runs,source/measurement dependent; do not infer from storage type
Preserved atlas field; see linked schema and scientific dictionary for interpretation.,atlas/data/DATA_DICTIONARY.md,independence,,unavailable marks explicit scientific unknown; SQL NULL follows source table semantics,False,TEXT,ATLAS_TABLE:critic_runs,source/measurement dependent; do not infer from storage type
Preserved atlas field; see linked schema and scientific dictionary for interpretation.,atlas/data/DATA_DICTIONARY.md,inventory_id,,unavailable marks explicit scientific unknown; SQL NULL follows source table semantics,True,TEXT,ATLAS_TABLE:cytokine_inventory,source/measurement dependent; do not infer from storage type
Preserved atlas field; see linked schema and scientific dictionary for interpretation.,atlas/data/DATA_DICTIONARY.md,uniprot_accession,,unavailable marks explicit scientific unknown; SQL NULL follows source table semantics,False,TEXT,ATLAS_TABLE:cytokine_inventory,source/measurement dependent; do not infer from storage type
Preserved atlas field; see linked schema and scientific dictionary for interpretation.,atlas/data/DATA_DICTIONARY.md,gene_symbol,,unavailable marks explicit scientific unknown; SQL NULL follows source table semantics,False,TEXT,ATLAS_TABLE:cytokine_inventory,source/measurement dependent; do not infer from storage type
Preserved atlas field; see linked schema and scientific dictionary for interpretation.,atlas/data/DATA_DICTIONARY.md,resource_annotation_status,,unavailable marks explicit scientific unknown; SQL NULL follows source table semantics,False,TEXT,ATLAS_TABLE:cytokine_inventory,source/measurement dependent; do not infer from storage type
Preserved atlas field; see linked schema and scientific dictionary for interpretation.,atlas/data/DATA_DICTIONARY.md,inventory_status,,unavailable marks explicit scientific unknown; SQL NULL follows source table semantics,False,TEXT,ATLAS_TABLE:cytokine_inventory,source/measurement dependent; do not infer from storage type
Preserved atlas field; see linked schema and scientific dictionary for interpretation.,atlas/data/DATA_DICTIONARY.md,source_url,,unavailable marks explicit scientific unknown; SQL NULL follows source table semantics,False,TEXT,ATLAS_TABLE:cytokine_inventory,source/measurement dependent; do not infer from storage type
Preserved atlas field; see linked schema and scientific dictionary for interpretation.,atlas/data/DATA_DICTIONARY.md,payload,,unavailable marks explicit scientific unknown; SQL NULL follows source table semantics,False,TEXT,ATLAS_TABLE:cytokine_inventory,source/measurement dependent; do not infer from storage type
Preserved atlas field; see linked schema and scientific dictionary for interpretation.,atlas/data/DATA_DICTIONARY.md,dataset_id,,unavailable marks explicit scientific unknown; SQL NULL follows source table semantics,True,TEXT,ATLAS_TABLE:datasets,source/measurement dependent; do not infer from storage type
Preserved atlas field; see linked schema and scientific dictionary for interpretation.,atlas/data/DATA_DICTIONARY.md,cohort_id,cohorts.None,unavailable marks explicit scientific unknown; SQL NULL follows source table semantics,False,TEXT,ATLAS_TABLE:datasets,source/measurement dependent; do not infer from storage type
Preserved atlas field; see linked schema and scientific dictionary for interpretation.,atlas/data/DATA_DICTIONARY.md,accession,,unavailable marks explicit scientific unknown; SQL NULL follows source table semantics,False,TEXT,ATLAS_TABLE:datasets,source/measurement dependent; do not infer from storage type
Preserved atlas field; see linked schema and scientific dictionary for interpretation.,atlas/data/DATA_DICTIONARY.md,study_id,,unavailable marks explicit scientific unknown; SQL NULL follows source table semantics,False,TEXT,ATLAS_TABLE:datasets,source/measurement dependent; do not infer from storage type
Preserved atlas field; see linked schema and scientific dictionary for interpretation.,atlas/data/DATA_DICTIONARY.md,version,,unavailable marks explicit scientific unknown; SQL NULL follows source table semantics,False,TEXT,ATLAS_TABLE:datasets,source/measurement dependent; do not infer from storage type
Preserved atlas field; see linked schema and scientific dictionary for interpretation.,atlas/data/DATA_DICTIONARY.md,notes,,unavailable marks explicit scientific unknown; SQL NULL follows source table semantics,False,TEXT,ATLAS_TABLE:datasets,source/measurement dependent; do not infer from storage type
Preserved atlas field; see linked schema and scientific dictionary for interpretation.,atlas/data/DATA_DICTIONARY.md,assertion_id,,unavailable marks explicit scientific unknown; SQL NULL follows source table semantics,True,TEXT,ATLAS_TABLE:edge_assertions,source/measurement dependent; do not infer from storage type
Preserved atlas field; see linked schema and scientific dictionary for interpretation.,atlas/data/DATA_DICTIONARY.md,subject_id,entities.None,unavailable marks explicit scientific unknown; SQL NULL follows source table semantics,False,TEXT,ATLAS_TABLE:edge_assertions,source/measurement dependent; do not infer from storage type
Preserved atlas field; see linked schema and scientific dictionary for interpretation.,atlas/data/DATA_DICTIONARY.md,predicate,,unavailable marks explicit scientific unknown; SQL NULL follows source table semantics,False,TEXT,ATLAS_TABLE:edge_assertions,source/measurement dependent; do not infer from storage type
Preserved atlas field; see linked schema and scientific dictionary for interpretation.,atlas/data/DATA_DICTIONARY.md,object_id,entities.None,unavailable marks explicit scientific unknown; SQL NULL follows source table semantics,False,TEXT,ATLAS_TABLE:edge_assertions,source/measurement dependent; do not infer from storage type
Preserved atlas field; see linked schema and scientific dictionary for interpretation.,atlas/data/DATA_DICTIONARY.md,context_id,contexts.None,unavailable marks explicit scientific unknown; SQL NULL follows source table semantics,False,TEXT,ATLAS_TABLE:edge_assertions,source/measurement dependent; do not infer from storage type
Preserved atlas field; see linked schema and scientific dictionary for interpretation.,atlas/data/DATA_DICTIONARY.md,measurement,,unavailable marks explicit scientific unknown; SQL NULL follows source table semantics,False,TEXT,ATLAS_TABLE:edge_assertions,source/measurement dependent; do not infer from storage type
Preserved atlas field; see linked schema and scientific dictionary for interpretation.,atlas/data/DATA_DICTIONARY.md,direction,,unavailable marks explicit scientific unknown; SQL NULL follows source table semantics,False,TEXT,ATLAS_TABLE:edge_assertions,source/measurement dependent; do not infer from storage type
Preserved atlas field; see linked schema and scientific dictionary for interpretation.,atlas/data/DATA_DICTIONARY.md,evidence_tier,,unavailable marks explicit scientific unknown; SQL NULL follows source table semantics,False,TEXT,ATLAS_TABLE:edge_assertions,source/measurement dependent; do not infer from storage type
Preserved atlas field; see linked schema and scientific dictionary for interpretation.,atlas/data/DATA_DICTIONARY.md,status,,unavailable marks explicit scientific unknown; SQL NULL follows source table semantics,False,TEXT,ATLAS_TABLE:edge_assertions,source/measurement dependent; do not infer from storage type
Preserved atlas field; see linked schema and scientific dictionary for interpretation.,atlas/data/DATA_DICTIONARY.md,qualitative_confidence,,unavailable marks explicit scientific unknown; SQL NULL follows source table semantics,False,TEXT,ATLAS_TABLE:edge_assertions,source/measurement dependent; do not infer from storage type
Preserved atlas field; see linked schema and scientific dictionary for interpretation.,atlas/data/DATA_DICTIONARY.md,contradiction_group,,unavailable marks explicit scientific unknown; SQL NULL follows source table semantics,False,TEXT,ATLAS_TABLE:edge_assertions,source/measurement dependent; do not infer from storage type
Preserved atlas field; see linked schema and scientific dictionary for interpretation.,atlas/data/DATA_DICTIONARY.md,candidate_path,,unavailable marks explicit scientific unknown; SQL NULL follows source table semantics,False,TEXT,ATLAS_TABLE:edge_assertions,source/measurement dependent; do not infer from storage type
Preserved atlas field; see linked schema and scientific dictionary for interpretation.,atlas/data/DATA_DICTIONARY.md,entity_id,,unavailable marks explicit scientific unknown; SQL NULL follows source table semantics,True,TEXT,ATLAS_TABLE:entities,source/measurement dependent; do not infer from storage type
Preserved atlas field; see linked schema and scientific dictionary for interpretation.,atlas/data/DATA_DICTIONARY.md,name,,unavailable marks explicit scientific unknown; SQL NULL follows source table semantics,False,TEXT,ATLAS_TABLE:entities,source/measurement dependent; do not infer from storage type
Preserved atlas field; see linked schema and scientific dictionary for interpretation.,atlas/data/DATA_DICTIONARY.md,entity_type,,unavailable marks explicit scientific unknown; SQL NULL follows source table semantics,False,TEXT,ATLAS_TABLE:entities,source/measurement dependent; do not infer from storage type
Preserved atlas field; see linked schema and scientific dictionary for interpretation.,atlas/data/DATA_DICTIONARY.md,layer,,unavailable marks explicit scientific unknown; SQL NULL follows source table semantics,False,TEXT,ATLAS_TABLE:entities,source/measurement dependent; do not infer from storage type
Preserved atlas field; see linked schema and scientific dictionary for interpretation.,atlas/data/DATA_DICTIONARY.md,external_id,,unavailable marks explicit scientific unknown; SQL NULL follows source table semantics,False,TEXT,ATLAS_TABLE:entities,source/measurement dependent; do not infer from storage type
Preserved atlas field; see linked schema and scientific dictionary for interpretation.,atlas/data/DATA_DICTIONARY.md,species,,unavailable marks explicit scientific unknown; SQL NULL follows source table semantics,False,TEXT,ATLAS_TABLE:entities,source/measurement dependent; do not infer from storage type
Preserved atlas field; see linked schema and scientific dictionary for interpretation.,atlas/data/DATA_DICTIONARY.md,mapping_status,,unavailable marks explicit scientific unknown; SQL NULL follows source table semantics,False,TEXT,ATLAS_TABLE:entities,source/measurement dependent; do not infer from storage type
Preserved atlas field; see linked schema and scientific dictionary for interpretation.,atlas/data/DATA_DICTIONARY.md,alias_id,,unavailable marks explicit scientific unknown; SQL NULL follows source table semantics,True,TEXT,ATLAS_TABLE:entity_aliases,source/measurement dependent; do not infer from storage type
Preserved atlas field; see linked schema and scientific dictionary for interpretation.,atlas/data/DATA_DICTIONARY.md,entity_id,entities.None,unavailable marks explicit scientific unknown; SQL NULL follows source table semantics,False,TEXT,ATLAS_TABLE:entity_aliases,source/measurement dependent; do not infer from storage type
Preserved atlas field; see linked schema and scientific dictionary for interpretation.,atlas/data/DATA_DICTIONARY.md,original_label,,unavailable marks explicit scientific unknown; SQL NULL follows source table semantics,False,TEXT,ATLAS_TABLE:entity_aliases,source/measurement dependent; do not infer from storage type
Preserved atlas field; see linked schema and scientific dictionary for interpretation.,atlas/data/DATA_DICTIONARY.md,assay_channel,,unavailable marks explicit scientific unknown; SQL NULL follows source table semantics,False,TEXT,ATLAS_TABLE:entity_aliases,source/measurement dependent; do not infer from storage type
Preserved atlas field; see linked schema and scientific dictionary for interpretation.,atlas/data/DATA_DICTIONARY.md,resolution_status,,unavailable marks explicit scientific unknown; SQL NULL follows source table semantics,False,TEXT,ATLAS_TABLE:entity_aliases,source/measurement dependent; do not infer from storage type
Preserved atlas field; see linked schema and scientific dictionary for interpretation.,atlas/data/DATA_DICTIONARY.md,source_id,source_registry.None,unavailable marks explicit scientific unknown; SQL NULL follows source table semantics,False,TEXT,ATLAS_TABLE:entity_aliases,source/measurement dependent; do not infer from storage type
Preserved atlas field; see linked schema and scientific dictionary for interpretation.,atlas/data/DATA_DICTIONARY.md,complex_id,entities.None,unavailable marks explicit scientific unknown; SQL NULL follows source table semantics,True,TEXT,ATLAS_TABLE:entity_components,source/measurement dependent; do not infer from storage type
Preserved atlas field; see linked schema and scientific dictionary for interpretation.,atlas/data/DATA_DICTIONARY.md,component_id,entities.None,unavailable marks explicit scientific unknown; SQL NULL follows source table semantics,True,TEXT,ATLAS_TABLE:entity_components,source/measurement dependent; do not infer from storage type
Preserved atlas field; see linked schema and scientific dictionary for interpretation.,atlas/data/DATA_DICTIONARY.md,stoichiometry,,unavailable marks explicit scientific unknown; SQL NULL follows source table semantics,False,TEXT,ATLAS_TABLE:entity_components,source/measurement dependent; do not infer from storage type
Preserved atlas field; see linked schema and scientific dictionary for interpretation.,atlas/data/DATA_DICTIONARY.md,source_id,source_registry.None,unavailable marks explicit scientific unknown; SQL NULL follows source table semantics,False,TEXT,ATLAS_TABLE:entity_components,source/measurement dependent; do not infer from storage type
Preserved atlas field; see linked schema and scientific dictionary for interpretation.,atlas/data/DATA_DICTIONARY.md,evidence_id,,unavailable marks explicit scientific unknown; SQL NULL follows source table semantics,True,TEXT,ATLAS_TABLE:evidence_instances,source/measurement dependent; do not infer from storage type
Preserved atlas field; see linked schema and scientific dictionary for interpretation.,atlas/data/DATA_DICTIONARY.md,assertion_id,edge_assertions.None,unavailable marks explicit scientific unknown; SQL NULL follows source table semantics,False,TEXT,ATLAS_TABLE:evidence_instances,source/measurement dependent; do not infer from storage type
Preserved atlas field; see linked schema and scientific dictionary for interpretation.,atlas/data/DATA_DICTIONARY.md,source_id,source_registry.None,unavailable marks explicit scientific unknown; SQL NULL follows source table semantics,False,TEXT,ATLAS_TABLE:evidence_instances,source/measurement dependent; do not infer from storage type
Preserved atlas field; see linked schema and scientific dictionary for interpretation.,atlas/data/DATA_DICTIONARY.md,cohort_id,cohorts.None,unavailable marks explicit scientific unknown; SQL NULL follows source table semantics,False,TEXT,ATLAS_TABLE:evidence_instances,source/measurement dependent; do not infer from storage type
Preserved atlas field; see linked schema and scientific dictionary for interpretation.,atlas/data/DATA_DICTIONARY.md,source_locator,,unavailable marks explicit scientific unknown; SQL NULL follows source table semantics,False,TEXT,ATLAS_TABLE:evidence_instances,source/measurement dependent; do not infer from storage type
Preserved atlas field; see linked schema and scientific dictionary for interpretation.,atlas/data/DATA_DICTIONARY.md,evidence_summary,,unavailable marks explicit scientific unknown; SQL NULL follows source table semantics,False,TEXT,ATLAS_TABLE:evidence_instances,source/measurement dependent; do not infer from storage type
Preserved atlas field; see linked schema and scientific dictionary for interpretation.,atlas/data/DATA_DICTIONARY.md,effect_size,,unavailable marks explicit scientific unknown; SQL NULL follows source table semantics,False,TEXT,ATLAS_TABLE:evidence_instances,source/measurement dependent; do not infer from storage type
Preserved atlas field; see linked schema and scientific dictionary for interpretation.,atlas/data/DATA_DICTIONARY.md,effect_unit,,unavailable marks explicit scientific unknown; SQL NULL follows source table semantics,False,TEXT,ATLAS_TABLE:evidence_instances,source/measurement dependent; do not infer from storage type
Preserved atlas field; see linked schema and scientific dictionary for interpretation.,atlas/data/DATA_DICTIONARY.md,uncertainty,,unavailable marks explicit scientific unknown; SQL NULL follows source table semantics,False,TEXT,ATLAS_TABLE:evidence_instances,source/measurement dependent; do not infer from storage type
Preserved atlas field; see linked schema and scientific dictionary for interpretation.,atlas/data/DATA_DICTIONARY.md,causal_directness,,unavailable marks explicit scientific unknown; SQL NULL follows source table semantics,False,TEXT,ATLAS_TABLE:evidence_instances,source/measurement dependent; do not infer from storage type
Preserved atlas field; see linked schema and scientific dictionary for interpretation.,atlas/data/DATA_DICTIONARY.md,limitations,,unavailable marks explicit scientific unknown; SQL NULL follows source table semantics,False,TEXT,ATLAS_TABLE:evidence_instances,source/measurement dependent; do not infer from storage type
Preserved atlas field; see linked schema and scientific dictionary for interpretation.,atlas/data/DATA_DICTIONARY.md,qc_status,,unavailable marks explicit scientific unknown; SQL NULL follows source table semantics,False,TEXT,ATLAS_TABLE:evidence_instances,source/measurement dependent; do not infer from storage type
Preserved atlas field; see linked schema and scientific dictionary for interpretation.,atlas/data/DATA_DICTIONARY.md,extraction_lane,,unavailable marks explicit scientific unknown; SQL NULL follows source table semantics,False,TEXT,ATLAS_TABLE:evidence_instances,source/measurement dependent; do not infer from storage type
Preserved atlas field; see linked schema and scientific dictionary for interpretation.,atlas/data/DATA_DICTIONARY.md,tested_hypothesis,,unavailable marks explicit scientific unknown; SQL NULL follows source table semantics,False,TEXT,ATLAS_TABLE:evidence_instances,source/measurement dependent; do not infer from storage type
Preserved atlas field; see linked schema and scientific dictionary for interpretation.,atlas/data/DATA_DICTIONARY.md,evidence_relation,,unavailable marks explicit scientific unknown; SQL NULL follows source table semantics,False,TEXT,ATLAS_TABLE:evidence_instances,source/measurement dependent; do not infer from storage type
Preserved atlas field; see linked schema and scientific dictionary for interpretation.,atlas/data/DATA_DICTIONARY.md,null_adequacy,,unavailable marks explicit scientific unknown; SQL NULL follows source table semantics,False,TEXT,ATLAS_TABLE:evidence_instances,source/measurement dependent; do not infer from storage type
Preserved atlas field; see linked schema and scientific dictionary for interpretation.,atlas/data/DATA_DICTIONARY.md,record_id,,unavailable marks explicit scientific unknown; SQL NULL follows source table semantics,True,TEXT,ATLAS_TABLE:fine_mapping,source/measurement dependent; do not infer from storage type
Preserved atlas field; see linked schema and scientific dictionary for interpretation.,atlas/data/DATA_DICTIONARY.md,evidence_id,evidence_instances.None,unavailable marks explicit scientific unknown; SQL NULL follows source table semantics,False,TEXT,ATLAS_TABLE:fine_mapping,source/measurement dependent; do not infer from storage type
Preserved atlas field; see linked schema and scientific dictionary for interpretation.,atlas/data/DATA_DICTIONARY.md,credible_set,,unavailable marks explicit scientific unknown; SQL NULL follows source table semantics,False,TEXT,ATLAS_TABLE:fine_mapping,source/measurement dependent; do not infer from storage type
Preserved atlas field; see linked schema and scientific dictionary for interpretation.,atlas/data/DATA_DICTIONARY.md,posterior_probability,,unavailable marks explicit scientific unknown; SQL NULL follows source table semantics,False,TEXT,ATLAS_TABLE:fine_mapping,source/measurement dependent; do not infer from storage type
Preserved atlas field; see linked schema and scientific dictionary for interpretation.,atlas/data/DATA_DICTIONARY.md,method,,unavailable marks explicit scientific unknown; SQL NULL follows source table semantics,False,TEXT,ATLAS_TABLE:fine_mapping,source/measurement dependent; do not infer from storage type
Preserved atlas field; see linked schema and scientific dictionary for interpretation.,atlas/data/DATA_DICTIONARY.md,genome_build,,unavailable marks explicit scientific unknown; SQL NULL follows source table semantics,False,TEXT,ATLAS_TABLE:fine_mapping,source/measurement dependent; do not infer from storage type
Preserved atlas field; see linked schema and scientific dictionary for interpretation.,atlas/data/DATA_DICTIONARY.md,record_id,,unavailable marks explicit scientific unknown; SQL NULL follows source table semantics,True,TEXT,ATLAS_TABLE:genetic_associations,source/measurement dependent; do not infer from storage type
Preserved atlas field; see linked schema and scientific dictionary for interpretation.,atlas/data/DATA_DICTIONARY.md,evidence_id,evidence_instances.None,unavailable marks explicit scientific unknown; SQL NULL follows source table semantics,False,TEXT,ATLAS_TABLE:genetic_associations,source/measurement dependent; do not infer from storage type
Preserved atlas field; see linked schema and scientific dictionary for interpretation.,atlas/data/DATA_DICTIONARY.md,variant_entity_id,entities.None,unavailable marks explicit scientific unknown; SQL NULL follows source table semantics,False,TEXT,ATLAS_TABLE:genetic_associations,source/measurement dependent; do not infer from storage type
Preserved atlas field; see linked schema and scientific dictionary for interpretation.,atlas/data/DATA_DICTIONARY.md,trait_entity_id,entities.None,unavailable marks explicit scientific unknown; SQL NULL follows source table semantics,False,TEXT,ATLAS_TABLE:genetic_associations,source/measurement dependent; do not infer from storage type
Preserved atlas field; see linked schema and scientific dictionary for interpretation.,atlas/data/DATA_DICTIONARY.md,grade,,unavailable marks explicit scientific unknown; SQL NULL follows source table semantics,False,TEXT,ATLAS_TABLE:genetic_associations,source/measurement dependent; do not infer from storage type
Preserved atlas field; see linked schema and scientific dictionary for interpretation.,atlas/data/DATA_DICTIONARY.md,effect_size,,unavailable marks explicit scientific unknown; SQL NULL follows source table semantics,False,TEXT,ATLAS_TABLE:genetic_associations,source/measurement dependent; do not infer from storage type
Preserved atlas field; see linked schema and scientific dictionary for interpretation.,atlas/data/DATA_DICTIONARY.md,effect_unit,,unavailable marks explicit scientific unknown; SQL NULL follows source table semantics,False,TEXT,ATLAS_TABLE:genetic_associations,source/measurement dependent; do not infer from storage type
Preserved atlas field; see linked schema and scientific dictionary for interpretation.,atlas/data/DATA_DICTIONARY.md,genome_build,,unavailable marks explicit scientific unknown; SQL NULL follows source table semantics,False,TEXT,ATLAS_TABLE:genetic_associations,source/measurement dependent; do not infer from storage type
Preserved atlas field; see linked schema and scientific dictionary for interpretation.,atlas/data/DATA_DICTIONARY.md,causal_gene_status,,unavailable marks explicit scientific unknown; SQL NULL follows source table semantics,False,TEXT,ATLAS_TABLE:genetic_associations,source/measurement dependent; do not infer from storage type
Preserved atlas field; see linked schema and scientific dictionary for interpretation.,atlas/data/DATA_DICTIONARY.md,instruction_id,,unavailable marks explicit scientific unknown; SQL NULL follows source table semantics,True,TEXT,ATLAS_TABLE:instruction_versions,source/measurement dependent; do not infer from storage type
Preserved atlas field; see linked schema and scientific dictionary for interpretation.,atlas/data/DATA_DICTIONARY.md,version,,unavailable marks explicit scientific unknown; SQL NULL follows source table semantics,False,TEXT,ATLAS_TABLE:instruction_versions,source/measurement dependent; do not infer from storage type
Preserved atlas field; see linked schema and scientific dictionary for interpretation.,atlas/data/DATA_DICTIONARY.md,path,,unavailable marks explicit scientific unknown; SQL NULL follows source table semantics,False,TEXT,ATLAS_TABLE:instruction_versions,source/measurement dependent; do not infer from storage type
Preserved atlas field; see linked schema and scientific dictionary for interpretation.,atlas/data/DATA_DICTIONARY.md,sha256,,unavailable marks explicit scientific unknown; SQL NULL follows source table semantics,False,TEXT,ATLAS_TABLE:instruction_versions,source/measurement dependent; do not infer from storage type
Preserved atlas field; see linked schema and scientific dictionary for interpretation.,atlas/data/DATA_DICTIONARY.md,scope,,unavailable marks explicit scientific unknown; SQL NULL follows source table semantics,False,TEXT,ATLAS_TABLE:instruction_versions,source/measurement dependent; do not infer from storage type
Preserved atlas field; see linked schema and scientific dictionary for interpretation.,atlas/data/DATA_DICTIONARY.md,metric_id,,unavailable marks explicit scientific unknown; SQL NULL follows source table semantics,True,TEXT,ATLAS_TABLE:journal_metrics,source/measurement dependent; do not infer from storage type
Preserved atlas field; see linked schema and scientific dictionary for interpretation.,atlas/data/DATA_DICTIONARY.md,journal,,unavailable marks explicit scientific unknown; SQL NULL follows source table semantics,False,TEXT,ATLAS_TABLE:journal_metrics,source/measurement dependent; do not infer from storage type
Preserved atlas field; see linked schema and scientific dictionary for interpretation.,atlas/data/DATA_DICTIONARY.md,year,,unavailable marks explicit scientific unknown; SQL NULL follows source table semantics,False,TEXT,ATLAS_TABLE:journal_metrics,source/measurement dependent; do not infer from storage type
Preserved atlas field; see linked schema and scientific dictionary for interpretation.,atlas/data/DATA_DICTIONARY.md,impact_factor,,unavailable marks explicit scientific unknown; SQL NULL follows source table semantics,False,REAL,ATLAS_TABLE:journal_metrics,source/measurement dependent; do not infer from storage type
Preserved atlas field; see linked schema and scientific dictionary for interpretation.,atlas/data/DATA_DICTIONARY.md,authoritative_source,,unavailable marks explicit scientific unknown; SQL NULL follows source table semantics,False,TEXT,ATLAS_TABLE:journal_metrics,source/measurement dependent; do not infer from storage type
Preserved atlas field; see linked schema and scientific dictionary for interpretation.,atlas/data/DATA_DICTIONARY.md,verified,,unavailable marks explicit scientific unknown; SQL NULL follows source table semantics,False,INTEGER,ATLAS_TABLE:journal_metrics,source/measurement dependent; do not infer from storage type
Preserved atlas field; see linked schema and scientific dictionary for interpretation.,atlas/data/DATA_DICTIONARY.md,multiplier,,unavailable marks explicit scientific unknown; SQL NULL follows source table semantics,False,REAL,ATLAS_TABLE:journal_metrics,source/measurement dependent; do not infer from storage type
Preserved atlas field; see linked schema and scientific dictionary for interpretation.,atlas/data/DATA_DICTIONARY.md,path_id,,unavailable marks explicit scientific unknown; SQL NULL follows source table semantics,True,TEXT,ATLAS_TABLE:materialized_paths,source/measurement dependent; do not infer from storage type
Preserved atlas field; see linked schema and scientific dictionary for interpretation.,atlas/data/DATA_DICTIONARY.md,assertion_ids,,unavailable marks explicit scientific unknown; SQL NULL follows source table semantics,False,TEXT,ATLAS_TABLE:materialized_paths,source/measurement dependent; do not infer from storage type
Preserved atlas field; see linked schema and scientific dictionary for interpretation.,atlas/data/DATA_DICTIONARY.md,context_id,contexts.None,unavailable marks explicit scientific unknown; SQL NULL follows source table semantics,False,TEXT,ATLAS_TABLE:materialized_paths,source/measurement dependent; do not infer from storage type
Preserved atlas field; see linked schema and scientific dictionary for interpretation.,atlas/data/DATA_DICTIONARY.md,compatibility_report,,unavailable marks explicit scientific unknown; SQL NULL follows source table semantics,False,TEXT,ATLAS_TABLE:materialized_paths,source/measurement dependent; do not infer from storage type
Preserved atlas field; see linked schema and scientific dictionary for interpretation.,atlas/data/DATA_DICTIONARY.md,status,,unavailable marks explicit scientific unknown; SQL NULL follows source table semantics,False,TEXT,ATLAS_TABLE:materialized_paths,source/measurement dependent; do not infer from storage type
Preserved atlas field; see linked schema and scientific dictionary for interpretation.,atlas/data/DATA_DICTIONARY.md,record_id,,unavailable marks explicit scientific unknown; SQL NULL follows source table semantics,True,TEXT,ATLAS_TABLE:molecular_qtls,source/measurement dependent; do not infer from storage type
Preserved atlas field; see linked schema and scientific dictionary for interpretation.,atlas/data/DATA_DICTIONARY.md,evidence_id,evidence_instances.None,unavailable marks explicit scientific unknown; SQL NULL follows source table semantics,False,TEXT,ATLAS_TABLE:molecular_qtls,source/measurement dependent; do not infer from storage type
Preserved atlas field; see linked schema and scientific dictionary for interpretation.,atlas/data/DATA_DICTIONARY.md,qtl_type,,unavailable marks explicit scientific unknown; SQL NULL follows source table semantics,False,TEXT,ATLAS_TABLE:molecular_qtls,source/measurement dependent; do not infer from storage type
Preserved atlas field; see linked schema and scientific dictionary for interpretation.,atlas/data/DATA_DICTIONARY.md,target_entity_id,entities.None,unavailable marks explicit scientific unknown; SQL NULL follows source table semantics,False,TEXT,ATLAS_TABLE:molecular_qtls,source/measurement dependent; do not infer from storage type
Preserved atlas field; see linked schema and scientific dictionary for interpretation.,atlas/data/DATA_DICTIONARY.md,effect_size,,unavailable marks explicit scientific unknown; SQL NULL follows source table semantics,False,TEXT,ATLAS_TABLE:molecular_qtls,source/measurement dependent; do not infer from storage type
Preserved atlas field; see linked schema and scientific dictionary for interpretation.,atlas/data/DATA_DICTIONARY.md,effect_unit,,unavailable marks explicit scientific unknown; SQL NULL follows source table semantics,False,TEXT,ATLAS_TABLE:molecular_qtls,source/measurement dependent; do not infer from storage type
Preserved atlas field; see linked schema and scientific dictionary for interpretation.,atlas/data/DATA_DICTIONARY.md,colocalization,,unavailable marks explicit scientific unknown; SQL NULL follows source table semantics,False,TEXT,ATLAS_TABLE:molecular_qtls,source/measurement dependent; do not infer from storage type
Preserved atlas field; see linked schema and scientific dictionary for interpretation.,atlas/data/DATA_DICTIONARY.md,link_id,,unavailable marks explicit scientific unknown; SQL NULL follows source table semantics,True,TEXT,ATLAS_TABLE:multiomic_links,source/measurement dependent; do not infer from storage type
Preserved atlas field; see linked schema and scientific dictionary for interpretation.,atlas/data/DATA_DICTIONARY.md,from_assertion_id,edge_assertions.None,unavailable marks explicit scientific unknown; SQL NULL follows source table semantics,False,TEXT,ATLAS_TABLE:multiomic_links,source/measurement dependent; do not infer from storage type
Preserved atlas field; see linked schema and scientific dictionary for interpretation.,atlas/data/DATA_DICTIONARY.md,to_assertion_id,edge_assertions.None,unavailable marks explicit scientific unknown; SQL NULL follows source table semantics,False,TEXT,ATLAS_TABLE:multiomic_links,source/measurement dependent; do not infer from storage type
Preserved atlas field; see linked schema and scientific dictionary for interpretation.,atlas/data/DATA_DICTIONARY.md,status,,unavailable marks explicit scientific unknown; SQL NULL follows source table semantics,False,TEXT,ATLAS_TABLE:multiomic_links,source/measurement dependent; do not infer from storage type
Preserved atlas field; see linked schema and scientific dictionary for interpretation.,atlas/data/DATA_DICTIONARY.md,compatibility_report,,unavailable marks explicit scientific unknown; SQL NULL follows source table semantics,False,TEXT,ATLAS_TABLE:multiomic_links,source/measurement dependent; do not infer from storage type
Preserved atlas field; see linked schema and scientific dictionary for interpretation.,atlas/data/DATA_DICTIONARY.md,bridge_evidence_id,evidence_instances.None,unavailable marks explicit scientific unknown; SQL NULL follows source table semantics,False,TEXT,ATLAS_TABLE:multiomic_links,source/measurement dependent; do not infer from storage type
Preserved atlas field; see linked schema and scientific dictionary for interpretation.,atlas/data/DATA_DICTIONARY.md,change_id,,unavailable marks explicit scientific unknown; SQL NULL follows source table semantics,True,TEXT,ATLAS_TABLE:prior_changes,source/measurement dependent; do not infer from storage type
Preserved atlas field; see linked schema and scientific dictionary for interpretation.,atlas/data/DATA_DICTIONARY.md,prior_id,prior_parameters.None,unavailable marks explicit scientific unknown; SQL NULL follows source table semantics,False,TEXT,ATLAS_TABLE:prior_changes,source/measurement dependent; do not infer from storage type
Preserved atlas field; see linked schema and scientific dictionary for interpretation.,atlas/data/DATA_DICTIONARY.md,previous_version,,unavailable marks explicit scientific unknown; SQL NULL follows source table semantics,False,TEXT,ATLAS_TABLE:prior_changes,source/measurement dependent; do not infer from storage type
Preserved atlas field; see linked schema and scientific dictionary for interpretation.,atlas/data/DATA_DICTIONARY.md,new_version,,unavailable marks explicit scientific unknown; SQL NULL follows source table semantics,False,TEXT,ATLAS_TABLE:prior_changes,source/measurement dependent; do not infer from storage type
Preserved atlas field; see linked schema and scientific dictionary for interpretation.,atlas/data/DATA_DICTIONARY.md,previous_parameters,,unavailable marks explicit scientific unknown; SQL NULL follows source table semantics,False,TEXT,ATLAS_TABLE:prior_changes,source/measurement dependent; do not infer from storage type
Preserved atlas field; see linked schema and scientific dictionary for interpretation.,atlas/data/DATA_DICTIONARY.md,new_parameters,,unavailable marks explicit scientific unknown; SQL NULL follows source table semantics,False,TEXT,ATLAS_TABLE:prior_changes,source/measurement dependent; do not infer from storage type
Preserved atlas field; see linked schema and scientific dictionary for interpretation.,atlas/data/DATA_DICTIONARY.md,reason,,unavailable marks explicit scientific unknown; SQL NULL follows source table semantics,False,TEXT,ATLAS_TABLE:prior_changes,source/measurement dependent; do not infer from storage type
Preserved atlas field; see linked schema and scientific dictionary for interpretation.,atlas/data/DATA_DICTIONARY.md,prior_id,,unavailable marks explicit scientific unknown; SQL NULL follows source table semantics,True,TEXT,ATLAS_TABLE:prior_parameters,source/measurement dependent; do not infer from storage type
Preserved atlas field; see linked schema and scientific dictionary for interpretation.,atlas/data/DATA_DICTIONARY.md,assertion_id,edge_assertions.None,unavailable marks explicit scientific unknown; SQL NULL follows source table semantics,False,TEXT,ATLAS_TABLE:prior_parameters,source/measurement dependent; do not infer from storage type
Preserved atlas field; see linked schema and scientific dictionary for interpretation.,atlas/data/DATA_DICTIONARY.md,parameter_family,,unavailable marks explicit scientific unknown; SQL NULL follows source table semantics,False,TEXT,ATLAS_TABLE:prior_parameters,source/measurement dependent; do not infer from storage type
Preserved atlas field; see linked schema and scientific dictionary for interpretation.,atlas/data/DATA_DICTIONARY.md,distribution,,unavailable marks explicit scientific unknown; SQL NULL follows source table semantics,False,TEXT,ATLAS_TABLE:prior_parameters,source/measurement dependent; do not infer from storage type
Preserved atlas field; see linked schema and scientific dictionary for interpretation.,atlas/data/DATA_DICTIONARY.md,parameters,,unavailable marks explicit scientific unknown; SQL NULL follows source table semantics,False,TEXT,ATLAS_TABLE:prior_parameters,source/measurement dependent; do not infer from storage type
Preserved atlas field; see linked schema and scientific dictionary for interpretation.,atlas/data/DATA_DICTIONARY.md,estimate,,unavailable marks explicit scientific unknown; SQL NULL follows source table semantics,False,REAL,ATLAS_TABLE:prior_parameters,source/measurement dependent; do not infer from storage type
Preserved atlas field; see linked schema and scientific dictionary for interpretation.,atlas/data/DATA_DICTIONARY.md,estimate_without_journal,,unavailable marks explicit scientific unknown; SQL NULL follows source table semantics,False,REAL,ATLAS_TABLE:prior_parameters,source/measurement dependent; do not infer from storage type
Preserved atlas field; see linked schema and scientific dictionary for interpretation.,atlas/data/DATA_DICTIONARY.md,independent_groups,,unavailable marks explicit scientific unknown; SQL NULL follows source table semantics,False,INTEGER,ATLAS_TABLE:prior_parameters,source/measurement dependent; do not infer from storage type
Preserved atlas field; see linked schema and scientific dictionary for interpretation.,atlas/data/DATA_DICTIONARY.md,calibration_status,,unavailable marks explicit scientific unknown; SQL NULL follows source table semantics,False,TEXT,ATLAS_TABLE:prior_parameters,source/measurement dependent; do not infer from storage type
Preserved atlas field; see linked schema and scientific dictionary for interpretation.,atlas/data/DATA_DICTIONARY.md,availability,,unavailable marks explicit scientific unknown; SQL NULL follows source table semantics,False,TEXT,ATLAS_TABLE:prior_parameters,source/measurement dependent; do not infer from storage type
Preserved atlas field; see linked schema and scientific dictionary for interpretation.,atlas/data/DATA_DICTIONARY.md,rationale,,unavailable marks explicit scientific unknown; SQL NULL follows source table semantics,False,TEXT,ATLAS_TABLE:prior_parameters,source/measurement dependent; do not infer from storage type
Preserved atlas field; see linked schema and scientific dictionary for interpretation.,atlas/data/DATA_DICTIONARY.md,record_id,,unavailable marks explicit scientific unknown; SQL NULL follows source table semantics,True,TEXT,ATLAS_TABLE:protein_modifications,source/measurement dependent; do not infer from storage type
Preserved atlas field; see linked schema and scientific dictionary for interpretation.,atlas/data/DATA_DICTIONARY.md,evidence_id,evidence_instances.None,unavailable marks explicit scientific unknown; SQL NULL follows source table semantics,False,TEXT,ATLAS_TABLE:protein_modifications,source/measurement dependent; do not infer from storage type
Preserved atlas field; see linked schema and scientific dictionary for interpretation.,atlas/data/DATA_DICTIONARY.md,protein_entity_id,entities.None,unavailable marks explicit scientific unknown; SQL NULL follows source table semantics,False,TEXT,ATLAS_TABLE:protein_modifications,source/measurement dependent; do not infer from storage type
Preserved atlas field; see linked schema and scientific dictionary for interpretation.,atlas/data/DATA_DICTIONARY.md,modification,,unavailable marks explicit scientific unknown; SQL NULL follows source table semantics,False,TEXT,ATLAS_TABLE:protein_modifications,source/measurement dependent; do not infer from storage type
Preserved atlas field; see linked schema and scientific dictionary for interpretation.,atlas/data/DATA_DICTIONARY.md,site,,unavailable marks explicit scientific unknown; SQL NULL follows source table semantics,False,TEXT,ATLAS_TABLE:protein_modifications,source/measurement dependent; do not infer from storage type
Preserved atlas field; see linked schema and scientific dictionary for interpretation.,atlas/data/DATA_DICTIONARY.md,measurement_method,,unavailable marks explicit scientific unknown; SQL NULL follows source table semantics,False,TEXT,ATLAS_TABLE:protein_modifications,source/measurement dependent; do not infer from storage type
Preserved atlas field; see linked schema and scientific dictionary for interpretation.,atlas/data/DATA_DICTIONARY.md,record_id,,unavailable marks explicit scientific unknown; SQL NULL follows source table semantics,True,TEXT,ATLAS_TABLE:proteomic_observations,source/measurement dependent; do not infer from storage type
Preserved atlas field; see linked schema and scientific dictionary for interpretation.,atlas/data/DATA_DICTIONARY.md,evidence_id,evidence_instances.None,unavailable marks explicit scientific unknown; SQL NULL follows source table semantics,False,TEXT,ATLAS_TABLE:proteomic_observations,source/measurement dependent; do not infer from storage type
Preserved atlas field; see linked schema and scientific dictionary for interpretation.,atlas/data/DATA_DICTIONARY.md,target_entity_id,entities.None,unavailable marks explicit scientific unknown; SQL NULL follows source table semantics,False,TEXT,ATLAS_TABLE:proteomic_observations,source/measurement dependent; do not infer from storage type
Preserved atlas field; see linked schema and scientific dictionary for interpretation.,atlas/data/DATA_DICTIONARY.md,measurement,,unavailable marks explicit scientific unknown; SQL NULL follows source table semantics,False,TEXT,ATLAS_TABLE:proteomic_observations,source/measurement dependent; do not infer from storage type
Preserved atlas field; see linked schema and scientific dictionary for interpretation.,atlas/data/DATA_DICTIONARY.md,platform,,unavailable marks explicit scientific unknown; SQL NULL follows source table semantics,False,TEXT,ATLAS_TABLE:proteomic_observations,source/measurement dependent; do not infer from storage type
Preserved atlas field; see linked schema and scientific dictionary for interpretation.,atlas/data/DATA_DICTIONARY.md,biological_matrix,,unavailable marks explicit scientific unknown; SQL NULL follows source table semantics,False,TEXT,ATLAS_TABLE:proteomic_observations,source/measurement dependent; do not infer from storage type
Preserved atlas field; see linked schema and scientific dictionary for interpretation.,atlas/data/DATA_DICTIONARY.md,reagent,,unavailable marks explicit scientific unknown; SQL NULL follows source table semantics,False,TEXT,ATLAS_TABLE:proteomic_observations,source/measurement dependent; do not infer from storage type
Preserved atlas field; see linked schema and scientific dictionary for interpretation.,atlas/data/DATA_DICTIONARY.md,isoform,,unavailable marks explicit scientific unknown; SQL NULL follows source table semantics,False,TEXT,ATLAS_TABLE:proteomic_observations,source/measurement dependent; do not infer from storage type
Preserved atlas field; see linked schema and scientific dictionary for interpretation.,atlas/data/DATA_DICTIONARY.md,limit_of_detection,,unavailable marks explicit scientific unknown; SQL NULL follows source table semantics,False,TEXT,ATLAS_TABLE:proteomic_observations,source/measurement dependent; do not infer from storage type
Preserved atlas field; see linked schema and scientific dictionary for interpretation.,atlas/data/DATA_DICTIONARY.md,normalization,,unavailable marks explicit scientific unknown; SQL NULL follows source table semantics,False,TEXT,ATLAS_TABLE:proteomic_observations,source/measurement dependent; do not infer from storage type
Preserved atlas field; see linked schema and scientific dictionary for interpretation.,atlas/data/DATA_DICTIONARY.md,peptide_uniqueness,,unavailable marks explicit scientific unknown; SQL NULL follows source table semantics,False,TEXT,ATLAS_TABLE:proteomic_observations,source/measurement dependent; do not infer from storage type
Preserved atlas field; see linked schema and scientific dictionary for interpretation.,atlas/data/DATA_DICTIONARY.md,localization,,unavailable marks explicit scientific unknown; SQL NULL follows source table semantics,False,TEXT,ATLAS_TABLE:proteomic_observations,source/measurement dependent; do not infer from storage type
Preserved atlas field; see linked schema and scientific dictionary for interpretation.,atlas/data/DATA_DICTIONARY.md,cross_reactivity,,unavailable marks explicit scientific unknown; SQL NULL follows source table semantics,False,TEXT,ATLAS_TABLE:proteomic_observations,source/measurement dependent; do not infer from storage type
Preserved atlas field; see linked schema and scientific dictionary for interpretation.,atlas/data/DATA_DICTIONARY.md,result_id,,unavailable marks explicit scientific unknown; SQL NULL follows source table semantics,True,TEXT,ATLAS_TABLE:quantitative_results,source/measurement dependent; do not infer from storage type
Preserved atlas field; see linked schema and scientific dictionary for interpretation.,atlas/data/DATA_DICTIONARY.md,evidence_id,evidence_instances.None,unavailable marks explicit scientific unknown; SQL NULL follows source table semantics,False,TEXT,ATLAS_TABLE:quantitative_results,source/measurement dependent; do not infer from storage type
Preserved atlas field; see linked schema and scientific dictionary for interpretation.,atlas/data/DATA_DICTIONARY.md,reported_result,,unavailable marks explicit scientific unknown; SQL NULL follows source table semantics,False,TEXT,ATLAS_TABLE:quantitative_results,source/measurement dependent; do not infer from storage type
Preserved atlas field; see linked schema and scientific dictionary for interpretation.,atlas/data/DATA_DICTIONARY.md,interpretation,,unavailable marks explicit scientific unknown; SQL NULL follows source table semantics,False,TEXT,ATLAS_TABLE:quantitative_results,source/measurement dependent; do not infer from storage type
Preserved atlas field; see linked schema and scientific dictionary for interpretation.,atlas/data/DATA_DICTIONARY.md,record_id,,unavailable marks explicit scientific unknown; SQL NULL follows source table semantics,True,TEXT,ATLAS_TABLE:regulatory_evidence,source/measurement dependent; do not infer from storage type
Preserved atlas field; see linked schema and scientific dictionary for interpretation.,atlas/data/DATA_DICTIONARY.md,evidence_id,evidence_instances.None,unavailable marks explicit scientific unknown; SQL NULL follows source table semantics,False,TEXT,ATLAS_TABLE:regulatory_evidence,source/measurement dependent; do not infer from storage type
Preserved atlas field; see linked schema and scientific dictionary for interpretation.,atlas/data/DATA_DICTIONARY.md,regulatory_element_id,entities.None,unavailable marks explicit scientific unknown; SQL NULL follows source table semantics,False,TEXT,ATLAS_TABLE:regulatory_evidence,source/measurement dependent; do not infer from storage type
Preserved atlas field; see linked schema and scientific dictionary for interpretation.,atlas/data/DATA_DICTIONARY.md,perturbation,,unavailable marks explicit scientific unknown; SQL NULL follows source table semantics,False,TEXT,ATLAS_TABLE:regulatory_evidence,source/measurement dependent; do not infer from storage type
Preserved atlas field; see linked schema and scientific dictionary for interpretation.,atlas/data/DATA_DICTIONARY.md,measured_outcome,,unavailable marks explicit scientific unknown; SQL NULL follows source table semantics,False,TEXT,ATLAS_TABLE:regulatory_evidence,source/measurement dependent; do not infer from storage type
Preserved atlas field; see linked schema and scientific dictionary for interpretation.,atlas/data/DATA_DICTIONARY.md,change_id,,unavailable marks explicit scientific unknown; SQL NULL follows source table semantics,True,TEXT,ATLAS_TABLE:release_changes,source/measurement dependent; do not infer from storage type
Preserved atlas field; see linked schema and scientific dictionary for interpretation.,atlas/data/DATA_DICTIONARY.md,record_type,,unavailable marks explicit scientific unknown; SQL NULL follows source table semantics,False,TEXT,ATLAS_TABLE:release_changes,source/measurement dependent; do not infer from storage type
Preserved atlas field; see linked schema and scientific dictionary for interpretation.,atlas/data/DATA_DICTIONARY.md,record_id,,unavailable marks explicit scientific unknown; SQL NULL follows source table semantics,False,TEXT,ATLAS_TABLE:release_changes,source/measurement dependent; do not infer from storage type
Preserved atlas field; see linked schema and scientific dictionary for interpretation.,atlas/data/DATA_DICTIONARY.md,previous_version,,unavailable marks explicit scientific unknown; SQL NULL follows source table semantics,False,TEXT,ATLAS_TABLE:release_changes,source/measurement dependent; do not infer from storage type
Preserved atlas field; see linked schema and scientific dictionary for interpretation.,atlas/data/DATA_DICTIONARY.md,new_version,,unavailable marks explicit scientific unknown; SQL NULL follows source table semantics,False,TEXT,ATLAS_TABLE:release_changes,source/measurement dependent; do not infer from storage type
Preserved atlas field; see linked schema and scientific dictionary for interpretation.,atlas/data/DATA_DICTIONARY.md,change_type,,unavailable marks explicit scientific unknown; SQL NULL follows source table semantics,False,TEXT,ATLAS_TABLE:release_changes,source/measurement dependent; do not infer from storage type
Preserved atlas field; see linked schema and scientific dictionary for interpretation.,atlas/data/DATA_DICTIONARY.md,old_record,,unavailable marks explicit scientific unknown; SQL NULL follows source table semantics,False,TEXT,ATLAS_TABLE:release_changes,source/measurement dependent; do not infer from storage type
Preserved atlas field; see linked schema and scientific dictionary for interpretation.,atlas/data/DATA_DICTIONARY.md,new_record,,unavailable marks explicit scientific unknown; SQL NULL follows source table semantics,False,TEXT,ATLAS_TABLE:release_changes,source/measurement dependent; do not infer from storage type
Preserved atlas field; see linked schema and scientific dictionary for interpretation.,atlas/data/DATA_DICTIONARY.md,sample_id,,unavailable marks explicit scientific unknown; SQL NULL follows source table semantics,True,TEXT,ATLAS_TABLE:samples,source/measurement dependent; do not infer from storage type
Preserved atlas field; see linked schema and scientific dictionary for interpretation.,atlas/data/DATA_DICTIONARY.md,cohort_id,cohorts.None,unavailable marks explicit scientific unknown; SQL NULL follows source table semantics,False,TEXT,ATLAS_TABLE:samples,source/measurement dependent; do not infer from storage type
Preserved atlas field; see linked schema and scientific dictionary for interpretation.,atlas/data/DATA_DICTIONARY.md,dataset_id,datasets.None,unavailable marks explicit scientific unknown; SQL NULL follows source table semantics,False,TEXT,ATLAS_TABLE:samples,source/measurement dependent; do not infer from storage type
Preserved atlas field; see linked schema and scientific dictionary for interpretation.,atlas/data/DATA_DICTIONARY.md,donor_id,,unavailable marks explicit scientific unknown; SQL NULL follows source table semantics,False,TEXT,ATLAS_TABLE:samples,source/measurement dependent; do not infer from storage type
Preserved atlas field; see linked schema and scientific dictionary for interpretation.,atlas/data/DATA_DICTIONARY.md,context_id,contexts.None,unavailable marks explicit scientific unknown; SQL NULL follows source table semantics,False,TEXT,ATLAS_TABLE:samples,source/measurement dependent; do not infer from storage type
Preserved atlas field; see linked schema and scientific dictionary for interpretation.,atlas/data/DATA_DICTIONARY.md,notes,,unavailable marks explicit scientific unknown; SQL NULL follows source table semantics,False,TEXT,ATLAS_TABLE:samples,source/measurement dependent; do not infer from storage type
Preserved atlas field; see linked schema and scientific dictionary for interpretation.,atlas/data/DATA_DICTIONARY.md,candidate_id,,unavailable marks explicit scientific unknown; SQL NULL follows source table semantics,True,TEXT,ATLAS_TABLE:screening_candidates,source/measurement dependent; do not infer from storage type
Preserved atlas field; see linked schema and scientific dictionary for interpretation.,atlas/data/DATA_DICTIONARY.md,query_id,,unavailable marks explicit scientific unknown; SQL NULL follows source table semantics,False,TEXT,ATLAS_TABLE:screening_candidates,source/measurement dependent; do not infer from storage type
Preserved atlas field; see linked schema and scientific dictionary for interpretation.,atlas/data/DATA_DICTIONARY.md,title,,unavailable marks explicit scientific unknown; SQL NULL follows source table semantics,False,TEXT,ATLAS_TABLE:screening_candidates,source/measurement dependent; do not infer from storage type
Preserved atlas field; see linked schema and scientific dictionary for interpretation.,atlas/data/DATA_DICTIONARY.md,url,,unavailable marks explicit scientific unknown; SQL NULL follows source table semantics,False,TEXT,ATLAS_TABLE:screening_candidates,source/measurement dependent; do not infer from storage type
Preserved atlas field; see linked schema and scientific dictionary for interpretation.,atlas/data/DATA_DICTIONARY.md,doi,,unavailable marks explicit scientific unknown; SQL NULL follows source table semantics,False,TEXT,ATLAS_TABLE:screening_candidates,source/measurement dependent; do not infer from storage type
Preserved atlas field; see linked schema and scientific dictionary for interpretation.,atlas/data/DATA_DICTIONARY.md,pmid,,unavailable marks explicit scientific unknown; SQL NULL follows source table semantics,False,TEXT,ATLAS_TABLE:screening_candidates,source/measurement dependent; do not infer from storage type
Preserved atlas field; see linked schema and scientific dictionary for interpretation.,atlas/data/DATA_DICTIONARY.md,decision,,unavailable marks explicit scientific unknown; SQL NULL follows source table semantics,False,TEXT,ATLAS_TABLE:screening_candidates,source/measurement dependent; do not infer from storage type
Preserved atlas field; see linked schema and scientific dictionary for interpretation.,atlas/data/DATA_DICTIONARY.md,reason,,unavailable marks explicit scientific unknown; SQL NULL follows source table semantics,False,TEXT,ATLAS_TABLE:screening_candidates,source/measurement dependent; do not infer from storage type
Preserved atlas field; see linked schema and scientific dictionary for interpretation.,atlas/data/DATA_DICTIONARY.md,lane,,unavailable marks explicit scientific unknown; SQL NULL follows source table semantics,False,TEXT,ATLAS_TABLE:screening_candidates,source/measurement dependent; do not infer from storage type
Preserved atlas field; see linked schema and scientific dictionary for interpretation.,atlas/data/DATA_DICTIONARY.md,screening_id,,unavailable marks explicit scientific unknown; SQL NULL follows source table semantics,True,TEXT,ATLAS_TABLE:screening_decisions,source/measurement dependent; do not infer from storage type
Preserved atlas field; see linked schema and scientific dictionary for interpretation.,atlas/data/DATA_DICTIONARY.md,source_id,source_registry.None,unavailable marks explicit scientific unknown; SQL NULL follows source table semantics,False,TEXT,ATLAS_TABLE:screening_decisions,source/measurement dependent; do not infer from storage type
Preserved atlas field; see linked schema and scientific dictionary for interpretation.,atlas/data/DATA_DICTIONARY.md,decision,,unavailable marks explicit scientific unknown; SQL NULL follows source table semantics,False,TEXT,ATLAS_TABLE:screening_decisions,source/measurement dependent; do not infer from storage type
Preserved atlas field; see linked schema and scientific dictionary for interpretation.,atlas/data/DATA_DICTIONARY.md,reason,,unavailable marks explicit scientific unknown; SQL NULL follows source table semantics,False,TEXT,ATLAS_TABLE:screening_decisions,source/measurement dependent; do not infer from storage type
Preserved atlas field; see linked schema and scientific dictionary for interpretation.,atlas/data/DATA_DICTIONARY.md,stage,,unavailable marks explicit scientific unknown; SQL NULL follows source table semantics,False,TEXT,ATLAS_TABLE:screening_decisions,source/measurement dependent; do not infer from storage type
Preserved atlas field; see linked schema and scientific dictionary for interpretation.,atlas/data/DATA_DICTIONARY.md,reviewer_role,,unavailable marks explicit scientific unknown; SQL NULL follows source table semantics,False,TEXT,ATLAS_TABLE:screening_decisions,source/measurement dependent; do not infer from storage type
Preserved atlas field; see linked schema and scientific dictionary for interpretation.,atlas/data/DATA_DICTIONARY.md,search_id,,unavailable marks explicit scientific unknown; SQL NULL follows source table semantics,True,TEXT,ATLAS_TABLE:search_log,source/measurement dependent; do not infer from storage type
Preserved atlas field; see linked schema and scientific dictionary for interpretation.,atlas/data/DATA_DICTIONARY.md,lane,,unavailable marks explicit scientific unknown; SQL NULL follows source table semantics,False,TEXT,ATLAS_TABLE:search_log,source/measurement dependent; do not infer from storage type
Preserved atlas field; see linked schema and scientific dictionary for interpretation.,atlas/data/DATA_DICTIONARY.md,query,,unavailable marks explicit scientific unknown; SQL NULL follows source table semantics,False,TEXT,ATLAS_TABLE:search_log,source/measurement dependent; do not infer from storage type
Preserved atlas field; see linked schema and scientific dictionary for interpretation.,atlas/data/DATA_DICTIONARY.md,database,,unavailable marks explicit scientific unknown; SQL NULL follows source table semantics,False,TEXT,ATLAS_TABLE:search_log,source/measurement dependent; do not infer from storage type
Preserved atlas field; see linked schema and scientific dictionary for interpretation.,atlas/data/DATA_DICTIONARY.md,searched_at,,unavailable marks explicit scientific unknown; SQL NULL follows source table semantics,False,TEXT,ATLAS_TABLE:search_log,source/measurement dependent; do not infer from storage type
Preserved atlas field; see linked schema and scientific dictionary for interpretation.,atlas/data/DATA_DICTIONARY.md,result_source_ids,,unavailable marks explicit scientific unknown; SQL NULL follows source table semantics,False,TEXT,ATLAS_TABLE:search_log,source/measurement dependent; do not infer from storage type
Preserved atlas field; see linked schema and scientific dictionary for interpretation.,atlas/data/DATA_DICTIONARY.md,screening_notes,,unavailable marks explicit scientific unknown; SQL NULL follows source table semantics,False,TEXT,ATLAS_TABLE:search_log,source/measurement dependent; do not infer from storage type
Preserved atlas field; see linked schema and scientific dictionary for interpretation.,atlas/data/DATA_DICTIONARY.md,snapshot_path,,unavailable marks explicit scientific unknown; SQL NULL follows source table semantics,False,TEXT,ATLAS_TABLE:search_log,source/measurement dependent; do not infer from storage type
Preserved atlas field; see linked schema and scientific dictionary for interpretation.,atlas/data/DATA_DICTIONARY.md,total_hits,,unavailable marks explicit scientific unknown; SQL NULL follows source table semantics,False,TEXT,ATLAS_TABLE:search_log,source/measurement dependent; do not infer from storage type
Preserved atlas field; see linked schema and scientific dictionary for interpretation.,atlas/data/DATA_DICTIONARY.md,returned_pmids,,unavailable marks explicit scientific unknown; SQL NULL follows source table semantics,False,TEXT,ATLAS_TABLE:search_log,source/measurement dependent; do not infer from storage type
Preserved atlas field; see linked schema and scientific dictionary for interpretation.,atlas/data/DATA_DICTIONARY.md,retrieval_limit,,unavailable marks explicit scientific unknown; SQL NULL follows source table semantics,False,TEXT,ATLAS_TABLE:search_log,source/measurement dependent; do not infer from storage type
Preserved atlas field; see linked schema and scientific dictionary for interpretation.,atlas/data/DATA_DICTIONARY.md,source_id,,unavailable marks explicit scientific unknown; SQL NULL follows source table semantics,True,TEXT,ATLAS_TABLE:source_registry,source/measurement dependent; do not infer from storage type
Preserved atlas field; see linked schema and scientific dictionary for interpretation.,atlas/data/DATA_DICTIONARY.md,title,,unavailable marks explicit scientific unknown; SQL NULL follows source table semantics,False,TEXT,ATLAS_TABLE:source_registry,source/measurement dependent; do not infer from storage type
Preserved atlas field; see linked schema and scientific dictionary for interpretation.,atlas/data/DATA_DICTIONARY.md,authors,,unavailable marks explicit scientific unknown; SQL NULL follows source table semantics,False,TEXT,ATLAS_TABLE:source_registry,source/measurement dependent; do not infer from storage type
Preserved atlas field; see linked schema and scientific dictionary for interpretation.,atlas/data/DATA_DICTIONARY.md,year,,unavailable marks explicit scientific unknown; SQL NULL follows source table semantics,False,TEXT,ATLAS_TABLE:source_registry,source/measurement dependent; do not infer from storage type
Preserved atlas field; see linked schema and scientific dictionary for interpretation.,atlas/data/DATA_DICTIONARY.md,url,,unavailable marks explicit scientific unknown; SQL NULL follows source table semantics,False,TEXT,ATLAS_TABLE:source_registry,source/measurement dependent; do not infer from storage type
Preserved atlas field; see linked schema and scientific dictionary for interpretation.,atlas/data/DATA_DICTIONARY.md,doi,,unavailable marks explicit scientific unknown; SQL NULL follows source table semantics,False,TEXT,ATLAS_TABLE:source_registry,source/measurement dependent; do not infer from storage type
Preserved atlas field; see linked schema and scientific dictionary for interpretation.,atlas/data/DATA_DICTIONARY.md,pmid,,unavailable marks explicit scientific unknown; SQL NULL follows source table semantics,False,TEXT,ATLAS_TABLE:source_registry,source/measurement dependent; do not infer from storage type
Preserved atlas field; see linked schema and scientific dictionary for interpretation.,atlas/data/DATA_DICTIONARY.md,source_type,,unavailable marks explicit scientific unknown; SQL NULL follows source table semantics,False,TEXT,ATLAS_TABLE:source_registry,source/measurement dependent; do not infer from storage type
Preserved atlas field; see linked schema and scientific dictionary for interpretation.,atlas/data/DATA_DICTIONARY.md,version,,unavailable marks explicit scientific unknown; SQL NULL follows source table semantics,False,TEXT,ATLAS_TABLE:source_registry,source/measurement dependent; do not infer from storage type
Preserved atlas field; see linked schema and scientific dictionary for interpretation.,atlas/data/DATA_DICTIONARY.md,retrieved_at,,unavailable marks explicit scientific unknown; SQL NULL follows source table semantics,False,TEXT,ATLAS_TABLE:source_registry,source/measurement dependent; do not infer from storage type
Preserved atlas field; see linked schema and scientific dictionary for interpretation.,atlas/data/DATA_DICTIONARY.md,access_level,,unavailable marks explicit scientific unknown; SQL NULL follows source table semantics,False,TEXT,ATLAS_TABLE:source_registry,source/measurement dependent; do not infer from storage type
Preserved atlas field; see linked schema and scientific dictionary for interpretation.,atlas/data/DATA_DICTIONARY.md,snapshot_path,,unavailable marks explicit scientific unknown; SQL NULL follows source table semantics,False,TEXT,ATLAS_TABLE:source_registry,source/measurement dependent; do not infer from storage type
Preserved atlas field; see linked schema and scientific dictionary for interpretation.,atlas/data/DATA_DICTIONARY.md,snapshot_sha256,,unavailable marks explicit scientific unknown; SQL NULL follows source table semantics,False,TEXT,ATLAS_TABLE:source_registry,source/measurement dependent; do not infer from storage type
Preserved atlas field; see linked schema and scientific dictionary for interpretation.,atlas/data/DATA_DICTIONARY.md,species,,unavailable marks explicit scientific unknown; SQL NULL follows source table semantics,False,TEXT,ATLAS_TABLE:source_registry,source/measurement dependent; do not infer from storage type
Preserved atlas field; see linked schema and scientific dictionary for interpretation.,atlas/data/DATA_DICTIONARY.md,notes,,unavailable marks explicit scientific unknown; SQL NULL follows source table semantics,False,TEXT,ATLAS_TABLE:source_registry,source/measurement dependent; do not infer from storage type
Preserved atlas field; see linked schema and scientific dictionary for interpretation.,atlas/data/DATA_DICTIONARY.md,ingestion_status,,unavailable marks explicit scientific unknown; SQL NULL follows source table semantics,False,TEXT,ATLAS_TABLE:source_registry,source/measurement dependent; do not infer from storage type
Preserved atlas field; see linked schema and scientific dictionary for interpretation.,atlas/data/DATA_DICTIONARY.md,duplicate_of,,unavailable marks explicit scientific unknown; SQL NULL follows source table semantics,False,TEXT,ATLAS_TABLE:source_registry,source/measurement dependent; do not infer from storage type
Preserved atlas field; see linked schema and scientific dictionary for interpretation.,atlas/data/DATA_DICTIONARY.md,program_id,,unavailable marks explicit scientific unknown; SQL NULL follows source table semantics,True,TEXT,ATLAS_TABLE:transcriptional_programs,source/measurement dependent; do not infer from storage type
Preserved atlas field; see linked schema and scientific dictionary for interpretation.,atlas/data/DATA_DICTIONARY.md,entity_id,entities.None,unavailable marks explicit scientific unknown; SQL NULL follows source table semantics,False,TEXT,ATLAS_TABLE:transcriptional_programs,source/measurement dependent; do not infer from storage type
Preserved atlas field; see linked schema and scientific dictionary for interpretation.,atlas/data/DATA_DICTIONARY.md,definition,,unavailable marks explicit scientific unknown; SQL NULL follows source table semantics,False,TEXT,ATLAS_TABLE:transcriptional_programs,source/measurement dependent; do not infer from storage type
Preserved atlas field; see linked schema and scientific dictionary for interpretation.,atlas/data/DATA_DICTIONARY.md,measured_or_inferred,,unavailable marks explicit scientific unknown; SQL NULL follows source table semantics,False,TEXT,ATLAS_TABLE:transcriptional_programs,source/measurement dependent; do not infer from storage type
Preserved atlas field; see linked schema and scientific dictionary for interpretation.,atlas/data/DATA_DICTIONARY.md,evidence_id,evidence_instances.None,unavailable marks explicit scientific unknown; SQL NULL follows source table semantics,False,TEXT,ATLAS_TABLE:transcriptional_programs,source/measurement dependent; do not infer from storage type
Preserved atlas field; see linked schema and scientific dictionary for interpretation.,atlas/data/DATA_DICTIONARY.md,record_id,,unavailable marks explicit scientific unknown; SQL NULL follows source table semantics,True,TEXT,ATLAS_TABLE:transcriptomic_observations,source/measurement dependent; do not infer from storage type
Preserved atlas field; see linked schema and scientific dictionary for interpretation.,atlas/data/DATA_DICTIONARY.md,evidence_id,evidence_instances.None,unavailable marks explicit scientific unknown; SQL NULL follows source table semantics,False,TEXT,ATLAS_TABLE:transcriptomic_observations,source/measurement dependent; do not infer from storage type
Preserved atlas field; see linked schema and scientific dictionary for interpretation.,atlas/data/DATA_DICTIONARY.md,observation_type,,unavailable marks explicit scientific unknown; SQL NULL follows source table semantics,False,TEXT,ATLAS_TABLE:transcriptomic_observations,source/measurement dependent; do not infer from storage type
Preserved atlas field; see linked schema and scientific dictionary for interpretation.,atlas/data/DATA_DICTIONARY.md,target_entity_id,entities.None,unavailable marks explicit scientific unknown; SQL NULL follows source table semantics,False,TEXT,ATLAS_TABLE:transcriptomic_observations,source/measurement dependent; do not infer from storage type
Preserved atlas field; see linked schema and scientific dictionary for interpretation.,atlas/data/DATA_DICTIONARY.md,assay,,unavailable marks explicit scientific unknown; SQL NULL follows source table semantics,False,TEXT,ATLAS_TABLE:transcriptomic_observations,source/measurement dependent; do not infer from storage type
Preserved atlas field; see linked schema and scientific dictionary for interpretation.,atlas/data/DATA_DICTIONARY.md,donor_model,,unavailable marks explicit scientific unknown; SQL NULL follows source table semantics,False,TEXT,ATLAS_TABLE:transcriptomic_observations,source/measurement dependent; do not infer from storage type
Preserved atlas field; see linked schema and scientific dictionary for interpretation.,atlas/data/DATA_DICTIONARY.md,multiple_testing,,unavailable marks explicit scientific unknown; SQL NULL follows source table semantics,False,TEXT,ATLAS_TABLE:transcriptomic_observations,source/measurement dependent; do not infer from storage type
Preserved atlas field; see linked schema and scientific dictionary for interpretation.,atlas/data/DATA_DICTIONARY.md,composition_qc,,unavailable marks explicit scientific unknown; SQL NULL follows source table semantics,False,TEXT,ATLAS_TABLE:transcriptomic_observations,source/measurement dependent; do not infer from storage type
