asset_id,atlas_relative_path,bytes,classification_basis,data_level,file_id,format,logical_path,path,sha256,storage_role
ASSET_7adb59c8542cc655d4d8,README.md,21448,transparent path/extension rule; documentary snapshots are not biological raw measurements,documentation_or_protocol,AFILE_978716ef20dd57c65b,md,README.md,atlas/README.md,7adb59c8542cc655d4d871bbab87d4e3ecbf2f66dc9102531c8c407261cbab42,working_input
ASSET_d4e6cca40d9f4f6d7bb7,RUNNING.md,11574,transparent path/extension rule; documentary snapshots are not biological raw measurements,documentation_or_protocol,AFILE_fc51715eb55bde7e0d,md,RUNNING.md,atlas/RUNNING.md,d4e6cca40d9f4f6d7bb764e8c2cb233192e2eb1e47ec11bf8524e8c0f40d038a,working_input
ASSET_d754684642209ca682fd,candidates/0.3.0/REVIEW_PACKET.md,51754,transparent path/extension rule; documentary snapshots are not biological raw measurements,documentation_or_protocol,AFILE_fa6a412a9e53843fc1,md,candidates/0.3.0/REVIEW_PACKET.md,atlas/candidates/0.3.0/REVIEW_PACKET.md,d754684642209ca682fd4ed941d16169c2f090c8c159378e250943a8edf5a1fd,candidate_output
ASSET_17b3559cc7d534a4b526,candidates/0.3.0/candidate_assertions.csv,293527,transparent path/extension rule; documentary snapshots are not biological raw measurements,derived_atlas_table_or_database,AFILE_55ab3d2c12da8a815b,csv,candidates/0.3.0/candidate_assertions.csv,atlas/candidates/0.3.0/candidate_assertions.csv,17b3559cc7d534a4b526b89c223a99e0872311e84b28098d51d89f9437ca9ac9,candidate_output
ASSET_9a3e746383dddba87788,candidates/0.3.0/candidate_bridges.csv,243995,transparent path/extension rule; documentary snapshots are not biological raw measurements,derived_atlas_table_or_database,AFILE_8d795713fb1b2d8143,csv,candidates/0.3.0/candidate_bridges.csv,atlas/candidates/0.3.0/candidate_bridges.csv,9a3e746383dddba87788bfca39e3eb3537a9f2a7a9d5eefbdf119c92ac5d7b0c,candidate_output
ASSET_6838a8392d7594eb2f9d,candidates/0.3.0/candidate_cohorts.csv,39456,transparent path/extension rule; documentary snapshots are not biological raw measurements,derived_atlas_table_or_database,AFILE_3901354b2565807419,csv,candidates/0.3.0/candidate_cohorts.csv,atlas/candidates/0.3.0/candidate_cohorts.csv,6838a8392d7594eb2f9d8b3d1732802b12809e821a46debb4da6281fb9628db2,candidate_output
ASSET_71d50497b2ada758c76e,candidates/0.3.0/candidate_contexts.csv,29767,transparent path/extension rule; documentary snapshots are not biological raw measurements,derived_atlas_table_or_database,AFILE_645310f142c623238f,csv,candidates/0.3.0/candidate_contexts.csv,atlas/candidates/0.3.0/candidate_contexts.csv,71d50497b2ada758c76e998a25b9ddf766570449e260ae7424483e68448ef093,candidate_output
ASSET_80e22b06655319f31807,candidates/0.3.0/candidate_entities.csv,18192,transparent path/extension rule; documentary snapshots are not biological raw measurements,derived_atlas_table_or_database,AFILE_b587e2fb97c4a0926d,csv,candidates/0.3.0/candidate_entities.csv,atlas/candidates/0.3.0/candidate_entities.csv,80e22b06655319f3180722c2edf15197b87aa1ac74a1006f15bcdd6efd5ecaed,candidate_output
ASSET_1cda75bef47daa2db5f6,candidates/0.3.0/candidate_gaps.csv,12018,transparent path/extension rule; documentary snapshots are not biological raw measurements,derived_atlas_table_or_database,AFILE_374aa15d63f5f2f469,csv,candidates/0.3.0/candidate_gaps.csv,atlas/candidates/0.3.0/candidate_gaps.csv,1cda75bef47daa2db5f6b187bd8785c46e0ac6fd8bd2a56edb5018932592738b,candidate_output
ASSET_aa5af80c04fd66b9aca6,candidates/0.3.0/candidate_graphs.csv,448667,transparent path/extension rule; documentary snapshots are not biological raw measurements,derived_atlas_table_or_database,AFILE_f74f93b4aaf930bd7b,csv,candidates/0.3.0/candidate_graphs.csv,atlas/candidates/0.3.0/candidate_graphs.csv,aa5af80c04fd66b9aca6caf5159860d514f55afbe2f95962ae9574dfcfb3c35f,candidate_output
ASSET_2a7a36dca6847148ec9d,candidates/0.3.0/candidate_inputs.csv,15360,transparent path/extension rule; documentary snapshots are not biological raw measurements,derived_atlas_table_or_database,AFILE_7fb74139375defd5ad,csv,candidates/0.3.0/candidate_inputs.csv,atlas/candidates/0.3.0/candidate_inputs.csv,2a7a36dca6847148ec9d28b21ce12ff913ad09f2016ba68a4efdb3c932494b8d,candidate_output
ASSET_98b4372345599af275f1,candidates/0.3.0/candidate_screening.csv,80315,transparent path/extension rule; documentary snapshots are not biological raw measurements,derived_atlas_table_or_database,AFILE_796d302c2dbaea4c54,csv,candidates/0.3.0/candidate_screening.csv,atlas/candidates/0.3.0/candidate_screening.csv,98b4372345599af275f12c1b5c768e7e35975d93651e7ccfac5df5845a0cb3a8,candidate_output
ASSET_1810daaf303629fefde3,candidates/0.3.0/candidate_searches.csv,31477,transparent path/extension rule; documentary snapshots are not biological raw measurements,derived_atlas_table_or_database,AFILE_a99c468a5c490b94bc,csv,candidates/0.3.0/candidate_searches.csv,atlas/candidates/0.3.0/candidate_searches.csv,1810daaf303629fefde3567647fb11581c2f4b964f973ae1bfdfdaabffa4c49b,candidate_output
ASSET_f6729b9f77efed846d38,candidates/0.3.0/candidate_sources.csv,63573,transparent path/extension rule; documentary snapshots are not biological raw measurements,derived_atlas_table_or_database,AFILE_5b7e73669b7ea6c143,csv,candidates/0.3.0/candidate_sources.csv,atlas/candidates/0.3.0/candidate_sources.csv,f6729b9f77efed846d3833faaa0b91e8c3d52854239d8a9500ea3a15d9f57cd3,candidate_output
ASSET_5298a77ac5d7dd3f9f3e,candidates/0.3.0/cytokine_inventory.csv,705648,transparent path/extension rule; documentary snapshots are not biological raw measurements,derived_atlas_table_or_database,AFILE_f72ee498df446dc6b8,csv,candidates/0.3.0/cytokine_inventory.csv,atlas/candidates/0.3.0/cytokine_inventory.csv,5298a77ac5d7dd3f9f3e107290e2063ebfed9e775e5978b1cf37a1bda7a98cdd,candidate_output
ASSET_f863a43d399d7501bc08,candidates/0.3.0/immune_candidate.sqlite,4943872,transparent path/extension rule; documentary snapshots are not biological raw measurements,derived_atlas_table_or_database,AFILE_7c1bbd97a54d8a39f9,sqlite,candidates/0.3.0/immune_candidate.sqlite,atlas/candidates/0.3.0/immune_candidate.sqlite,f863a43d399d7501bc08dcdd3184ff30f3bf2a43381e764943f1e165d7d3a037,candidate_output
ASSET_caf517ae7f3701133f36,candidates/0.3.0/input_manifest.json,16560,transparent path/extension rule; documentary snapshots are not biological raw measurements,structured_curation_or_provenance,AFILE_e4790dfcd4e4c03c65,json,candidates/0.3.0/input_manifest.json,atlas/candidates/0.3.0/input_manifest.json,caf517ae7f3701133f3664999e0d2a95a02873efe0aa008424d40f307d24f139,candidate_output
ASSET_7adb59c8542cc655d4d8,candidates/0.3.0/input_snapshot/README.md,21448,transparent path/extension rule; documentary snapshots are not biological raw measurements,documentation_or_protocol,AFILE_b807e819464728f958,md,README.md,atlas/candidates/0.3.0/input_snapshot/README.md,7adb59c8542cc655d4d871bbab87d4e3ecbf2f66dc9102531c8c407261cbab42,archived_input_copy
ASSET_d4e6cca40d9f4f6d7bb7,candidates/0.3.0/input_snapshot/RUNNING.md,11574,transparent path/extension rule; documentary snapshots are not biological raw measurements,documentation_or_protocol,AFILE_e9bd659325cf01ea31,md,RUNNING.md,atlas/candidates/0.3.0/input_snapshot/RUNNING.md,d4e6cca40d9f4f6d7bb764e8c2cb233192e2eb1e47ec11bf8524e8c0f40d038a,archived_input_copy
ASSET_6929b696aac39d977a22,candidates/0.3.0/input_snapshot/data/CANDIDATE_DATA_DICTIONARY.md,4874,transparent path/extension rule; documentary snapshots are not biological raw measurements,documentation_or_protocol,AFILE_a1ab6762f6407c0705,md,data/CANDIDATE_DATA_DICTIONARY.md,atlas/candidates/0.3.0/input_snapshot/data/CANDIDATE_DATA_DICTIONARY.md,6929b696aac39d977a224cbae1e539b4011c9ff38cd34115b843d210b4ae2d8b,archived_input_copy
ASSET_0e85a28416f980ba9904,candidates/0.3.0/input_snapshot/data/cytokine_inventory.csv,403926,transparent path/extension rule; documentary snapshots are not biological raw measurements,structured_curation_or_provenance,AFILE_40a9ac30ea836973d9,csv,data/cytokine_inventory.csv,atlas/candidates/0.3.0/input_snapshot/data/cytokine_inventory.csv,0e85a28416f980ba99040cf0afd8ed937b1a761a705b1122b19edda6bfbfccfd,archived_input_copy
ASSET_6c92eb7dceaee88157a0,candidates/0.3.0/input_snapshot/data/cytokine_inventory.json,662166,transparent path/extension rule; documentary snapshots are not biological raw measurements,structured_curation_or_provenance,AFILE_9edd5a1e09af9e4b48,json,data/cytokine_inventory.json,atlas/candidates/0.3.0/input_snapshot/data/cytokine_inventory.json,6c92eb7dceaee88157a052959fe649552f50c365f28532c93c69ea9954863724,archived_input_copy
ASSET_fd34f5eaab5fe579dbee,candidates/0.3.0/input_snapshot/data/product_scope.json,717,transparent path/extension rule; documentary snapshots are not biological raw measurements,structured_curation_or_provenance,AFILE_d326496f92a015d37e,json,data/product_scope.json,atlas/candidates/0.3.0/input_snapshot/data/product_scope.json,fd34f5eaab5fe579dbeeed04e1c3c4a08251232e06cb9891139e3a8b4fd9323e,archived_input_copy
ASSET_5e1caf3d13bd3193afe0,candidates/0.3.0/input_snapshot/protocol/AMENDMENT_0.3.md,1458,transparent path/extension rule; documentary snapshots are not biological raw measurements,documentation_or_protocol,AFILE_750b0e5285f9d15fe8,md,protocol/AMENDMENT_0.3.md,atlas/candidates/0.3.0/input_snapshot/protocol/AMENDMENT_0.3.md,5e1caf3d13bd3193afe0d0179ae1322ff564a053b335606ce792eeceb1b48ac8,archived_input_copy
ASSET_a3030f357cfeedbac29b,candidates/0.3.0/input_snapshot/protocol/PRODUCT_SCOPE.md,5790,transparent path/extension rule; documentary snapshots are not biological raw measurements,documentation_or_protocol,AFILE_baab49f3893a585c51,md,protocol/PRODUCT_SCOPE.md,atlas/candidates/0.3.0/input_snapshot/protocol/PRODUCT_SCOPE.md,a3030f357cfeedbac29b9b877b408f3fd0d5cc7278b63b75c7f1d98540fd202e,archived_input_copy
ASSET_6f52b8cee9ed4a2be8cc,candidates/0.3.0/input_snapshot/protocol/PROTOCOL.md,11593,transparent path/extension rule; documentary snapshots are not biological raw measurements,documentation_or_protocol,AFILE_82b00a5ba2625027a5,md,protocol/PROTOCOL.md,atlas/candidates/0.3.0/input_snapshot/protocol/PROTOCOL.md,6f52b8cee9ed4a2be8cce6fe1ec0f3a57c010bd14e047444d16a8b0686aadb37,archived_input_copy
ASSET_dcc2874175a1509559b1,candidates/0.3.0/input_snapshot/provenance/candidate_preparation_0.3.json,3934,transparent path/extension rule; documentary snapshots are not biological raw measurements,structured_curation_or_provenance,AFILE_261056becaddec7590,json,provenance/candidate_preparation_0.3.json,atlas/candidates/0.3.0/input_snapshot/provenance/candidate_preparation_0.3.json,dcc2874175a1509559b16d893cffcc233d5c8c34e77ba5bcb558ed649fda7451,archived_input_copy
ASSET_101ac8ee52d3a8cfbbf4,candidates/0.3.0/input_snapshot/releases/0.2.0/immune_prior.sqlite,2662400,transparent path/extension rule; documentary snapshots are not biological raw measurements,derived_atlas_table_or_database,AFILE_ecb179a81e230268d8,sqlite,releases/0.2.0/immune_prior.sqlite,atlas/candidates/0.3.0/input_snapshot/releases/0.2.0/immune_prior.sqlite,101ac8ee52d3a8cfbbf41aa5dc9e9ae671f3f4bbe2b812168d623f5258c7d81d,archived_input_copy
ASSET_05a1fa0c53763995cd6d,candidates/0.3.0/input_snapshot/releases/0.2.0/manifest.json,118524,transparent path/extension rule; documentary snapshots are not biological raw measurements,structured_curation_or_provenance,AFILE_8d353598ccaa569de6,json,releases/0.2.0/manifest.json,atlas/candidates/0.3.0/input_snapshot/releases/0.2.0/manifest.json,05a1fa0c53763995cd6dc7f9ee020045920eb5d7b9aabaa9b26082a7f12d6dd0,archived_input_copy
ASSET_688a94599ef2530d74d7,candidates/0.3.0/input_snapshot/research/EXTRACTION_CONTRACT_0.3.md,5188,transparent path/extension rule; documentary snapshots are not biological raw measurements,documentation_or_protocol,AFILE_6c60e11129ba6e371d,md,research/EXTRACTION_CONTRACT_0.3.md,atlas/candidates/0.3.0/input_snapshot/research/EXTRACTION_CONTRACT_0.3.md,688a94599ef2530d74d76a999e72d20cad2a0198691fd844f64162e8f4f23c5f,archived_input_copy
ASSET_3ae815c113f5e368cc52,candidates/0.3.0/input_snapshot/research/cytokine_inventory/inventory_manifest.json,2571,transparent path/extension rule; documentary snapshots are not biological raw measurements,structured_curation_or_provenance,AFILE_08bdec6d96cfc53948,json,research/cytokine_inventory/inventory_manifest.json,atlas/candidates/0.3.0/input_snapshot/research/cytokine_inventory/inventory_manifest.json,3ae815c113f5e368cc5293495706e49a6aab14754844436c8bacaa747baf9f19,archived_input_copy
ASSET_2e01b90cd66ba4e7a5e8,candidates/0.3.0/input_snapshot/research/cytokine_inventory/notes.md,1465,transparent path/extension rule; documentary snapshots are not biological raw measurements,documentation_or_protocol,AFILE_8215cfb5a1c33f1232,md,research/cytokine_inventory/notes.md,atlas/candidates/0.3.0/input_snapshot/research/cytokine_inventory/notes.md,2e01b90cd66ba4e7a5e8036c07019a2395aeee76d409ab278c0a9ee683c834fd,archived_input_copy
ASSET_ec3c61403e02315e7080,candidates/0.3.0/input_snapshot/research/cytokine_inventory/probe.request.json,490,transparent path/extension rule; documentary snapshots are not biological raw measurements,structured_curation_or_provenance,AFILE_24c2e9748ea13deba6,json,research/cytokine_inventory/probe.request.json,atlas/candidates/0.3.0/input_snapshot/research/cytokine_inventory/probe.request.json,ec3c61403e02315e70809e1c26fe85e568cd4f80cd4113ae3241f0ade66ed009,archived_input_copy
ASSET_13844b9caff285273419,candidates/0.3.0/input_snapshot/research/cytokine_inventory/probe.response.json,3401,transparent path/extension rule; documentary snapshots are not biological raw measurements,structured_curation_or_provenance,AFILE_459e2cd7f7995cf251,json,research/cytokine_inventory/probe.response.json,atlas/candidates/0.3.0/input_snapshot/research/cytokine_inventory/probe.response.json,13844b9caff2852734193c518db93ebb1341f35ec251cda8b657b36920f8e775,archived_input_copy
ASSET_073cf007fb2ea8e19543,candidates/0.3.0/input_snapshot/research/cytokine_inventory/reviewed.request.json,493,transparent path/extension rule; documentary snapshots are not biological raw measurements,structured_curation_or_provenance,AFILE_f94736c79e50d9f9dd,json,research/cytokine_inventory/reviewed.request.json,atlas/candidates/0.3.0/input_snapshot/research/cytokine_inventory/reviewed.request.json,073cf007fb2ea8e19543f4ac029be79f5f8db0a369867409af613728554e0805,archived_input_copy
ASSET_c6d6c365aa2cc4c0dac8,candidates/0.3.0/input_snapshot/research/cytokine_inventory/reviewed.response.json,329,transparent path/extension rule; documentary snapshots are not biological raw measurements,structured_curation_or_provenance,AFILE_ba39ed3d6c7da5951b,json,research/cytokine_inventory/reviewed.response.json,atlas/candidates/0.3.0/input_snapshot/research/cytokine_inventory/reviewed.response.json,c6d6c365aa2cc4c0dac8d7be4b6bc9da370f44213fc1a6e6ed692a02f5854b58,archived_input_copy
ASSET_69098421e6675770a999,candidates/0.3.0/input_snapshot/research/cytokine_inventory/snapshots/uniprot_probe.json,10418,transparent path/extension rule; documentary snapshots are not biological raw measurements,resource_metadata_snapshot,AFILE_63fcff5a8ea0212418,json,research/cytokine_inventory/snapshots/uniprot_probe.json,atlas/candidates/0.3.0/input_snapshot/research/cytokine_inventory/snapshots/uniprot_probe.json,69098421e6675770a999ecf381f43507f2a7362693efa7f2eae445a7cf700292,archived_input_copy
ASSET_27e647ab7eec68643294,candidates/0.3.0/input_snapshot/research/cytokine_inventory/snapshots/uniprot_reviewed.tsv,142264,transparent path/extension rule; documentary snapshots are not biological raw measurements,resource_metadata_snapshot,AFILE_9e93459038edc4c717,tsv,research/cytokine_inventory/snapshots/uniprot_reviewed.tsv,atlas/candidates/0.3.0/input_snapshot/research/cytokine_inventory/snapshots/uniprot_reviewed.tsv,27e647ab7eec68643294c2c8815bf8109612fb0196fd4861053951913a888d6c,archived_input_copy
ASSET_51186f59c5601c902169,candidates/0.3.0/input_snapshot/research/cytokine_inventory/snapshots/uniprot_unreviewed.tsv,87337,transparent path/extension rule; documentary snapshots are not biological raw measurements,resource_metadata_snapshot,AFILE_6654fb0c33a5519a5d,tsv,research/cytokine_inventory/snapshots/uniprot_unreviewed.tsv,atlas/candidates/0.3.0/input_snapshot/research/cytokine_inventory/snapshots/uniprot_unreviewed.tsv,51186f59c5601c902169958ce636bd0615785a5191221b57c998ea9c0d892852,archived_input_copy
ASSET_6f90cc092242b5a62cc6,candidates/0.3.0/input_snapshot/research/cytokine_inventory/unreviewed.request.json,496,transparent path/extension rule; documentary snapshots are not biological raw measurements,structured_curation_or_provenance,AFILE_c6ab4630972e42b92a,json,research/cytokine_inventory/unreviewed.request.json,atlas/candidates/0.3.0/input_snapshot/research/cytokine_inventory/unreviewed.request.json,6f90cc092242b5a62cc6bf3bf91fc9ae0aaad36633466b3a03074cbc5ec2a9d7,archived_input_copy
ASSET_58cb838bcc7da82f3606,candidates/0.3.0/input_snapshot/research/cytokine_inventory/unreviewed.response.json,331,transparent path/extension rule; documentary snapshots are not biological raw measurements,structured_curation_or_provenance,AFILE_eb9084cc37145106fe,json,research/cytokine_inventory/unreviewed.response.json,atlas/candidates/0.3.0/input_snapshot/research/cytokine_inventory/unreviewed.response.json,58cb838bcc7da82f3606e2be28c30ca2d499b97788d0865d879f3bb38654f4bc,archived_input_copy
ASSET_3f14cc3be2c37807d66c,candidates/0.3.0/input_snapshot/research/mechanisms_activation/bridges.json,55500,transparent path/extension rule; documentary snapshots are not biological raw measurements,structured_curation_or_provenance,AFILE_d1509219505c886cb1,json,research/mechanisms_activation/bridges.json,atlas/candidates/0.3.0/input_snapshot/research/mechanisms_activation/bridges.json,3f14cc3be2c37807d66cb3f3c31b3421b1eafe446a7d72ed4edcc93e1c0c0025,archived_input_copy
ASSET_b19a7cdf2c15258c38e8,candidates/0.3.0/input_snapshot/research/mechanisms_activation/build_connections.py,17333,transparent path/extension rule; documentary snapshots are not biological raw measurements,code_or_environment_specification,AFILE_62a59cc7fdd0d2fdd3,py,research/mechanisms_activation/build_connections.py,atlas/candidates/0.3.0/input_snapshot/research/mechanisms_activation/build_connections.py,b19a7cdf2c15258c38e856b0c00de62f29319b6d21ca9c905e0058a50cd94baf,archived_input_copy
ASSET_78bf7d3c14b19e612e75,candidates/0.3.0/input_snapshot/research/mechanisms_activation/build_pack.py,26835,transparent path/extension rule; documentary snapshots are not biological raw measurements,code_or_environment_specification,AFILE_80fe7b1fcc56b744ef,py,research/mechanisms_activation/build_pack.py,atlas/candidates/0.3.0/input_snapshot/research/mechanisms_activation/build_pack.py,78bf7d3c14b19e612e75bf5665fe09ff782f6866625a58b0616d58940a50e5b9,archived_input_copy
ASSET_b191d0b2bd2cb4466c9f,candidates/0.3.0/input_snapshot/research/mechanisms_activation/complete_provenance.py,5879,transparent path/extension rule; documentary snapshots are not biological raw measurements,code_or_environment_specification,AFILE_1ac4cd145d3adb0834,py,research/mechanisms_activation/complete_provenance.py,atlas/candidates/0.3.0/input_snapshot/research/mechanisms_activation/complete_provenance.py,b191d0b2bd2cb4466c9fd5261f3951aeca6f318a652ac48545680b3ae81754a9,archived_input_copy
ASSET_dc9d1d41209113ee2273,candidates/0.3.0/input_snapshot/research/mechanisms_activation/finalize.py,16327,transparent path/extension rule; documentary snapshots are not biological raw measurements,code_or_environment_specification,AFILE_78e3698992c5847412,py,research/mechanisms_activation/finalize.py,atlas/candidates/0.3.0/input_snapshot/research/mechanisms_activation/finalize.py,dc9d1d41209113ee227398ef362ace2c58ac6c192a1e0f7feb2d0281dbf2582e,archived_input_copy
ASSET_5f6b69a7bcbfedb602d2,candidates/0.3.0/input_snapshot/research/mechanisms_activation/notes.md,7936,transparent path/extension rule; documentary snapshots are not biological raw measurements,documentation_or_protocol,AFILE_0169d39f5aff643806,md,research/mechanisms_activation/notes.md,atlas/candidates/0.3.0/input_snapshot/research/mechanisms_activation/notes.md,5f6b69a7bcbfedb602d2ff0fd2b15b22e981014a779711e334438d6cd835fd31,archived_input_copy
ASSET_13029e98a272e452bba7,candidates/0.3.0/input_snapshot/research/mechanisms_activation/pack.json,111309,transparent path/extension rule; documentary snapshots are not biological raw measurements,curated_evidence_extraction,AFILE_b564d488dd41cafb16,json,research/mechanisms_activation/pack.json,atlas/candidates/0.3.0/input_snapshot/research/mechanisms_activation/pack.json,13029e98a272e452bba73695e8e911f9e240533aca32583c534c54b9f6bf9cde,archived_input_copy
ASSET_0f05b3f3f782aa07ffaa,candidates/0.3.0/input_snapshot/research/mechanisms_activation/parse_snapshots.py,940,transparent path/extension rule; documentary snapshots are not biological raw measurements,code_or_environment_specification,AFILE_1c16026f35e3d6b9c2,py,research/mechanisms_activation/parse_snapshots.py,atlas/candidates/0.3.0/input_snapshot/research/mechanisms_activation/parse_snapshots.py,0f05b3f3f782aa07ffaa46c2a7c670ed6cc117b24c1973c552e25f0e6bca7848,archived_input_copy
ASSET_1d2afce79878a8e74ffd,candidates/0.3.0/input_snapshot/research/mechanisms_activation/run.json,13607,transparent path/extension rule; documentary snapshots are not biological raw measurements,structured_curation_or_provenance,AFILE_d0eef3ea3d9c7b3c31,json,research/mechanisms_activation/run.json,atlas/candidates/0.3.0/input_snapshot/research/mechanisms_activation/run.json,1d2afce79878a8e74ffd0b924c389fa312e01bd491541a4c587804e2a9c0bd2d,archived_input_copy
ASSET_be9ab6d0262a889ba5ea,candidates/0.3.0/input_snapshot/research/mechanisms_activation/screening.json,42753,transparent path/extension rule; documentary snapshots are not biological raw measurements,structured_curation_or_provenance,AFILE_6064c91a6edc920678,json,research/mechanisms_activation/screening.json,atlas/candidates/0.3.0/input_snapshot/research/mechanisms_activation/screening.json,be9ab6d0262a889ba5ea91cdd9c1ba1ca45bf2e7ee25a47c606357179f6393f6,archived_input_copy
ASSET_b2119512d21bf11e0bee,candidates/0.3.0/input_snapshot/research/mechanisms_activation/snapshots/MA_Q09_web.json,16462,transparent path/extension rule; documentary snapshots are not biological raw measurements,documentary_or_repository_source_snapshot,AFILE_7b47f38ad4db9ab7ae,json,research/mechanisms_activation/snapshots/MA_Q09_web.json,atlas/candidates/0.3.0/input_snapshot/research/mechanisms_activation/snapshots/MA_Q09_web.json,b2119512d21bf11e0bee846ecb951478cf70be477add592b9e7c465e6a8e7b2a,archived_input_copy
ASSET_210c9c5b0b248c9dc3e6,candidates/0.3.0/input_snapshot/research/mechanisms_activation/snapshots/MA_S01_full.html,272189,transparent path/extension rule; documentary snapshots are not biological raw measurements,documentary_or_repository_source_snapshot,AFILE_c978fd6b1d048d155c,html,research/mechanisms_activation/snapshots/MA_S01_full.html,atlas/candidates/0.3.0/input_snapshot/research/mechanisms_activation/snapshots/MA_S01_full.html,210c9c5b0b248c9dc3e6abf52786ca51656288768b9dbcb15f67260480c62b3a,archived_input_copy
ASSET_0510e3dcfe737257c311,candidates/0.3.0/input_snapshot/research/mechanisms_activation/snapshots/MA_S01_full.txt,86036,transparent path/extension rule; documentary snapshots are not biological raw measurements,documentary_or_repository_source_snapshot,AFILE_b547be676401c9f3dd,txt,research/mechanisms_activation/snapshots/MA_S01_full.txt,atlas/candidates/0.3.0/input_snapshot/research/mechanisms_activation/snapshots/MA_S01_full.txt,0510e3dcfe737257c3118f273492e05f76d643896062a8957267eef966cad549,archived_input_copy
ASSET_1fd70f05928d928a33d8,candidates/0.3.0/input_snapshot/research/mechanisms_activation/snapshots/MA_S01_full_metadata.json,2296,transparent path/extension rule; documentary snapshots are not biological raw measurements,documentary_or_repository_source_snapshot,AFILE_1c9897dea65acf7fb9,json,research/mechanisms_activation/snapshots/MA_S01_full_metadata.json,atlas/candidates/0.3.0/input_snapshot/research/mechanisms_activation/snapshots/MA_S01_full_metadata.json,1fd70f05928d928a33d84baa6f4af60509afa016579c5510ce4a90d1c0f0126d,archived_input_copy
ASSET_2c94fd8923bc608c44f0,candidates/0.3.0/input_snapshot/research/mechanisms_activation/snapshots/MA_S02_full.html,192756,transparent path/extension rule; documentary snapshots are not biological raw measurements,documentary_or_repository_source_snapshot,AFILE_4ab0bc2811eb6546e7,html,research/mechanisms_activation/snapshots/MA_S02_full.html,atlas/candidates/0.3.0/input_snapshot/research/mechanisms_activation/snapshots/MA_S02_full.html,2c94fd8923bc608c44f04f3c5a53970120a80cd0a4c7ef4ec9e86fbc1f69077a,archived_input_copy
ASSET_e532abc1ae62a5bfdf84,candidates/0.3.0/input_snapshot/research/mechanisms_activation/snapshots/MA_S02_full.txt,47769,transparent path/extension rule; documentary snapshots are not biological raw measurements,documentary_or_repository_source_snapshot,AFILE_8267ebb0c284e787d5,txt,research/mechanisms_activation/snapshots/MA_S02_full.txt,atlas/candidates/0.3.0/input_snapshot/research/mechanisms_activation/snapshots/MA_S02_full.txt,e532abc1ae62a5bfdf846d752ed8913cc4a31ec3365212e0e51d6383d4633741,archived_input_copy
ASSET_4e9ec436976a2abdb27b,candidates/0.3.0/input_snapshot/research/mechanisms_activation/snapshots/MA_S02_full_metadata.json,2843,transparent path/extension rule; documentary snapshots are not biological raw measurements,documentary_or_repository_source_snapshot,AFILE_c4e4e4d7a64c40d8aa,json,research/mechanisms_activation/snapshots/MA_S02_full_metadata.json,atlas/candidates/0.3.0/input_snapshot/research/mechanisms_activation/snapshots/MA_S02_full_metadata.json,4e9ec436976a2abdb27bd2404db8c767d41474658ee1b32855a05d21111b8ad7,archived_input_copy
ASSET_93d58492599cf783a253,candidates/0.3.0/input_snapshot/research/mechanisms_activation/snapshots/MA_S03_full.html,270951,transparent path/extension rule; documentary snapshots are not biological raw measurements,documentary_or_repository_source_snapshot,AFILE_e234c22a2645d98216,html,research/mechanisms_activation/snapshots/MA_S03_full.html,atlas/candidates/0.3.0/input_snapshot/research/mechanisms_activation/snapshots/MA_S03_full.html,93d58492599cf783a253d0d3dd49094e1d2bcc146c43b61d96f817568d952276,archived_input_copy
ASSET_9b7f0485c866ffe4363c,candidates/0.3.0/input_snapshot/research/mechanisms_activation/snapshots/MA_S03_full.txt,95543,transparent path/extension rule; documentary snapshots are not biological raw measurements,documentary_or_repository_source_snapshot,AFILE_17faddb7666373809e,txt,research/mechanisms_activation/snapshots/MA_S03_full.txt,atlas/candidates/0.3.0/input_snapshot/research/mechanisms_activation/snapshots/MA_S03_full.txt,9b7f0485c866ffe4363cd6b0b3aebb279b0e705eccbf874779fa4779e2a64e8e,archived_input_copy
ASSET_60049370f7cf0d46031c,candidates/0.3.0/input_snapshot/research/mechanisms_activation/snapshots/MA_S03_full_metadata.json,6590,transparent path/extension rule; documentary snapshots are not biological raw measurements,documentary_or_repository_source_snapshot,AFILE_9c08bd4483298675ee,json,research/mechanisms_activation/snapshots/MA_S03_full_metadata.json,atlas/candidates/0.3.0/input_snapshot/research/mechanisms_activation/snapshots/MA_S03_full_metadata.json,60049370f7cf0d46031c1afa90c93e386817dbeb67e182b31a40ba75a5cd07b0,archived_input_copy
ASSET_98249d5b017bfaa00043,candidates/0.3.0/input_snapshot/research/mechanisms_activation/snapshots/MA_S04_full.html,1094332,transparent path/extension rule; documentary snapshots are not biological raw measurements,documentary_or_repository_source_snapshot,AFILE_d106fdb5b716afa949,html,research/mechanisms_activation/snapshots/MA_S04_full.html,atlas/candidates/0.3.0/input_snapshot/research/mechanisms_activation/snapshots/MA_S04_full.html,98249d5b017bfaa00043f5c3f24e488b2fda03072f736187c12466ad860adb1c,archived_input_copy
ASSET_d58269eec27f9e8555e1,candidates/0.3.0/input_snapshot/research/mechanisms_activation/snapshots/MA_S04_full.txt,76403,transparent path/extension rule; documentary snapshots are not biological raw measurements,documentary_or_repository_source_snapshot,AFILE_ffcd4935e5fe5b8521,txt,research/mechanisms_activation/snapshots/MA_S04_full.txt,atlas/candidates/0.3.0/input_snapshot/research/mechanisms_activation/snapshots/MA_S04_full.txt,d58269eec27f9e8555e1aaea766e5e091f300fcb277883776cd8ad6538266895,archived_input_copy
ASSET_3c7394c4c3b9d19cafb7,candidates/0.3.0/input_snapshot/research/mechanisms_activation/snapshots/MA_S04_full_metadata.json,3964,transparent path/extension rule; documentary snapshots are not biological raw measurements,documentary_or_repository_source_snapshot,AFILE_94489bb147b638f7ac,json,research/mechanisms_activation/snapshots/MA_S04_full_metadata.json,atlas/candidates/0.3.0/input_snapshot/research/mechanisms_activation/snapshots/MA_S04_full_metadata.json,3c7394c4c3b9d19cafb72199efadf2f69ec6a5f4f560fd2444f5819e5c4c0604,archived_input_copy
ASSET_00790679faae73c30d6d,candidates/0.3.0/input_snapshot/research/mechanisms_activation/snapshots/MA_S05_full.html,204856,transparent path/extension rule; documentary snapshots are not biological raw measurements,documentary_or_repository_source_snapshot,AFILE_52050454862fa124fb,html,research/mechanisms_activation/snapshots/MA_S05_full.html,atlas/candidates/0.3.0/input_snapshot/research/mechanisms_activation/snapshots/MA_S05_full.html,00790679faae73c30d6db60d751629bcb739a8d82ae5fd89d240475df569ceed,archived_input_copy
ASSET_56151f37553491bab0d5,candidates/0.3.0/input_snapshot/research/mechanisms_activation/snapshots/MA_S05_full.txt,57264,transparent path/extension rule; documentary snapshots are not biological raw measurements,documentary_or_repository_source_snapshot,AFILE_212a428299ea640e02,txt,research/mechanisms_activation/snapshots/MA_S05_full.txt,atlas/candidates/0.3.0/input_snapshot/research/mechanisms_activation/snapshots/MA_S05_full.txt,56151f37553491bab0d5afd9a6a92e130477c1cbbb9160f0c9edea40b76510f3,archived_input_copy
ASSET_f79957a08969383e3542,candidates/0.3.0/input_snapshot/research/mechanisms_activation/snapshots/MA_S05_full_metadata.json,2471,transparent path/extension rule; documentary snapshots are not biological raw measurements,documentary_or_repository_source_snapshot,AFILE_bb830d0fb0c402d312,json,research/mechanisms_activation/snapshots/MA_S05_full_metadata.json,atlas/candidates/0.3.0/input_snapshot/research/mechanisms_activation/snapshots/MA_S05_full_metadata.json,f79957a08969383e354253291596aa3304bfcb47031cdc5574d17f53192a998a,archived_input_copy
ASSET_a156006bbc9bbdf89cb7,candidates/0.3.0/input_snapshot/research/mechanisms_activation/snapshots/MA_S06_correction_full.html,237259,transparent path/extension rule; documentary snapshots are not biological raw measurements,documentary_or_repository_source_snapshot,AFILE_942d37f993f575a12b,html,research/mechanisms_activation/snapshots/MA_S06_correction_full.html,atlas/candidates/0.3.0/input_snapshot/research/mechanisms_activation/snapshots/MA_S06_correction_full.html,a156006bbc9bbdf89cb7ed083eb8c634e1ec33a6f917de39b47f111d6eb9a1e2,archived_input_copy
ASSET_6abb4859b4fc04145cef,candidates/0.3.0/input_snapshot/research/mechanisms_activation/snapshots/MA_S06_correction_full.txt,7209,transparent path/extension rule; documentary snapshots are not biological raw measurements,documentary_or_repository_source_snapshot,AFILE_54f185fb1ef1bf1c2d,txt,research/mechanisms_activation/snapshots/MA_S06_correction_full.txt,atlas/candidates/0.3.0/input_snapshot/research/mechanisms_activation/snapshots/MA_S06_correction_full.txt,6abb4859b4fc04145cef6678f66d7100a28cb0b4cadb3784d1d68d792d41db13,archived_input_copy
ASSET_5fda2b950a9b991c66d3,candidates/0.3.0/input_snapshot/research/mechanisms_activation/snapshots/MA_S06_correction_full_metadata.json,3632,transparent path/extension rule; documentary snapshots are not biological raw measurements,documentary_or_repository_source_snapshot,AFILE_6ede80e15def9ac982,json,research/mechanisms_activation/snapshots/MA_S06_correction_full_metadata.json,atlas/candidates/0.3.0/input_snapshot/research/mechanisms_activation/snapshots/MA_S06_correction_full_metadata.json,5fda2b950a9b991c66d39d7545017d6db2c3bab58d481b89b6a728a909f178c7,archived_input_copy
ASSET_926cfd766f38fb588ae1,candidates/0.3.0/input_snapshot/research/mechanisms_activation/snapshots/MA_S06_fig3_full.html,177990,transparent path/extension rule; documentary snapshots are not biological raw measurements,documentary_or_repository_source_snapshot,AFILE_d9cb4994c38a9b38dc,html,research/mechanisms_activation/snapshots/MA_S06_fig3_full.html,atlas/candidates/0.3.0/input_snapshot/research/mechanisms_activation/snapshots/MA_S06_fig3_full.html,926cfd766f38fb588ae1fa7e00f071d47011f6fcdf882fb62638f3d80926db89,archived_input_copy
ASSET_6c37c3cf7b7e757f1e15,candidates/0.3.0/input_snapshot/research/mechanisms_activation/snapshots/MA_S06_fig3_full.txt,5244,transparent path/extension rule; documentary snapshots are not biological raw measurements,documentary_or_repository_source_snapshot,AFILE_4c2f17743a92b25c47,txt,research/mechanisms_activation/snapshots/MA_S06_fig3_full.txt,atlas/candidates/0.3.0/input_snapshot/research/mechanisms_activation/snapshots/MA_S06_fig3_full.txt,6c37c3cf7b7e757f1e15314933487e14637cc7c19901ef9dbe9dac11b0fad644,archived_input_copy
ASSET_44136fa355b3678a1146,candidates/0.3.0/input_snapshot/research/mechanisms_activation/snapshots/MA_S06_fig3_full_metadata.json,2,transparent path/extension rule; documentary snapshots are not biological raw measurements,documentary_or_repository_source_snapshot,AFILE_5868b255ecee6d89df,json,research/mechanisms_activation/snapshots/MA_S06_fig3_full_metadata.json,atlas/candidates/0.3.0/input_snapshot/research/mechanisms_activation/snapshots/MA_S06_fig3_full_metadata.json,44136fa355b3678a1146ad16f7e8649e94fb4fc21fe77e8310c060f61caaff8a,archived_input_copy
ASSET_4d3c0ef2dd654c1a1357,candidates/0.3.0/input_snapshot/research/mechanisms_activation/snapshots/MA_S06_fig4_full.html,177525,transparent path/extension rule; documentary snapshots are not biological raw measurements,documentary_or_repository_source_snapshot,AFILE_dc46ea8b5da30d6c26,html,research/mechanisms_activation/snapshots/MA_S06_fig4_full.html,atlas/candidates/0.3.0/input_snapshot/research/mechanisms_activation/snapshots/MA_S06_fig4_full.html,4d3c0ef2dd654c1a1357ae48472573b9bda304b186b3d891700987f5e55b1342,archived_input_copy
ASSET_8e8d9a9d3ce2b8729e34,candidates/0.3.0/input_snapshot/research/mechanisms_activation/snapshots/MA_S06_fig4_full.txt,5269,transparent path/extension rule; documentary snapshots are not biological raw measurements,documentary_or_repository_source_snapshot,AFILE_b5f92f9b15f39bec7f,txt,research/mechanisms_activation/snapshots/MA_S06_fig4_full.txt,atlas/candidates/0.3.0/input_snapshot/research/mechanisms_activation/snapshots/MA_S06_fig4_full.txt,8e8d9a9d3ce2b8729e34a530254ddba751ba7bd6e2610f410de59216bf305849,archived_input_copy
ASSET_44136fa355b3678a1146,candidates/0.3.0/input_snapshot/research/mechanisms_activation/snapshots/MA_S06_fig4_full_metadata.json,2,transparent path/extension rule; documentary snapshots are not biological raw measurements,documentary_or_repository_source_snapshot,AFILE_1d9c95e9d6260a8d52,json,research/mechanisms_activation/snapshots/MA_S06_fig4_full_metadata.json,atlas/candidates/0.3.0/input_snapshot/research/mechanisms_activation/snapshots/MA_S06_fig4_full_metadata.json,44136fa355b3678a1146ad16f7e8649e94fb4fc21fe77e8310c060f61caaff8a,archived_input_copy
ASSET_9448f8a1159c9b14e3e1,candidates/0.3.0/input_snapshot/research/mechanisms_activation/snapshots/MA_S06_full.failed.html,236,transparent path/extension rule; documentary snapshots are not biological raw measurements,documentary_or_repository_source_snapshot,AFILE_e2c404c8108cfdbd43,html,research/mechanisms_activation/snapshots/MA_S06_full.failed.html,atlas/candidates/0.3.0/input_snapshot/research/mechanisms_activation/snapshots/MA_S06_full.failed.html,9448f8a1159c9b14e3e1b9d8eab1a6ddf88d26e1f888a34cef430c756e4e6e1e,archived_input_copy
ASSET_41dbd274ab85a18fb204,candidates/0.3.0/input_snapshot/research/mechanisms_activation/snapshots/MA_S06_full.html,515928,transparent path/extension rule; documentary snapshots are not biological raw measurements,documentary_or_repository_source_snapshot,AFILE_05416c9d5ebf41bd9c,html,research/mechanisms_activation/snapshots/MA_S06_full.html,atlas/candidates/0.3.0/input_snapshot/research/mechanisms_activation/snapshots/MA_S06_full.html,41dbd274ab85a18fb2048b742887c14db703cae09c6c23ad38d8273eb1e7f236,archived_input_copy
ASSET_c83609107e9fb39e58eb,candidates/0.3.0/input_snapshot/research/mechanisms_activation/snapshots/MA_S06_full.txt,43356,transparent path/extension rule; documentary snapshots are not biological raw measurements,documentary_or_repository_source_snapshot,AFILE_75036289227567559f,txt,research/mechanisms_activation/snapshots/MA_S06_full.txt,atlas/candidates/0.3.0/input_snapshot/research/mechanisms_activation/snapshots/MA_S06_full.txt,c83609107e9fb39e58eb4f9486f2c76e65ca656a9edc24ca01e92893afa5544c,archived_input_copy
ASSET_7b2eb4ca2d4fc287a414,candidates/0.3.0/input_snapshot/research/mechanisms_activation/snapshots/MA_S06_full_metadata.json,26291,transparent path/extension rule; documentary snapshots are not biological raw measurements,documentary_or_repository_source_snapshot,AFILE_2a2f220cc207467b33,json,research/mechanisms_activation/snapshots/MA_S06_full_metadata.json,atlas/candidates/0.3.0/input_snapshot/research/mechanisms_activation/snapshots/MA_S06_full_metadata.json,7b2eb4ca2d4fc287a4147be44a803f3f2b1fdad8d0bc5b7c71f31677a7fbc287,archived_input_copy
ASSET_be7d095528ea94d03451,candidates/0.3.0/input_snapshot/research/mechanisms_activation/snapshots/MA_S06_methods.pdf,529176,transparent path/extension rule; documentary snapshots are not biological raw measurements,documentary_or_repository_source_snapshot,AFILE_69d3109cc4f4f05c57,pdf,research/mechanisms_activation/snapshots/MA_S06_methods.pdf,atlas/candidates/0.3.0/input_snapshot/research/mechanisms_activation/snapshots/MA_S06_methods.pdf,be7d095528ea94d03451657bca5aa4bbeb17ffd8a9dd91330fd4e0d74fa73aa9,archived_input_copy
ASSET_99171892e66cba7aa174,candidates/0.3.0/input_snapshot/research/mechanisms_activation/snapshots/MA_S06_methods.txt,11416,transparent path/extension rule; documentary snapshots are not biological raw measurements,documentary_or_repository_source_snapshot,AFILE_39cdc6b550d5015944,txt,research/mechanisms_activation/snapshots/MA_S06_methods.txt,atlas/candidates/0.3.0/input_snapshot/research/mechanisms_activation/snapshots/MA_S06_methods.txt,99171892e66cba7aa17496cd7663393e32942c256003c15fe8126c067a377c3e,archived_input_copy
ASSET_60594c343cd21c45b7fd,candidates/0.3.0/input_snapshot/research/mechanisms_activation/snapshots/MA_S06_nature.failed.html,515926,transparent path/extension rule; documentary snapshots are not biological raw measurements,documentary_or_repository_source_snapshot,AFILE_eb2461482bc698c408,html,research/mechanisms_activation/snapshots/MA_S06_nature.failed.html,atlas/candidates/0.3.0/input_snapshot/research/mechanisms_activation/snapshots/MA_S06_nature.failed.html,60594c343cd21c45b7fd1b420f6777c574d449d1bb245669bb71ab07d8ff51bc,archived_input_copy
ASSET_8d5c49893e197e978a18,candidates/0.3.0/input_snapshot/research/mechanisms_activation/snapshots/MA_S06_repository.failed.html,3058,transparent path/extension rule; documentary snapshots are not biological raw measurements,documentary_or_repository_source_snapshot,AFILE_3886cde5b48b86d2f6,html,research/mechanisms_activation/snapshots/MA_S06_repository.failed.html,atlas/candidates/0.3.0/input_snapshot/research/mechanisms_activation/snapshots/MA_S06_repository.failed.html,8d5c49893e197e978a18c122f0487cddee54a2033963f2f9ff6ed300a087d517,archived_input_copy
ASSET_7a94e18b956035d0ac2b,candidates/0.3.0/input_snapshot/research/mechanisms_activation/snapshots/MA_S06_web.json,300,transparent path/extension rule; documentary snapshots are not biological raw measurements,documentary_or_repository_source_snapshot,AFILE_3a1cd10a5a1ee2b0ed,json,research/mechanisms_activation/snapshots/MA_S06_web.json,atlas/candidates/0.3.0/input_snapshot/research/mechanisms_activation/snapshots/MA_S06_web.json,7a94e18b956035d0ac2bf37b07c556e1d7215ed69ed4d233cdebe7354864996d,archived_input_copy
ASSET_9a4fafb02aae934b0eec,candidates/0.3.0/input_snapshot/research/mechanisms_activation/snapshots/MA_S07_full.html,219712,transparent path/extension rule; documentary snapshots are not biological raw measurements,documentary_or_repository_source_snapshot,AFILE_2c743590a09bffc60c,html,research/mechanisms_activation/snapshots/MA_S07_full.html,atlas/candidates/0.3.0/input_snapshot/research/mechanisms_activation/snapshots/MA_S07_full.html,9a4fafb02aae934b0eecdf74e04c9c87a2b7ddfee130b2fc6f7a85b1f2c716e1,archived_input_copy
ASSET_0bbf99005de825e9cee6,candidates/0.3.0/input_snapshot/research/mechanisms_activation/snapshots/MA_S07_full.txt,62118,transparent path/extension rule; documentary snapshots are not biological raw measurements,documentary_or_repository_source_snapshot,AFILE_2eb9428c60c6e33eaa,txt,research/mechanisms_activation/snapshots/MA_S07_full.txt,atlas/candidates/0.3.0/input_snapshot/research/mechanisms_activation/snapshots/MA_S07_full.txt,0bbf99005de825e9cee6760d8e217ca610cf7f3a091715c8d7fe69305ad37c99,archived_input_copy
ASSET_875bbec16b4d330718e2,candidates/0.3.0/input_snapshot/research/mechanisms_activation/snapshots/MA_S07_full_metadata.json,1131,transparent path/extension rule; documentary snapshots are not biological raw measurements,documentary_or_repository_source_snapshot,AFILE_584bf03a8e659fd2f7,json,research/mechanisms_activation/snapshots/MA_S07_full_metadata.json,atlas/candidates/0.3.0/input_snapshot/research/mechanisms_activation/snapshots/MA_S07_full_metadata.json,875bbec16b4d330718e23a9437b5d16b609de9c5b6fb352646cfc2f341065494,archived_input_copy
ASSET_2e730c28f95a4d8f59d5,candidates/0.3.0/input_snapshot/research/mechanisms_activation/source_manifest.json,14839,transparent path/extension rule; documentary snapshots are not biological raw measurements,structured_curation_or_provenance,AFILE_91bfc640eae1ee2d42,json,research/mechanisms_activation/source_manifest.json,atlas/candidates/0.3.0/input_snapshot/research/mechanisms_activation/source_manifest.json,2e730c28f95a4d8f59d574ca8d219105ee5461a3f3345ef2f6008b3934d1de30,archived_input_copy
ASSET_5a3a79c7f9934a5ea0be,candidates/0.3.0/input_snapshot/research/mechanisms_antigen/bridges.json,85691,transparent path/extension rule; documentary snapshots are not biological raw measurements,structured_curation_or_provenance,AFILE_af7b5d23681dcf97a1,json,research/mechanisms_antigen/bridges.json,atlas/candidates/0.3.0/input_snapshot/research/mechanisms_antigen/bridges.json,5a3a79c7f9934a5ea0be5f5a37c47d0db4ba15b76b840e25691d517ec8941048,archived_input_copy
ASSET_7c78d3023f184d132654,candidates/0.3.0/input_snapshot/research/mechanisms_antigen/build_pack.py,40239,transparent path/extension rule; documentary snapshots are not biological raw measurements,code_or_environment_specification,AFILE_0d7aea6332fe4fd101,py,research/mechanisms_antigen/build_pack.py,atlas/candidates/0.3.0/input_snapshot/research/mechanisms_antigen/build_pack.py,7c78d3023f184d132654a1b2940b2013f2d05d3c53c735bb2fd0e73659d32b09,archived_input_copy
ASSET_44e5fc9777197aec0ffa,candidates/0.3.0/input_snapshot/research/mechanisms_antigen/finish_pack.py,23895,transparent path/extension rule; documentary snapshots are not biological raw measurements,code_or_environment_specification,AFILE_865b00b17e1ed12da5,py,research/mechanisms_antigen/finish_pack.py,atlas/candidates/0.3.0/input_snapshot/research/mechanisms_antigen/finish_pack.py,44e5fc9777197aec0ffad8a207f293b594ccbaa1ec3781f0658df6f82ea87a8d,archived_input_copy
ASSET_a2eeac828ae3f279b848,candidates/0.3.0/input_snapshot/research/mechanisms_antigen/notes.md,5937,transparent path/extension rule; documentary snapshots are not biological raw measurements,documentation_or_protocol,AFILE_74f9cfaec9d7a764cc,md,research/mechanisms_antigen/notes.md,atlas/candidates/0.3.0/input_snapshot/research/mechanisms_antigen/notes.md,a2eeac828ae3f279b8484d9e14e2c40d5873ab5842b27fd1f6309a00a70b38bb,archived_input_copy
ASSET_81e4acf11a815fc13cd6,candidates/0.3.0/input_snapshot/research/mechanisms_antigen/pack.json,119914,transparent path/extension rule; documentary snapshots are not biological raw measurements,curated_evidence_extraction,AFILE_9f191f8ba805a5c616,json,research/mechanisms_antigen/pack.json,atlas/candidates/0.3.0/input_snapshot/research/mechanisms_antigen/pack.json,81e4acf11a815fc13cd68c70c0a71cdb8824f6988e880a50e6f65abac9f20618,archived_input_copy
ASSET_b4cbf50eff2d062426a1,candidates/0.3.0/input_snapshot/research/mechanisms_antigen/run.json,2803,transparent path/extension rule; documentary snapshots are not biological raw measurements,structured_curation_or_provenance,AFILE_034b98b864c6344aa4,json,research/mechanisms_antigen/run.json,atlas/candidates/0.3.0/input_snapshot/research/mechanisms_antigen/run.json,b4cbf50eff2d062426a1212883cf4c7e9fbcce2f0cf5bd17cdb347811f26ce3a,archived_input_copy
ASSET_9b92d3299168fd98a057,candidates/0.3.0/input_snapshot/research/mechanisms_antigen/screening.json,20020,transparent path/extension rule; documentary snapshots are not biological raw measurements,structured_curation_or_provenance,AFILE_fa413ba89c3f9f3187,json,research/mechanisms_antigen/screening.json,atlas/candidates/0.3.0/input_snapshot/research/mechanisms_antigen/screening.json,9b92d3299168fd98a0577ae510be6a8e31cdc13808a2d8a79cb1e0a5a411d0eb,archived_input_copy
ASSET_0bb28cc238a1c41dacbe,candidates/0.3.0/input_snapshot/research/mechanisms_antigen/snapshots/MP_ERAP2021.html,227839,transparent path/extension rule; documentary snapshots are not biological raw measurements,documentary_or_repository_source_snapshot,AFILE_f578f5cdc575727aee,html,research/mechanisms_antigen/snapshots/MP_ERAP2021.html,atlas/candidates/0.3.0/input_snapshot/research/mechanisms_antigen/snapshots/MP_ERAP2021.html,0bb28cc238a1c41dacbe730f991af3919701262fdb66f413134cecdca4d85067,archived_input_copy
ASSET_4123c908d62f13e1cf2a,candidates/0.3.0/input_snapshot/research/mechanisms_antigen/snapshots/MP_ERAP2021.txt,71873,transparent path/extension rule; documentary snapshots are not biological raw measurements,documentary_or_repository_source_snapshot,AFILE_53201ecd62a80bf210,txt,research/mechanisms_antigen/snapshots/MP_ERAP2021.txt,atlas/candidates/0.3.0/input_snapshot/research/mechanisms_antigen/snapshots/MP_ERAP2021.txt,4123c908d62f13e1cf2a6a1ef449f8dc487f70a8c2f440acb061d35e86b8e3fd,archived_input_copy
ASSET_6c2321c449829422d897,candidates/0.3.0/input_snapshot/research/mechanisms_antigen/snapshots/MP_He2025.html,346389,transparent path/extension rule; documentary snapshots are not biological raw measurements,documentary_or_repository_source_snapshot,AFILE_de4431b0cb75374099,html,research/mechanisms_antigen/snapshots/MP_He2025.html,atlas/candidates/0.3.0/input_snapshot/research/mechanisms_antigen/snapshots/MP_He2025.html,6c2321c449829422d897a29270aa063e6c84913e53d0313809341aa0a39cc4ea,archived_input_copy
ASSET_834a66a8301fd84d67ce,candidates/0.3.0/input_snapshot/research/mechanisms_antigen/snapshots/MP_He2025.txt,114992,transparent path/extension rule; documentary snapshots are not biological raw measurements,documentary_or_repository_source_snapshot,AFILE_8d6831c5193c3f6b70,txt,research/mechanisms_antigen/snapshots/MP_He2025.txt,atlas/candidates/0.3.0/input_snapshot/research/mechanisms_antigen/snapshots/MP_He2025.txt,834a66a8301fd84d67ced862b4e1aef186e3d02e7a80b9179250f8598212d907,archived_input_copy
ASSET_f27872f9a76a1b9e5632,candidates/0.3.0/input_snapshot/research/mechanisms_antigen/snapshots/MP_Kuilman2025.html,588336,transparent path/extension rule; documentary snapshots are not biological raw measurements,documentary_or_repository_source_snapshot,AFILE_fbb70c859212f75856,html,research/mechanisms_antigen/snapshots/MP_Kuilman2025.html,atlas/candidates/0.3.0/input_snapshot/research/mechanisms_antigen/snapshots/MP_Kuilman2025.html,f27872f9a76a1b9e563227650cb9056ce16e7fc9d92e7ab525b0fb02742ad3fd,archived_input_copy
ASSET_fdd0b46423db72ea6e9c,candidates/0.3.0/input_snapshot/research/mechanisms_antigen/snapshots/MP_Kuilman2025.txt,87638,transparent path/extension rule; documentary snapshots are not biological raw measurements,documentary_or_repository_source_snapshot,AFILE_2ccc5121feef6725f5,txt,research/mechanisms_antigen/snapshots/MP_Kuilman2025.txt,atlas/candidates/0.3.0/input_snapshot/research/mechanisms_antigen/snapshots/MP_Kuilman2025.txt,fdd0b46423db72ea6e9c6cf85669e66c1b3bd792906283576d269e5bbc6c8fd1,archived_input_copy
ASSET_4019919e28d05cb62cd5,candidates/0.3.0/input_snapshot/research/mechanisms_antigen/snapshots/MP_Kuilman2025_supplement.pdf,3059699,transparent path/extension rule; documentary snapshots are not biological raw measurements,documentary_or_repository_source_snapshot,AFILE_7c679816c67708789d,pdf,research/mechanisms_antigen/snapshots/MP_Kuilman2025_supplement.pdf,atlas/candidates/0.3.0/input_snapshot/research/mechanisms_antigen/snapshots/MP_Kuilman2025_supplement.pdf,4019919e28d05cb62cd5b6dedfa2eacee186be3c706a448786424538586789e7,archived_input_copy
ASSET_4a5518c14bb9165bb3f4,candidates/0.3.0/input_snapshot/research/mechanisms_antigen/snapshots/MP_Kuilman2025_supplement.txt,21905,transparent path/extension rule; documentary snapshots are not biological raw measurements,documentary_or_repository_source_snapshot,AFILE_8d7ee65022e69baf6d,txt,research/mechanisms_antigen/snapshots/MP_Kuilman2025_supplement.txt,atlas/candidates/0.3.0/input_snapshot/research/mechanisms_antigen/snapshots/MP_Kuilman2025_supplement.txt,4a5518c14bb9165bb3f40e6034dbd4ced51aaba2ffd1d717571ab97bd72fada6,archived_input_copy
ASSET_e5610d9d748c4f5357dc,candidates/0.3.0/input_snapshot/research/mechanisms_antigen/snapshots/MP_Kuilman2025_supplement_p12.png,282446,transparent path/extension rule; documentary snapshots are not biological raw measurements,documentary_or_repository_source_snapshot,AFILE_54d4adbac5a2570ad5,png,research/mechanisms_antigen/snapshots/MP_Kuilman2025_supplement_p12.png,atlas/candidates/0.3.0/input_snapshot/research/mechanisms_antigen/snapshots/MP_Kuilman2025_supplement_p12.png,e5610d9d748c4f5357dcaa9a8895a6b1d42b23b3e8ff4682e1b3ac1962dd0b22,archived_input_copy
ASSET_80b722f685639d91ab27,candidates/0.3.0/input_snapshot/research/mechanisms_antigen/snapshots/MP_Kuilman2025_supplement_p8.png,333807,transparent path/extension rule; documentary snapshots are not biological raw measurements,documentary_or_repository_source_snapshot,AFILE_ce58083433dc328532,png,research/mechanisms_antigen/snapshots/MP_Kuilman2025_supplement_p8.png,atlas/candidates/0.3.0/input_snapshot/research/mechanisms_antigen/snapshots/MP_Kuilman2025_supplement_p8.png,80b722f685639d91ab2770b8fd62f2993e5602f27fee34f3376bebf738f903b3,archived_input_copy
ASSET_5fe14728208db35b80e0,candidates/0.3.0/input_snapshot/research/mechanisms_antigen/snapshots/MP_Landmann2001.html,231443,transparent path/extension rule; documentary snapshots are not biological raw measurements,documentary_or_repository_source_snapshot,AFILE_b74022adeaf35ba4cd,html,research/mechanisms_antigen/snapshots/MP_Landmann2001.html,atlas/candidates/0.3.0/input_snapshot/research/mechanisms_antigen/snapshots/MP_Landmann2001.html,5fe14728208db35b80e05129195732c8ae7ab84c0803d36a5ff6384f34924ecd,archived_input_copy
ASSET_c2d32ec398e3f86baf52,candidates/0.3.0/input_snapshot/research/mechanisms_antigen/snapshots/MP_Landmann2001.txt,73742,transparent path/extension rule; documentary snapshots are not biological raw measurements,documentary_or_repository_source_snapshot,AFILE_1cb0601c0139b7ca05,txt,research/mechanisms_antigen/snapshots/MP_Landmann2001.txt,atlas/candidates/0.3.0/input_snapshot/research/mechanisms_antigen/snapshots/MP_Landmann2001.txt,c2d32ec398e3f86baf5293dedc860da80c45c6112dec35285a3595d08c9c8e18,archived_input_copy
ASSET_d3c2b5bf1562aa290e43,candidates/0.3.0/input_snapshot/research/mechanisms_antigen/snapshots/MP_Restifo1996.html,214225,transparent path/extension rule; documentary snapshots are not biological raw measurements,documentary_or_repository_source_snapshot,AFILE_c3a7e5cc79bfbd3300,html,research/mechanisms_antigen/snapshots/MP_Restifo1996.html,atlas/candidates/0.3.0/input_snapshot/research/mechanisms_antigen/snapshots/MP_Restifo1996.html,d3c2b5bf1562aa290e430d603f9741c2d0f4980319999d6c9a72a689b16d22e7,archived_input_copy
ASSET_e6cf5825c0aee4697e4c,candidates/0.3.0/input_snapshot/research/mechanisms_antigen/snapshots/MP_Restifo1996.txt,58493,transparent path/extension rule; documentary snapshots are not biological raw measurements,documentary_or_repository_source_snapshot,AFILE_e933c0ee6353b02f3f,txt,research/mechanisms_antigen/snapshots/MP_Restifo1996.txt,atlas/candidates/0.3.0/input_snapshot/research/mechanisms_antigen/snapshots/MP_Restifo1996.txt,e6cf5825c0aee4697e4c15236f598f77d74c7fdd58a24f2d4c3b3bb2e5a9e95a,archived_input_copy
ASSET_2313be2c581f290ef932,candidates/0.3.0/input_snapshot/research/mechanisms_antigen/snapshots/MP_Restifo1996_fig5.jpg,31499,transparent path/extension rule; documentary snapshots are not biological raw measurements,documentary_or_repository_source_snapshot,AFILE_627cb46c5905f2f275,jpg,research/mechanisms_antigen/snapshots/MP_Restifo1996_fig5.jpg,atlas/candidates/0.3.0/input_snapshot/research/mechanisms_antigen/snapshots/MP_Restifo1996_fig5.jpg,2313be2c581f290ef9329710fc0bd16c85983f842426c02809800adf67746b0c,archived_input_copy
ASSET_03f6e91b6e264b3769c7,candidates/0.3.0/input_snapshot/research/mechanisms_antigen/snapshots/MP_access_attempt2.json,969,transparent path/extension rule; documentary snapshots are not biological raw measurements,documentary_or_repository_source_snapshot,AFILE_376d51032317f3b5ef,json,research/mechanisms_antigen/snapshots/MP_access_attempt2.json,atlas/candidates/0.3.0/input_snapshot/research/mechanisms_antigen/snapshots/MP_access_attempt2.json,03f6e91b6e264b3769c7ba34d4bb7beb4a6a07bbd10bdb37e0822be21237c362,archived_input_copy
ASSET_0a82eea1afa14851a58b,candidates/0.3.0/input_snapshot/research/mechanisms_antigen/snapshots/MP_correction_search1.json,26332,transparent path/extension rule; documentary snapshots are not biological raw measurements,documentary_or_repository_source_snapshot,AFILE_840b4e1f6156199214,json,research/mechanisms_antigen/snapshots/MP_correction_search1.json,atlas/candidates/0.3.0/input_snapshot/research/mechanisms_antigen/snapshots/MP_correction_search1.json,0a82eea1afa14851a58b4bd8c0919463af35293ef7cde9f6834add045754d9ac,archived_input_copy
ASSET_5a61538d042fcde21489,candidates/0.3.0/input_snapshot/research/mechanisms_antigen/snapshots/MP_correction_search2.json,27345,transparent path/extension rule; documentary snapshots are not biological raw measurements,documentary_or_repository_source_snapshot,AFILE_6b49a38c721addd7bd,json,research/mechanisms_antigen/snapshots/MP_correction_search2.json,atlas/candidates/0.3.0/input_snapshot/research/mechanisms_antigen/snapshots/MP_correction_search2.json,5a61538d042fcde214893ba26d09841abf589cdee3fb212d7c93cc47eab35a54,archived_input_copy
ASSET_ad1c589296cb98baaffa,candidates/0.3.0/input_snapshot/research/mechanisms_antigen/snapshots/MP_deLaSalle1999.html,96039,transparent path/extension rule; documentary snapshots are not biological raw measurements,documentary_or_repository_source_snapshot,AFILE_9cd10eed0e1f303aa7,html,research/mechanisms_antigen/snapshots/MP_deLaSalle1999.html,atlas/candidates/0.3.0/input_snapshot/research/mechanisms_antigen/snapshots/MP_deLaSalle1999.html,ad1c589296cb98baaffa912f88d3a9efef2a2e59add69100a9114dc62c65b3c3,archived_input_copy
ASSET_574042688451e4a399fe,candidates/0.3.0/input_snapshot/research/mechanisms_antigen/snapshots/MP_deLaSalle1999.txt,39212,transparent path/extension rule; documentary snapshots are not biological raw measurements,documentary_or_repository_source_snapshot,AFILE_e6e3f01d93cf9f6a7f,txt,research/mechanisms_antigen/snapshots/MP_deLaSalle1999.txt,atlas/candidates/0.3.0/input_snapshot/research/mechanisms_antigen/snapshots/MP_deLaSalle1999.txt,574042688451e4a399fe15c648d5b863391f2a09d4c6054d6b58e7a8aafd002c,archived_input_copy
ASSET_205b7a1f5b3f73fcf77d,candidates/0.3.0/input_snapshot/research/mechanisms_antigen/snapshots/MP_deLaSalle2002.html,155678,transparent path/extension rule; documentary snapshots are not biological raw measurements,documentary_or_repository_source_snapshot,AFILE_6a59e878d925ff014b,html,research/mechanisms_antigen/snapshots/MP_deLaSalle2002.html,atlas/candidates/0.3.0/input_snapshot/research/mechanisms_antigen/snapshots/MP_deLaSalle2002.html,205b7a1f5b3f73fcf77d3d759fb50d8d1e70837113638bd16ece112113ebc2bc,archived_input_copy
ASSET_c82cd173b053073a0f10,candidates/0.3.0/input_snapshot/research/mechanisms_antigen/snapshots/MP_deLaSalle2002.txt,38232,transparent path/extension rule; documentary snapshots are not biological raw measurements,documentary_or_repository_source_snapshot,AFILE_d3ddb4b5001f0132e1,txt,research/mechanisms_antigen/snapshots/MP_deLaSalle2002.txt,atlas/candidates/0.3.0/input_snapshot/research/mechanisms_antigen/snapshots/MP_deLaSalle2002.txt,c82cd173b053073a0f104823bc1236ecb15c2913c7a6dadb57982f6a38231642,archived_input_copy
ASSET_e15eef36f77da0a050fb,candidates/0.3.0/input_snapshot/research/mechanisms_antigen/snapshots/MP_download_log.json,1177,transparent path/extension rule; documentary snapshots are not biological raw measurements,documentary_or_repository_source_snapshot,AFILE_d29d48a4bc076baeac,json,research/mechanisms_antigen/snapshots/MP_download_log.json,atlas/candidates/0.3.0/input_snapshot/research/mechanisms_antigen/snapshots/MP_download_log.json,e15eef36f77da0a050fb460d200bce965301ae42ce3fce3ea7bebb8b94638ac6,archived_input_copy
ASSET_d0932ca22fbd774e35e2,candidates/0.3.0/input_snapshot/research/mechanisms_antigen/snapshots/MP_primary_details4.json,31412,transparent path/extension rule; documentary snapshots are not biological raw measurements,documentary_or_repository_source_snapshot,AFILE_8d681be0ff553b45d9,json,research/mechanisms_antigen/snapshots/MP_primary_details4.json,atlas/candidates/0.3.0/input_snapshot/research/mechanisms_antigen/snapshots/MP_primary_details4.json,d0932ca22fbd774e35e2b2b1934b8bc12d7251ffe36571b2582678224db0e3ce,archived_input_copy
ASSET_02a241fa5f6564de3f6c,candidates/0.3.0/input_snapshot/research/mechanisms_antigen/snapshots/MP_primary_open3.json,34373,transparent path/extension rule; documentary snapshots are not biological raw measurements,documentary_or_repository_source_snapshot,AFILE_5964850591d469c9d4,json,research/mechanisms_antigen/snapshots/MP_primary_open3.json,atlas/candidates/0.3.0/input_snapshot/research/mechanisms_antigen/snapshots/MP_primary_open3.json,02a241fa5f6564de3f6c44dc1a64c81652aa3dd4c5fbd51ec42102829ceb16aa,archived_input_copy
ASSET_eaa5e91be4f0fd3f9a71,candidates/0.3.0/input_snapshot/research/mechanisms_antigen/snapshots/MP_search_batch2.json,32017,transparent path/extension rule; documentary snapshots are not biological raw measurements,documentary_or_repository_source_snapshot,AFILE_d166645a6ff7b5801f,json,research/mechanisms_antigen/snapshots/MP_search_batch2.json,atlas/candidates/0.3.0/input_snapshot/research/mechanisms_antigen/snapshots/MP_search_batch2.json,eaa5e91be4f0fd3f9a71cdf10f2d9bdfcd0e6aaec0e6760792a38a024e299511,archived_input_copy
ASSET_fe476305951c3090794f,candidates/0.3.0/input_snapshot/research/mechanisms_antigen/snapshots/MP_search_batch3.json,30896,transparent path/extension rule; documentary snapshots are not biological raw measurements,documentary_or_repository_source_snapshot,AFILE_7afe2c9068438a7493,json,research/mechanisms_antigen/snapshots/MP_search_batch3.json,atlas/candidates/0.3.0/input_snapshot/research/mechanisms_antigen/snapshots/MP_search_batch3.json,fe476305951c3090794f4bd943be6c1203e14ac9bc2cb288092ff8650c4e9330,archived_input_copy
ASSET_b76e8d45eeba2030f6d8,candidates/0.3.0/input_snapshot/research/mechanisms_antigen/snapshots/MP_search_batch4.json,32184,transparent path/extension rule; documentary snapshots are not biological raw measurements,documentary_or_repository_source_snapshot,AFILE_8c101257e2627efe06,json,research/mechanisms_antigen/snapshots/MP_search_batch4.json,atlas/candidates/0.3.0/input_snapshot/research/mechanisms_antigen/snapshots/MP_search_batch4.json,b76e8d45eeba2030f6d8e9d08212623c7c711805e15c691500c90e6432ef6119,archived_input_copy
ASSET_262fdbb5e9478a4629bd,candidates/0.3.0/input_snapshot/research/mechanisms_antigen/snapshots/MP_web_fulltext_batch1.json,1524,transparent path/extension rule; documentary snapshots are not biological raw measurements,documentary_or_repository_source_snapshot,AFILE_cbaf4a8506794c2ec9,json,research/mechanisms_antigen/snapshots/MP_web_fulltext_batch1.json,atlas/candidates/0.3.0/input_snapshot/research/mechanisms_antigen/snapshots/MP_web_fulltext_batch1.json,262fdbb5e9478a4629bdc1b9904f300486eb977b69780c866c6f46068260c16a,archived_input_copy
ASSET_fa569aa6435c10792d0c,candidates/0.3.0/input_snapshot/research/mechanisms_genetic/bridges.json,34775,transparent path/extension rule; documentary snapshots are not biological raw measurements,structured_curation_or_provenance,AFILE_ed86d8fd4b76261c3b,json,research/mechanisms_genetic/bridges.json,atlas/candidates/0.3.0/input_snapshot/research/mechanisms_genetic/bridges.json,fa569aa6435c10792d0c7cf99e6b4325f008243913593bbe620818e1a4f9d739,archived_input_copy
ASSET_0e256410877172c94cf0,candidates/0.3.0/input_snapshot/research/mechanisms_genetic/notes.md,5898,transparent path/extension rule; documentary snapshots are not biological raw measurements,documentation_or_protocol,AFILE_ed4199259f2c5ea4e6,md,research/mechanisms_genetic/notes.md,atlas/candidates/0.3.0/input_snapshot/research/mechanisms_genetic/notes.md,0e256410877172c94cf0ec9d4acb90862c23c7563022838027ccc036fe9a10ae,archived_input_copy
ASSET_fa2ed00d81fda2038d69,candidates/0.3.0/input_snapshot/research/mechanisms_genetic/pack.json,78563,transparent path/extension rule; documentary snapshots are not biological raw measurements,curated_evidence_extraction,AFILE_f1373d0513a23c8367,json,research/mechanisms_genetic/pack.json,atlas/candidates/0.3.0/input_snapshot/research/mechanisms_genetic/pack.json,fa2ed00d81fda2038d698a105954c669f7290d64b14f35ed65b8e64b17de1be8,archived_input_copy
ASSET_b6b5aa21c97badcf43fc,candidates/0.3.0/input_snapshot/research/mechanisms_genetic/run.json,4027,transparent path/extension rule; documentary snapshots are not biological raw measurements,structured_curation_or_provenance,AFILE_d35f2565739fd2c4f0,json,research/mechanisms_genetic/run.json,atlas/candidates/0.3.0/input_snapshot/research/mechanisms_genetic/run.json,b6b5aa21c97badcf43fcda04f2ed1766edfe66399a912dbb1ae2be3b18655660,archived_input_copy
ASSET_e51db5ebcfa7d5e86698,candidates/0.3.0/input_snapshot/research/mechanisms_genetic/screening.json,11603,transparent path/extension rule; documentary snapshots are not biological raw measurements,structured_curation_or_provenance,AFILE_dd4acb764f4806d084,json,research/mechanisms_genetic/screening.json,atlas/candidates/0.3.0/input_snapshot/research/mechanisms_genetic/screening.json,e51db5ebcfa7d5e8669806f22524144a281833630c13ad26454878366d666e22,archived_input_copy
ASSET_1b7d4a7034f0520e8c93,candidates/0.3.0/input_snapshot/research/mechanisms_genetic/snapshots/MG01_selected_primary.txt,32484,transparent path/extension rule; documentary snapshots are not biological raw measurements,documentary_or_repository_source_snapshot,AFILE_8dc23c403693ddfdb3,txt,research/mechanisms_genetic/snapshots/MG01_selected_primary.txt,atlas/candidates/0.3.0/input_snapshot/research/mechanisms_genetic/snapshots/MG01_selected_primary.txt,1b7d4a7034f0520e8c93f5c3c715f84a95c28c987f17e2532e6dcd5627db77c7,archived_input_copy
ASSET_46d1165731e6ba61e55e,candidates/0.3.0/input_snapshot/research/mechanisms_genetic/snapshots/MG02_Gregory_results_methods.txt,9074,transparent path/extension rule; documentary snapshots are not biological raw measurements,documentary_or_repository_source_snapshot,AFILE_aa78e74268b3b87ae5,txt,research/mechanisms_genetic/snapshots/MG02_Gregory_results_methods.txt,atlas/candidates/0.3.0/input_snapshot/research/mechanisms_genetic/snapshots/MG02_Gregory_results_methods.txt,46d1165731e6ba61e55e5e7ef0808bd8142383579fe3fa5ac7e3f28a5523fae3,archived_input_copy
ASSET_b3e36dc04f248316dc57,candidates/0.3.0/input_snapshot/research/mechanisms_genetic/snapshots/MG03_selected_primary.txt,16305,transparent path/extension rule; documentary snapshots are not biological raw measurements,documentary_or_repository_source_snapshot,AFILE_55e37fb09f952b362b,txt,research/mechanisms_genetic/snapshots/MG03_selected_primary.txt,atlas/candidates/0.3.0/input_snapshot/research/mechanisms_genetic/snapshots/MG03_selected_primary.txt,b3e36dc04f248316dc575f56b05205e1f93a92c43023c33a5eda69119d868fa5,archived_input_copy
ASSET_583a5f30520f741931e8,candidates/0.3.0/input_snapshot/research/mechanisms_genetic/snapshots/MG04_CD4_methods.txt,20715,transparent path/extension rule; documentary snapshots are not biological raw measurements,documentary_or_repository_source_snapshot,AFILE_529b630c894bab50cd,txt,research/mechanisms_genetic/snapshots/MG04_CD4_methods.txt,atlas/candidates/0.3.0/input_snapshot/research/mechanisms_genetic/snapshots/MG04_CD4_methods.txt,583a5f30520f741931e885ba07037d3fd794806557430333faeccb89e7c63c50,archived_input_copy
ASSET_eefb8d111de51c8af999,candidates/0.3.0/input_snapshot/research/mechanisms_genetic/snapshots/MG04_CD4_results.txt,22940,transparent path/extension rule; documentary snapshots are not biological raw measurements,documentary_or_repository_source_snapshot,AFILE_1498770a1229493b5c,txt,research/mechanisms_genetic/snapshots/MG04_CD4_results.txt,atlas/candidates/0.3.0/input_snapshot/research/mechanisms_genetic/snapshots/MG04_CD4_results.txt,eefb8d111de51c8af999499eb6455ffd064ec91549f4033b2caed4d870798be4,archived_input_copy
ASSET_57f3e52b28ef491a4d31,candidates/0.3.0/input_snapshot/research/mechanisms_genetic/snapshots/MG04_enhancer_results.txt,15155,transparent path/extension rule; documentary snapshots are not biological raw measurements,documentary_or_repository_source_snapshot,AFILE_54c88fb4e74db5cc51,txt,research/mechanisms_genetic/snapshots/MG04_enhancer_results.txt,atlas/candidates/0.3.0/input_snapshot/research/mechanisms_genetic/snapshots/MG04_enhancer_results.txt,57f3e52b28ef491a4d31225e60c31fffeaf6b5933dfb6117b6d981cf098cf888,archived_input_copy
ASSET_f9f5fd57a8030142e414,candidates/0.3.0/input_snapshot/research/mechanisms_genetic/snapshots/MG05_discovery.txt,11119,transparent path/extension rule; documentary snapshots are not biological raw measurements,documentary_or_repository_source_snapshot,AFILE_f2b6a294f85cdc25d5,txt,research/mechanisms_genetic/snapshots/MG05_discovery.txt,atlas/candidates/0.3.0/input_snapshot/research/mechanisms_genetic/snapshots/MG05_discovery.txt,f9f5fd57a8030142e41448678c59ef124ae63a2c614a20030e3a997466abcf56,archived_input_copy
ASSET_e5ed84ca9dd92d843302,candidates/0.3.0/input_snapshot/research/mechanisms_genetic/snapshots/MG05_fulltext.html,407839,transparent path/extension rule; documentary snapshots are not biological raw measurements,documentary_or_repository_source_snapshot,AFILE_8f3d3825bc4a68710d,html,research/mechanisms_genetic/snapshots/MG05_fulltext.html,atlas/candidates/0.3.0/input_snapshot/research/mechanisms_genetic/snapshots/MG05_fulltext.html,e5ed84ca9dd92d843302cc60d5f08169c7b7da8e2cd2ddcf3a2fb0fd46192b8a,archived_input_copy
ASSET_fc1838b844432de3edb4,candidates/0.3.0/input_snapshot/research/mechanisms_genetic/snapshots/MG05_fulltext.txt,144133,transparent path/extension rule; documentary snapshots are not biological raw measurements,documentary_or_repository_source_snapshot,AFILE_e46334c119172f2fde,txt,research/mechanisms_genetic/snapshots/MG05_fulltext.txt,atlas/candidates/0.3.0/input_snapshot/research/mechanisms_genetic/snapshots/MG05_fulltext.txt,fc1838b844432de3edb4a47905d53ba0cc8633e937c1fd00e1f69d3a158c4694,archived_input_copy
ASSET_f250db59bc2ecf9d6619,candidates/0.3.0/input_snapshot/research/mechanisms_genetic/snapshots/MG05_selected_primary.txt,20976,transparent path/extension rule; documentary snapshots are not biological raw measurements,documentary_or_repository_source_snapshot,AFILE_3baa5910417f6763d7,txt,research/mechanisms_genetic/snapshots/MG05_selected_primary.txt,atlas/candidates/0.3.0/input_snapshot/research/mechanisms_genetic/snapshots/MG05_selected_primary.txt,f250db59bc2ecf9d6619ffacee93fb149525a7f31b5319acdb23a7c2e4cf5e57,archived_input_copy
ASSET_5a9be032bc88a103dd54,candidates/0.3.0/input_snapshot/research/mechanisms_genetic/snapshots/metadata_checks.txt,16952,transparent path/extension rule; documentary snapshots are not biological raw measurements,documentary_or_repository_source_snapshot,AFILE_dcfdc8a9fdeb77bc97,txt,research/mechanisms_genetic/snapshots/metadata_checks.txt,atlas/candidates/0.3.0/input_snapshot/research/mechanisms_genetic/snapshots/metadata_checks.txt,5a9be032bc88a103dd54e5398ae21574745572969051ef5b6b79598f6f536051,archived_input_copy
ASSET_1461de9f330bc2b00d64,candidates/0.3.0/input_snapshot/research/mechanisms_genetic/snapshots/retrieval_failures.txt,1233,transparent path/extension rule; documentary snapshots are not biological raw measurements,documentary_or_repository_source_snapshot,AFILE_e04d874d85c4bf976a,txt,research/mechanisms_genetic/snapshots/retrieval_failures.txt,atlas/candidates/0.3.0/input_snapshot/research/mechanisms_genetic/snapshots/retrieval_failures.txt,1461de9f330bc2b00d640ab8279b5e420d2344fdf3be258fac09004f0593e56e,archived_input_copy
ASSET_9be08c3734f393739289,candidates/0.3.0/input_snapshot/scripts/build_candidate.py,35053,transparent path/extension rule; documentary snapshots are not biological raw measurements,code_or_environment_specification,AFILE_7ac91eac8bedf52db8,py,scripts/build_candidate.py,atlas/candidates/0.3.0/input_snapshot/scripts/build_candidate.py,9be08c3734f393739289f892a510b6777b6457bab71ed1d94698b83e0ebae60d,archived_input_copy
ASSET_bd93d8f1684ba065acc7,candidates/0.3.0/input_snapshot/scripts/build_cytokine_inventory.py,5147,transparent path/extension rule; documentary snapshots are not biological raw measurements,code_or_environment_specification,AFILE_fa2f3c9bc2302d8877,py,scripts/build_cytokine_inventory.py,atlas/candidates/0.3.0/input_snapshot/scripts/build_cytokine_inventory.py,bd93d8f1684ba065acc7ac7f390bc7e425b5a5b32842b877796b0453d00207fc,archived_input_copy
ASSET_516962737ef0d7d10afd,candidates/0.3.0/input_snapshot/scripts/sanitize_snapshots.py,2990,transparent path/extension rule; documentary snapshots are not biological raw measurements,code_or_environment_specification,AFILE_ad6f02c1175d7f58ec,py,scripts/sanitize_snapshots.py,atlas/candidates/0.3.0/input_snapshot/scripts/sanitize_snapshots.py,516962737ef0d7d10afd25cdeae30beecf8f18401eae2f8fe1f97adc004a4b61,archived_input_copy
ASSET_40a71ff14855ec8163eb,candidates/0.3.0/input_snapshot/tests/test_candidate.py,9706,transparent path/extension rule; documentary snapshots are not biological raw measurements,code_or_environment_specification,AFILE_148596b865c01f658e,py,tests/test_candidate.py,atlas/candidates/0.3.0/input_snapshot/tests/test_candidate.py,40a71ff14855ec8163eb91a75680a4bd99ea9511a43b43f5d0eae54d0a9039a0,archived_input_copy
ASSET_707f04c897c5acd710b1,candidates/0.3.0/manifest.json,20161,transparent path/extension rule; documentary snapshots are not biological raw measurements,structured_curation_or_provenance,AFILE_1a5ca8a5c7d338bb76,json,candidates/0.3.0/manifest.json,atlas/candidates/0.3.0/manifest.json,707f04c897c5acd710b1084793a96f37354b3c33a29a4bf708ed2ca904ffe0e9,candidate_output
ASSET_1e8ef37e9cbe3726c06f,candidates/0.3.0/mechanism_graphs.json,542539,transparent path/extension rule; documentary snapshots are not biological raw measurements,structured_curation_or_provenance,AFILE_d0f76bf688f0df5c9e,json,candidates/0.3.0/mechanism_graphs.json,atlas/candidates/0.3.0/mechanism_graphs.json,1e8ef37e9cbe3726c06f486a74fcfef5f8d140b4d900a4663bd8882920ed9421,candidate_output
ASSET_21a55e7f7164a8ee3da0,candidates/0.3.0/qc.json,4148,transparent path/extension rule; documentary snapshots are not biological raw measurements,structured_curation_or_provenance,AFILE_9c9b60d939c5e8efac,json,candidates/0.3.0/qc.json,atlas/candidates/0.3.0/qc.json,21a55e7f7164a8ee3da0f27d58c58da7efb12ce15652ab9b6bff28868d198fc2,candidate_output
ASSET_6929b696aac39d977a22,data/CANDIDATE_DATA_DICTIONARY.md,4874,transparent path/extension rule; documentary snapshots are not biological raw measurements,documentation_or_protocol,AFILE_0fa2de8acdb520c40f,md,data/CANDIDATE_DATA_DICTIONARY.md,atlas/data/CANDIDATE_DATA_DICTIONARY.md,6929b696aac39d977a224cbae1e539b4011c9ff38cd34115b843d210b4ae2d8b,working_input
ASSET_fd6cffb26a2e775f1f11,data/DATA_DICTIONARY.md,15135,transparent path/extension rule; documentary snapshots are not biological raw measurements,documentation_or_protocol,AFILE_cf349397e3773a751c,md,data/DATA_DICTIONARY.md,atlas/data/DATA_DICTIONARY.md,fd6cffb26a2e775f1f110521fec1f59cf83b3c258cb327f53fa29a75b01d75c3,working_input
ASSET_b70312de6cb8955e85ee,data/curation_overrides_0.2.json,22312,transparent path/extension rule; documentary snapshots are not biological raw measurements,structured_curation_or_provenance,AFILE_33fd92b83fc8d491e6,json,data/curation_overrides_0.2.json,atlas/data/curation_overrides_0.2.json,b70312de6cb8955e85eed0f341baf14eb11fc243a370eb8b3302323977c7f41b,working_input
ASSET_0e85a28416f980ba9904,data/cytokine_inventory.csv,403926,transparent path/extension rule; documentary snapshots are not biological raw measurements,structured_curation_or_provenance,AFILE_65ea472d53afea9be4,csv,data/cytokine_inventory.csv,atlas/data/cytokine_inventory.csv,0e85a28416f980ba99040cf0afd8ed937b1a761a705b1122b19edda6bfbfccfd,working_input
ASSET_6c92eb7dceaee88157a0,data/cytokine_inventory.json,662166,transparent path/extension rule; documentary snapshots are not biological raw measurements,structured_curation_or_provenance,AFILE_2b6b619fbed2e50a27,json,data/cytokine_inventory.json,atlas/data/cytokine_inventory.json,6c92eb7dceaee88157a052959fe649552f50c365f28532c93c69ea9954863724,working_input
ASSET_b9d9a1b2aa61d26c231c,data/gap_dispositions_0.2.0.json,2229,transparent path/extension rule; documentary snapshots are not biological raw measurements,structured_curation_or_provenance,AFILE_76e479a304be389a7b,json,data/gap_dispositions_0.2.0.json,atlas/data/gap_dispositions_0.2.0.json,b9d9a1b2aa61d26c231ca63988e01afe604d4ffcb005a82a7f3dfc970a2e3ff6,working_input
ASSET_fd34f5eaab5fe579dbee,data/product_scope.json,717,transparent path/extension rule; documentary snapshots are not biological raw measurements,structured_curation_or_provenance,AFILE_04b27fc428633f9c89,json,data/product_scope.json,atlas/data/product_scope.json,fd34f5eaab5fe579dbeeed04e1c3c4a08251232e06cb9891139e3a8b4fd9323e,working_input
ASSET_d32147fae1a3fcbd9503,data/project_checklist.json,26911,transparent path/extension rule; documentary snapshots are not biological raw measurements,structured_curation_or_provenance,AFILE_90d6c74bfade75fa7a,json,data/project_checklist.json,atlas/data/project_checklist.json,d32147fae1a3fcbd9503eeb8b2ab914b70af7e346b3aaadfd442640c77c807eb,working_input
ASSET_c377d1a69e6f86164f11,data/release_config.json,321,transparent path/extension rule; documentary snapshots are not biological raw measurements,structured_curation_or_provenance,AFILE_dbfb24ed3e02393e3e,json,data/release_config.json,atlas/data/release_config.json,c377d1a69e6f86164f11a91ab5d3cd5dea942c4949ad7fcce017c5f828279fe3,working_input
ASSET_7814aa808565d496a328,data/reviewed_curations.json,5350,transparent path/extension rule; documentary snapshots are not biological raw measurements,structured_curation_or_provenance,AFILE_313405bdfad02ee05a,json,data/reviewed_curations.json,atlas/data/reviewed_curations.json,7814aa808565d496a328cd898bd6f9ffa5a4b34acd8a6edfaf008c860306fe89,working_input
ASSET_d2e2114c5fe0c4c1d002,data/reviewed_expansion_packs.json,5001,transparent path/extension rule; documentary snapshots are not biological raw measurements,structured_curation_or_provenance,AFILE_cda1afe95b96b02ad8,json,data/reviewed_expansion_packs.json,atlas/data/reviewed_expansion_packs.json,d2e2114c5fe0c4c1d002719e7c09a1c823e3e2b21463d52ac447db2e0ca869a4,working_input
ASSET_3ae14c92167ba04aa4b5,data/schema.sql,8562,transparent path/extension rule; documentary snapshots are not biological raw measurements,code_or_environment_specification,AFILE_a08efa9fa339136873,sql,data/schema.sql,atlas/data/schema.sql,3ae14c92167ba04aa4b5be4185c7b2db0cb689926b6233c8203b58a907f44265,working_input
ASSET_c9427d29507c69ae68c0,data/scoring_annotations.json,213379,transparent path/extension rule; documentary snapshots are not biological raw measurements,structured_curation_or_provenance,AFILE_cfdee9611160a50298,json,data/scoring_annotations.json,atlas/data/scoring_annotations.json,c9427d29507c69ae68c0c031b0a9f1904e338172a6ce9d6f52185b2998dcc132,working_input
ASSET_60d1736dbe1da124f1a0,data/source_overrides.json,182,transparent path/extension rule; documentary snapshots are not biological raw measurements,structured_curation_or_provenance,AFILE_8c1e5cb10b58ddbcdd,json,data/source_overrides.json,atlas/data/source_overrides.json,60d1736dbe1da124f1a0ab7c9df5f52a03430d6cf444d994de8272d382f2b248,working_input
ASSET_35bb33b2800802a2746c,protocol/AMENDMENT_0.2.md,3343,transparent path/extension rule; documentary snapshots are not biological raw measurements,documentation_or_protocol,AFILE_86408c20110fff2a6b,md,protocol/AMENDMENT_0.2.md,atlas/protocol/AMENDMENT_0.2.md,35bb33b2800802a2746c3da238b3e6d9ccf1e70df09a2197c3fa1c9aca7f1116,working_input
ASSET_5e1caf3d13bd3193afe0,protocol/AMENDMENT_0.3.md,1458,transparent path/extension rule; documentary snapshots are not biological raw measurements,documentation_or_protocol,AFILE_33ec0541aa3bc5c64a,md,protocol/AMENDMENT_0.3.md,atlas/protocol/AMENDMENT_0.3.md,5e1caf3d13bd3193afe0d0179ae1322ff564a053b335606ce792eeceb1b48ac8,working_input
ASSET_a3030f357cfeedbac29b,protocol/PRODUCT_SCOPE.md,5790,transparent path/extension rule; documentary snapshots are not biological raw measurements,documentation_or_protocol,AFILE_8478a6afb01d2c4394,md,protocol/PRODUCT_SCOPE.md,atlas/protocol/PRODUCT_SCOPE.md,a3030f357cfeedbac29b9b877b408f3fd0d5cc7278b63b75c7f1d98540fd202e,working_input
ASSET_6f52b8cee9ed4a2be8cc,protocol/PROTOCOL.md,11593,transparent path/extension rule; documentary snapshots are not biological raw measurements,documentation_or_protocol,AFILE_e4d130c9038be237b4,md,protocol/PROTOCOL.md,atlas/protocol/PROTOCOL.md,6f52b8cee9ed4a2be8cce6fe1ec0f3a57c010bd14e047444d16a8b0686aadb37,working_input
ASSET_830499875f22f23c10cd,protocol/README.original.md,20020,transparent path/extension rule; documentary snapshots are not biological raw measurements,documentation_or_protocol,AFILE_b4d1af30c109d63886,md,protocol/README.original.md,atlas/protocol/README.original.md,830499875f22f23c10cd4bcb3c3f389797a62f339fb2eda3995b5ef44e4a3edf,working_input
ASSET_39b3b916189087ad5ced,provenance/USER_REQUEST.md,665,transparent path/extension rule; documentary snapshots are not biological raw measurements,documentation_or_protocol,AFILE_92a23c84c1131989e0,md,provenance/USER_REQUEST.md,atlas/provenance/USER_REQUEST.md,39b3b916189087ad5cede22fde9592216860dc1e1375f351bf8a2e3c1e2a0380,working_input
ASSET_2c2f9ed43c1ac800ca1d,provenance/adjudications.json,8861,transparent path/extension rule; documentary snapshots are not biological raw measurements,structured_curation_or_provenance,AFILE_75693b77bd0f18a317,json,provenance/adjudications.json,atlas/provenance/adjudications.json,2c2f9ed43c1ac800ca1d4c08357fc754f53b680895c15d988578ce5c073cdae0,working_input
ASSET_dcc2874175a1509559b1,provenance/candidate_preparation_0.3.json,3934,transparent path/extension rule; documentary snapshots are not biological raw measurements,structured_curation_or_provenance,AFILE_f6e8ee816de7650d73,json,provenance/candidate_preparation_0.3.json,atlas/provenance/candidate_preparation_0.3.json,dcc2874175a1509559b16d893cffcc233d5c8c34e77ba5bcb558ed649fda7451,working_input
ASSET_c194490463c5bea2fe35,provenance/environment.json,420,transparent path/extension rule; documentary snapshots are not biological raw measurements,structured_curation_or_provenance,AFILE_80f5e99cf737db7a98,json,provenance/environment.json,atlas/provenance/environment.json,c194490463c5bea2fe3500765879bf6926257ea9565591fb6249597fc35f7619,working_input
ASSET_239ac7ef1f3378c82f08,provenance/security_redactions_2026-09-13.json,1074,transparent path/extension rule; documentary snapshots are not biological raw measurements,structured_curation_or_provenance,AFILE_e084623dfa34cd6523,json,provenance/security_redactions_2026-09-13.json,atlas/provenance/security_redactions_2026-09-13.json,239ac7ef1f3378c82f081346ce4ac4d00f317127c02277a038b63e7dec55291e,working_input
ASSET_904ddb34c022701c3181,provenance/security_scan_exceptions.json,842,transparent path/extension rule; documentary snapshots are not biological raw measurements,structured_curation_or_provenance,AFILE_88fd039faa7e52de79,json,provenance/security_scan_exceptions.json,atlas/provenance/security_scan_exceptions.json,904ddb34c022701c31810dd0a2875209e9c35de2fb05b0493a57923a99841bf0,working_input
ASSET_9227a911d9b97884cba2,provenance/session.json,730,transparent path/extension rule; documentary snapshots are not biological raw measurements,structured_curation_or_provenance,AFILE_6c6a5f5a6443d27fe3,json,provenance/session.json,atlas/provenance/session.json,9227a911d9b97884cba2f1860e2da6227399646c8129716faed97de27aa8c946,working_input
ASSET_42c03fc3dbc7393c4923,provenance/session_0.2.0.json,2710,transparent path/extension rule; documentary snapshots are not biological raw measurements,structured_curation_or_provenance,AFILE_b581288d614dd2b885,json,provenance/session_0.2.0.json,atlas/provenance/session_0.2.0.json,42c03fc3dbc7393c492310318f6650a02458a8614b63806b2ffe29c5f17a829d,working_input
ASSET_0d94bc46790df2702611,provenance/skill_manifest.json,1165,transparent path/extension rule; documentary snapshots are not biological raw measurements,structured_curation_or_provenance,AFILE_49659071d67a0bdc63,json,provenance/skill_manifest.json,atlas/provenance/skill_manifest.json,0d94bc46790df2702611e2a6fa6c640f03d4433ce05e9469acb5e2960c37dc42,working_input
ASSET_fe92f226b47314a39637,provenance/skill_snapshots/deep-research.md,9152,transparent path/extension rule; documentary snapshots are not biological raw measurements,documentation_or_protocol,AFILE_9f70e219dfed0e4060,md,provenance/skill_snapshots/deep-research.md,atlas/provenance/skill_snapshots/deep-research.md,fe92f226b47314a3963738a7b98d5afc5d51973c7b589c72277e3cc9e59d44eb,working_input
ASSET_a0df39c740f481ad8cf6,provenance/skill_snapshots/ncbi-entrez-skill.md,3019,transparent path/extension rule; documentary snapshots are not biological raw measurements,documentation_or_protocol,AFILE_f163a76c4d4f68f8c9,md,provenance/skill_snapshots/ncbi-entrez-skill.md,atlas/provenance/skill_snapshots/ncbi-entrez-skill.md,a0df39c740f481ad8cf613cb3f61603dc321829f8fb7dd11737481118ab9695c,working_input
ASSET_e9e39c6c411da80f9fd6,provenance/skill_snapshots/research-router-skill.md,6046,transparent path/extension rule; documentary snapshots are not biological raw measurements,documentation_or_protocol,AFILE_d37f25e784756d9c8c,md,provenance/skill_snapshots/research-router-skill.md,atlas/provenance/skill_snapshots/research-router-skill.md,e9e39c6c411da80f9fd62a62e70cbedac2404bdcfb51ddb8fda1dc3332c7e357,working_input
ASSET_456b5f2cb25b12403b5f,provenance/skill_snapshots/uniprot-skill.md,2733,transparent path/extension rule; documentary snapshots are not biological raw measurements,documentation_or_protocol,AFILE_d31b237ba8c8eb219b,md,provenance/skill_snapshots/uniprot-skill.md,atlas/provenance/skill_snapshots/uniprot-skill.md,456b5f2cb25b12403b5f000fa808bbc1f1278709bedbffdc4919a7677d31fe2c,working_input
ASSET_700a762936eca861397c,provenance/source_retrieval_times.json,10245,transparent path/extension rule; documentary snapshots are not biological raw measurements,structured_curation_or_provenance,AFILE_653ea9bde328e2daf6,json,provenance/source_retrieval_times.json,atlas/provenance/source_retrieval_times.json,700a762936eca861397c10034c02695d0223f76e4dd6fc3ba27ab86beabf0f76,working_input
ASSET_fc86580a06bd6f16e6cd,releases/0.1.0/EVIDENCE_ATLAS.md,34146,transparent path/extension rule; documentary snapshots are not biological raw measurements,documentation_or_protocol,AFILE_091f6eac43df3deaf7,md,releases/0.1.0/EVIDENCE_ATLAS.md,atlas/releases/0.1.0/EVIDENCE_ATLAS.md,fc86580a06bd6f16e6cd88527ed66a91540090dea685ee4b08abc045f2f062c1,frozen_release_output
ASSET_2dac9d7066fd1c240277,releases/0.1.0/adjudications.csv,3810,transparent path/extension rule; documentary snapshots are not biological raw measurements,derived_atlas_table_or_database,AFILE_415497fcf13c325a0a,csv,releases/0.1.0/adjudications.csv,atlas/releases/0.1.0/adjudications.csv,2dac9d7066fd1c240277f23a8e0dd65c9b9afad63b216683ebb2ab09b067e461,frozen_release_output
ASSET_38cff8d77c1850839cd5,releases/0.1.0/agent_runs.csv,49071,transparent path/extension rule; documentary snapshots are not biological raw measurements,derived_atlas_table_or_database,AFILE_fa3fedd81087134002,csv,releases/0.1.0/agent_runs.csv,atlas/releases/0.1.0/agent_runs.csv,38cff8d77c1850839cd5ee2e0085283874f437e82acf8f058c67a18d4f25d774,frozen_release_output
ASSET_f2edcc1d7cfa828c2e24,releases/0.1.0/artifact_hashes.csv,51097,transparent path/extension rule; documentary snapshots are not biological raw measurements,derived_atlas_table_or_database,AFILE_8c50086cdd01700a4e,csv,releases/0.1.0/artifact_hashes.csv,atlas/releases/0.1.0/artifact_hashes.csv,f2edcc1d7cfa828c2e241341865b82266ee95082b3619bbcbb74d4c01a22b739,frozen_release_output
ASSET_09641ecc595bcda07a4b,releases/0.1.0/assay_coverage.csv,3287,transparent path/extension rule; documentary snapshots are not biological raw measurements,derived_atlas_table_or_database,AFILE_df6c7fbe99f6bd756c,csv,releases/0.1.0/assay_coverage.csv,atlas/releases/0.1.0/assay_coverage.csv,09641ecc595bcda07a4b5512f35a91efc7b2724d6cf66d6ab1672afce1c17883,frozen_release_output
ASSET_2f7bb7c8a4157d197520,releases/0.1.0/cell_states.csv,2996,transparent path/extension rule; documentary snapshots are not biological raw measurements,derived_atlas_table_or_database,AFILE_99f8df355f85585717,csv,releases/0.1.0/cell_states.csv,atlas/releases/0.1.0/cell_states.csv,2f7bb7c8a4157d197520649b7370f5a7551b8c1eb6dafbc7ab083aa3c858f267,frozen_release_output
ASSET_05f8d0544abc0eeb80d2,releases/0.1.0/cells.csv,2431,transparent path/extension rule; documentary snapshots are not biological raw measurements,derived_atlas_table_or_database,AFILE_f2c3323781fbce5152,csv,releases/0.1.0/cells.csv,atlas/releases/0.1.0/cells.csv,05f8d0544abc0eeb80d2052e622625f259045cb7a8c2ce2e9f45e827e4e677e2,frozen_release_output
ASSET_5666279907a264565a4a,releases/0.1.0/cohorts.csv,17172,transparent path/extension rule; documentary snapshots are not biological raw measurements,derived_atlas_table_or_database,AFILE_b45c7a85c187024605,csv,releases/0.1.0/cohorts.csv,atlas/releases/0.1.0/cohorts.csv,5666279907a264565a4a643778c8a915d8d059d1a89324e73794d98ceee88d7e,frozen_release_output
ASSET_85d198dbd8bf47726687,releases/0.1.0/contexts.csv,19894,transparent path/extension rule; documentary snapshots are not biological raw measurements,derived_atlas_table_or_database,AFILE_8360e213979f309e01,csv,releases/0.1.0/contexts.csv,atlas/releases/0.1.0/contexts.csv,85d198dbd8bf47726687e6391ee47822fbc195631bc36b392c11c1c5ffe2878e,frozen_release_output
ASSET_47d115fdc2b039cd7b68,releases/0.1.0/coverage_gaps.csv,7878,transparent path/extension rule; documentary snapshots are not biological raw measurements,derived_atlas_table_or_database,AFILE_038b0487adae53c35c,csv,releases/0.1.0/coverage_gaps.csv,atlas/releases/0.1.0/coverage_gaps.csv,47d115fdc2b039cd7b6810cb61c163d63ffd5af0f0abb325e3bc733660204227,frozen_release_output
ASSET_104ac0ec2bcd85eb29fa,releases/0.1.0/critic_findings.csv,17415,transparent path/extension rule; documentary snapshots are not biological raw measurements,derived_atlas_table_or_database,AFILE_a1544a6917208b8cee,csv,releases/0.1.0/critic_findings.csv,atlas/releases/0.1.0/critic_findings.csv,104ac0ec2bcd85eb29fa0d7e87ba7a6eb0d566775c0f2cfc99a9d363c72c392a,frozen_release_output
ASSET_14d6c8fefac10f23e799,releases/0.1.0/critic_runs.csv,1857,transparent path/extension rule; documentary snapshots are not biological raw measurements,derived_atlas_table_or_database,AFILE_cde535c9a4459460f9,csv,releases/0.1.0/critic_runs.csv,atlas/releases/0.1.0/critic_runs.csv,14d6c8fefac10f23e799127e3b3e1e7271e1ea872cd08ebe2235ee6e4beb5727,frozen_release_output
ASSET_377b8103800c8509d1b6,releases/0.1.0/datasets.csv,4836,transparent path/extension rule; documentary snapshots are not biological raw measurements,derived_atlas_table_or_database,AFILE_f7eb96534accb5f6f8,csv,releases/0.1.0/datasets.csv,atlas/releases/0.1.0/datasets.csv,377b8103800c8509d1b672063901f0dac739dfdc82353ccf11ae16201918988f,frozen_release_output
ASSET_904f930b1ce717fe3970,releases/0.1.0/edge_assertions.csv,13049,transparent path/extension rule; documentary snapshots are not biological raw measurements,derived_atlas_table_or_database,AFILE_71969a9237580d7a6a,csv,releases/0.1.0/edge_assertions.csv,atlas/releases/0.1.0/edge_assertions.csv,904f930b1ce717fe39706ba983a95381e4dffd95af90fb1768e926a971496bb2,frozen_release_output
ASSET_a5d70ebf0d419ccd58c5,releases/0.1.0/entities.csv,13392,transparent path/extension rule; documentary snapshots are not biological raw measurements,derived_atlas_table_or_database,AFILE_d8375db1f67da431b7,csv,releases/0.1.0/entities.csv,atlas/releases/0.1.0/entities.csv,a5d70ebf0d419ccd58c52944f4558f65dedd9da1c852222469e6aa9a54f98dc8,frozen_release_output
ASSET_3a10f93eddef4a6035c4,releases/0.1.0/entity_aliases.csv,3314,transparent path/extension rule; documentary snapshots are not biological raw measurements,derived_atlas_table_or_database,AFILE_29e55e8880bae86bb1,csv,releases/0.1.0/entity_aliases.csv,atlas/releases/0.1.0/entity_aliases.csv,3a10f93eddef4a6035c402e7a9e234bb2e3fbd4a3137f2bea87481528089c154,frozen_release_output
ASSET_44858e971c64bb2da460,releases/0.1.0/entity_components.csv,149,transparent path/extension rule; documentary snapshots are not biological raw measurements,derived_atlas_table_or_database,AFILE_eade2cd0bfeda5163f,csv,releases/0.1.0/entity_components.csv,atlas/releases/0.1.0/entity_components.csv,44858e971c64bb2da460f60e9a6b274b61ebc05c78939a63b94cf718cdf9aa82,frozen_release_output
ASSET_b3f3337a7bb378c35738,releases/0.1.0/evidence_instances.csv,89169,transparent path/extension rule; documentary snapshots are not biological raw measurements,derived_atlas_table_or_database,AFILE_9809829ad7df4e8326,csv,releases/0.1.0/evidence_instances.csv,atlas/releases/0.1.0/evidence_instances.csv,b3f3337a7bb378c35738838692a071ffec53220c78ee742a21d640a9a6905e42,frozen_release_output
ASSET_696f82b50993f04957ce,releases/0.1.0/fine_mapping.csv,78,transparent path/extension rule; documentary snapshots are not biological raw measurements,derived_atlas_table_or_database,AFILE_b5dcc4ea87e8f1e598,csv,releases/0.1.0/fine_mapping.csv,atlas/releases/0.1.0/fine_mapping.csv,696f82b50993f04957cea514d888ed3049d91bb975d30a28492da076f49883a7,frozen_release_output
ASSET_b8ea6dc3321ee879dea3,releases/0.1.0/genetic_associations.csv,3149,transparent path/extension rule; documentary snapshots are not biological raw measurements,derived_atlas_table_or_database,AFILE_a1b847dec388f5b135,csv,releases/0.1.0/genetic_associations.csv,atlas/releases/0.1.0/genetic_associations.csv,b8ea6dc3321ee879dea35389b59c0eac45c230aa629d0a3ba230393a16d9e50f,frozen_release_output
ASSET_500b7040c2d1badc9497,releases/0.1.0/immune_prior.sqlite,1134592,transparent path/extension rule; documentary snapshots are not biological raw measurements,derived_atlas_table_or_database,AFILE_33ad9a0b85471b0fe6,sqlite,releases/0.1.0/immune_prior.sqlite,atlas/releases/0.1.0/immune_prior.sqlite,500b7040c2d1badc9497c8bbee788e2b6a05308428beffd0c072ad9d5b70836b,frozen_release_output
ASSET_942a9151ed094446ecc9,releases/0.1.0/input_snapshot/README.md,20789,transparent path/extension rule; documentary snapshots are not biological raw measurements,documentation_or_protocol,AFILE_7ef56ae7743f571551,md,README.md,atlas/releases/0.1.0/input_snapshot/README.md,942a9151ed094446ecc918381d713ead4569e6b5c0b84445c4ae6e675a21efe4,archived_input_copy
ASSET_5d07db438307cc4cbb22,releases/0.1.0/input_snapshot/RUNNING.md,6617,transparent path/extension rule; documentary snapshots are not biological raw measurements,documentation_or_protocol,AFILE_658e204297de737251,md,RUNNING.md,atlas/releases/0.1.0/input_snapshot/RUNNING.md,5d07db438307cc4cbb22d80d7082ab1f25555b7f96c27f16983a92d2defa5204,archived_input_copy
ASSET_305a18247fa7508c427e,releases/0.1.0/input_snapshot/data/DATA_DICTIONARY.md,14234,transparent path/extension rule; documentary snapshots are not biological raw measurements,documentation_or_protocol,AFILE_39792e9ac68bee6c35,md,data/DATA_DICTIONARY.md,atlas/releases/0.1.0/input_snapshot/data/DATA_DICTIONARY.md,305a18247fa7508c427eab166d8c2a5db3e5ea5a24050a22a45185539629225c,archived_input_copy
ASSET_3792db283358364476e0,releases/0.1.0/input_snapshot/data/project_checklist.json,26790,transparent path/extension rule; documentary snapshots are not biological raw measurements,structured_curation_or_provenance,AFILE_c8c3dd2637a671c6d0,json,data/project_checklist.json,atlas/releases/0.1.0/input_snapshot/data/project_checklist.json,3792db283358364476e030d40550bfba4dbb02170f507c6600c1d2c37532f036,archived_input_copy
ASSET_46a167cfa5a981a35077,releases/0.1.0/input_snapshot/data/schema.sql,8057,transparent path/extension rule; documentary snapshots are not biological raw measurements,code_or_environment_specification,AFILE_b91de9dbe335c22358,sql,data/schema.sql,atlas/releases/0.1.0/input_snapshot/data/schema.sql,46a167cfa5a981a35077dde4b9c827d1ea9a9e7db80d524a3091cb3a4a01b099,archived_input_copy
ASSET_423812a5894107dae8a2,releases/0.1.0/input_snapshot/data/scoring_annotations.json,80489,transparent path/extension rule; documentary snapshots are not biological raw measurements,structured_curation_or_provenance,AFILE_2eec379c79caa48d60,json,data/scoring_annotations.json,atlas/releases/0.1.0/input_snapshot/data/scoring_annotations.json,423812a5894107dae8a27f55a8c121a56b32611a961298a4b04fd04d427fa7bb,archived_input_copy
ASSET_60d1736dbe1da124f1a0,releases/0.1.0/input_snapshot/data/source_overrides.json,182,transparent path/extension rule; documentary snapshots are not biological raw measurements,structured_curation_or_provenance,AFILE_ea6b8c8f560de82031,json,data/source_overrides.json,atlas/releases/0.1.0/input_snapshot/data/source_overrides.json,60d1736dbe1da124f1a0ab7c9df5f52a03430d6cf444d994de8272d382f2b248,archived_input_copy
ASSET_66c4bf5aaf9364a02d27,releases/0.1.0/input_snapshot/protocol/PROTOCOL.md,10855,transparent path/extension rule; documentary snapshots are not biological raw measurements,documentation_or_protocol,AFILE_ac466184f765a22479,md,protocol/PROTOCOL.md,atlas/releases/0.1.0/input_snapshot/protocol/PROTOCOL.md,66c4bf5aaf9364a02d27aeb62b1792be85646255dcbbc9ead946d1e83971d31a,archived_input_copy
ASSET_830499875f22f23c10cd,releases/0.1.0/input_snapshot/protocol/README.original.md,20020,transparent path/extension rule; documentary snapshots are not biological raw measurements,documentation_or_protocol,AFILE_16b64ce51ef7006be6,md,protocol/README.original.md,atlas/releases/0.1.0/input_snapshot/protocol/README.original.md,830499875f22f23c10cd4bcb3c3f389797a62f339fb2eda3995b5ef44e4a3edf,archived_input_copy
ASSET_39b3b916189087ad5ced,releases/0.1.0/input_snapshot/provenance/USER_REQUEST.md,665,transparent path/extension rule; documentary snapshots are not biological raw measurements,documentation_or_protocol,AFILE_5f2706582a42994d6b,md,provenance/USER_REQUEST.md,atlas/releases/0.1.0/input_snapshot/provenance/USER_REQUEST.md,39b3b916189087ad5cede22fde9592216860dc1e1375f351bf8a2e3c1e2a0380,archived_input_copy
ASSET_2252d7d9be35550c3b6c,releases/0.1.0/input_snapshot/provenance/adjudications.json,4345,transparent path/extension rule; documentary snapshots are not biological raw measurements,structured_curation_or_provenance,AFILE_6feba1aaf44c42308d,json,provenance/adjudications.json,atlas/releases/0.1.0/input_snapshot/provenance/adjudications.json,2252d7d9be35550c3b6c419035a4a12e351052e6abbdc5cd5f2808ff8aa72351,archived_input_copy
ASSET_c194490463c5bea2fe35,releases/0.1.0/input_snapshot/provenance/environment.json,420,transparent path/extension rule; documentary snapshots are not biological raw measurements,structured_curation_or_provenance,AFILE_951d27bd2fbdeb1a25,json,provenance/environment.json,atlas/releases/0.1.0/input_snapshot/provenance/environment.json,c194490463c5bea2fe3500765879bf6926257ea9565591fb6249597fc35f7619,archived_input_copy
ASSET_9227a911d9b97884cba2,releases/0.1.0/input_snapshot/provenance/session.json,730,transparent path/extension rule; documentary snapshots are not biological raw measurements,structured_curation_or_provenance,AFILE_bb69296356f3fbad6d,json,provenance/session.json,atlas/releases/0.1.0/input_snapshot/provenance/session.json,9227a911d9b97884cba2f1860e2da6227399646c8129716faed97de27aa8c946,archived_input_copy
ASSET_0d94bc46790df2702611,releases/0.1.0/input_snapshot/provenance/skill_manifest.json,1165,transparent path/extension rule; documentary snapshots are not biological raw measurements,structured_curation_or_provenance,AFILE_9709301ff1bae9b69a,json,provenance/skill_manifest.json,atlas/releases/0.1.0/input_snapshot/provenance/skill_manifest.json,0d94bc46790df2702611e2a6fa6c640f03d4433ce05e9469acb5e2960c37dc42,archived_input_copy
ASSET_fe92f226b47314a39637,releases/0.1.0/input_snapshot/provenance/skill_snapshots/deep-research.md,9152,transparent path/extension rule; documentary snapshots are not biological raw measurements,documentation_or_protocol,AFILE_8b3ba38361c71d2aee,md,provenance/skill_snapshots/deep-research.md,atlas/releases/0.1.0/input_snapshot/provenance/skill_snapshots/deep-research.md,fe92f226b47314a3963738a7b98d5afc5d51973c7b589c72277e3cc9e59d44eb,archived_input_copy
ASSET_a0df39c740f481ad8cf6,releases/0.1.0/input_snapshot/provenance/skill_snapshots/ncbi-entrez-skill.md,3019,transparent path/extension rule; documentary snapshots are not biological raw measurements,documentation_or_protocol,AFILE_68aa974b5e39035728,md,provenance/skill_snapshots/ncbi-entrez-skill.md,atlas/releases/0.1.0/input_snapshot/provenance/skill_snapshots/ncbi-entrez-skill.md,a0df39c740f481ad8cf613cb3f61603dc321829f8fb7dd11737481118ab9695c,archived_input_copy
ASSET_e9e39c6c411da80f9fd6,releases/0.1.0/input_snapshot/provenance/skill_snapshots/research-router-skill.md,6046,transparent path/extension rule; documentary snapshots are not biological raw measurements,documentation_or_protocol,AFILE_643a06bbc7a72e40b2,md,provenance/skill_snapshots/research-router-skill.md,atlas/releases/0.1.0/input_snapshot/provenance/skill_snapshots/research-router-skill.md,e9e39c6c411da80f9fd62a62e70cbedac2404bdcfb51ddb8fda1dc3332c7e357,archived_input_copy
ASSET_456b5f2cb25b12403b5f,releases/0.1.0/input_snapshot/provenance/skill_snapshots/uniprot-skill.md,2733,transparent path/extension rule; documentary snapshots are not biological raw measurements,documentation_or_protocol,AFILE_c3d59311781cd91c15,md,provenance/skill_snapshots/uniprot-skill.md,atlas/releases/0.1.0/input_snapshot/provenance/skill_snapshots/uniprot-skill.md,456b5f2cb25b12403b5f000fa808bbc1f1278709bedbffdc4919a7677d31fe2c,archived_input_copy
ASSET_622cca37b6b04c8e865a,releases/0.1.0/input_snapshot/reports/PROJECT_STATUS.md,21155,transparent path/extension rule; documentary snapshots are not biological raw measurements,documentation_or_protocol,AFILE_e555528b95d2e96229,md,reports/PROJECT_STATUS.md,atlas/releases/0.1.0/input_snapshot/reports/PROJECT_STATUS.md,622cca37b6b04c8e865afac199575d12121f0a9a64895932aa03579ebf740a6e,archived_input_copy
ASSET_203f375dd87aa59f2e01,releases/0.1.0/input_snapshot/reports/RESEARCH_SYNTHESIS.md,18960,transparent path/extension rule; documentary snapshots are not biological raw measurements,documentation_or_protocol,AFILE_e4250135b2d37f64d4,md,reports/RESEARCH_SYNTHESIS.md,atlas/releases/0.1.0/input_snapshot/reports/RESEARCH_SYNTHESIS.md,203f375dd87aa59f2e01095420de1d40db0716dfd30a560874ced6eb6279c4fa,archived_input_copy
ASSET_b590ba9aa122415ac6b5,releases/0.1.0/input_snapshot/requirements-research.lock,88,transparent path/extension rule; documentary snapshots are not biological raw measurements,code_or_environment_specification,AFILE_fb8fbb6feffd91d5e3,lock,requirements-research.lock,atlas/releases/0.1.0/input_snapshot/requirements-research.lock,b590ba9aa122415ac6b551c0f2e07a4abc493ac2b2c41d8537796298a765c972,archived_input_copy
ASSET_c0ee2c01270411fcd5c8,releases/0.1.0/input_snapshot/requirements-research.txt,17,transparent path/extension rule; documentary snapshots are not biological raw measurements,code_or_environment_specification,AFILE_f76e6396ade206dee5,txt,requirements-research.txt,atlas/releases/0.1.0/input_snapshot/requirements-research.txt,c0ee2c01270411fcd5c8bf8e78d080237c4d1c61ae34d197c935d29cf50a8833,archived_input_copy
ASSET_35093d4783a11f83166d,releases/0.1.0/input_snapshot/research/EXTRACTION_CONTRACT.md,3770,transparent path/extension rule; documentary snapshots are not biological raw measurements,documentation_or_protocol,AFILE_909d88f2cfe7305d8a,md,research/EXTRACTION_CONTRACT.md,atlas/releases/0.1.0/input_snapshot/research/EXTRACTION_CONTRACT.md,35093d4783a11f83166d09298343e135a7c9d76c196401d88532e91468ef0f0e,archived_input_copy
ASSET_57a8ad0e62346f7b0f2e,releases/0.1.0/input_snapshot/research/cytokine/.gitignore,20,transparent path/extension rule; documentary snapshots are not biological raw measurements,other_artifact,AFILE_832007e71d5e87f455,text_or_extensionless,research/cytokine/.gitignore,atlas/releases/0.1.0/input_snapshot/research/cytokine/.gitignore,57a8ad0e62346f7b0f2e261d59a7b90f1310043424bcb9d229208f183f1940d9,archived_input_copy
ASSET_e95c4071e75be7410181,releases/0.1.0/input_snapshot/research/cytokine/biorxiv_request.json,261,transparent path/extension rule; documentary snapshots are not biological raw measurements,structured_curation_or_provenance,AFILE_f4ee3be738a660efc3,json,research/cytokine/biorxiv_request.json,atlas/releases/0.1.0/input_snapshot/research/cytokine/biorxiv_request.json,e95c4071e75be7410181bb1cf1098cc2267704653823fbfdd92b8b3ae91f47e8,archived_input_copy
ASSET_52a7f67389ee42d52d4d,releases/0.1.0/input_snapshot/research/cytokine/build_pack.py,34331,transparent path/extension rule; documentary snapshots are not biological raw measurements,code_or_environment_specification,AFILE_2d8a04bf20d73b82bc,py,research/cytokine/build_pack.py,atlas/releases/0.1.0/input_snapshot/research/cytokine/build_pack.py,52a7f67389ee42d52d4d2d7bd5d0a2d0530e1eef0fdf67544d9fcf925fb76d22,archived_input_copy
ASSET_8eef313a70e10ad7f9ae,releases/0.1.0/input_snapshot/research/cytokine/notes.md,7100,transparent path/extension rule; documentary snapshots are not biological raw measurements,documentation_or_protocol,AFILE_d5851620fddc1e64bc,md,research/cytokine/notes.md,atlas/releases/0.1.0/input_snapshot/research/cytokine/notes.md,8eef313a70e10ad7f9ae90e673b1824cc5b51018dae7689273205055bd36f90c,archived_input_copy
ASSET_e270f0cca18d05dcf0a1,releases/0.1.0/input_snapshot/research/cytokine/pack.json,81102,transparent path/extension rule; documentary snapshots are not biological raw measurements,curated_evidence_extraction,AFILE_fe31d3198fce59bbb6,json,research/cytokine/pack.json,atlas/releases/0.1.0/input_snapshot/research/cytokine/pack.json,e270f0cca18d05dcf0a1552d5144c79081b7532d7c76fb6f963e52e6c6d4ca8d,archived_input_copy
ASSET_136d851a61e9378362df,releases/0.1.0/input_snapshot/research/cytokine/pmc_request.json,284,transparent path/extension rule; documentary snapshots are not biological raw measurements,structured_curation_or_provenance,AFILE_2858e886203527ab89,json,research/cytokine/pmc_request.json,atlas/releases/0.1.0/input_snapshot/research/cytokine/pmc_request.json,136d851a61e9378362df7b1b6d73b14121fdd3916cf6666eab2b73c8cb82efb7,archived_input_copy
ASSET_bd8e422b605517a44997,releases/0.1.0/input_snapshot/research/cytokine/review_response.json,4709,transparent path/extension rule; documentary snapshots are not biological raw measurements,structured_curation_or_provenance,AFILE_a8e546559836e2b085,json,research/cytokine/review_response.json,atlas/releases/0.1.0/input_snapshot/research/cytokine/review_response.json,bd8e422b605517a44997a2c55ff304b43f2d72b40f53ed4ffcb64ab4a904c5fb,archived_input_copy
ASSET_a4fe7bef469c43256fdd,releases/0.1.0/input_snapshot/research/cytokine/run.json,22712,transparent path/extension rule; documentary snapshots are not biological raw measurements,structured_curation_or_provenance,AFILE_a56235bc25e51feb53,json,research/cytokine/run.json,atlas/releases/0.1.0/input_snapshot/research/cytokine/run.json,a4fe7bef469c43256fddff957e7c30ec388aa09503bb2b7334e8e5b45c698dbd,archived_input_copy
ASSET_5800341289afa6b8f5b9,releases/0.1.0/input_snapshot/research/cytokine/snapshots/PMC10781646.txt,66941,transparent path/extension rule; documentary snapshots are not biological raw measurements,documentary_or_repository_source_snapshot,AFILE_6ff413b81d9b94d4f3,txt,research/cytokine/snapshots/PMC10781646.txt,atlas/releases/0.1.0/input_snapshot/research/cytokine/snapshots/PMC10781646.txt,5800341289afa6b8f5b94a8490ad87e58767e2f89a537730c30ca091936eea93,archived_input_copy
ASSET_cdeefd81ddec026ccc32,releases/0.1.0/input_snapshot/research/cytokine/snapshots/PMC10781646.xml,171779,transparent path/extension rule; documentary snapshots are not biological raw measurements,documentary_or_repository_source_snapshot,AFILE_fdb40b2a8e0f813f4d,xml,research/cytokine/snapshots/PMC10781646.xml,atlas/releases/0.1.0/input_snapshot/research/cytokine/snapshots/PMC10781646.xml,cdeefd81ddec026ccc32292d2ff428312e9331187217f2baf95b73386227a133,archived_input_copy
ASSET_9361c53a21f54affb3fe,releases/0.1.0/input_snapshot/research/cytokine/snapshots/PMC12776526.txt,82490,transparent path/extension rule; documentary snapshots are not biological raw measurements,documentary_or_repository_source_snapshot,AFILE_ec1b5ba9d3677ccb47,txt,research/cytokine/snapshots/PMC12776526.txt,atlas/releases/0.1.0/input_snapshot/research/cytokine/snapshots/PMC12776526.txt,9361c53a21f54affb3fe0450a44cfb1f398c615f707f21300b6076e389098d0e,archived_input_copy
ASSET_b5eb7fa311846f14f30d,releases/0.1.0/input_snapshot/research/cytokine/snapshots/PMC12776526.xml,191710,transparent path/extension rule; documentary snapshots are not biological raw measurements,documentary_or_repository_source_snapshot,AFILE_7b5d352074a03a676e,xml,research/cytokine/snapshots/PMC12776526.xml,atlas/releases/0.1.0/input_snapshot/research/cytokine/snapshots/PMC12776526.xml,b5eb7fa311846f14f30de12ff62393c3bb13203e3890632dadcc2bffd19430b0,archived_input_copy
ASSET_f7993bdc507d40185cee,releases/0.1.0/input_snapshot/research/cytokine/snapshots/PMC1810496.xml,6954,transparent path/extension rule; documentary snapshots are not biological raw measurements,documentary_or_repository_source_snapshot,AFILE_963d1c1867612342ca,xml,research/cytokine/snapshots/PMC1810496.xml,atlas/releases/0.1.0/input_snapshot/research/cytokine/snapshots/PMC1810496.xml,f7993bdc507d40185cee9d442f80352c9cf6acf3699627962bf8f4a6d3cbb661,archived_input_copy
ASSET_b8da7ec812a4af73a955,releases/0.1.0/input_snapshot/research/cytokine/snapshots/PMC2119001.txt,50280,transparent path/extension rule; documentary snapshots are not biological raw measurements,documentary_or_repository_source_snapshot,AFILE_6ff8865fdb1a707d94,txt,research/cytokine/snapshots/PMC2119001.txt,atlas/releases/0.1.0/input_snapshot/research/cytokine/snapshots/PMC2119001.txt,b8da7ec812a4af73a955d451f7493b377d021a95385225379c7ca64ea0acf6d6,archived_input_copy
ASSET_75a1f66ee0b4bcc57615,releases/0.1.0/input_snapshot/research/cytokine/snapshots/PMC2119001.xml,98361,transparent path/extension rule; documentary snapshots are not biological raw measurements,documentary_or_repository_source_snapshot,AFILE_9fb15b2e7723459875,xml,research/cytokine/snapshots/PMC2119001.xml,atlas/releases/0.1.0/input_snapshot/research/cytokine/snapshots/PMC2119001.xml,75a1f66ee0b4bcc5761557e1dc4fe4805791b7022f585d5d67e9e7d97aa30e61,archived_input_copy
ASSET_05b8494ee3be3c6863d8,releases/0.1.0/input_snapshot/research/cytokine/snapshots/PMC2193232.txt,36337,transparent path/extension rule; documentary snapshots are not biological raw measurements,documentary_or_repository_source_snapshot,AFILE_687fc336166374d595,txt,research/cytokine/snapshots/PMC2193232.txt,atlas/releases/0.1.0/input_snapshot/research/cytokine/snapshots/PMC2193232.txt,05b8494ee3be3c6863d849ae6816d8495331e2a621c99caa1696b782ccf84d9f,archived_input_copy
ASSET_1cafaa4e24ae17897564,releases/0.1.0/input_snapshot/research/cytokine/snapshots/PMC2193232.xml,120606,transparent path/extension rule; documentary snapshots are not biological raw measurements,documentary_or_repository_source_snapshot,AFILE_4bf4dcfaa79606bc9f,xml,research/cytokine/snapshots/PMC2193232.xml,atlas/releases/0.1.0/input_snapshot/research/cytokine/snapshots/PMC2193232.xml,1cafaa4e24ae1789756440cdece1e9670fa0bc6c27f40f7adf9616f69512cc57,archived_input_copy
ASSET_623342701f7a90e76c16,releases/0.1.0/input_snapshot/research/cytokine/snapshots/PMC534504.xml,9760,transparent path/extension rule; documentary snapshots are not biological raw measurements,documentary_or_repository_source_snapshot,AFILE_bc99fb3b47c796d1b3,xml,research/cytokine/snapshots/PMC534504.xml,atlas/releases/0.1.0/input_snapshot/research/cytokine/snapshots/PMC534504.xml,623342701f7a90e76c163651a779d90bf9dd59131a7992b334fb89fdb11574cb,archived_input_copy
ASSET_aad63d5def0b98781389,releases/0.1.0/input_snapshot/research/cytokine/snapshots/hcd_biorxiv_api.json,2848,transparent path/extension rule; documentary snapshots are not biological raw measurements,documentary_or_repository_source_snapshot,AFILE_434f2b898a2633b83f,json,research/cytokine/snapshots/hcd_biorxiv_api.json,atlas/releases/0.1.0/input_snapshot/research/cytokine/snapshots/hcd_biorxiv_api.json,aad63d5def0b98781389bdb8f82d01720508fb82cea609cae3ddd055cfae0d1a,archived_input_copy
ASSET_8c42a52e3d6a95926fdf,releases/0.1.0/input_snapshot/research/cytokine/snapshots/metadata.json,29948,transparent path/extension rule; documentary snapshots are not biological raw measurements,documentary_or_repository_source_snapshot,AFILE_db97a2b418f0ad0191,json,research/cytokine/snapshots/metadata.json,atlas/releases/0.1.0/input_snapshot/research/cytokine/snapshots/metadata.json,8c42a52e3d6a95926fdfc894095e161dd2e23d0480a9b76e621f391fae88c988,archived_input_copy
ASSET_3b52b42ebbe3ef495120,releases/0.1.0/input_snapshot/research/cytokine/snapshots/open1.json,34893,transparent path/extension rule; documentary snapshots are not biological raw measurements,documentary_or_repository_source_snapshot,AFILE_3358237ec48198fba7,json,research/cytokine/snapshots/open1.json,atlas/releases/0.1.0/input_snapshot/research/cytokine/snapshots/open1.json,3b52b42ebbe3ef495120b4daa7d388bf60f5fb0fb8a27b60edfaf0016d7c9263,archived_input_copy
ASSET_f9514d5acc67bcd4c065,releases/0.1.0/input_snapshot/research/cytokine/snapshots/open2.json,33305,transparent path/extension rule; documentary snapshots are not biological raw measurements,documentary_or_repository_source_snapshot,AFILE_49bce05c32041a63e0,json,research/cytokine/snapshots/open2.json,atlas/releases/0.1.0/input_snapshot/research/cytokine/snapshots/open2.json,f9514d5acc67bcd4c065709c3ad0da971699e1c268100b3b55be3cd1abd6dcc0,archived_input_copy
ASSET_d9dc26428e7fdb7e067a,releases/0.1.0/input_snapshot/research/cytokine/snapshots/open3.json,32396,transparent path/extension rule; documentary snapshots are not biological raw measurements,documentary_or_repository_source_snapshot,AFILE_e3f7b24c180865aed2,json,research/cytokine/snapshots/open3.json,atlas/releases/0.1.0/input_snapshot/research/cytokine/snapshots/open3.json,d9dc26428e7fdb7e067a2d228206337b4b6aba480806b652b8c26392a1f17458,archived_input_copy
ASSET_a6d5bae4931439f1e296,releases/0.1.0/input_snapshot/research/cytokine/snapshots/open4.json,21175,transparent path/extension rule; documentary snapshots are not biological raw measurements,documentary_or_repository_source_snapshot,AFILE_af41b59f8e8e6e8afa,json,research/cytokine/snapshots/open4.json,atlas/releases/0.1.0/input_snapshot/research/cytokine/snapshots/open4.json,a6d5bae4931439f1e296a2bd6e225d5f881dffebb22c168cb4ddc4bd863ed77b,archived_input_copy
ASSET_4159833a379adcbd1885,releases/0.1.0/input_snapshot/research/cytokine/snapshots/open5.json,1810,transparent path/extension rule; documentary snapshots are not biological raw measurements,documentary_or_repository_source_snapshot,AFILE_74bf11f751bcb5fd17,json,research/cytokine/snapshots/open5.json,atlas/releases/0.1.0/input_snapshot/research/cytokine/snapshots/open5.json,4159833a379adcbd188547771cf631d49b1befdc6cbe4737bdd3997e3ff2a515,archived_input_copy
ASSET_8d198a3c0e20035dc2ee,releases/0.1.0/input_snapshot/research/cytokine/snapshots/open6.json,26767,transparent path/extension rule; documentary snapshots are not biological raw measurements,documentary_or_repository_source_snapshot,AFILE_bf6f4b9907ec821e9e,json,research/cytokine/snapshots/open6.json,atlas/releases/0.1.0/input_snapshot/research/cytokine/snapshots/open6.json,8d198a3c0e20035dc2ee4945dc7d7e9b581c7f54264b674b9f13620187e8706f,archived_input_copy
ASSET_d69e2f5591bbb0d719e3,releases/0.1.0/input_snapshot/research/cytokine/snapshots/open7.json,29126,transparent path/extension rule; documentary snapshots are not biological raw measurements,documentary_or_repository_source_snapshot,AFILE_62bd391a10c0800d57,json,research/cytokine/snapshots/open7.json,atlas/releases/0.1.0/input_snapshot/research/cytokine/snapshots/open7.json,d69e2f5591bbb0d719e3db4aad2e86b2dd19f2c77052ca1f2b9a6b87856eba42,archived_input_copy
ASSET_77d173dcd567817d5140,releases/0.1.0/input_snapshot/research/cytokine/snapshots/pmc_fulltext.xml,603781,transparent path/extension rule; documentary snapshots are not biological raw measurements,documentary_or_repository_source_snapshot,AFILE_81163a4f3000654c45,xml,research/cytokine/snapshots/pmc_fulltext.xml,atlas/releases/0.1.0/input_snapshot/research/cytokine/snapshots/pmc_fulltext.xml,77d173dcd567817d51400495a3d1b6750790685d43f24e820618f459fd3fcb1f,archived_input_copy
ASSET_31daf70acc7364dda08c,releases/0.1.0/input_snapshot/research/cytokine/snapshots/search1.json,29035,transparent path/extension rule; documentary snapshots are not biological raw measurements,documentary_or_repository_source_snapshot,AFILE_8089a35d0e28bbeb7c,json,research/cytokine/snapshots/search1.json,atlas/releases/0.1.0/input_snapshot/research/cytokine/snapshots/search1.json,31daf70acc7364dda08c0a5191aebd61fcca9fe30b522512798eacc9776e83cb,archived_input_copy
ASSET_2d9b31e904cc334c9254,releases/0.1.0/input_snapshot/research/cytokine/snapshots/search2.json,32784,transparent path/extension rule; documentary snapshots are not biological raw measurements,documentary_or_repository_source_snapshot,AFILE_caeb31f55b6c507425,json,research/cytokine/snapshots/search2.json,atlas/releases/0.1.0/input_snapshot/research/cytokine/snapshots/search2.json,2d9b31e904cc334c925419e26a94f278e55d8e56c346be3955c74719e1e7b9de,archived_input_copy
ASSET_83f76e61110794713fad,releases/0.1.0/input_snapshot/research/cytokine/snapshots/search3.json,29024,transparent path/extension rule; documentary snapshots are not biological raw measurements,documentary_or_repository_source_snapshot,AFILE_16a813638e213c22c2,json,research/cytokine/snapshots/search3.json,atlas/releases/0.1.0/input_snapshot/research/cytokine/snapshots/search3.json,83f76e61110794713fad05a4147e8c9c4830914b386dddf87388843e758f3aa1,archived_input_copy
ASSET_b0d48b1485f731e219a5,releases/0.1.0/input_snapshot/research/cytokine/snapshots/search4.json,30475,transparent path/extension rule; documentary snapshots are not biological raw measurements,documentary_or_repository_source_snapshot,AFILE_0dbde11752b4f17c42,json,research/cytokine/snapshots/search4.json,atlas/releases/0.1.0/input_snapshot/research/cytokine/snapshots/search4.json,b0d48b1485f731e219a576ee7db7a02ee7c04ca9a9a6c2ea52ddf4e2c287c983,archived_input_copy
ASSET_c5c16d971068920ab8ed,releases/0.1.0/input_snapshot/research/genomic/build_pack.py,38388,transparent path/extension rule; documentary snapshots are not biological raw measurements,code_or_environment_specification,AFILE_2ba1486df7e3d6bd11,py,research/genomic/build_pack.py,atlas/releases/0.1.0/input_snapshot/research/genomic/build_pack.py,c5c16d971068920ab8ed242c4c43b4ad096e2df814e06db953b0e7bba06bf686,archived_input_copy
ASSET_cd2b8db162a50583adad,releases/0.1.0/input_snapshot/research/genomic/notes.md,6753,transparent path/extension rule; documentary snapshots are not biological raw measurements,documentation_or_protocol,AFILE_0b3978c54aaaac8c1b,md,research/genomic/notes.md,atlas/releases/0.1.0/input_snapshot/research/genomic/notes.md,cd2b8db162a50583adada1fff37a68232262ef6903f8b2b75c665f62b412bf63,archived_input_copy
ASSET_8a1002c03070bb3ba895,releases/0.1.0/input_snapshot/research/genomic/pack.json,94092,transparent path/extension rule; documentary snapshots are not biological raw measurements,curated_evidence_extraction,AFILE_c3ac4034df6fda915c,json,research/genomic/pack.json,atlas/releases/0.1.0/input_snapshot/research/genomic/pack.json,8a1002c03070bb3ba89561f3092056cef2b16eacbc77590c12a5689c396238b6,archived_input_copy
ASSET_81926babb2c47084c75b,releases/0.1.0/input_snapshot/research/genomic/review_response.json,1244,transparent path/extension rule; documentary snapshots are not biological raw measurements,structured_curation_or_provenance,AFILE_c158b34bb7773aa7f1,json,research/genomic/review_response.json,atlas/releases/0.1.0/input_snapshot/research/genomic/review_response.json,81926babb2c47084c75b09b011a79ba76f5528ca93e0797fafb0d45678cb5ea7,archived_input_copy
ASSET_e218fe9d2f370d28fbd3,releases/0.1.0/input_snapshot/research/genomic/run.json,3392,transparent path/extension rule; documentary snapshots are not biological raw measurements,structured_curation_or_provenance,AFILE_7ac0305bbbffed9fc7,json,research/genomic/run.json,atlas/releases/0.1.0/input_snapshot/research/genomic/run.json,e218fe9d2f370d28fbd33bef999e207a121f7a2ae219e1538f4772f28e2c4867,archived_input_copy
ASSET_ca2b3158a5ede8d44f8d,releases/0.1.0/input_snapshot/research/genomic/snapshots/G01_fulltext.html,247423,transparent path/extension rule; documentary snapshots are not biological raw measurements,documentary_or_repository_source_snapshot,AFILE_4eaf39e94ac7190d06,html,research/genomic/snapshots/G01_fulltext.html,atlas/releases/0.1.0/input_snapshot/research/genomic/snapshots/G01_fulltext.html,ca2b3158a5ede8d44f8def50e8c0ebe859f9744a1eb8f6fa8567d8da77f6ee47,archived_input_copy
ASSET_fbbabd48dc54c65150ba,releases/0.1.0/input_snapshot/research/genomic/snapshots/G01_fulltext.txt,82083,transparent path/extension rule; documentary snapshots are not biological raw measurements,documentary_or_repository_source_snapshot,AFILE_fe2f53179b14b125d2,txt,research/genomic/snapshots/G01_fulltext.txt,atlas/releases/0.1.0/input_snapshot/research/genomic/snapshots/G01_fulltext.txt,fbbabd48dc54c65150ba6a3a2299aa83ed85c8dc399012bfd018d6bb81893fd6,archived_input_copy
ASSET_d4efbae49f1d84743f6b,releases/0.1.0/input_snapshot/research/genomic/snapshots/G01_open.txt,31912,transparent path/extension rule; documentary snapshots are not biological raw measurements,documentary_or_repository_source_snapshot,AFILE_c833ff0eb4f47c0b3a,txt,research/genomic/snapshots/G01_open.txt,atlas/releases/0.1.0/input_snapshot/research/genomic/snapshots/G01_open.txt,d4efbae49f1d84743f6be185db85a5536c70e59e499031cd474179a7a648bd11,archived_input_copy
ASSET_d9d79f2a8201bf96a7fa,releases/0.1.0/input_snapshot/research/genomic/snapshots/G02_fulltext.html,272848,transparent path/extension rule; documentary snapshots are not biological raw measurements,documentary_or_repository_source_snapshot,AFILE_e1a4b286682ae2ae7e,html,research/genomic/snapshots/G02_fulltext.html,atlas/releases/0.1.0/input_snapshot/research/genomic/snapshots/G02_fulltext.html,d9d79f2a8201bf96a7fa80b68ef492f431a922ca879ab2973f9bf6c3a2a639f3,archived_input_copy
ASSET_8475690c1c795fff7c98,releases/0.1.0/input_snapshot/research/genomic/snapshots/G02_fulltext.txt,90940,transparent path/extension rule; documentary snapshots are not biological raw measurements,documentary_or_repository_source_snapshot,AFILE_1eef379c7489d0eedb,txt,research/genomic/snapshots/G02_fulltext.txt,atlas/releases/0.1.0/input_snapshot/research/genomic/snapshots/G02_fulltext.txt,8475690c1c795fff7c9880e69a02fad1118593f5959f702e44350d7c9f66be09,archived_input_copy
ASSET_374da8796b5882d8cdb3,releases/0.1.0/input_snapshot/research/genomic/snapshots/G02_open.txt,421,transparent path/extension rule; documentary snapshots are not biological raw measurements,documentary_or_repository_source_snapshot,AFILE_b46d425702d61f0415,txt,research/genomic/snapshots/G02_open.txt,atlas/releases/0.1.0/input_snapshot/research/genomic/snapshots/G02_open.txt,374da8796b5882d8cdb32e9c16db26c6802e916a5c5e81defe8bdbc4d80ec497,archived_input_copy
ASSET_313fced2da5b8c22095e,releases/0.1.0/input_snapshot/research/genomic/snapshots/G02b_retrieval.txt,442,transparent path/extension rule; documentary snapshots are not biological raw measurements,documentary_or_repository_source_snapshot,AFILE_a980d5032837ea22e0,txt,research/genomic/snapshots/G02b_retrieval.txt,atlas/releases/0.1.0/input_snapshot/research/genomic/snapshots/G02b_retrieval.txt,313fced2da5b8c22095e7e4ba69fee261777f04295e5964ba1707a11b15be9d0,archived_input_copy
ASSET_5864589d6cb156b4aab5,releases/0.1.0/input_snapshot/research/genomic/snapshots/G02correction_retrieval.txt,25841,transparent path/extension rule; documentary snapshots are not biological raw measurements,documentary_or_repository_source_snapshot,AFILE_ece9b0047b6fed1546,txt,research/genomic/snapshots/G02correction_retrieval.txt,atlas/releases/0.1.0/input_snapshot/research/genomic/snapshots/G02correction_retrieval.txt,5864589d6cb156b4aab5004be1daa53500e90cc4598444ce28aab69fcd1ea3be,archived_input_copy
ASSET_6bde78d536f1eb9d88c6,releases/0.1.0/input_snapshot/research/genomic/snapshots/G03_fulltext.html,299120,transparent path/extension rule; documentary snapshots are not biological raw measurements,documentary_or_repository_source_snapshot,AFILE_c4963f3ae109723c6e,html,research/genomic/snapshots/G03_fulltext.html,atlas/releases/0.1.0/input_snapshot/research/genomic/snapshots/G03_fulltext.html,6bde78d536f1eb9d88c669269432b0d59c0e02155d5f02f54fbb7690c5ff1df8,archived_input_copy
ASSET_ad8910e5fd1b2e1bb576,releases/0.1.0/input_snapshot/research/genomic/snapshots/G03_fulltext.txt,115203,transparent path/extension rule; documentary snapshots are not biological raw measurements,documentary_or_repository_source_snapshot,AFILE_c047ee7ad655eb1ea8,txt,research/genomic/snapshots/G03_fulltext.txt,atlas/releases/0.1.0/input_snapshot/research/genomic/snapshots/G03_fulltext.txt,ad8910e5fd1b2e1bb5760547b251254404700ac08f6991e7f0f40c9af9f3b027,archived_input_copy
ASSET_50d425c42dfb6c1960bb,releases/0.1.0/input_snapshot/research/genomic/snapshots/G03_open.txt,437,transparent path/extension rule; documentary snapshots are not biological raw measurements,documentary_or_repository_source_snapshot,AFILE_cb2d1efcad711cb046,txt,research/genomic/snapshots/G03_open.txt,atlas/releases/0.1.0/input_snapshot/research/genomic/snapshots/G03_open.txt,50d425c42dfb6c1960bb1afea0943ed8800fc90730ed2efc6692f86e32f36a51,archived_input_copy
ASSET_74ddccc82ab1c0f27523,releases/0.1.0/input_snapshot/research/genomic/snapshots/G03b_retrieval.txt,250,transparent path/extension rule; documentary snapshots are not biological raw measurements,documentary_or_repository_source_snapshot,AFILE_0724d0b312cc227a0f,txt,research/genomic/snapshots/G03b_retrieval.txt,atlas/releases/0.1.0/input_snapshot/research/genomic/snapshots/G03b_retrieval.txt,74ddccc82ab1c0f27523bd4e698d8426ab184fb1264f88af1463ba27d4df8e07,archived_input_copy
ASSET_b00f8fea385ccd45e5f5,releases/0.1.0/input_snapshot/research/genomic/snapshots/G04_fulltext.html,293551,transparent path/extension rule; documentary snapshots are not biological raw measurements,documentary_or_repository_source_snapshot,AFILE_4636703dbf22594f8f,html,research/genomic/snapshots/G04_fulltext.html,atlas/releases/0.1.0/input_snapshot/research/genomic/snapshots/G04_fulltext.html,b00f8fea385ccd45e5f52e4dec0e77ba2e8904404c4f9c6003fa846a98976c2e,archived_input_copy
ASSET_bea3af30fa10d267347a,releases/0.1.0/input_snapshot/research/genomic/snapshots/G04_fulltext.txt,110124,transparent path/extension rule; documentary snapshots are not biological raw measurements,documentary_or_repository_source_snapshot,AFILE_e24072f2e2666f0036,txt,research/genomic/snapshots/G04_fulltext.txt,atlas/releases/0.1.0/input_snapshot/research/genomic/snapshots/G04_fulltext.txt,bea3af30fa10d267347a9a2401e0b56a8004eb1144fb885f68597c7d5fc03374,archived_input_copy
ASSET_84fefacb0d631b7da4bf,releases/0.1.0/input_snapshot/research/genomic/snapshots/G04_open.txt,30019,transparent path/extension rule; documentary snapshots are not biological raw measurements,documentary_or_repository_source_snapshot,AFILE_8161c856fdfde78059,txt,research/genomic/snapshots/G04_open.txt,atlas/releases/0.1.0/input_snapshot/research/genomic/snapshots/G04_open.txt,84fefacb0d631b7da4bfb4b82f8e6d2af37a1b0d76c12da931031bb95c14aa1e,archived_input_copy
ASSET_188969120233572f5e81,releases/0.1.0/input_snapshot/research/genomic/snapshots/G05_fulltext.html,447609,transparent path/extension rule; documentary snapshots are not biological raw measurements,documentary_or_repository_source_snapshot,AFILE_567869dcc0b717c0ad,html,research/genomic/snapshots/G05_fulltext.html,atlas/releases/0.1.0/input_snapshot/research/genomic/snapshots/G05_fulltext.html,188969120233572f5e81a117857db69883c9f3dc74b85b9291a627e7b2fcd135,archived_input_copy
ASSET_87a2bc34e00150f79458,releases/0.1.0/input_snapshot/research/genomic/snapshots/G05_fulltext.txt,184104,transparent path/extension rule; documentary snapshots are not biological raw measurements,documentary_or_repository_source_snapshot,AFILE_119517841beb176f76,txt,research/genomic/snapshots/G05_fulltext.txt,atlas/releases/0.1.0/input_snapshot/research/genomic/snapshots/G05_fulltext.txt,87a2bc34e00150f79458f23efe25c280aecd496b31acc29f9b7624b0dce39da1,archived_input_copy
ASSET_99c0394656e6b5bf9251,releases/0.1.0/input_snapshot/research/genomic/snapshots/G05_open.txt,442,transparent path/extension rule; documentary snapshots are not biological raw measurements,documentary_or_repository_source_snapshot,AFILE_3c00ca9132502d50da,txt,research/genomic/snapshots/G05_open.txt,atlas/releases/0.1.0/input_snapshot/research/genomic/snapshots/G05_open.txt,99c0394656e6b5bf925160701b2bc1da21310874bf86bdf7512f5402e0b8357a,archived_input_copy
ASSET_710c52feaafafcb234ff,releases/0.1.0/input_snapshot/research/genomic/snapshots/G05b_retrieval.txt,388,transparent path/extension rule; documentary snapshots are not biological raw measurements,documentary_or_repository_source_snapshot,AFILE_783ace768b7f94dd34,txt,research/genomic/snapshots/G05b_retrieval.txt,atlas/releases/0.1.0/input_snapshot/research/genomic/snapshots/G05b_retrieval.txt,710c52feaafafcb234ffeaa17ae0b244497b449a92c97a0da0f77b7647720c1c,archived_input_copy
ASSET_e240beb3f432d6c81f72,releases/0.1.0/input_snapshot/research/genomic/snapshots/G05c_retrieval.txt,278,transparent path/extension rule; documentary snapshots are not biological raw measurements,documentary_or_repository_source_snapshot,AFILE_438e9cc7bd2aa289f7,txt,research/genomic/snapshots/G05c_retrieval.txt,atlas/releases/0.1.0/input_snapshot/research/genomic/snapshots/G05c_retrieval.txt,e240beb3f432d6c81f722a8b92d17a34d2b462f5a30576a0686029c472a07dd5,archived_input_copy
ASSET_12ff96ede606113d2278,releases/0.1.0/input_snapshot/research/genomic/snapshots/G06_open.txt,17940,transparent path/extension rule; documentary snapshots are not biological raw measurements,documentary_or_repository_source_snapshot,AFILE_9d97b484fb2e3f1704,txt,research/genomic/snapshots/G06_open.txt,atlas/releases/0.1.0/input_snapshot/research/genomic/snapshots/G06_open.txt,12ff96ede606113d227851de616310821525737269843b19b5863385e17f2402,archived_input_copy
ASSET_90dec76f49467727354b,releases/0.1.0/input_snapshot/research/genomic/snapshots/G07_fulltext.html,259495,transparent path/extension rule; documentary snapshots are not biological raw measurements,documentary_or_repository_source_snapshot,AFILE_833d205527786e2019,html,research/genomic/snapshots/G07_fulltext.html,atlas/releases/0.1.0/input_snapshot/research/genomic/snapshots/G07_fulltext.html,90dec76f49467727354b9ec9f7e3a1689c75a4879fe92702917f4458ffed15b5,archived_input_copy
ASSET_1a517413b1e1f32d6bd6,releases/0.1.0/input_snapshot/research/genomic/snapshots/G07_fulltext.txt,83060,transparent path/extension rule; documentary snapshots are not biological raw measurements,documentary_or_repository_source_snapshot,AFILE_c43599b9ca3c20f7f1,txt,research/genomic/snapshots/G07_fulltext.txt,atlas/releases/0.1.0/input_snapshot/research/genomic/snapshots/G07_fulltext.txt,1a517413b1e1f32d6bd6079bc63eb39861ea1979f1befac18362ad2286153e18,archived_input_copy
ASSET_f4ed1da2486a671657cd,releases/0.1.0/input_snapshot/research/genomic/snapshots/G07_open.txt,33475,transparent path/extension rule; documentary snapshots are not biological raw measurements,documentary_or_repository_source_snapshot,AFILE_465697bf123ae09678,txt,research/genomic/snapshots/G07_open.txt,atlas/releases/0.1.0/input_snapshot/research/genomic/snapshots/G07_open.txt,f4ed1da2486a671657cd22805eaa8bfb84a23ae741f1423e89e819f360258d53,archived_input_copy
ASSET_2ca2ed156d83aa7e4542,releases/0.1.0/input_snapshot/research/genomic/snapshots/G08_open.txt,17257,transparent path/extension rule; documentary snapshots are not biological raw measurements,documentary_or_repository_source_snapshot,AFILE_37e21b6aec90667611,txt,research/genomic/snapshots/G08_open.txt,atlas/releases/0.1.0/input_snapshot/research/genomic/snapshots/G08_open.txt,2ca2ed156d83aa7e45425de54fbd1f0b5311e231ced85f63d44418a2ce9d5ebf,archived_input_copy
ASSET_2757c6c4e56a14030dc9,releases/0.1.0/input_snapshot/research/genomic/snapshots/G09_fulltext.html,216584,transparent path/extension rule; documentary snapshots are not biological raw measurements,documentary_or_repository_source_snapshot,AFILE_7a9c38f5fbe670654f,html,research/genomic/snapshots/G09_fulltext.html,atlas/releases/0.1.0/input_snapshot/research/genomic/snapshots/G09_fulltext.html,2757c6c4e56a14030dc9f42d38c01dfad94e2d0472e36d013f96f35e697781fb,archived_input_copy
ASSET_07839a64b266b604b56f,releases/0.1.0/input_snapshot/research/genomic/snapshots/G09_fulltext.txt,56504,transparent path/extension rule; documentary snapshots are not biological raw measurements,documentary_or_repository_source_snapshot,AFILE_69adb69fb9bdb6633a,txt,research/genomic/snapshots/G09_fulltext.txt,atlas/releases/0.1.0/input_snapshot/research/genomic/snapshots/G09_fulltext.txt,07839a64b266b604b56f1849f6b3b361adf5c2993bcdd0558b382a9a0facd094,archived_input_copy
ASSET_639d82268108ac1cee8d,releases/0.1.0/input_snapshot/research/genomic/snapshots/G09_retrieval.txt,442,transparent path/extension rule; documentary snapshots are not biological raw measurements,documentary_or_repository_source_snapshot,AFILE_355cfe4f54560d333c,txt,research/genomic/snapshots/G09_retrieval.txt,atlas/releases/0.1.0/input_snapshot/research/genomic/snapshots/G09_retrieval.txt,639d82268108ac1cee8dcca782a2cb0bc6ecc595bf68c3138dcdda5abee03718,archived_input_copy
ASSET_fd9b54e4e1b84f4dc51b,releases/0.1.0/input_snapshot/research/genomic/snapshots/G10_fulltext.html,198377,transparent path/extension rule; documentary snapshots are not biological raw measurements,documentary_or_repository_source_snapshot,AFILE_f17a49f8c9af0bc98d,html,research/genomic/snapshots/G10_fulltext.html,atlas/releases/0.1.0/input_snapshot/research/genomic/snapshots/G10_fulltext.html,fd9b54e4e1b84f4dc51b3cd26a3f379f611eced0f5e63d99555bd0b85b454efa,archived_input_copy
ASSET_443ce61649e0eb33b31f,releases/0.1.0/input_snapshot/research/genomic/snapshots/G10_fulltext.txt,59686,transparent path/extension rule; documentary snapshots are not biological raw measurements,documentary_or_repository_source_snapshot,AFILE_a1673b2d6cf8a50551,txt,research/genomic/snapshots/G10_fulltext.txt,atlas/releases/0.1.0/input_snapshot/research/genomic/snapshots/G10_fulltext.txt,443ce61649e0eb33b31f1780e7f7cf2b2bc1128c4180f07d56a2f2aae5236a66,archived_input_copy
ASSET_3cde6c8f23db94a0e831,releases/0.1.0/input_snapshot/research/genomic/snapshots/G10_retrieval.txt,419,transparent path/extension rule; documentary snapshots are not biological raw measurements,documentary_or_repository_source_snapshot,AFILE_1ebb28af030ea88acb,txt,research/genomic/snapshots/G10_retrieval.txt,atlas/releases/0.1.0/input_snapshot/research/genomic/snapshots/G10_retrieval.txt,3cde6c8f23db94a0e83180d816b37c9e52357e611c4ad34ac302ebf3e95769b8,archived_input_copy
ASSET_fa11f71cd5029162cc87,releases/0.1.0/input_snapshot/research/genomic/snapshots/Gcorrection_supp_retrieval.txt,295,transparent path/extension rule; documentary snapshots are not biological raw measurements,documentary_or_repository_source_snapshot,AFILE_ef65fe04e9d6abdfd1,txt,research/genomic/snapshots/Gcorrection_supp_retrieval.txt,atlas/releases/0.1.0/input_snapshot/research/genomic/snapshots/Gcorrection_supp_retrieval.txt,fa11f71cd5029162cc874a738c51ec8ed2694f013b2d6f86e4c230f7f7f47d15,archived_input_copy
ASSET_b7222d2c52a542e41d1d,releases/0.1.0/input_snapshot/research/genomic/snapshots/Gfind6_retrieval.txt,14123,transparent path/extension rule; documentary snapshots are not biological raw measurements,documentary_or_repository_source_snapshot,AFILE_9bae57887fef4399e0,txt,research/genomic/snapshots/Gfind6_retrieval.txt,atlas/releases/0.1.0/input_snapshot/research/genomic/snapshots/Gfind6_retrieval.txt,b7222d2c52a542e41d1dc0c66df555cfedbe2a67272622aaaa2d6534ef5e1e94,archived_input_copy
ASSET_68950a87ab45971eee52,releases/0.1.0/input_snapshot/research/genomic/snapshots/Gfollowup5_retrieval.txt,26683,transparent path/extension rule; documentary snapshots are not biological raw measurements,documentary_or_repository_source_snapshot,AFILE_433c3cef2ac793b052,txt,research/genomic/snapshots/Gfollowup5_retrieval.txt,atlas/releases/0.1.0/input_snapshot/research/genomic/snapshots/Gfollowup5_retrieval.txt,68950a87ab45971eee526ea2d70e50df015eed35237f7a9882d807c41f6b4ceb,archived_input_copy
ASSET_c2ee108de1f9a82dd9eb,releases/0.1.0/input_snapshot/research/genomic/snapshots/Gsearch3_retrieval.txt,29424,transparent path/extension rule; documentary snapshots are not biological raw measurements,documentary_or_repository_source_snapshot,AFILE_512368c3fa2a227922,txt,research/genomic/snapshots/Gsearch3_retrieval.txt,atlas/releases/0.1.0/input_snapshot/research/genomic/snapshots/Gsearch3_retrieval.txt,c2ee108de1f9a82dd9eb49b08fa21b2fb13675c5d420f03518edf8ee3dd0d5ce,archived_input_copy
ASSET_5ec38ebfaf165ff4306e,releases/0.1.0/input_snapshot/research/genomic/snapshots/Gsearch4_retrieval.txt,32629,transparent path/extension rule; documentary snapshots are not biological raw measurements,documentary_or_repository_source_snapshot,AFILE_72dd38ff08a619b154,txt,research/genomic/snapshots/Gsearch4_retrieval.txt,atlas/releases/0.1.0/input_snapshot/research/genomic/snapshots/Gsearch4_retrieval.txt,5ec38ebfaf165ff4306e916279953aec0b3961a381f16316fb012967c592113c,archived_input_copy
ASSET_986dcf30bd9d69454cd2,releases/0.1.0/input_snapshot/research/genomic/snapshots/Gsearch7_retrieval.txt,35689,transparent path/extension rule; documentary snapshots are not biological raw measurements,documentary_or_repository_source_snapshot,AFILE_694b7f897d1649231e,txt,research/genomic/snapshots/Gsearch7_retrieval.txt,atlas/releases/0.1.0/input_snapshot/research/genomic/snapshots/Gsearch7_retrieval.txt,986dcf30bd9d69454cd2cb80d7cca67ce6b3374c5ec4aba4c6009db6a02a4126,archived_input_copy
ASSET_71e142343d80b14718de,releases/0.1.0/input_snapshot/research/genomic/snapshots/search_01.json,33114,transparent path/extension rule; documentary snapshots are not biological raw measurements,documentary_or_repository_source_snapshot,AFILE_5def2fb4bcd1533779,json,research/genomic/snapshots/search_01.json,atlas/releases/0.1.0/input_snapshot/research/genomic/snapshots/search_01.json,71e142343d80b14718de1590ffefdacc31b47783395eb660b8f1c047e82252f5,archived_input_copy
ASSET_60d7f54ca2902e9823f6,releases/0.1.0/input_snapshot/research/genomic/snapshots/search_02.json,33317,transparent path/extension rule; documentary snapshots are not biological raw measurements,documentary_or_repository_source_snapshot,AFILE_04988349272d7c9b58,json,research/genomic/snapshots/search_02.json,atlas/releases/0.1.0/input_snapshot/research/genomic/snapshots/search_02.json,60d7f54ca2902e9823f68396169d2aba1c19d85da7c99d8a9ad4fd6a6d82e08e,archived_input_copy
ASSET_096cd568db2f7fb39834,releases/0.1.0/input_snapshot/research/implementation_review_response.json,17862,transparent path/extension rule; documentary snapshots are not biological raw measurements,structured_curation_or_provenance,AFILE_ce928d6bd0a85ef2e2,json,research/implementation_review_response.json,atlas/releases/0.1.0/input_snapshot/research/implementation_review_response.json,096cd568db2f7fb3983462a72dd4eb25c707fdfa632bb507c0a192666692f70b,archived_input_copy
ASSET_fe9e75e925fc84f51c99,releases/0.1.0/input_snapshot/research/proteomic/apply_review_corrections.py,3346,transparent path/extension rule; documentary snapshots are not biological raw measurements,code_or_environment_specification,AFILE_3330c594bb73cd2af9,py,research/proteomic/apply_review_corrections.py,atlas/releases/0.1.0/input_snapshot/research/proteomic/apply_review_corrections.py,fe9e75e925fc84f51c990fdb03b76d5af4827079a07068602e1fb1993a18b048,archived_input_copy
ASSET_9c8ac7147af39b62f09f,releases/0.1.0/input_snapshot/research/proteomic/notes.md,5906,transparent path/extension rule; documentary snapshots are not biological raw measurements,documentation_or_protocol,AFILE_a9a7c8f876556762a5,md,research/proteomic/notes.md,atlas/releases/0.1.0/input_snapshot/research/proteomic/notes.md,9c8ac7147af39b62f09f945b832b251043d34f4ae9ce26ab4ea3a47fafec1d62,archived_input_copy
ASSET_965f21a12afbf5f44671,releases/0.1.0/input_snapshot/research/proteomic/pack.json,72597,transparent path/extension rule; documentary snapshots are not biological raw measurements,curated_evidence_extraction,AFILE_2c130fc73d79685004,json,research/proteomic/pack.json,atlas/releases/0.1.0/input_snapshot/research/proteomic/pack.json,965f21a12afbf5f4467148bd3c5c43faf483e29fc21d745af449e4b2bcac7937,archived_input_copy
ASSET_d660342dd7a2717013ab,releases/0.1.0/input_snapshot/research/proteomic/review_response.json,7992,transparent path/extension rule; documentary snapshots are not biological raw measurements,structured_curation_or_provenance,AFILE_877a4a466d32918a83,json,research/proteomic/review_response.json,atlas/releases/0.1.0/input_snapshot/research/proteomic/review_response.json,d660342dd7a2717013ab255b670020c4bb12f7d3145d844594a3918789cc3605,archived_input_copy
ASSET_e5c488529be3cb6d6050,releases/0.1.0/input_snapshot/research/proteomic/run.json,3555,transparent path/extension rule; documentary snapshots are not biological raw measurements,structured_curation_or_provenance,AFILE_1613ae338cbbb4ba53,json,research/proteomic/run.json,atlas/releases/0.1.0/input_snapshot/research/proteomic/run.json,e5c488529be3cb6d6050ae9fffdbf14ac0bed2b3b35bf84c7eb5ce103e96bf33,archived_input_copy
ASSET_e1f46d13ea56494ca9b8,releases/0.1.0/input_snapshot/research/proteomic/snapshots/atlas_publisher_page.html,444489,transparent path/extension rule; documentary snapshots are not biological raw measurements,documentary_or_repository_source_snapshot,AFILE_8d12d1d74d2588b663,html,research/proteomic/snapshots/atlas_publisher_page.html,atlas/releases/0.1.0/input_snapshot/research/proteomic/snapshots/atlas_publisher_page.html,e1f46d13ea56494ca9b897e1b739bf8eb2ab3399d4e5e1eaa61d2e1de5a31304,archived_input_copy
ASSET_42ea8670d63883ce00e4,releases/0.1.0/input_snapshot/research/proteomic/snapshots/atlas_publisher_page.txt,29873,transparent path/extension rule; documentary snapshots are not biological raw measurements,documentary_or_repository_source_snapshot,AFILE_2ed6132c5611668aaa,txt,research/proteomic/snapshots/atlas_publisher_page.txt,atlas/releases/0.1.0/input_snapshot/research/proteomic/snapshots/atlas_publisher_page.txt,42ea8670d63883ce00e4d6667812e236207f56d331a8400bb479becd698266f8,archived_input_copy
ASSET_73c3dcc246f01706db7f,releases/0.1.0/input_snapshot/research/proteomic/snapshots/bendall_fulltext.html,213822,transparent path/extension rule; documentary snapshots are not biological raw measurements,documentary_or_repository_source_snapshot,AFILE_b3f2a63c942a36733c,html,research/proteomic/snapshots/bendall_fulltext.html,atlas/releases/0.1.0/input_snapshot/research/proteomic/snapshots/bendall_fulltext.html,73c3dcc246f01706db7fd878734c3f2d836391da1e7918f4315acf1bddef8c55,archived_input_copy
ASSET_9a9f86d6f0be3e361b3b,releases/0.1.0/input_snapshot/research/proteomic/snapshots/bendall_fulltext.txt,66613,transparent path/extension rule; documentary snapshots are not biological raw measurements,documentary_or_repository_source_snapshot,AFILE_8ae23a3ba209380d1b,txt,research/proteomic/snapshots/bendall_fulltext.txt,atlas/releases/0.1.0/input_snapshot/research/proteomic/snapshots/bendall_fulltext.txt,9a9f86d6f0be3e361b3b235b3ad50bb654236ea251654e27ca40c88c698ebf95,archived_input_copy
ASSET_b5e3ba5a6a270e6fd818,releases/0.1.0/input_snapshot/research/proteomic/snapshots/cite_publisher_page.html,325623,transparent path/extension rule; documentary snapshots are not biological raw measurements,documentary_or_repository_source_snapshot,AFILE_f089af9e9dabc68bd9,html,research/proteomic/snapshots/cite_publisher_page.html,atlas/releases/0.1.0/input_snapshot/research/proteomic/snapshots/cite_publisher_page.html,b5e3ba5a6a270e6fd8181c031641877920d5ce2b2a0724608ccd4b666800dda5,archived_input_copy
ASSET_5782bcf27eec883afc17,releases/0.1.0/input_snapshot/research/proteomic/snapshots/cite_publisher_page.txt,19270,transparent path/extension rule; documentary snapshots are not biological raw measurements,documentary_or_repository_source_snapshot,AFILE_e238f21ffe8b854175,txt,research/proteomic/snapshots/cite_publisher_page.txt,atlas/releases/0.1.0/input_snapshot/research/proteomic/snapshots/cite_publisher_page.txt,5782bcf27eec883afc174787bc013f73fe2b448a98c49319c2de48f7fe77bdd7,archived_input_copy
ASSET_1dcb162b3750c70b20f1,releases/0.1.0/input_snapshot/research/proteomic/snapshots/extract1.json,22188,transparent path/extension rule; documentary snapshots are not biological raw measurements,documentary_or_repository_source_snapshot,AFILE_bcba5ffffe745f75b6,json,research/proteomic/snapshots/extract1.json,atlas/releases/0.1.0/input_snapshot/research/proteomic/snapshots/extract1.json,1dcb162b3750c70b20f1be791498dc12046a520691c947a5b8fe01f0018a17ad,archived_input_copy
ASSET_5e6d7a8cb7fdc9c6d603,releases/0.1.0/input_snapshot/research/proteomic/snapshots/extract2.json,24694,transparent path/extension rule; documentary snapshots are not biological raw measurements,documentary_or_repository_source_snapshot,AFILE_dde802a0f08877f27a,json,research/proteomic/snapshots/extract2.json,atlas/releases/0.1.0/input_snapshot/research/proteomic/snapshots/extract2.json,5e6d7a8cb7fdc9c6d6036c9b2d612244bf0de03bc62ebca77ea7298f883325d8,archived_input_copy
ASSET_6af3e7c4129c2432098b,releases/0.1.0/input_snapshot/research/proteomic/snapshots/extract3.json,16579,transparent path/extension rule; documentary snapshots are not biological raw measurements,documentary_or_repository_source_snapshot,AFILE_aaba163f90630998eb,json,research/proteomic/snapshots/extract3.json,atlas/releases/0.1.0/input_snapshot/research/proteomic/snapshots/extract3.json,6af3e7c4129c2432098ba3fef4eca06a4e83b0cd3777c9c95af48ef369c48252,archived_input_copy
ASSET_20ed5d9d4fce163028d0,releases/0.1.0/input_snapshot/research/proteomic/snapshots/methods.json,32037,transparent path/extension rule; documentary snapshots are not biological raw measurements,documentary_or_repository_source_snapshot,AFILE_ca45cf0eee257daaee,json,research/proteomic/snapshots/methods.json,atlas/releases/0.1.0/input_snapshot/research/proteomic/snapshots/methods.json,20ed5d9d4fce163028d063aad39a21ca6bffa341b2cf49ec6bf5658f8d08ce0c,archived_input_copy
ASSET_34ce09a1babe5ae0a795,releases/0.1.0/input_snapshot/research/proteomic/snapshots/open1.json,27094,transparent path/extension rule; documentary snapshots are not biological raw measurements,documentary_or_repository_source_snapshot,AFILE_c005787b7d2230cdf9,json,research/proteomic/snapshots/open1.json,atlas/releases/0.1.0/input_snapshot/research/proteomic/snapshots/open1.json,34ce09a1babe5ae0a79518dbb5d8d9b850c9f630e48d567254b692a9750f5e38,archived_input_copy
ASSET_78249fb5817b3c38481f,releases/0.1.0/input_snapshot/research/proteomic/snapshots/open2.json,28167,transparent path/extension rule; documentary snapshots are not biological raw measurements,documentary_or_repository_source_snapshot,AFILE_c32948e7b77ff6b0eb,json,research/proteomic/snapshots/open2.json,atlas/releases/0.1.0/input_snapshot/research/proteomic/snapshots/open2.json,78249fb5817b3c38481fa0a87feba95ba8fe5788a499ad91ff2bec26c9c9309a,archived_input_copy
ASSET_55bf684aea6dba87a915,releases/0.1.0/input_snapshot/research/proteomic/snapshots/open3.json,31930,transparent path/extension rule; documentary snapshots are not biological raw measurements,documentary_or_repository_source_snapshot,AFILE_6bd3aabaf06fdf2f09,json,research/proteomic/snapshots/open3.json,atlas/releases/0.1.0/input_snapshot/research/proteomic/snapshots/open3.json,55bf684aea6dba87a915b28e45488c912f5fc6eb2b3f021e3aba8f5436cc20b8,archived_input_copy
ASSET_33af42195fbe81aad787,releases/0.1.0/input_snapshot/research/proteomic/snapshots/open4.json,15825,transparent path/extension rule; documentary snapshots are not biological raw measurements,documentary_or_repository_source_snapshot,AFILE_b122e13cf8fa7a1c26,json,research/proteomic/snapshots/open4.json,atlas/releases/0.1.0/input_snapshot/research/proteomic/snapshots/open4.json,33af42195fbe81aad787405261cf95a4032bd19ff972bd9975430718018fe4a9,archived_input_copy
ASSET_13728c96a93ea8a6762c,releases/0.1.0/input_snapshot/research/proteomic/snapshots/platelet_fulltext.html,153761,transparent path/extension rule; documentary snapshots are not biological raw measurements,documentary_or_repository_source_snapshot,AFILE_c65f2458fe4c1fbe22,html,research/proteomic/snapshots/platelet_fulltext.html,atlas/releases/0.1.0/input_snapshot/research/proteomic/snapshots/platelet_fulltext.html,13728c96a93ea8a6762c20dae81bab2979cb84046a4f42b2432b735c02151359,archived_input_copy
ASSET_4af749dc94413e0b2c21,releases/0.1.0/input_snapshot/research/proteomic/snapshots/platelet_fulltext.txt,36265,transparent path/extension rule; documentary snapshots are not biological raw measurements,documentary_or_repository_source_snapshot,AFILE_c413c34ff8dbe7057b,txt,research/proteomic/snapshots/platelet_fulltext.txt,atlas/releases/0.1.0/input_snapshot/research/proteomic/snapshots/platelet_fulltext.txt,4af749dc94413e0b2c21192a7536b5a5774a50c1982cf37bd03fe5059caf865e,archived_input_copy
ASSET_bba7753a2baea26cb649,releases/0.1.0/input_snapshot/research/proteomic/snapshots/reap_fulltext.pdf,3127949,transparent path/extension rule; documentary snapshots are not biological raw measurements,documentary_or_repository_source_snapshot,AFILE_c5c439ea295eda61d4,pdf,research/proteomic/snapshots/reap_fulltext.pdf,atlas/releases/0.1.0/input_snapshot/research/proteomic/snapshots/reap_fulltext.pdf,bba7753a2baea26cb649e574e530791a040f1d37958b1e59f244d9331058356d,archived_input_copy
ASSET_b58f8b5df81724f54eb4,releases/0.1.0/input_snapshot/research/proteomic/snapshots/search1.json,35398,transparent path/extension rule; documentary snapshots are not biological raw measurements,documentary_or_repository_source_snapshot,AFILE_d808c95f194241b9e6,json,research/proteomic/snapshots/search1.json,atlas/releases/0.1.0/input_snapshot/research/proteomic/snapshots/search1.json,b58f8b5df81724f54eb4a18a5b95457af183ab593606b84002d21f6f2e2c2ed2,archived_input_copy
ASSET_c36ddae22b9a23b76294,releases/0.1.0/input_snapshot/research/proteomic/snapshots/search2.json,35069,transparent path/extension rule; documentary snapshots are not biological raw measurements,documentary_or_repository_source_snapshot,AFILE_df35c7c0dabf39820f,json,research/proteomic/snapshots/search2.json,atlas/releases/0.1.0/input_snapshot/research/proteomic/snapshots/search2.json,c36ddae22b9a23b7629464d463ff95f1dd78797965b8399f570a3fcfcbca53b3,archived_input_copy
ASSET_d260164e0a42a3745b81,releases/0.1.0/input_snapshot/research/proteomic/snapshots/search3.json,32815,transparent path/extension rule; documentary snapshots are not biological raw measurements,documentary_or_repository_source_snapshot,AFILE_9af400f72682ea2e74,json,research/proteomic/snapshots/search3.json,atlas/releases/0.1.0/input_snapshot/research/proteomic/snapshots/search3.json,d260164e0a42a3745b81ed951ec79917069e2e2456f01abcd06e079dd40a665b,archived_input_copy
ASSET_4500b7fd124cf851a6ae,releases/0.1.0/input_snapshot/research/proteomic/snapshots/search4.json,33270,transparent path/extension rule; documentary snapshots are not biological raw measurements,documentary_or_repository_source_snapshot,AFILE_c62d5fb9ecbab49d10,json,research/proteomic/snapshots/search4.json,atlas/releases/0.1.0/input_snapshot/research/proteomic/snapshots/search4.json,4500b7fd124cf851a6ae37d3c81b48b91ad2e5cf80ab5e0dde2e1e118230505d,archived_input_copy
ASSET_e75df81b921fa739d035,releases/0.1.0/input_snapshot/research/proteomic/snapshots/search5.json,35231,transparent path/extension rule; documentary snapshots are not biological raw measurements,documentary_or_repository_source_snapshot,AFILE_4d6c87dd3ac5c8d931,json,research/proteomic/snapshots/search5.json,atlas/releases/0.1.0/input_snapshot/research/proteomic/snapshots/search5.json,e75df81b921fa739d035d55b2eb5c6b63972b1fad1932fd7c18e05213f2fa2d4,archived_input_copy
ASSET_d2d45217330507e9ce64,releases/0.1.0/input_snapshot/research/proteomic/snapshots/search6.json,33815,transparent path/extension rule; documentary snapshots are not biological raw measurements,documentary_or_repository_source_snapshot,AFILE_5d5c58421cbfe58cf8,json,research/proteomic/snapshots/search6.json,atlas/releases/0.1.0/input_snapshot/research/proteomic/snapshots/search6.json,d2d45217330507e9ce6478d4746c0fc846095aba894ee68f4d80b72949008f39,archived_input_copy
ASSET_747e7940b91a392576b0,releases/0.1.0/input_snapshot/research/references/alias_plan.json,2087,transparent path/extension rule; documentary snapshots are not biological raw measurements,resource_metadata_snapshot,AFILE_e1e435a299cb466844,json,research/references/alias_plan.json,atlas/releases/0.1.0/input_snapshot/research/references/alias_plan.json,747e7940b91a392576b00169575940b00dd871d1aa96fc4bb35ae309dc440055,archived_input_copy
ASSET_41e37ff9d03076e1f11b,releases/0.1.0/input_snapshot/research/references/pubmed_A.json,5905,transparent path/extension rule; documentary snapshots are not biological raw measurements,resource_metadata_snapshot,AFILE_7bc2fdff901da2a577,json,research/references/pubmed_A.json,atlas/releases/0.1.0/input_snapshot/research/references/pubmed_A.json,41e37ff9d03076e1f11bd00625ed9e98b4bf83d246600027f312ac37038c5cc4,archived_input_copy
ASSET_fafe820a26fdfbf8cee7,releases/0.1.0/input_snapshot/research/references/pubmed_A.request.json,453,transparent path/extension rule; documentary snapshots are not biological raw measurements,resource_metadata_snapshot,AFILE_1f9ea4094d43a3104e,json,research/references/pubmed_A.request.json,atlas/releases/0.1.0/input_snapshot/research/references/pubmed_A.request.json,fafe820a26fdfbf8cee759c4742248942476c2dcfc62753eb24b5d262ac77fb1,archived_input_copy
ASSET_4527e7fd61593b8edbc2,releases/0.1.0/input_snapshot/research/references/pubmed_A.response.json,418,transparent path/extension rule; documentary snapshots are not biological raw measurements,resource_metadata_snapshot,AFILE_d7fba78e1c854cc333,json,research/references/pubmed_A.response.json,atlas/releases/0.1.0/input_snapshot/research/references/pubmed_A.response.json,4527e7fd61593b8edbc21feb196af911e54ae3b0699e6cf10a36df53c82a5c75,archived_input_copy
ASSET_0ff698447090cbb54812,releases/0.1.0/input_snapshot/research/references/pubmed_B.json,3071,transparent path/extension rule; documentary snapshots are not biological raw measurements,resource_metadata_snapshot,AFILE_2457dcb4c054c39a37,json,research/references/pubmed_B.json,atlas/releases/0.1.0/input_snapshot/research/references/pubmed_B.json,0ff698447090cbb548129c5d9a6a0711f2bab4f82487d151987b5520e32586fa,archived_input_copy
ASSET_031a2b3db027ceae20a3,releases/0.1.0/input_snapshot/research/references/pubmed_B.request.json,458,transparent path/extension rule; documentary snapshots are not biological raw measurements,resource_metadata_snapshot,AFILE_3c4f9423e3d196de0b,json,research/references/pubmed_B.request.json,atlas/releases/0.1.0/input_snapshot/research/references/pubmed_B.request.json,031a2b3db027ceae20a3e30a74fec4f7316cebffb4384ac040825927b5ed68d3,archived_input_copy
ASSET_1e374117069b8b13f12a,releases/0.1.0/input_snapshot/research/references/pubmed_B.response.json,418,transparent path/extension rule; documentary snapshots are not biological raw measurements,resource_metadata_snapshot,AFILE_723d6578e26c57ab38,json,research/references/pubmed_B.response.json,atlas/releases/0.1.0/input_snapshot/research/references/pubmed_B.response.json,1e374117069b8b13f12a7c2cbb30f3e32b0db0ed92242b06a35ac2c90ae3978b,archived_input_copy
ASSET_96d1b0810aba31ce6826,releases/0.1.0/input_snapshot/research/references/pubmed_C.json,3831,transparent path/extension rule; documentary snapshots are not biological raw measurements,resource_metadata_snapshot,AFILE_a3378f6f9cd2bfe979,json,research/references/pubmed_C.json,atlas/releases/0.1.0/input_snapshot/research/references/pubmed_C.json,96d1b0810aba31ce6826c1ae206605ac304f52ea4ede08bd045b36392c520948,archived_input_copy
ASSET_ad95b28cf3503842dc5d,releases/0.1.0/input_snapshot/research/references/pubmed_C.request.json,443,transparent path/extension rule; documentary snapshots are not biological raw measurements,resource_metadata_snapshot,AFILE_58eb969fb9745dfe4a,json,research/references/pubmed_C.request.json,atlas/releases/0.1.0/input_snapshot/research/references/pubmed_C.request.json,ad95b28cf3503842dc5d017bf1c755867475a9b436b6c64d56db896d875f88dd,archived_input_copy
ASSET_568a6ee90016e161f719,releases/0.1.0/input_snapshot/research/references/pubmed_C.response.json,418,transparent path/extension rule; documentary snapshots are not biological raw measurements,resource_metadata_snapshot,AFILE_818888ed579dbffa8d,json,research/references/pubmed_C.response.json,atlas/releases/0.1.0/input_snapshot/research/references/pubmed_C.response.json,568a6ee90016e161f719638f1760c3d4adc008936bb565fd76038b767cfc2b94,archived_input_copy
ASSET_39d227a53722a16d0111,releases/0.1.0/input_snapshot/research/references/pubmed_D.json,3918,transparent path/extension rule; documentary snapshots are not biological raw measurements,resource_metadata_snapshot,AFILE_1da4718fc37a518097,json,research/references/pubmed_D.json,atlas/releases/0.1.0/input_snapshot/research/references/pubmed_D.json,39d227a53722a16d011156b139a327f65452526c211be6184a6895204f4a3085,archived_input_copy
ASSET_5880df97938eec4c6ae9,releases/0.1.0/input_snapshot/research/references/pubmed_D.request.json,451,transparent path/extension rule; documentary snapshots are not biological raw measurements,resource_metadata_snapshot,AFILE_d4411665fcd7fb1c2f,json,research/references/pubmed_D.request.json,atlas/releases/0.1.0/input_snapshot/research/references/pubmed_D.request.json,5880df97938eec4c6ae94c9fbf53423b9f58493267644a22ca81ea745698aa0a,archived_input_copy
ASSET_063311ebfdb56a93d38c,releases/0.1.0/input_snapshot/research/references/pubmed_D.response.json,418,transparent path/extension rule; documentary snapshots are not biological raw measurements,resource_metadata_snapshot,AFILE_4a6c683317d67176c2,json,research/references/pubmed_D.response.json,atlas/releases/0.1.0/input_snapshot/research/references/pubmed_D.response.json,063311ebfdb56a93d38c84c82fd10e5e33c871358858464f06266396927bc69e,archived_input_copy
ASSET_24e17b583d4e6655f47e,releases/0.1.0/input_snapshot/research/references/pubmed_entity_CCL11.json,3159,transparent path/extension rule; documentary snapshots are not biological raw measurements,resource_metadata_snapshot,AFILE_b81cdd916b98e90043,json,research/references/pubmed_entity_CCL11.json,atlas/releases/0.1.0/input_snapshot/research/references/pubmed_entity_CCL11.json,24e17b583d4e6655f47eac0f16dbeb790198a6df52467a5fb5c9b8821fb30b0e,archived_input_copy
ASSET_361372c416e29737d395,releases/0.1.0/input_snapshot/research/references/pubmed_entity_CCL11.request.json,461,transparent path/extension rule; documentary snapshots are not biological raw measurements,resource_metadata_snapshot,AFILE_03573055099c9d2bef,json,research/references/pubmed_entity_CCL11.request.json,atlas/releases/0.1.0/input_snapshot/research/references/pubmed_entity_CCL11.request.json,361372c416e29737d395e46ec7cc2949f9bea649f6663acb2378b5a0502a816c,archived_input_copy
ASSET_2e3e51a18ac38e16743f,releases/0.1.0/input_snapshot/research/references/pubmed_entity_CCL11.response.json,429,transparent path/extension rule; documentary snapshots are not biological raw measurements,resource_metadata_snapshot,AFILE_daacfe8c87ce240b13,json,research/references/pubmed_entity_CCL11.response.json,atlas/releases/0.1.0/input_snapshot/research/references/pubmed_entity_CCL11.response.json,2e3e51a18ac38e16743ff7a8f2c256b79f9cea6a30a53996f1d0f5bf8183ac28,archived_input_copy
ASSET_215499a646124280db1e,releases/0.1.0/input_snapshot/research/references/pubmed_entity_CCL13.json,3159,transparent path/extension rule; documentary snapshots are not biological raw measurements,resource_metadata_snapshot,AFILE_5b8eb89c8b589feaf7,json,research/references/pubmed_entity_CCL13.json,atlas/releases/0.1.0/input_snapshot/research/references/pubmed_entity_CCL13.json,215499a646124280db1e15873579f71e31af3ce6253d9600c36da1fca28612b4,archived_input_copy
ASSET_5a181bf5254b7b92a488,releases/0.1.0/input_snapshot/research/references/pubmed_entity_CCL13.request.json,461,transparent path/extension rule; documentary snapshots are not biological raw measurements,resource_metadata_snapshot,AFILE_82734ba02865468550,json,research/references/pubmed_entity_CCL13.request.json,atlas/releases/0.1.0/input_snapshot/research/references/pubmed_entity_CCL13.request.json,5a181bf5254b7b92a488cfb9c1a5077bc05b9f76ef0d7b6f2a4a3dd1c404c76f,archived_input_copy
ASSET_f93ff17a5492e6c1e18c,releases/0.1.0/input_snapshot/research/references/pubmed_entity_CCL13.response.json,429,transparent path/extension rule; documentary snapshots are not biological raw measurements,resource_metadata_snapshot,AFILE_d26ed379118d0342f7,json,research/references/pubmed_entity_CCL13.response.json,atlas/releases/0.1.0/input_snapshot/research/references/pubmed_entity_CCL13.response.json,f93ff17a5492e6c1e18c02969251d1553a3ab56093c7b70ffedce832e5f3588f,archived_input_copy
ASSET_140443c913f2a4815107,releases/0.1.0/input_snapshot/research/references/pubmed_entity_CCL17.json,3159,transparent path/extension rule; documentary snapshots are not biological raw measurements,resource_metadata_snapshot,AFILE_51cb93c69cb6e12b48,json,research/references/pubmed_entity_CCL17.json,atlas/releases/0.1.0/input_snapshot/research/references/pubmed_entity_CCL17.json,140443c913f2a4815107587f9b0363849bcabb4f1bbf3bd809e1517fa665032a,archived_input_copy
ASSET_17f3183d7edf5876f9c8,releases/0.1.0/input_snapshot/research/references/pubmed_entity_CCL17.request.json,461,transparent path/extension rule; documentary snapshots are not biological raw measurements,resource_metadata_snapshot,AFILE_09cf783378ca7e2e2e,json,research/references/pubmed_entity_CCL17.request.json,atlas/releases/0.1.0/input_snapshot/research/references/pubmed_entity_CCL17.request.json,17f3183d7edf5876f9c8cd5fd5d1d1d739b06495348cb1b6bba2c2055578f99d,archived_input_copy
ASSET_68bd9e36d7100670642f,releases/0.1.0/input_snapshot/research/references/pubmed_entity_CCL17.response.json,429,transparent path/extension rule; documentary snapshots are not biological raw measurements,resource_metadata_snapshot,AFILE_a96c0afaa4dcbc4730,json,research/references/pubmed_entity_CCL17.response.json,atlas/releases/0.1.0/input_snapshot/research/references/pubmed_entity_CCL17.response.json,68bd9e36d7100670642f5d1ed681acb577b36ba3dcd06c5415d5d87f63a55dec,archived_input_copy
ASSET_ff4687359394dbb5dfe8,releases/0.1.0/input_snapshot/research/references/pubmed_entity_CCL2.json,3159,transparent path/extension rule; documentary snapshots are not biological raw measurements,resource_metadata_snapshot,AFILE_81fa27912f8c54f70f,json,research/references/pubmed_entity_CCL2.json,atlas/releases/0.1.0/input_snapshot/research/references/pubmed_entity_CCL2.json,ff4687359394dbb5dfe89162894c052bf3ac6f761f64bd82ae4f8101f3a46be1,archived_input_copy
ASSET_1b21ba0959b7975b9983,releases/0.1.0/input_snapshot/research/references/pubmed_entity_CCL2.request.json,459,transparent path/extension rule; documentary snapshots are not biological raw measurements,resource_metadata_snapshot,AFILE_4e23127dd3f80652f9,json,research/references/pubmed_entity_CCL2.request.json,atlas/releases/0.1.0/input_snapshot/research/references/pubmed_entity_CCL2.request.json,1b21ba0959b7975b9983a74708dac38e613847b04a012fa5d67baa6920781700,archived_input_copy
ASSET_9c11e2c149c88996422b,releases/0.1.0/input_snapshot/research/references/pubmed_entity_CCL2.response.json,428,transparent path/extension rule; documentary snapshots are not biological raw measurements,resource_metadata_snapshot,AFILE_4f3c9da511d3e1073b,json,research/references/pubmed_entity_CCL2.response.json,atlas/releases/0.1.0/input_snapshot/research/references/pubmed_entity_CCL2.response.json,9c11e2c149c88996422b48c502b3bac61c0619e5d7c7b277a3168d4e0946a8c9,archived_input_copy
ASSET_75d9d6700180a7b57bce,releases/0.1.0/input_snapshot/research/references/pubmed_entity_CCL22.json,3159,transparent path/extension rule; documentary snapshots are not biological raw measurements,resource_metadata_snapshot,AFILE_a79a258da6dcc2d67b,json,research/references/pubmed_entity_CCL22.json,atlas/releases/0.1.0/input_snapshot/research/references/pubmed_entity_CCL22.json,75d9d6700180a7b57bce0dd5b13fc4d7bfc067dff06454446cdde4056139dd90,archived_input_copy
ASSET_08a1a9589b8395ea07c5,releases/0.1.0/input_snapshot/research/references/pubmed_entity_CCL22.request.json,461,transparent path/extension rule; documentary snapshots are not biological raw measurements,resource_metadata_snapshot,AFILE_6ee3d921ef7bcab5d8,json,research/references/pubmed_entity_CCL22.request.json,atlas/releases/0.1.0/input_snapshot/research/references/pubmed_entity_CCL22.request.json,08a1a9589b8395ea07c53cb1b2700b8e4bdefffb240223aaa70616657f326d33,archived_input_copy
ASSET_2cb10e1f0b4b4e7f0fca,releases/0.1.0/input_snapshot/research/references/pubmed_entity_CCL22.response.json,429,transparent path/extension rule; documentary snapshots are not biological raw measurements,resource_metadata_snapshot,AFILE_3e67525566653d4ff4,json,research/references/pubmed_entity_CCL22.response.json,atlas/releases/0.1.0/input_snapshot/research/references/pubmed_entity_CCL22.response.json,2cb10e1f0b4b4e7f0fca4552f5539ef8046958c3f733197dfc188cb66f155ef3,archived_input_copy
ASSET_eb70a6b50b5028bf1bf3,releases/0.1.0/input_snapshot/research/references/pubmed_entity_CCL26.json,3159,transparent path/extension rule; documentary snapshots are not biological raw measurements,resource_metadata_snapshot,AFILE_9de7f3d3b9f40ec399,json,research/references/pubmed_entity_CCL26.json,atlas/releases/0.1.0/input_snapshot/research/references/pubmed_entity_CCL26.json,eb70a6b50b5028bf1bf3f204f8b82712f1584e1f164cb7251a9c33befef04720,archived_input_copy
ASSET_14120474689a8885f064,releases/0.1.0/input_snapshot/research/references/pubmed_entity_CCL26.request.json,461,transparent path/extension rule; documentary snapshots are not biological raw measurements,resource_metadata_snapshot,AFILE_aef72ae5f73cb63f50,json,research/references/pubmed_entity_CCL26.request.json,atlas/releases/0.1.0/input_snapshot/research/references/pubmed_entity_CCL26.request.json,14120474689a8885f064c362130c37678c15d2d5b450021971f564330f0585b3,archived_input_copy
ASSET_734a2939c74bc2b99447,releases/0.1.0/input_snapshot/research/references/pubmed_entity_CCL26.response.json,429,transparent path/extension rule; documentary snapshots are not biological raw measurements,resource_metadata_snapshot,AFILE_8e48c9bce93af2714f,json,research/references/pubmed_entity_CCL26.response.json,atlas/releases/0.1.0/input_snapshot/research/references/pubmed_entity_CCL26.response.json,734a2939c74bc2b9944730c6a5997e4cb7fd6da5e64f1f5f4c89aa3f44e4f167,archived_input_copy
ASSET_bb5926d08d04a41ca17b,releases/0.1.0/input_snapshot/research/references/pubmed_entity_CCL3.json,3159,transparent path/extension rule; documentary snapshots are not biological raw measurements,resource_metadata_snapshot,AFILE_441d1303870bc345b2,json,research/references/pubmed_entity_CCL3.json,atlas/releases/0.1.0/input_snapshot/research/references/pubmed_entity_CCL3.json,bb5926d08d04a41ca17be23fccee4c43814f8974fc2c6f47a34e86de4b5fa6c5,archived_input_copy
ASSET_6e638a0e09cf073f631f,releases/0.1.0/input_snapshot/research/references/pubmed_entity_CCL3.request.json,459,transparent path/extension rule; documentary snapshots are not biological raw measurements,resource_metadata_snapshot,AFILE_cc5d112b02b961e749,json,research/references/pubmed_entity_CCL3.request.json,atlas/releases/0.1.0/input_snapshot/research/references/pubmed_entity_CCL3.request.json,6e638a0e09cf073f631f4da88a80706749ff929849c302e24bd09ea0daa18cf7,archived_input_copy
ASSET_732426a9f0549c5cb485,releases/0.1.0/input_snapshot/research/references/pubmed_entity_CCL3.response.json,428,transparent path/extension rule; documentary snapshots are not biological raw measurements,resource_metadata_snapshot,AFILE_ba9fe877c525a11ee3,json,research/references/pubmed_entity_CCL3.response.json,atlas/releases/0.1.0/input_snapshot/research/references/pubmed_entity_CCL3.response.json,732426a9f0549c5cb4855ee94fb22cf3e040e38c1ceaa0bead96bfac5f6bd1f6,archived_input_copy
ASSET_187d964bded13b76955a,releases/0.1.0/input_snapshot/research/references/pubmed_entity_CCL4.json,3159,transparent path/extension rule; documentary snapshots are not biological raw measurements,resource_metadata_snapshot,AFILE_d02f02107971bc1a20,json,research/references/pubmed_entity_CCL4.json,atlas/releases/0.1.0/input_snapshot/research/references/pubmed_entity_CCL4.json,187d964bded13b76955acceb6482e477539949eee2bb9db3fa670d675b2e3469,archived_input_copy
ASSET_0b8585ff6d0295ceee5a,releases/0.1.0/input_snapshot/research/references/pubmed_entity_CCL4.request.json,459,transparent path/extension rule; documentary snapshots are not biological raw measurements,resource_metadata_snapshot,AFILE_29489294a3b980bf14,json,research/references/pubmed_entity_CCL4.request.json,atlas/releases/0.1.0/input_snapshot/research/references/pubmed_entity_CCL4.request.json,0b8585ff6d0295ceee5aef0f0ee34a6dfbe4ba9ee445847e4dfe2e189ea85915,archived_input_copy
ASSET_0cab6b24d74c242ed9b1,releases/0.1.0/input_snapshot/research/references/pubmed_entity_CCL4.response.json,428,transparent path/extension rule; documentary snapshots are not biological raw measurements,resource_metadata_snapshot,AFILE_7d8b5819bf21f01103,json,research/references/pubmed_entity_CCL4.response.json,atlas/releases/0.1.0/input_snapshot/research/references/pubmed_entity_CCL4.response.json,0cab6b24d74c242ed9b10249cc5b5e1352598bf478bf0d4a77f5a61e32c25458,archived_input_copy
ASSET_8b05b85ecdf4de960581,releases/0.1.0/input_snapshot/research/references/pubmed_entity_CSF2.json,3158,transparent path/extension rule; documentary snapshots are not biological raw measurements,resource_metadata_snapshot,AFILE_9dcee9e35896a3c968,json,research/references/pubmed_entity_CSF2.json,atlas/releases/0.1.0/input_snapshot/research/references/pubmed_entity_CSF2.json,8b05b85ecdf4de9605810f5d2b4aebbea6f45ac32614d1165cd49287e69b98db,archived_input_copy
ASSET_bd134c49d906875ec6a3,releases/0.1.0/input_snapshot/research/references/pubmed_entity_CSF2.request.json,459,transparent path/extension rule; documentary snapshots are not biological raw measurements,resource_metadata_snapshot,AFILE_81c9739d8b53f5c9ad,json,research/references/pubmed_entity_CSF2.request.json,atlas/releases/0.1.0/input_snapshot/research/references/pubmed_entity_CSF2.request.json,bd134c49d906875ec6a388fb959fcecaa08e6e787f1730d73237912501b0022d,archived_input_copy
ASSET_884c211cd551396b0c5e,releases/0.1.0/input_snapshot/research/references/pubmed_entity_CSF2.response.json,428,transparent path/extension rule; documentary snapshots are not biological raw measurements,resource_metadata_snapshot,AFILE_4ab6f39ce606e02bef,json,research/references/pubmed_entity_CSF2.response.json,atlas/releases/0.1.0/input_snapshot/research/references/pubmed_entity_CSF2.response.json,884c211cd551396b0c5ea39fdbba721bac6f162fe0f9bf745ddd263b8bace4b8,archived_input_copy
ASSET_26bedebaa5a811f98eb4,releases/0.1.0/input_snapshot/research/references/pubmed_entity_CXCL10.json,3161,transparent path/extension rule; documentary snapshots are not biological raw measurements,resource_metadata_snapshot,AFILE_15bedd005d45e5cda2,json,research/references/pubmed_entity_CXCL10.json,atlas/releases/0.1.0/input_snapshot/research/references/pubmed_entity_CXCL10.json,26bedebaa5a811f98eb4f9ccc4ce2d20e183d796a8046f27af603b2232b5afa2,archived_input_copy
ASSET_3081eb8522d2a373e254,releases/0.1.0/input_snapshot/research/references/pubmed_entity_CXCL10.request.json,463,transparent path/extension rule; documentary snapshots are not biological raw measurements,resource_metadata_snapshot,AFILE_458358476edbb9041a,json,research/references/pubmed_entity_CXCL10.request.json,atlas/releases/0.1.0/input_snapshot/research/references/pubmed_entity_CXCL10.request.json,3081eb8522d2a373e2549b3b6f39f26b2b436cda4bc8be8e5647ef75b8b6c29e,archived_input_copy
ASSET_30aa69254c52cc38e0d3,releases/0.1.0/input_snapshot/research/references/pubmed_entity_CXCL10.response.json,430,transparent path/extension rule; documentary snapshots are not biological raw measurements,resource_metadata_snapshot,AFILE_1eb0181e965f42944e,json,research/references/pubmed_entity_CXCL10.response.json,atlas/releases/0.1.0/input_snapshot/research/references/pubmed_entity_CXCL10.response.json,30aa69254c52cc38e0d3c658ca148fd215e5e9a2d769a8e22f0117382f90efd4,archived_input_copy
ASSET_7bfc9c46a8435f2a0606,releases/0.1.0/input_snapshot/research/references/pubmed_entity_CXCL8.json,3160,transparent path/extension rule; documentary snapshots are not biological raw measurements,resource_metadata_snapshot,AFILE_ad4971254a2294bf65,json,research/references/pubmed_entity_CXCL8.json,atlas/releases/0.1.0/input_snapshot/research/references/pubmed_entity_CXCL8.json,7bfc9c46a8435f2a06064a0258fc9803e0f31a03dd9e254a02cb15c5c8fe0b59,archived_input_copy
ASSET_8ad15e8615a099bacba6,releases/0.1.0/input_snapshot/research/references/pubmed_entity_CXCL8.request.json,461,transparent path/extension rule; documentary snapshots are not biological raw measurements,resource_metadata_snapshot,AFILE_03c4728c5624bda8a5,json,research/references/pubmed_entity_CXCL8.request.json,atlas/releases/0.1.0/input_snapshot/research/references/pubmed_entity_CXCL8.request.json,8ad15e8615a099bacba68a8f87ec50da79582cc24283131c45dc7fc36f89a211,archived_input_copy
ASSET_786de2f45ff09b3cc8ea,releases/0.1.0/input_snapshot/research/references/pubmed_entity_CXCL8.response.json,429,transparent path/extension rule; documentary snapshots are not biological raw measurements,resource_metadata_snapshot,AFILE_9a33028b04917a0ec5,json,research/references/pubmed_entity_CXCL8.response.json,atlas/releases/0.1.0/input_snapshot/research/references/pubmed_entity_CXCL8.response.json,786de2f45ff09b3cc8ea6d7bf2d24412095b837c5851b7400d7cff81576b1fc6,archived_input_copy
ASSET_0fc3f99eaa63c85a6380,releases/0.1.0/input_snapshot/research/references/pubmed_entity_IFNG.json,3159,transparent path/extension rule; documentary snapshots are not biological raw measurements,resource_metadata_snapshot,AFILE_b159b5acf6a5e2472c,json,research/references/pubmed_entity_IFNG.json,atlas/releases/0.1.0/input_snapshot/research/references/pubmed_entity_IFNG.json,0fc3f99eaa63c85a6380fc1b42ba609e2e14af5cb68748f77afb25ebba077e21,archived_input_copy
ASSET_a7c49c11f5b175b1ef9f,releases/0.1.0/input_snapshot/research/references/pubmed_entity_IFNG.request.json,459,transparent path/extension rule; documentary snapshots are not biological raw measurements,resource_metadata_snapshot,AFILE_dfcc6bfdc7200df88e,json,research/references/pubmed_entity_IFNG.request.json,atlas/releases/0.1.0/input_snapshot/research/references/pubmed_entity_IFNG.request.json,a7c49c11f5b175b1ef9f75f0581cbc4daadf3d54c515e647a0d163989c5fbeb3,archived_input_copy
ASSET_6c5027694e783db980df,releases/0.1.0/input_snapshot/research/references/pubmed_entity_IFNG.response.json,428,transparent path/extension rule; documentary snapshots are not biological raw measurements,resource_metadata_snapshot,AFILE_27c3607ac138b65843,json,research/references/pubmed_entity_IFNG.response.json,atlas/releases/0.1.0/input_snapshot/research/references/pubmed_entity_IFNG.response.json,6c5027694e783db980df0a25a11e57c3dbe9324c50e557f52b5b3e63ce7158ec,archived_input_copy
ASSET_cd2083b32799520db951,releases/0.1.0/input_snapshot/research/references/pubmed_entity_IL10.json,3160,transparent path/extension rule; documentary snapshots are not biological raw measurements,resource_metadata_snapshot,AFILE_6eab84e2e2d5ed817c,json,research/references/pubmed_entity_IL10.json,atlas/releases/0.1.0/input_snapshot/research/references/pubmed_entity_IL10.json,cd2083b32799520db9512d73a67037469b6f7edd25c57d3e71c4ce17f174ef03,archived_input_copy
ASSET_deb57f2cfe84002047fc,releases/0.1.0/input_snapshot/research/references/pubmed_entity_IL10.request.json,459,transparent path/extension rule; documentary snapshots are not biological raw measurements,resource_metadata_snapshot,AFILE_7ac095b4e9ce9bfde7,json,research/references/pubmed_entity_IL10.request.json,atlas/releases/0.1.0/input_snapshot/research/references/pubmed_entity_IL10.request.json,deb57f2cfe84002047fc4b307d4603ba9010c2f41be91cd2948e4507584d30d0,archived_input_copy
ASSET_a5fde7ccbeed5a41c67e,releases/0.1.0/input_snapshot/research/references/pubmed_entity_IL10.response.json,428,transparent path/extension rule; documentary snapshots are not biological raw measurements,resource_metadata_snapshot,AFILE_d8d3f327de488bd50c,json,research/references/pubmed_entity_IL10.response.json,atlas/releases/0.1.0/input_snapshot/research/references/pubmed_entity_IL10.response.json,a5fde7ccbeed5a41c67e399f7794f353b958fda516daba97de81a527aad31e30,archived_input_copy
ASSET_6d83a023edd54ee9e31d,releases/0.1.0/input_snapshot/research/references/pubmed_entity_IL12A.json,3159,transparent path/extension rule; documentary snapshots are not biological raw measurements,resource_metadata_snapshot,AFILE_40bd4d3d6742e72879,json,research/references/pubmed_entity_IL12A.json,atlas/releases/0.1.0/input_snapshot/research/references/pubmed_entity_IL12A.json,6d83a023edd54ee9e31d21af27cc08132b0041a49c2953d93e3bada819808cbe,archived_input_copy
ASSET_0a23e9c86cfd35bddf22,releases/0.1.0/input_snapshot/research/references/pubmed_entity_IL12A.request.json,461,transparent path/extension rule; documentary snapshots are not biological raw measurements,resource_metadata_snapshot,AFILE_905a6719f107b51dae,json,research/references/pubmed_entity_IL12A.request.json,atlas/releases/0.1.0/input_snapshot/research/references/pubmed_entity_IL12A.request.json,0a23e9c86cfd35bddf220b26fa0ff3522d011a65cfdd775a1813833294a67fe7,archived_input_copy
ASSET_70cfcff9063ab32ebabc,releases/0.1.0/input_snapshot/research/references/pubmed_entity_IL12A.response.json,429,transparent path/extension rule; documentary snapshots are not biological raw measurements,resource_metadata_snapshot,AFILE_0dd02ab270e41378b1,json,research/references/pubmed_entity_IL12A.response.json,atlas/releases/0.1.0/input_snapshot/research/references/pubmed_entity_IL12A.response.json,70cfcff9063ab32ebabc8bbf5819f7a7effc9e60cd768d54ba5e7a1cdba577c9,archived_input_copy
ASSET_0a53a1872efc6f884b91,releases/0.1.0/input_snapshot/research/references/pubmed_entity_IL12B.json,3159,transparent path/extension rule; documentary snapshots are not biological raw measurements,resource_metadata_snapshot,AFILE_02a14c7129bc3d93cc,json,research/references/pubmed_entity_IL12B.json,atlas/releases/0.1.0/input_snapshot/research/references/pubmed_entity_IL12B.json,0a53a1872efc6f884b91f125743057c7ea60e7073f0907c1f0902d10d3a7616e,archived_input_copy
ASSET_600bf7563f63cfaefcaf,releases/0.1.0/input_snapshot/research/references/pubmed_entity_IL12B.request.json,461,transparent path/extension rule; documentary snapshots are not biological raw measurements,resource_metadata_snapshot,AFILE_453e1113814b5e733e,json,research/references/pubmed_entity_IL12B.request.json,atlas/releases/0.1.0/input_snapshot/research/references/pubmed_entity_IL12B.request.json,600bf7563f63cfaefcaf475b8e0991f07a126cfb2f906393eaee8315ea84d871,archived_input_copy
ASSET_3bf42438e3bc9b1a5f04,releases/0.1.0/input_snapshot/research/references/pubmed_entity_IL12B.response.json,429,transparent path/extension rule; documentary snapshots are not biological raw measurements,resource_metadata_snapshot,AFILE_657a3a61cecde1a637,json,research/references/pubmed_entity_IL12B.response.json,atlas/releases/0.1.0/input_snapshot/research/references/pubmed_entity_IL12B.response.json,3bf42438e3bc9b1a5f04e565767eea986f7af82babf7208852de241cadd6953e,archived_input_copy
ASSET_30ddb4085c7ee30d0f94,releases/0.1.0/input_snapshot/research/references/pubmed_entity_IL13.json,3159,transparent path/extension rule; documentary snapshots are not biological raw measurements,resource_metadata_snapshot,AFILE_3e95bab7cba67e0ef7,json,research/references/pubmed_entity_IL13.json,atlas/releases/0.1.0/input_snapshot/research/references/pubmed_entity_IL13.json,30ddb4085c7ee30d0f940cf7577e92d6c16485ad352647d7cab065fbb5e9dfc7,archived_input_copy
ASSET_180e57bedffffb284cf7,releases/0.1.0/input_snapshot/research/references/pubmed_entity_IL13.request.json,459,transparent path/extension rule; documentary snapshots are not biological raw measurements,resource_metadata_snapshot,AFILE_f44f041c1f30dbb74b,json,research/references/pubmed_entity_IL13.request.json,atlas/releases/0.1.0/input_snapshot/research/references/pubmed_entity_IL13.request.json,180e57bedffffb284cf798371fe56f14a8faa75b8284cc91c8beb3f74cfb6501,archived_input_copy
ASSET_3d660da31a5fd38af5d9,releases/0.1.0/input_snapshot/research/references/pubmed_entity_IL13.response.json,428,transparent path/extension rule; documentary snapshots are not biological raw measurements,resource_metadata_snapshot,AFILE_7e1995e7966b15dbde,json,research/references/pubmed_entity_IL13.response.json,atlas/releases/0.1.0/input_snapshot/research/references/pubmed_entity_IL13.response.json,3d660da31a5fd38af5d94ddd6a44d18cda64caf992868684e455b86520b5f7f0,archived_input_copy
ASSET_a53eb40084125f82f235,releases/0.1.0/input_snapshot/research/references/pubmed_entity_IL15.json,3159,transparent path/extension rule; documentary snapshots are not biological raw measurements,resource_metadata_snapshot,AFILE_24f7c95c1b874af9c8,json,research/references/pubmed_entity_IL15.json,atlas/releases/0.1.0/input_snapshot/research/references/pubmed_entity_IL15.json,a53eb40084125f82f2356add74c8ef0675f4d7a34b18ff968e91ea9fcc5d07f8,archived_input_copy
ASSET_7f66779ed1099c6cadea,releases/0.1.0/input_snapshot/research/references/pubmed_entity_IL15.request.json,459,transparent path/extension rule; documentary snapshots are not biological raw measurements,resource_metadata_snapshot,AFILE_46017fcdf4c9a4f932,json,research/references/pubmed_entity_IL15.request.json,atlas/releases/0.1.0/input_snapshot/research/references/pubmed_entity_IL15.request.json,7f66779ed1099c6cadead3c8e629813455384452e5fcbfcf277e2a5a4fdebef8,archived_input_copy
ASSET_8cbd85dad510fc02492a,releases/0.1.0/input_snapshot/research/references/pubmed_entity_IL15.response.json,428,transparent path/extension rule; documentary snapshots are not biological raw measurements,resource_metadata_snapshot,AFILE_971936937c37bfeddf,json,research/references/pubmed_entity_IL15.response.json,atlas/releases/0.1.0/input_snapshot/research/references/pubmed_entity_IL15.response.json,8cbd85dad510fc02492a82b6592ab5a3b66f259ff46ebed08c1006cdc5876935,archived_input_copy
ASSET_41799610c7a38f190eab,releases/0.1.0/input_snapshot/research/references/pubmed_entity_IL16.json,3157,transparent path/extension rule; documentary snapshots are not biological raw measurements,resource_metadata_snapshot,AFILE_e640d8788a321f3e15,json,research/references/pubmed_entity_IL16.json,atlas/releases/0.1.0/input_snapshot/research/references/pubmed_entity_IL16.json,41799610c7a38f190eabf950a4cd8e04a6740c477fa3dbe4fd84511477a9fa50,archived_input_copy
ASSET_29ce63250295d5087424,releases/0.1.0/input_snapshot/research/references/pubmed_entity_IL16.request.json,459,transparent path/extension rule; documentary snapshots are not biological raw measurements,resource_metadata_snapshot,AFILE_ef8bea6c52fc488244,json,research/references/pubmed_entity_IL16.request.json,atlas/releases/0.1.0/input_snapshot/research/references/pubmed_entity_IL16.request.json,29ce63250295d5087424c737e2b50ce8f1807482bc8aff9bffd62572826fac96,archived_input_copy
ASSET_b81ea3f49e8b2f2c4701,releases/0.1.0/input_snapshot/research/references/pubmed_entity_IL16.response.json,427,transparent path/extension rule; documentary snapshots are not biological raw measurements,resource_metadata_snapshot,AFILE_3e448ae6d0864bdf85,json,research/references/pubmed_entity_IL16.response.json,atlas/releases/0.1.0/input_snapshot/research/references/pubmed_entity_IL16.response.json,b81ea3f49e8b2f2c4701218e73080f0ffcbb686d543451e7520d95c891746083,archived_input_copy
ASSET_60d3bf4bbf487f15b2c9,releases/0.1.0/input_snapshot/research/references/pubmed_entity_IL17A.json,3160,transparent path/extension rule; documentary snapshots are not biological raw measurements,resource_metadata_snapshot,AFILE_96cb2b8322ee31827e,json,research/references/pubmed_entity_IL17A.json,atlas/releases/0.1.0/input_snapshot/research/references/pubmed_entity_IL17A.json,60d3bf4bbf487f15b2c9e717ecae1054e0d46bb75d6af9f0c036a57551693006,archived_input_copy
ASSET_a5939fd4359e576135fb,releases/0.1.0/input_snapshot/research/references/pubmed_entity_IL17A.request.json,461,transparent path/extension rule; documentary snapshots are not biological raw measurements,resource_metadata_snapshot,AFILE_f1c59efc7ee0ddafdc,json,research/references/pubmed_entity_IL17A.request.json,atlas/releases/0.1.0/input_snapshot/research/references/pubmed_entity_IL17A.request.json,a5939fd4359e576135fb31f636d081d84afdadda497b76a2925b3a09d7017c2f,archived_input_copy
ASSET_c7dd1478c81b179347a4,releases/0.1.0/input_snapshot/research/references/pubmed_entity_IL17A.response.json,429,transparent path/extension rule; documentary snapshots are not biological raw measurements,resource_metadata_snapshot,AFILE_f7cc13340a769bf090,json,research/references/pubmed_entity_IL17A.response.json,atlas/releases/0.1.0/input_snapshot/research/references/pubmed_entity_IL17A.response.json,c7dd1478c81b179347a478c56ff495d669eb0b286b14349f5c8099055b516d1c,archived_input_copy
ASSET_473f8bc0d92379b0d291,releases/0.1.0/input_snapshot/research/references/pubmed_entity_IL1A.json,3158,transparent path/extension rule; documentary snapshots are not biological raw measurements,resource_metadata_snapshot,AFILE_5acbe93e18f94f9c65,json,research/references/pubmed_entity_IL1A.json,atlas/releases/0.1.0/input_snapshot/research/references/pubmed_entity_IL1A.json,473f8bc0d92379b0d291637002a68e6caeb84e2915740b4929c3284cd7b0ab8d,archived_input_copy
ASSET_92250c2274f3adc99f33,releases/0.1.0/input_snapshot/research/references/pubmed_entity_IL1A.request.json,459,transparent path/extension rule; documentary snapshots are not biological raw measurements,resource_metadata_snapshot,AFILE_2ef4cb42328122a484,json,research/references/pubmed_entity_IL1A.request.json,atlas/releases/0.1.0/input_snapshot/research/references/pubmed_entity_IL1A.request.json,92250c2274f3adc99f33c9d17590e582c7cad889843a0fc9a7abfd42febb2279,archived_input_copy
ASSET_b5371146e202b73a122b,releases/0.1.0/input_snapshot/research/references/pubmed_entity_IL1A.response.json,428,transparent path/extension rule; documentary snapshots are not biological raw measurements,resource_metadata_snapshot,AFILE_ac48efbe778a618a8e,json,research/references/pubmed_entity_IL1A.response.json,atlas/releases/0.1.0/input_snapshot/research/references/pubmed_entity_IL1A.response.json,b5371146e202b73a122b8759b408ed654306deb0d15b79c8a400ac51bdffd98b,archived_input_copy
ASSET_4156342e0ce3a386f27d,releases/0.1.0/input_snapshot/research/references/pubmed_entity_IL1B.json,3159,transparent path/extension rule; documentary snapshots are not biological raw measurements,resource_metadata_snapshot,AFILE_98bd1f1c7d3ddb4c25,json,research/references/pubmed_entity_IL1B.json,atlas/releases/0.1.0/input_snapshot/research/references/pubmed_entity_IL1B.json,4156342e0ce3a386f27d876e45489cf0890d1e245d83d67e3bde4e610677fe7e,archived_input_copy
ASSET_d22720216e50c7fc3b7e,releases/0.1.0/input_snapshot/research/references/pubmed_entity_IL1B.request.json,459,transparent path/extension rule; documentary snapshots are not biological raw measurements,resource_metadata_snapshot,AFILE_474a529cdbfd051bd7,json,research/references/pubmed_entity_IL1B.request.json,atlas/releases/0.1.0/input_snapshot/research/references/pubmed_entity_IL1B.request.json,d22720216e50c7fc3b7e9e346be19a98025b7c1e8b36fd243485126abfbd73e9,archived_input_copy
ASSET_a0af1ebcfce8c3508105,releases/0.1.0/input_snapshot/research/references/pubmed_entity_IL1B.response.json,428,transparent path/extension rule; documentary snapshots are not biological raw measurements,resource_metadata_snapshot,AFILE_e09090f3ad81b5deb7,json,research/references/pubmed_entity_IL1B.response.json,atlas/releases/0.1.0/input_snapshot/research/references/pubmed_entity_IL1B.response.json,a0af1ebcfce8c35081059bc083cb761cd3fad5e5e34412848bb3de883c0d1e21,archived_input_copy
ASSET_20d6c9e68d16c2531d20,releases/0.1.0/input_snapshot/research/references/pubmed_entity_IL2.json,3159,transparent path/extension rule; documentary snapshots are not biological raw measurements,resource_metadata_snapshot,AFILE_cb12e927c01dd96755,json,research/references/pubmed_entity_IL2.json,atlas/releases/0.1.0/input_snapshot/research/references/pubmed_entity_IL2.json,20d6c9e68d16c2531d206f48857dc349a3af308b01092243a6f3f177d8b44657,archived_input_copy
ASSET_5d328e302b350c3c1dcd,releases/0.1.0/input_snapshot/research/references/pubmed_entity_IL2.request.json,457,transparent path/extension rule; documentary snapshots are not biological raw measurements,resource_metadata_snapshot,AFILE_84dc9c9c718512fc24,json,research/references/pubmed_entity_IL2.request.json,atlas/releases/0.1.0/input_snapshot/research/references/pubmed_entity_IL2.request.json,5d328e302b350c3c1dcd2156fd4defd8f820d9b5fb21c29083754c3353c70b8b,archived_input_copy
ASSET_758339c9d49aad8011f6,releases/0.1.0/input_snapshot/research/references/pubmed_entity_IL2.response.json,427,transparent path/extension rule; documentary snapshots are not biological raw measurements,resource_metadata_snapshot,AFILE_0831377ca75ccd954e,json,research/references/pubmed_entity_IL2.response.json,atlas/releases/0.1.0/input_snapshot/research/references/pubmed_entity_IL2.response.json,758339c9d49aad8011f63f522e5c315db516275fe3485f8f48131294ab8ff299,archived_input_copy
ASSET_5ac0a90f90c011e9187e,releases/0.1.0/input_snapshot/research/references/pubmed_entity_IL4.json,3158,transparent path/extension rule; documentary snapshots are not biological raw measurements,resource_metadata_snapshot,AFILE_80ed18b6c148239836,json,research/references/pubmed_entity_IL4.json,atlas/releases/0.1.0/input_snapshot/research/references/pubmed_entity_IL4.json,5ac0a90f90c011e9187e8d50453a7f708e8cb85d7138187fbe98ea41e57aa014,archived_input_copy
ASSET_66a6defec26e0f20325f,releases/0.1.0/input_snapshot/research/references/pubmed_entity_IL4.request.json,457,transparent path/extension rule; documentary snapshots are not biological raw measurements,resource_metadata_snapshot,AFILE_626473766d2ba440f1,json,research/references/pubmed_entity_IL4.request.json,atlas/releases/0.1.0/input_snapshot/research/references/pubmed_entity_IL4.request.json,66a6defec26e0f20325f6af77214deb1d5a181a135402e55557440c3abe44a76,archived_input_copy
ASSET_961907198211f5b95ea4,releases/0.1.0/input_snapshot/research/references/pubmed_entity_IL4.response.json,427,transparent path/extension rule; documentary snapshots are not biological raw measurements,resource_metadata_snapshot,AFILE_3c343598602cfdd598,json,research/references/pubmed_entity_IL4.response.json,atlas/releases/0.1.0/input_snapshot/research/references/pubmed_entity_IL4.response.json,961907198211f5b95ea493c38f9d8d6e562bedd0f07f69b11ee9fd5339e8bee7,archived_input_copy
ASSET_b0c7ea6b353dbe808f1d,releases/0.1.0/input_snapshot/research/references/pubmed_entity_IL5.json,3158,transparent path/extension rule; documentary snapshots are not biological raw measurements,resource_metadata_snapshot,AFILE_76e5d5ace0c2221b18,json,research/references/pubmed_entity_IL5.json,atlas/releases/0.1.0/input_snapshot/research/references/pubmed_entity_IL5.json,b0c7ea6b353dbe808f1d1d210baddd3edcf6bd69a0383d823f777d8d0d6c04e7,archived_input_copy
ASSET_75339320d47c756959dc,releases/0.1.0/input_snapshot/research/references/pubmed_entity_IL5.request.json,457,transparent path/extension rule; documentary snapshots are not biological raw measurements,resource_metadata_snapshot,AFILE_5cec839f285ad846b0,json,research/references/pubmed_entity_IL5.request.json,atlas/releases/0.1.0/input_snapshot/research/references/pubmed_entity_IL5.request.json,75339320d47c756959dc1e52b87decdea02cceef1c8f0fff03fd28bc36c9aacd,archived_input_copy
ASSET_6d71bba44d1b231b084d,releases/0.1.0/input_snapshot/research/references/pubmed_entity_IL5.response.json,427,transparent path/extension rule; documentary snapshots are not biological raw measurements,resource_metadata_snapshot,AFILE_291adec91365a3db29,json,research/references/pubmed_entity_IL5.response.json,atlas/releases/0.1.0/input_snapshot/research/references/pubmed_entity_IL5.response.json,6d71bba44d1b231b084d1f1563573a6c239626bdcec048d14ef4685a4533edb6,archived_input_copy
ASSET_06c430d2cf91fa93585f,releases/0.1.0/input_snapshot/research/references/pubmed_entity_IL6.json,3159,transparent path/extension rule; documentary snapshots are not biological raw measurements,resource_metadata_snapshot,AFILE_c03ab4cb39c08bac8b,json,research/references/pubmed_entity_IL6.json,atlas/releases/0.1.0/input_snapshot/research/references/pubmed_entity_IL6.json,06c430d2cf91fa93585f69cc4122f4d3ac63001fb03c29dd4da7a91883375e19,archived_input_copy
ASSET_fede4f2d86fbc45eec5b,releases/0.1.0/input_snapshot/research/references/pubmed_entity_IL6.request.json,457,transparent path/extension rule; documentary snapshots are not biological raw measurements,resource_metadata_snapshot,AFILE_5d59a878ceebf183f0,json,research/references/pubmed_entity_IL6.request.json,atlas/releases/0.1.0/input_snapshot/research/references/pubmed_entity_IL6.request.json,fede4f2d86fbc45eec5b0271591b992fc646c2dce9aace66ea278460e25a882f,archived_input_copy
ASSET_ff88fc5ac3df45d2e672,releases/0.1.0/input_snapshot/research/references/pubmed_entity_IL6.response.json,427,transparent path/extension rule; documentary snapshots are not biological raw measurements,resource_metadata_snapshot,AFILE_76bd10372168c53871,json,research/references/pubmed_entity_IL6.response.json,atlas/releases/0.1.0/input_snapshot/research/references/pubmed_entity_IL6.response.json,ff88fc5ac3df45d2e6727cb2772b7fac07991035925e48717ffbd67433bea6c4,archived_input_copy
ASSET_3b69d48ce815a6269486,releases/0.1.0/input_snapshot/research/references/pubmed_entity_IL7.json,3158,transparent path/extension rule; documentary snapshots are not biological raw measurements,resource_metadata_snapshot,AFILE_4bf37fe37c59b43cff,json,research/references/pubmed_entity_IL7.json,atlas/releases/0.1.0/input_snapshot/research/references/pubmed_entity_IL7.json,3b69d48ce815a626948673456665eb48fa241945071d7c58fea3b1ea2f449a29,archived_input_copy
ASSET_4530ec14b02544c877c3,releases/0.1.0/input_snapshot/research/references/pubmed_entity_IL7.request.json,457,transparent path/extension rule; documentary snapshots are not biological raw measurements,resource_metadata_snapshot,AFILE_6ab229f2d621301606,json,research/references/pubmed_entity_IL7.request.json,atlas/releases/0.1.0/input_snapshot/research/references/pubmed_entity_IL7.request.json,4530ec14b02544c877c3720933911734f9e4bedf6fb581ea59e97d288d84dcc6,archived_input_copy
ASSET_714f3332a8c38a548c96,releases/0.1.0/input_snapshot/research/references/pubmed_entity_IL7.response.json,427,transparent path/extension rule; documentary snapshots are not biological raw measurements,resource_metadata_snapshot,AFILE_46d9ceadc8d7eb0337,json,research/references/pubmed_entity_IL7.response.json,atlas/releases/0.1.0/input_snapshot/research/references/pubmed_entity_IL7.response.json,714f3332a8c38a548c96eca66eabf1cf47c83bcc9e6ef1043604e1c27ab67c7f,archived_input_copy
ASSET_6e7c03a7e8a34d5796e7,releases/0.1.0/input_snapshot/research/references/pubmed_entity_LTA.json,3157,transparent path/extension rule; documentary snapshots are not biological raw measurements,resource_metadata_snapshot,AFILE_3dba4cc651709aec0d,json,research/references/pubmed_entity_LTA.json,atlas/releases/0.1.0/input_snapshot/research/references/pubmed_entity_LTA.json,6e7c03a7e8a34d5796e7fdc42dcd4c9ce1eddd8c18808aaecccc1a96d8918fed,archived_input_copy
ASSET_c35ed814e7fee5cd6680,releases/0.1.0/input_snapshot/research/references/pubmed_entity_LTA.request.json,457,transparent path/extension rule; documentary snapshots are not biological raw measurements,resource_metadata_snapshot,AFILE_d7d7c01464224e1ab7,json,research/references/pubmed_entity_LTA.request.json,atlas/releases/0.1.0/input_snapshot/research/references/pubmed_entity_LTA.request.json,c35ed814e7fee5cd6680d4520178ca2a7fe69c96c38be0dddaea30fbf736da28,archived_input_copy
ASSET_dd5eea4a9ed8a81315ae,releases/0.1.0/input_snapshot/research/references/pubmed_entity_LTA.response.json,427,transparent path/extension rule; documentary snapshots are not biological raw measurements,resource_metadata_snapshot,AFILE_d35ee9b803e680b88c,json,research/references/pubmed_entity_LTA.response.json,atlas/releases/0.1.0/input_snapshot/research/references/pubmed_entity_LTA.response.json,dd5eea4a9ed8a81315aedb1429255c3cc993a62b1a0fda609e345fa72be34942,archived_input_copy
ASSET_471cda6d60f538e95dc4,releases/0.1.0/input_snapshot/research/references/pubmed_entity_TNF.json,3159,transparent path/extension rule; documentary snapshots are not biological raw measurements,resource_metadata_snapshot,AFILE_2ecd9c78409e38b4a5,json,research/references/pubmed_entity_TNF.json,atlas/releases/0.1.0/input_snapshot/research/references/pubmed_entity_TNF.json,471cda6d60f538e95dc4ea0548341cfc01ba1c05dab3d1fba886b70833ff2311,archived_input_copy
ASSET_d9390a7dc1fc88c75abb,releases/0.1.0/input_snapshot/research/references/pubmed_entity_TNF.request.json,457,transparent path/extension rule; documentary snapshots are not biological raw measurements,resource_metadata_snapshot,AFILE_41ca0406f7d2655e4a,json,research/references/pubmed_entity_TNF.request.json,atlas/releases/0.1.0/input_snapshot/research/references/pubmed_entity_TNF.request.json,d9390a7dc1fc88c75abb30aeef0c180b31391e0ebef49d1a1e9f07661cb07d4b,archived_input_copy
ASSET_4dad62f3e607d969bc62,releases/0.1.0/input_snapshot/research/references/pubmed_entity_TNF.response.json,427,transparent path/extension rule; documentary snapshots are not biological raw measurements,resource_metadata_snapshot,AFILE_97137b65d19474287d,json,research/references/pubmed_entity_TNF.response.json,atlas/releases/0.1.0/input_snapshot/research/references/pubmed_entity_TNF.response.json,4dad62f3e607d969bc62f1fb2799723205b9b8307c2881021ac92a5032aaad87,archived_input_copy
ASSET_8f70bb43c84fc4111aa3,releases/0.1.0/input_snapshot/research/references/pubmed_entity_VEGFA.json,3160,transparent path/extension rule; documentary snapshots are not biological raw measurements,resource_metadata_snapshot,AFILE_5a9f44f20816211500,json,research/references/pubmed_entity_VEGFA.json,atlas/releases/0.1.0/input_snapshot/research/references/pubmed_entity_VEGFA.json,8f70bb43c84fc4111aa3c4788aa24fdd93daacfcfebd780a717c0dce02a41345,archived_input_copy
ASSET_0c313e82c516ac607af8,releases/0.1.0/input_snapshot/research/references/pubmed_entity_VEGFA.request.json,461,transparent path/extension rule; documentary snapshots are not biological raw measurements,resource_metadata_snapshot,AFILE_3fa2ab2cb6f5622b13,json,research/references/pubmed_entity_VEGFA.request.json,atlas/releases/0.1.0/input_snapshot/research/references/pubmed_entity_VEGFA.request.json,0c313e82c516ac607af805b23de6fc8bad3fe5885e33a456c4b99b60ff2a3f08,archived_input_copy
ASSET_a27783324b6b98383cb5,releases/0.1.0/input_snapshot/research/references/pubmed_entity_VEGFA.response.json,429,transparent path/extension rule; documentary snapshots are not biological raw measurements,resource_metadata_snapshot,AFILE_5be58080e0dd05de8b,json,research/references/pubmed_entity_VEGFA.response.json,atlas/releases/0.1.0/input_snapshot/research/references/pubmed_entity_VEGFA.response.json,a27783324b6b98383cb55d80ccc5476736ae2cba1914a35b4d0637b4537542a4,archived_input_copy
ASSET_511207a03fe6f8a2d8e0,releases/0.1.0/input_snapshot/research/references/resource_01.html,64810,transparent path/extension rule; documentary snapshots are not biological raw measurements,other_artifact,AFILE_a1c0f27b08bd7b45fd,html,research/references/resource_01.html,atlas/releases/0.1.0/input_snapshot/research/references/resource_01.html,511207a03fe6f8a2d8e02c4bda8d85a68cbaae5609ec4023b2ae632021ef9231,archived_input_copy
ASSET_9f759d28535cb6639733,releases/0.1.0/input_snapshot/research/references/resource_02.html,12509,transparent path/extension rule; documentary snapshots are not biological raw measurements,other_artifact,AFILE_09898db241fd8b78fb,html,research/references/resource_02.html,atlas/releases/0.1.0/input_snapshot/research/references/resource_02.html,9f759d28535cb6639733ea1d8de8ff59e244bb979e0b8ddda5948bd71ef8ea45,archived_input_copy
ASSET_b3d2c99b8dd47fcc8f84,releases/0.1.0/input_snapshot/research/references/resource_03.html,28315,transparent path/extension rule; documentary snapshots are not biological raw measurements,other_artifact,AFILE_8f9df69c2fa0fe37e6,html,research/references/resource_03.html,atlas/releases/0.1.0/input_snapshot/research/references/resource_03.html,b3d2c99b8dd47fcc8f8443c81c687ceb2bc24a9f24d3aa1fd9c93e6f48a43831,archived_input_copy
ASSET_407c216919d76e93c207,releases/0.1.0/input_snapshot/research/references/resource_04.html,94459,transparent path/extension rule; documentary snapshots are not biological raw measurements,other_artifact,AFILE_c3adaa596626b544ed,html,research/references/resource_04.html,atlas/releases/0.1.0/input_snapshot/research/references/resource_04.html,407c216919d76e93c20766b1b118a2b42f2e972eed88da53cf8a65173fad9637,archived_input_copy
ASSET_73543cbf5f0339a3a0fe,releases/0.1.0/input_snapshot/research/references/resource_06.html,19715,transparent path/extension rule; documentary snapshots are not biological raw measurements,other_artifact,AFILE_c82f8f087e998aa09a,html,research/references/resource_06.html,atlas/releases/0.1.0/input_snapshot/research/references/resource_06.html,73543cbf5f0339a3a0fe272f5ef2e59b18feccec644a28578776e4f82e594a91,archived_input_copy
ASSET_4184d91c72132b407ef1,releases/0.1.0/input_snapshot/research/references/resource_07.html,13728,transparent path/extension rule; documentary snapshots are not biological raw measurements,other_artifact,AFILE_69a09230c693fd2c7b,html,research/references/resource_07.html,atlas/releases/0.1.0/input_snapshot/research/references/resource_07.html,4184d91c72132b407ef17a7914250a9f9b0ac7481a81aecae852d0cb7c154fe3,archived_input_copy
ASSET_4e1380746cec86eca3a6,releases/0.1.0/input_snapshot/research/references/resource_08.html,8757,transparent path/extension rule; documentary snapshots are not biological raw measurements,other_artifact,AFILE_54bb317a88875e4b6b,html,research/references/resource_08.html,atlas/releases/0.1.0/input_snapshot/research/references/resource_08.html,4e1380746cec86eca3a6c5dd3e65fbeab58a2d8758539a6ea4dc2c98c5a88f0f,archived_input_copy
ASSET_0f49da29417cae73bf86,releases/0.1.0/input_snapshot/research/references/resource_09.html,14374,transparent path/extension rule; documentary snapshots are not biological raw measurements,other_artifact,AFILE_8ccb6f8abe83d61379,html,research/references/resource_09.html,atlas/releases/0.1.0/input_snapshot/research/references/resource_09.html,0f49da29417cae73bf867332e049b2286c38424d2c26977f7e1384dfb09a350d,archived_input_copy
ASSET_13ceafe512d6f8dc557b,releases/0.1.0/input_snapshot/research/references/resource_10.html,11444,transparent path/extension rule; documentary snapshots are not biological raw measurements,other_artifact,AFILE_803d6741befba80592,html,research/references/resource_10.html,atlas/releases/0.1.0/input_snapshot/research/references/resource_10.html,13ceafe512d6f8dc557bd48b13394fabeab743acd832068c4ee58d86b6eb88b3,archived_input_copy
ASSET_bffdedbde05ae0788290,releases/0.1.0/input_snapshot/research/references/resource_11.html,207097,transparent path/extension rule; documentary snapshots are not biological raw measurements,other_artifact,AFILE_f0a0277d817132a6db,html,research/references/resource_11.html,atlas/releases/0.1.0/input_snapshot/research/references/resource_11.html,bffdedbde05ae0788290da20a8eaa43b4aa926f341f0728b773cc376d8e75c86,archived_input_copy
ASSET_c5d8d124691dc870f34d,releases/0.1.0/input_snapshot/research/references/resource_12.html,181473,transparent path/extension rule; documentary snapshots are not biological raw measurements,other_artifact,AFILE_08e9ebd651226019a2,html,research/references/resource_12.html,atlas/releases/0.1.0/input_snapshot/research/references/resource_12.html,c5d8d124691dc870f34d7ce74e77a4b047fccc8b76249c6489c5e29456f29b9e,archived_input_copy
ASSET_b6d3907cdd632f5683ee,releases/0.1.0/input_snapshot/research/references/resource_13.html,224754,transparent path/extension rule; documentary snapshots are not biological raw measurements,other_artifact,AFILE_57bebf354a5441033a,html,research/references/resource_13.html,atlas/releases/0.1.0/input_snapshot/research/references/resource_13.html,b6d3907cdd632f5683eedc24a3d58dcce48872aab0d786a25401bcea9361f86b,archived_input_copy
ASSET_7e6c4ef019bf27d8cb9a,releases/0.1.0/input_snapshot/research/references/resource_14.html,204430,transparent path/extension rule; documentary snapshots are not biological raw measurements,other_artifact,AFILE_07bee2eb0b3e48d2a0,html,research/references/resource_14.html,atlas/releases/0.1.0/input_snapshot/research/references/resource_14.html,7e6c4ef019bf27d8cb9a9629b9c5d42b693e665b7ecab045de42240a2fac559a,archived_input_copy
ASSET_cda8f7e324124dbe19fd,releases/0.1.0/input_snapshot/research/references/resource_15.html,21263,transparent path/extension rule; documentary snapshots are not biological raw measurements,other_artifact,AFILE_797522d40ca977d6d8,html,research/references/resource_15.html,atlas/releases/0.1.0/input_snapshot/research/references/resource_15.html,cda8f7e324124dbe19fd1d8f88e8b9c943bde9401e736dcbbd0c796f0bb18731,archived_input_copy
ASSET_2ad2677117c93b148ae0,releases/0.1.0/input_snapshot/research/references/resource_16.html,18132,transparent path/extension rule; documentary snapshots are not biological raw measurements,other_artifact,AFILE_6031d85fd17a28368f,html,research/references/resource_16.html,atlas/releases/0.1.0/input_snapshot/research/references/resource_16.html,2ad2677117c93b148ae0dcdebe064633fbe1da4309b7b48a51c8e277fe1fa251,archived_input_copy
ASSET_fd2cb3ca8404a66d0548,releases/0.1.0/input_snapshot/research/references/resource_17.html,17538,transparent path/extension rule; documentary snapshots are not biological raw measurements,other_artifact,AFILE_72fee3431409ddeae0,html,research/references/resource_17.html,atlas/releases/0.1.0/input_snapshot/research/references/resource_17.html,fd2cb3ca8404a66d05485772912d96255cc7f73f95c6dd10e9bc20bfa3f64af5,archived_input_copy
ASSET_8a3ba035dc6cda9acafe,releases/0.1.0/input_snapshot/research/references/resource_19.html,34083,transparent path/extension rule; documentary snapshots are not biological raw measurements,other_artifact,AFILE_64162c3f206681a528,html,research/references/resource_19.html,atlas/releases/0.1.0/input_snapshot/research/references/resource_19.html,8a3ba035dc6cda9acafe552c2af2b0571221def0601a5a387a22d207b567c850,archived_input_copy
ASSET_8ad515e1f6d2f397eb90,releases/0.1.0/input_snapshot/research/references/resource_20.html,7474,transparent path/extension rule; documentary snapshots are not biological raw measurements,other_artifact,AFILE_32262d3737a73b7a97,html,research/references/resource_20.html,atlas/releases/0.1.0/input_snapshot/research/references/resource_20.html,8ad515e1f6d2f397eb905a8c1566494aaaa3e19f7e692c683d3f6648b8645f77,archived_input_copy
ASSET_aa9c2044fcadce3637f7,releases/0.1.0/input_snapshot/research/references/resource_21.html,9237,transparent path/extension rule; documentary snapshots are not biological raw measurements,other_artifact,AFILE_c664180f23f7115eab,html,research/references/resource_21.html,atlas/releases/0.1.0/input_snapshot/research/references/resource_21.html,aa9c2044fcadce3637f78c43798812a3ef830b0415cf674b8672b349f8b660f9,archived_input_copy
ASSET_5e0cb3553ee8959f280e,releases/0.1.0/input_snapshot/research/references/resource_22.html,6450,transparent path/extension rule; documentary snapshots are not biological raw measurements,other_artifact,AFILE_9b9407b9f60b7e092d,html,research/references/resource_22.html,atlas/releases/0.1.0/input_snapshot/research/references/resource_22.html,5e0cb3553ee8959f280e8fd7da240434e03a885ca8108dde4e20022767c98a5a,archived_input_copy
ASSET_7ae0b9b85f8737c419b0,releases/0.1.0/input_snapshot/research/references/resource_23.html,6612,transparent path/extension rule; documentary snapshots are not biological raw measurements,other_artifact,AFILE_c2944b6f22c329139b,html,research/references/resource_23.html,atlas/releases/0.1.0/input_snapshot/research/references/resource_23.html,7ae0b9b85f8737c419b00282de2ac4106165dca2f48e7ef9ce6284e32b9be0fc,archived_input_copy
ASSET_cc79d8951673d79435be,releases/0.1.0/input_snapshot/research/references/resource_registry.json,12630,transparent path/extension rule; documentary snapshots are not biological raw measurements,resource_metadata_snapshot,AFILE_24d28fbfbb7adfa31b,json,research/references/resource_registry.json,atlas/releases/0.1.0/input_snapshot/research/references/resource_registry.json,cc79d8951673d79435be85d55612c0aeb5a64110d232eee3a709ce11302a2a83,archived_input_copy
ASSET_c766bbe8727bd126588c,releases/0.1.0/input_snapshot/research/references/search_registry.json,28950,transparent path/extension rule; documentary snapshots are not biological raw measurements,resource_metadata_snapshot,AFILE_8360096a36ea0a3656,json,research/references/search_registry.json,atlas/releases/0.1.0/input_snapshot/research/references/search_registry.json,c766bbe8727bd126588cc440a4404fb99b33c09250fff65f76d9b6fcec5aa171,archived_input_copy
ASSET_e6a6bc43ad1949904efb,releases/0.1.0/input_snapshot/research/references/uniprot_CCL11.json,73311,transparent path/extension rule; documentary snapshots are not biological raw measurements,resource_metadata_snapshot,AFILE_501392e452b0ef0260,json,research/references/uniprot_CCL11.json,atlas/releases/0.1.0/input_snapshot/research/references/uniprot_CCL11.json,e6a6bc43ad1949904efb185cb3ba96d5ed3e6a413be735617d837fe3ca79e901,archived_input_copy
ASSET_fae34fbf452e819bd85d,releases/0.1.0/input_snapshot/research/references/uniprot_CCL11.request.json,340,transparent path/extension rule; documentary snapshots are not biological raw measurements,resource_metadata_snapshot,AFILE_00b6c6545be329bdd5,json,research/references/uniprot_CCL11.request.json,atlas/releases/0.1.0/input_snapshot/research/references/uniprot_CCL11.request.json,fae34fbf452e819bd85dec39e7a36cc8f186ab26c7db176c5859ba3aef441d35,archived_input_copy
ASSET_968e7a3e9615509a993b,releases/0.1.0/input_snapshot/research/references/uniprot_CCL11.response.json,994,transparent path/extension rule; documentary snapshots are not biological raw measurements,resource_metadata_snapshot,AFILE_832628b41e792f3aff,json,research/references/uniprot_CCL11.response.json,atlas/releases/0.1.0/input_snapshot/research/references/uniprot_CCL11.response.json,968e7a3e9615509a993ba5140566a0210d83ed26338f663774f1c78842852b31,archived_input_copy
ASSET_fcbf90dfe2f8a72bf34e,releases/0.1.0/input_snapshot/research/references/uniprot_CCL13.json,65814,transparent path/extension rule; documentary snapshots are not biological raw measurements,resource_metadata_snapshot,AFILE_519c5f2d1fea66908c,json,research/references/uniprot_CCL13.json,atlas/releases/0.1.0/input_snapshot/research/references/uniprot_CCL13.json,fcbf90dfe2f8a72bf34e0f461e00bec4e0570578ffddf5a809db23241157b63e,archived_input_copy
ASSET_649d001f51ed3499297d,releases/0.1.0/input_snapshot/research/references/uniprot_CCL13.request.json,340,transparent path/extension rule; documentary snapshots are not biological raw measurements,resource_metadata_snapshot,AFILE_5baf6fa1ca8d8254e0,json,research/references/uniprot_CCL13.request.json,atlas/releases/0.1.0/input_snapshot/research/references/uniprot_CCL13.request.json,649d001f51ed3499297d6ff62b47ac660583b8801e95c9d74eccd39e91e8a504,archived_input_copy
ASSET_ce13a37b6e48cc3350e1,releases/0.1.0/input_snapshot/research/references/uniprot_CCL13.response.json,1003,transparent path/extension rule; documentary snapshots are not biological raw measurements,resource_metadata_snapshot,AFILE_30894a1f49896cf6f8,json,research/references/uniprot_CCL13.response.json,atlas/releases/0.1.0/input_snapshot/research/references/uniprot_CCL13.response.json,ce13a37b6e48cc3350e10d89797cc3dfdd5000c5eff104fc2aa9f5ccafac6b46,archived_input_copy
ASSET_91be4ae1029f2f7fda07,releases/0.1.0/input_snapshot/research/references/uniprot_CCL17.json,62542,transparent path/extension rule; documentary snapshots are not biological raw measurements,resource_metadata_snapshot,AFILE_4791edcec5756c98ec,json,research/references/uniprot_CCL17.json,atlas/releases/0.1.0/input_snapshot/research/references/uniprot_CCL17.json,91be4ae1029f2f7fda075cd3d71ec7d8c3ccd7e6e9ae67a8008458b91571305e,archived_input_copy
ASSET_2bb7e042b4a5f0689820,releases/0.1.0/input_snapshot/research/references/uniprot_CCL17.request.json,340,transparent path/extension rule; documentary snapshots are not biological raw measurements,resource_metadata_snapshot,AFILE_a60ca458fd2e5c6ee4,json,research/references/uniprot_CCL17.request.json,atlas/releases/0.1.0/input_snapshot/research/references/uniprot_CCL17.request.json,2bb7e042b4a5f068982016cf3b035ea195ef1a40d51958fc8ed49be4a5d9c29a,archived_input_copy
ASSET_3a7b1bf1e2692b7ad43d,releases/0.1.0/input_snapshot/research/references/uniprot_CCL17.response.json,984,transparent path/extension rule; documentary snapshots are not biological raw measurements,resource_metadata_snapshot,AFILE_7131578fef6d3d9b2b,json,research/references/uniprot_CCL17.response.json,atlas/releases/0.1.0/input_snapshot/research/references/uniprot_CCL17.response.json,3a7b1bf1e2692b7ad43da179ffc497982c5512ba4f074f82e94453392e390b57,archived_input_copy
ASSET_af5e39a492bb231b9c57,releases/0.1.0/input_snapshot/research/references/uniprot_CCL2.json,146464,transparent path/extension rule; documentary snapshots are not biological raw measurements,resource_metadata_snapshot,AFILE_b69bd4a5e36ff74df2,json,research/references/uniprot_CCL2.json,atlas/releases/0.1.0/input_snapshot/research/references/uniprot_CCL2.json,af5e39a492bb231b9c574b15072f1571637445068dae3843d2268a4653f02730,archived_input_copy
ASSET_382ae624756f1a6ebd12,releases/0.1.0/input_snapshot/research/references/uniprot_CCL2.request.json,338,transparent path/extension rule; documentary snapshots are not biological raw measurements,resource_metadata_snapshot,AFILE_6b01c7b987f6ece863,json,research/references/uniprot_CCL2.request.json,atlas/releases/0.1.0/input_snapshot/research/references/uniprot_CCL2.request.json,382ae624756f1a6ebd12743e8bfddf45f2f92f192ba7900230ae788997436e7e,archived_input_copy
ASSET_32757b3c5497bbb4940f,releases/0.1.0/input_snapshot/research/references/uniprot_CCL2.response.json,982,transparent path/extension rule; documentary snapshots are not biological raw measurements,resource_metadata_snapshot,AFILE_96dff19a495e121b17,json,research/references/uniprot_CCL2.response.json,atlas/releases/0.1.0/input_snapshot/research/references/uniprot_CCL2.response.json,32757b3c5497bbb4940f982ef79cb5f1659d0226284eff53ef22d9132483bf87,archived_input_copy
ASSET_cbd6c304448f3d236dde,releases/0.1.0/input_snapshot/research/references/uniprot_CCL22.json,59340,transparent path/extension rule; documentary snapshots are not biological raw measurements,resource_metadata_snapshot,AFILE_02747683bc9222b43c,json,research/references/uniprot_CCL22.json,atlas/releases/0.1.0/input_snapshot/research/references/uniprot_CCL22.json,cbd6c304448f3d236ddefa0726c93c66b5a45392ba11605cdfb380f10cd8a514,archived_input_copy
ASSET_66839f8fde82888c4789,releases/0.1.0/input_snapshot/research/references/uniprot_CCL22.request.json,340,transparent path/extension rule; documentary snapshots are not biological raw measurements,resource_metadata_snapshot,AFILE_ab14cbd0f4492c1586,json,research/references/uniprot_CCL22.request.json,atlas/releases/0.1.0/input_snapshot/research/references/uniprot_CCL22.request.json,66839f8fde82888c4789ee0bba6a5b6ff0a7b420dfdad4231e1641e3c96317f9,archived_input_copy
ASSET_48958ddd5890a0488556,releases/0.1.0/input_snapshot/research/references/uniprot_CCL22.response.json,1003,transparent path/extension rule; documentary snapshots are not biological raw measurements,resource_metadata_snapshot,AFILE_19e94b20086441c7d5,json,research/references/uniprot_CCL22.response.json,atlas/releases/0.1.0/input_snapshot/research/references/uniprot_CCL22.response.json,48958ddd5890a048855670f7e5cc1544a81a7017c871b2eefc1a518f4c48c691,archived_input_copy
ASSET_b32ba4aa8389ec5988c4,releases/0.1.0/input_snapshot/research/references/uniprot_CCL26.fallback.json,298,transparent path/extension rule; documentary snapshots are not biological raw measurements,resource_metadata_snapshot,AFILE_1671f29adb6ff72b51,json,research/references/uniprot_CCL26.fallback.json,atlas/releases/0.1.0/input_snapshot/research/references/uniprot_CCL26.fallback.json,b32ba4aa8389ec5988c4444b9c2cad878a5eb9a395bfd919bdb0bbb0e50c4dfc,archived_input_copy
ASSET_77d1b55e180906f46407,releases/0.1.0/input_snapshot/research/references/uniprot_CCL26.json,71210,transparent path/extension rule; documentary snapshots are not biological raw measurements,resource_metadata_snapshot,AFILE_0a98a0409ba7682c10,json,research/references/uniprot_CCL26.json,atlas/releases/0.1.0/input_snapshot/research/references/uniprot_CCL26.json,77d1b55e180906f46407c713bf0919f1790fc6898249b6548e5aa8ef182fc5ba,archived_input_copy
ASSET_8884a1bc79460a25b97d,releases/0.1.0/input_snapshot/research/references/uniprot_CCL26.request.json,340,transparent path/extension rule; documentary snapshots are not biological raw measurements,resource_metadata_snapshot,AFILE_f34541d48d8d6d584f,json,research/references/uniprot_CCL26.request.json,atlas/releases/0.1.0/input_snapshot/research/references/uniprot_CCL26.request.json,8884a1bc79460a25b97d90cd7a1383c4c809fb788a9843e929170e23ce91e9fb,archived_input_copy
ASSET_ad48f4a00c5d42a37f48,releases/0.1.0/input_snapshot/research/references/uniprot_CCL26.response.json,984,transparent path/extension rule; documentary snapshots are not biological raw measurements,resource_metadata_snapshot,AFILE_baa78727870c660b02,json,research/references/uniprot_CCL26.response.json,atlas/releases/0.1.0/input_snapshot/research/references/uniprot_CCL26.response.json,ad48f4a00c5d42a37f48d1682fd6b78d99cc7b279c417674388c1a656e0b4189,archived_input_copy
ASSET_f60c8beadec02ecd90cc,releases/0.1.0/input_snapshot/research/references/uniprot_CCL3.json,103914,transparent path/extension rule; documentary snapshots are not biological raw measurements,resource_metadata_snapshot,AFILE_a38cd482da2934e66e,json,research/references/uniprot_CCL3.json,atlas/releases/0.1.0/input_snapshot/research/references/uniprot_CCL3.json,f60c8beadec02ecd90cc38521bf90bc45cb631c3d5926386a9f29d05b4b53576,archived_input_copy
ASSET_abc50aa18182f2eab7ad,releases/0.1.0/input_snapshot/research/references/uniprot_CCL3.request.json,338,transparent path/extension rule; documentary snapshots are not biological raw measurements,resource_metadata_snapshot,AFILE_11b483c7247c8207e3,json,research/references/uniprot_CCL3.request.json,atlas/releases/0.1.0/input_snapshot/research/references/uniprot_CCL3.request.json,abc50aa18182f2eab7add423c99ce25247c9b03f291d704014eff1a0d4300bec,archived_input_copy
ASSET_d298dcef503158bbffba,releases/0.1.0/input_snapshot/research/references/uniprot_CCL3.response.json,1026,transparent path/extension rule; documentary snapshots are not biological raw measurements,resource_metadata_snapshot,AFILE_46a975f5092609ad97,json,research/references/uniprot_CCL3.response.json,atlas/releases/0.1.0/input_snapshot/research/references/uniprot_CCL3.response.json,d298dcef503158bbffbafc91ff3ed4ba57c4cba3faf1403624edfb0baf8ab16c,archived_input_copy
ASSET_bb90d278544edf2ecbd3,releases/0.1.0/input_snapshot/research/references/uniprot_CCL4.json,91612,transparent path/extension rule; documentary snapshots are not biological raw measurements,resource_metadata_snapshot,AFILE_1e122036e3a16bbbf1,json,research/references/uniprot_CCL4.json,atlas/releases/0.1.0/input_snapshot/research/references/uniprot_CCL4.json,bb90d278544edf2ecbd3b263495635f193f9c0b8592d2361835506e8720686de,archived_input_copy
ASSET_9ff025ce91338f480d7d,releases/0.1.0/input_snapshot/research/references/uniprot_CCL4.request.json,338,transparent path/extension rule; documentary snapshots are not biological raw measurements,resource_metadata_snapshot,AFILE_e31fdefd7af3d9f8d9,json,research/references/uniprot_CCL4.request.json,atlas/releases/0.1.0/input_snapshot/research/references/uniprot_CCL4.request.json,9ff025ce91338f480d7d961cf6518b4e9b04717f8836b9242c291ab9997ae646,archived_input_copy
ASSET_4a2af9bca8a7999acf13,releases/0.1.0/input_snapshot/research/references/uniprot_CCL4.response.json,1021,transparent path/extension rule; documentary snapshots are not biological raw measurements,resource_metadata_snapshot,AFILE_1aa419a66ce142abd0,json,research/references/uniprot_CCL4.response.json,atlas/releases/0.1.0/input_snapshot/research/references/uniprot_CCL4.response.json,4a2af9bca8a7999acf1342ca8760c88570663585e9d63c7994fe5820dda539c6,archived_input_copy
ASSET_59983f09e79dca047925,releases/0.1.0/input_snapshot/research/references/uniprot_CSF2.json,87006,transparent path/extension rule; documentary snapshots are not biological raw measurements,resource_metadata_snapshot,AFILE_a52f553f5da90cd0ab,json,research/references/uniprot_CSF2.json,atlas/releases/0.1.0/input_snapshot/research/references/uniprot_CSF2.json,59983f09e79dca0479258b562b5c0481124dc92c9bbb71c69497ce09c8430a81,archived_input_copy
ASSET_2cc04e30be635e676be1,releases/0.1.0/input_snapshot/research/references/uniprot_CSF2.request.json,338,transparent path/extension rule; documentary snapshots are not biological raw measurements,resource_metadata_snapshot,AFILE_a0e5fa61a071a00ee5,json,research/references/uniprot_CSF2.request.json,atlas/releases/0.1.0/input_snapshot/research/references/uniprot_CSF2.request.json,2cc04e30be635e676be1f6ecfc2998dadc205cc090ef02b7b9f2b4eb2145a932,archived_input_copy
ASSET_fc38c73b996541e7ef70,releases/0.1.0/input_snapshot/research/references/uniprot_CSF2.response.json,992,transparent path/extension rule; documentary snapshots are not biological raw measurements,resource_metadata_snapshot,AFILE_4d709f50c186b17340,json,research/references/uniprot_CSF2.response.json,atlas/releases/0.1.0/input_snapshot/research/references/uniprot_CSF2.response.json,fc38c73b996541e7ef705ca1e93763d3c96b87ea2e7f7d915aab2e5a759b96fa,archived_input_copy
ASSET_981ca215a3471f7b987e,releases/0.1.0/input_snapshot/research/references/uniprot_CXCL10.json,86398,transparent path/extension rule; documentary snapshots are not biological raw measurements,resource_metadata_snapshot,AFILE_bc24163fa026879c8c,json,research/references/uniprot_CXCL10.json,atlas/releases/0.1.0/input_snapshot/research/references/uniprot_CXCL10.json,981ca215a3471f7b987ef9ed2e5368f93434400d791a379a9c23c82fd06d3aec,archived_input_copy
ASSET_2179fcc52a7e5c0a6860,releases/0.1.0/input_snapshot/research/references/uniprot_CXCL10.request.json,342,transparent path/extension rule; documentary snapshots are not biological raw measurements,resource_metadata_snapshot,AFILE_098ac45e48fd77eba6,json,research/references/uniprot_CXCL10.request.json,atlas/releases/0.1.0/input_snapshot/research/references/uniprot_CXCL10.request.json,2179fcc52a7e5c0a68605b7cd88998741bd6ddbd1f0618f2c9341294ecba7a93,archived_input_copy
ASSET_dd9d2c1f03d3ae96323d,releases/0.1.0/input_snapshot/research/references/uniprot_CXCL10.response.json,994,transparent path/extension rule; documentary snapshots are not biological raw measurements,resource_metadata_snapshot,AFILE_7363dbd2ca7e3c38b5,json,research/references/uniprot_CXCL10.response.json,atlas/releases/0.1.0/input_snapshot/research/references/uniprot_CXCL10.response.json,dd9d2c1f03d3ae96323d07e9772383f691693cf28c349e4251dbb0cc1cf54758,archived_input_copy
ASSET_19da5514a81bf17c3680,releases/0.1.0/input_snapshot/research/references/uniprot_CXCL8.json,152008,transparent path/extension rule; documentary snapshots are not biological raw measurements,resource_metadata_snapshot,AFILE_bf74adff04a0dddd91,json,research/references/uniprot_CXCL8.json,atlas/releases/0.1.0/input_snapshot/research/references/uniprot_CXCL8.json,19da5514a81bf17c3680e117d4e49f86d192fc54826fb022de4d7304b9d81d5d,archived_input_copy
ASSET_00622fb5574fec4d9d11,releases/0.1.0/input_snapshot/research/references/uniprot_CXCL8.request.json,340,transparent path/extension rule; documentary snapshots are not biological raw measurements,resource_metadata_snapshot,AFILE_b71a7b1c89261b0b37,json,research/references/uniprot_CXCL8.request.json,atlas/releases/0.1.0/input_snapshot/research/references/uniprot_CXCL8.request.json,00622fb5574fec4d9d11d95ff0029d73179a58a24a1cb70cda068c196540f44a,archived_input_copy
ASSET_87ff344a4a29d838682b,releases/0.1.0/input_snapshot/research/references/uniprot_CXCL8.response.json,1071,transparent path/extension rule; documentary snapshots are not biological raw measurements,resource_metadata_snapshot,AFILE_0244498d3a369d48b0,json,research/references/uniprot_CXCL8.response.json,atlas/releases/0.1.0/input_snapshot/research/references/uniprot_CXCL8.response.json,87ff344a4a29d838682bf9d01dfbe29f6ee3c2344e07cb0c5f7499b7d8f829d4,archived_input_copy
ASSET_9d276b5007880b6ba39d,releases/0.1.0/input_snapshot/research/references/uniprot_IFNG.json,116791,transparent path/extension rule; documentary snapshots are not biological raw measurements,resource_metadata_snapshot,AFILE_183fb4ce1ce5fb6c2f,json,research/references/uniprot_IFNG.json,atlas/releases/0.1.0/input_snapshot/research/references/uniprot_IFNG.json,9d276b5007880b6ba39d35194c87745c3f60f2bc2793468062e88328f3e5b205,archived_input_copy
ASSET_77967ecb30f3a4922b43,releases/0.1.0/input_snapshot/research/references/uniprot_IFNG.request.json,338,transparent path/extension rule; documentary snapshots are not biological raw measurements,resource_metadata_snapshot,AFILE_55987ab901039ed36b,json,research/references/uniprot_IFNG.request.json,atlas/releases/0.1.0/input_snapshot/research/references/uniprot_IFNG.request.json,77967ecb30f3a4922b4358f807847b1af4402bce109debfb98a13f67d78f879f,archived_input_copy
ASSET_826d5c1b147be010ad9b,releases/0.1.0/input_snapshot/research/references/uniprot_IFNG.response.json,982,transparent path/extension rule; documentary snapshots are not biological raw measurements,resource_metadata_snapshot,AFILE_0009ad5acb91d5398f,json,research/references/uniprot_IFNG.response.json,atlas/releases/0.1.0/input_snapshot/research/references/uniprot_IFNG.response.json,826d5c1b147be010ad9b06cdd3f638548f05350b5c3ebc01c1772b1aa51202ff,archived_input_copy
ASSET_fd6bde5be61aa73ba6aa,releases/0.1.0/input_snapshot/research/references/uniprot_IL10.json,108223,transparent path/extension rule; documentary snapshots are not biological raw measurements,resource_metadata_snapshot,AFILE_a27b967b917322b116,json,research/references/uniprot_IL10.json,atlas/releases/0.1.0/input_snapshot/research/references/uniprot_IL10.json,fd6bde5be61aa73ba6aac09bcff9fc92036b580367c09f9969b725174b649b1e,archived_input_copy
ASSET_f661fb9b54a777ac800d,releases/0.1.0/input_snapshot/research/references/uniprot_IL10.request.json,338,transparent path/extension rule; documentary snapshots are not biological raw measurements,resource_metadata_snapshot,AFILE_a0f4c8bf0ef824bbf5,json,research/references/uniprot_IL10.request.json,atlas/releases/0.1.0/input_snapshot/research/references/uniprot_IL10.request.json,f661fb9b54a777ac800d9f665a13fd78e3f51f0b52d05fa311698f5953389014,archived_input_copy
ASSET_0e631125c45b685691d7,releases/0.1.0/input_snapshot/research/references/uniprot_IL10.response.json,1007,transparent path/extension rule; documentary snapshots are not biological raw measurements,resource_metadata_snapshot,AFILE_9a8ad8e2ed05ad277c,json,research/references/uniprot_IL10.response.json,atlas/releases/0.1.0/input_snapshot/research/references/uniprot_IL10.response.json,0e631125c45b685691d7595b284a7caa0e596f4c0133f56cdbf13e1ddfa034a7,archived_input_copy
ASSET_ce089ec46e6ee82b91bd,releases/0.1.0/input_snapshot/research/references/uniprot_IL12A.json,85657,transparent path/extension rule; documentary snapshots are not biological raw measurements,resource_metadata_snapshot,AFILE_a6cad3ed23ca4bcb5e,json,research/references/uniprot_IL12A.json,atlas/releases/0.1.0/input_snapshot/research/references/uniprot_IL12A.json,ce089ec46e6ee82b91bdf4a3f8e1263c83baaeb28081dd8eaed5ffd1b959a022,archived_input_copy
ASSET_f38d7cbabbba0afadaa9,releases/0.1.0/input_snapshot/research/references/uniprot_IL12A.request.json,340,transparent path/extension rule; documentary snapshots are not biological raw measurements,resource_metadata_snapshot,AFILE_b1878d6b2d6f3eb2ae,json,research/references/uniprot_IL12A.request.json,atlas/releases/0.1.0/input_snapshot/research/references/uniprot_IL12A.request.json,f38d7cbabbba0afadaa9ce86024907018b736942b4ece63c11f722e1114f2d52,archived_input_copy
ASSET_3220d687dd119fb2b4f9,releases/0.1.0/input_snapshot/research/references/uniprot_IL12A.response.json,974,transparent path/extension rule; documentary snapshots are not biological raw measurements,resource_metadata_snapshot,AFILE_7a788c3f4a6e6a55b3,json,research/references/uniprot_IL12A.response.json,atlas/releases/0.1.0/input_snapshot/research/references/uniprot_IL12A.response.json,3220d687dd119fb2b4f94338f90980cc8c12e67cb15a444e4f4e476b8575cecf,archived_input_copy
ASSET_aefe8f13ba48952f0d15,releases/0.1.0/input_snapshot/research/references/uniprot_IL12B.json,131187,transparent path/extension rule; documentary snapshots are not biological raw measurements,resource_metadata_snapshot,AFILE_d96b3b9b697fee44b5,json,research/references/uniprot_IL12B.json,atlas/releases/0.1.0/input_snapshot/research/references/uniprot_IL12B.json,aefe8f13ba48952f0d1548e466bd3143647a8f9eadf1f722e070a8be5c9b5b18,archived_input_copy
ASSET_d4ef11bf582c7ac00674,releases/0.1.0/input_snapshot/research/references/uniprot_IL12B.request.json,340,transparent path/extension rule; documentary snapshots are not biological raw measurements,resource_metadata_snapshot,AFILE_ec8378060f892aaaad,json,research/references/uniprot_IL12B.request.json,atlas/releases/0.1.0/input_snapshot/research/references/uniprot_IL12B.request.json,d4ef11bf582c7ac00674d2d0fcd605f455609ef3a19aeddda565d5d039bac895,archived_input_copy
ASSET_e47886b0d8a9929a8260,releases/0.1.0/input_snapshot/research/references/uniprot_IL12B.response.json,1023,transparent path/extension rule; documentary snapshots are not biological raw measurements,resource_metadata_snapshot,AFILE_0b87e3445439287079,json,research/references/uniprot_IL12B.response.json,atlas/releases/0.1.0/input_snapshot/research/references/uniprot_IL12B.response.json,e47886b0d8a9929a8260610b76edc4f6accf03d02ec10b8f73e151cc37d9d28a,archived_input_copy
ASSET_3664589414d41a843764,releases/0.1.0/input_snapshot/research/references/uniprot_IL13.json,104385,transparent path/extension rule; documentary snapshots are not biological raw measurements,resource_metadata_snapshot,AFILE_f076090dcb639ac36e,json,research/references/uniprot_IL13.json,atlas/releases/0.1.0/input_snapshot/research/references/uniprot_IL13.json,3664589414d41a843764556324da2a279cdd2ed1a7097b007e92d282366c1306,archived_input_copy
ASSET_ea65d07e1684f0a53cac,releases/0.1.0/input_snapshot/research/references/uniprot_IL13.request.json,338,transparent path/extension rule; documentary snapshots are not biological raw measurements,resource_metadata_snapshot,AFILE_7ea382f3d237fa1341,json,research/references/uniprot_IL13.request.json,atlas/releases/0.1.0/input_snapshot/research/references/uniprot_IL13.request.json,ea65d07e1684f0a53cacbda7b3c5b44c4baf03c6f1e433a326efb4c5bf594f06,archived_input_copy
ASSET_dec6b22ee436a294669c,releases/0.1.0/input_snapshot/research/references/uniprot_IL13.response.json,965,transparent path/extension rule; documentary snapshots are not biological raw measurements,resource_metadata_snapshot,AFILE_2af77c7d7269fb1768,json,research/references/uniprot_IL13.response.json,atlas/releases/0.1.0/input_snapshot/research/references/uniprot_IL13.response.json,dec6b22ee436a294669cdc1e20663983ebf78edb1d5d8b1873ddd3f8af62ebcb,archived_input_copy
ASSET_a682b20afa52bfb33d35,releases/0.1.0/input_snapshot/research/references/uniprot_IL15.json,104103,transparent path/extension rule; documentary snapshots are not biological raw measurements,resource_metadata_snapshot,AFILE_d9dee8ce483d62915f,json,research/references/uniprot_IL15.json,atlas/releases/0.1.0/input_snapshot/research/references/uniprot_IL15.json,a682b20afa52bfb33d35f98a5f30fa3cbaa2dac4da49acdd9bc67d2f31600c75,archived_input_copy
ASSET_dbf3ae371de6bcc59d7d,releases/0.1.0/input_snapshot/research/references/uniprot_IL15.request.json,338,transparent path/extension rule; documentary snapshots are not biological raw measurements,resource_metadata_snapshot,AFILE_afc2c40cad657a7b17,json,research/references/uniprot_IL15.request.json,atlas/releases/0.1.0/input_snapshot/research/references/uniprot_IL15.request.json,dbf3ae371de6bcc59d7db726f1d8334354ba965bb5f39db31be158b9ace077a5,archived_input_copy
ASSET_e12984c10ab56dcdbd7c,releases/0.1.0/input_snapshot/research/references/uniprot_IL15.response.json,1005,transparent path/extension rule; documentary snapshots are not biological raw measurements,resource_metadata_snapshot,AFILE_1d46035ffc3d726e02,json,research/references/uniprot_IL15.response.json,atlas/releases/0.1.0/input_snapshot/research/references/uniprot_IL15.response.json,e12984c10ab56dcdbd7c6ffddadb9c06cf1d5f97e5877030a3c9860b17fe59a4,archived_input_copy
ASSET_787cb9ed6c0d5736719e,releases/0.1.0/input_snapshot/research/references/uniprot_IL16.json,330535,transparent path/extension rule; documentary snapshots are not biological raw measurements,resource_metadata_snapshot,AFILE_3fdc2f28e71d6740cc,json,research/references/uniprot_IL16.json,atlas/releases/0.1.0/input_snapshot/research/references/uniprot_IL16.json,787cb9ed6c0d5736719e08f5ad3cd7823cf1f13060e4bccb0b2c36a564d44fe0,archived_input_copy
ASSET_f54590c1496b7c95e7e9,releases/0.1.0/input_snapshot/research/references/uniprot_IL16.request.json,338,transparent path/extension rule; documentary snapshots are not biological raw measurements,resource_metadata_snapshot,AFILE_6904a4e663829f9774,json,research/references/uniprot_IL16.request.json,atlas/releases/0.1.0/input_snapshot/research/references/uniprot_IL16.request.json,f54590c1496b7c95e7e9a906f52eee61bf3bb8b098bea4e2458624dfca2592c0,archived_input_copy
ASSET_29751923ec6c0ac52d67,releases/0.1.0/input_snapshot/research/references/uniprot_IL16.response.json,1023,transparent path/extension rule; documentary snapshots are not biological raw measurements,resource_metadata_snapshot,AFILE_25996ecc63982e40f7,json,research/references/uniprot_IL16.response.json,atlas/releases/0.1.0/input_snapshot/research/references/uniprot_IL16.response.json,29751923ec6c0ac52d67d42bd0e0c32ad51334231ef6e1e306043a8d4652f565,archived_input_copy
ASSET_b475356a182537e37171,releases/0.1.0/input_snapshot/research/references/uniprot_IL17A.json,124224,transparent path/extension rule; documentary snapshots are not biological raw measurements,resource_metadata_snapshot,AFILE_3f9f25b1721d2d9b4f,json,research/references/uniprot_IL17A.json,atlas/releases/0.1.0/input_snapshot/research/references/uniprot_IL17A.json,b475356a182537e3717192dd12b849b0ef559d1e61fe2cd60322ae54c7348e23,archived_input_copy
ASSET_cceebb4396ecc3cf6b41,releases/0.1.0/input_snapshot/research/references/uniprot_IL17A.request.json,340,transparent path/extension rule; documentary snapshots are not biological raw measurements,resource_metadata_snapshot,AFILE_bfcb6bd3992b32bd2f,json,research/references/uniprot_IL17A.request.json,atlas/releases/0.1.0/input_snapshot/research/references/uniprot_IL17A.request.json,cceebb4396ecc3cf6b41b2449c0194d72fcd5fcd81dd0f9ab77dfa43450a0dfd,archived_input_copy
ASSET_c0335180f329bc02b063,releases/0.1.0/input_snapshot/research/references/uniprot_IL17A.response.json,973,transparent path/extension rule; documentary snapshots are not biological raw measurements,resource_metadata_snapshot,AFILE_3b0f059be2cf4fb819,json,research/references/uniprot_IL17A.response.json,atlas/releases/0.1.0/input_snapshot/research/references/uniprot_IL17A.response.json,c0335180f329bc02b0633a0b1ad0c70766433c34a46fada96844375d426e2d77,archived_input_copy
ASSET_9fc3a121a644741a9d7f,releases/0.1.0/input_snapshot/research/references/uniprot_IL1A.json,120023,transparent path/extension rule; documentary snapshots are not biological raw measurements,resource_metadata_snapshot,AFILE_d895edea02ae5f99ab,json,research/references/uniprot_IL1A.json,atlas/releases/0.1.0/input_snapshot/research/references/uniprot_IL1A.json,9fc3a121a644741a9d7ffd41844dab9e556c2821ded130273979b51e6855140b,archived_input_copy
ASSET_64e3c3ce3c17de7e968a,releases/0.1.0/input_snapshot/research/references/uniprot_IL1A.request.json,338,transparent path/extension rule; documentary snapshots are not biological raw measurements,resource_metadata_snapshot,AFILE_b4a12bc0a4afe98492,json,research/references/uniprot_IL1A.request.json,atlas/releases/0.1.0/input_snapshot/research/references/uniprot_IL1A.request.json,64e3c3ce3c17de7e968acd41958706b2450ee8065378d9af0a448360f6c7828a,archived_input_copy
ASSET_06fdb501b28789be5c39,releases/0.1.0/input_snapshot/research/references/uniprot_IL1A.response.json,982,transparent path/extension rule; documentary snapshots are not biological raw measurements,resource_metadata_snapshot,AFILE_12ebeccb580d29a453,json,research/references/uniprot_IL1A.response.json,atlas/releases/0.1.0/input_snapshot/research/references/uniprot_IL1A.response.json,06fdb501b28789be5c39fc677d8afadce27be5588490c63884071ee7746ff075,archived_input_copy
ASSET_80677a941288d75bfa94,releases/0.1.0/input_snapshot/research/references/uniprot_IL1B.json,213502,transparent path/extension rule; documentary snapshots are not biological raw measurements,resource_metadata_snapshot,AFILE_ede5972a5812bf7fdc,json,research/references/uniprot_IL1B.json,atlas/releases/0.1.0/input_snapshot/research/references/uniprot_IL1B.json,80677a941288d75bfa9451844eff7a9ed29b1dc718bf7658ab8d7470ac3a89a4,archived_input_copy
ASSET_1e48c5ffad6e5e7fd89c,releases/0.1.0/input_snapshot/research/references/uniprot_IL1B.request.json,338,transparent path/extension rule; documentary snapshots are not biological raw measurements,resource_metadata_snapshot,AFILE_66704c7ae35471b0a4,json,research/references/uniprot_IL1B.request.json,atlas/releases/0.1.0/input_snapshot/research/references/uniprot_IL1B.request.json,1e48c5ffad6e5e7fd89c356e6455519a0cc983ba260510029e296bb45378ce0c,archived_input_copy
ASSET_b76decb50df3147f0fa3,releases/0.1.0/input_snapshot/research/references/uniprot_IL1B.response.json,1022,transparent path/extension rule; documentary snapshots are not biological raw measurements,resource_metadata_snapshot,AFILE_5346391226354f66a3,json,research/references/uniprot_IL1B.response.json,atlas/releases/0.1.0/input_snapshot/research/references/uniprot_IL1B.response.json,b76decb50df3147f0fa3240601134822256ac59dfaff7f86f6812c66c28ea5c3,archived_input_copy
ASSET_11b4c9dfb95dcf90ba6f,releases/0.1.0/input_snapshot/research/references/uniprot_IL2.json,118765,transparent path/extension rule; documentary snapshots are not biological raw measurements,resource_metadata_snapshot,AFILE_74a740d45573f5ff37,json,research/references/uniprot_IL2.json,atlas/releases/0.1.0/input_snapshot/research/references/uniprot_IL2.json,11b4c9dfb95dcf90ba6f3abafdab2ef3290293eca78158c748d50152ea456f14,archived_input_copy
ASSET_2ab2019a360d048f240f,releases/0.1.0/input_snapshot/research/references/uniprot_IL2.request.json,336,transparent path/extension rule; documentary snapshots are not biological raw measurements,resource_metadata_snapshot,AFILE_5be98492e531b07c4c,json,research/references/uniprot_IL2.request.json,atlas/releases/0.1.0/input_snapshot/research/references/uniprot_IL2.request.json,2ab2019a360d048f240f4552601114f5ec26ad6f20ffa6c3efd09ed66282178d,archived_input_copy
ASSET_b99b1fc1be9dcc322e24,releases/0.1.0/input_snapshot/research/references/uniprot_IL2.response.json,989,transparent path/extension rule; documentary snapshots are not biological raw measurements,resource_metadata_snapshot,AFILE_ce20e79b5613d05243,json,research/references/uniprot_IL2.response.json,atlas/releases/0.1.0/input_snapshot/research/references/uniprot_IL2.response.json,b99b1fc1be9dcc322e249c44f329bcf139e9bf9ea5d3b46aef0cd3564749587b,archived_input_copy
ASSET_d356080c4ed94add51e6,releases/0.1.0/input_snapshot/research/references/uniprot_IL4.json,116062,transparent path/extension rule; documentary snapshots are not biological raw measurements,resource_metadata_snapshot,AFILE_edeccff50111e18c08,json,research/references/uniprot_IL4.json,atlas/releases/0.1.0/input_snapshot/research/references/uniprot_IL4.json,d356080c4ed94add51e600bb3a563628a9dc099bedf5c3d95372da7b290ab2cf,archived_input_copy
ASSET_bac7175f60ce778345b3,releases/0.1.0/input_snapshot/research/references/uniprot_IL4.request.json,336,transparent path/extension rule; documentary snapshots are not biological raw measurements,resource_metadata_snapshot,AFILE_10bdbcd61d92f10e35,json,research/references/uniprot_IL4.request.json,atlas/releases/0.1.0/input_snapshot/research/references/uniprot_IL4.request.json,bac7175f60ce778345b30e800f08e052f7fe4da7021c18932903564c790088b6,archived_input_copy
ASSET_b81885e7b7e5379c2dfe,releases/0.1.0/input_snapshot/research/references/uniprot_IL4.response.json,980,transparent path/extension rule; documentary snapshots are not biological raw measurements,resource_metadata_snapshot,AFILE_ba498918ced6b52fb0,json,research/references/uniprot_IL4.response.json,atlas/releases/0.1.0/input_snapshot/research/references/uniprot_IL4.response.json,b81885e7b7e5379c2dfea1045ebc7d02d1ae52df4d73d360c6df9adbd251cfcd,archived_input_copy
ASSET_60d57a8bcd962eb40fb7,releases/0.1.0/input_snapshot/research/references/uniprot_IL5.json,73539,transparent path/extension rule; documentary snapshots are not biological raw measurements,resource_metadata_snapshot,AFILE_913d826ce46001569d,json,research/references/uniprot_IL5.json,atlas/releases/0.1.0/input_snapshot/research/references/uniprot_IL5.json,60d57a8bcd962eb40fb7343e4cde9ee004ebd1da4e5976b9b031f087305dc5b1,archived_input_copy
ASSET_21d453c7168260f90bd5,releases/0.1.0/input_snapshot/research/references/uniprot_IL5.request.json,336,transparent path/extension rule; documentary snapshots are not biological raw measurements,resource_metadata_snapshot,AFILE_bc1a4f33abaf3e8f8b,json,research/references/uniprot_IL5.request.json,atlas/releases/0.1.0/input_snapshot/research/references/uniprot_IL5.request.json,21d453c7168260f90bd5ca5a95f5b6b7afbe7a4f304c660f0da871b3f58f26ae,archived_input_copy
ASSET_e1500ac4b76ed5d9a2a6,releases/0.1.0/input_snapshot/research/references/uniprot_IL5.response.json,970,transparent path/extension rule; documentary snapshots are not biological raw measurements,resource_metadata_snapshot,AFILE_c9327328669d543c3e,json,research/references/uniprot_IL5.response.json,atlas/releases/0.1.0/input_snapshot/research/references/uniprot_IL5.response.json,e1500ac4b76ed5d9a2a682446d54b1f30eb4cf22ac969096bcdabdbcdfc03844,archived_input_copy
ASSET_6fb15320a443a455a08f,releases/0.1.0/input_snapshot/research/references/uniprot_IL6.json,171291,transparent path/extension rule; documentary snapshots are not biological raw measurements,resource_metadata_snapshot,AFILE_23199a3bb644d2ed68,json,research/references/uniprot_IL6.json,atlas/releases/0.1.0/input_snapshot/research/references/uniprot_IL6.json,6fb15320a443a455a08fe049b9a077f539a106072baac06b1f448de35b381a39,archived_input_copy
ASSET_2726cf4539ee6cb674e1,releases/0.1.0/input_snapshot/research/references/uniprot_IL6.request.json,336,transparent path/extension rule; documentary snapshots are not biological raw measurements,resource_metadata_snapshot,AFILE_3d7ece03e06f997050,json,research/references/uniprot_IL6.request.json,atlas/releases/0.1.0/input_snapshot/research/references/uniprot_IL6.request.json,2726cf4539ee6cb674e1bf89df99a13f6aefad6f351cc7d6762874b955f8e838,archived_input_copy
ASSET_ba67a15bf0527e9e1419,releases/0.1.0/input_snapshot/research/references/uniprot_IL6.response.json,990,transparent path/extension rule; documentary snapshots are not biological raw measurements,resource_metadata_snapshot,AFILE_863581e328fb7d4bf3,json,research/references/uniprot_IL6.response.json,atlas/releases/0.1.0/input_snapshot/research/references/uniprot_IL6.response.json,ba67a15bf0527e9e1419233ddb7c177ce9e4dcd6e248002ed2e48a8e00be5b23,archived_input_copy
ASSET_26f432747e41c5c72566,releases/0.1.0/input_snapshot/research/references/uniprot_IL7.json,76089,transparent path/extension rule; documentary snapshots are not biological raw measurements,resource_metadata_snapshot,AFILE_05de7c984bbcf30057,json,research/references/uniprot_IL7.json,atlas/releases/0.1.0/input_snapshot/research/references/uniprot_IL7.json,26f432747e41c5c725665d514634018aab2fd66b119cefc5262e607fe27404d9,archived_input_copy
ASSET_ea18bf9c3f8225a7fb5f,releases/0.1.0/input_snapshot/research/references/uniprot_IL7.request.json,336,transparent path/extension rule; documentary snapshots are not biological raw measurements,resource_metadata_snapshot,AFILE_28becaef2a65990f91,json,research/references/uniprot_IL7.request.json,atlas/releases/0.1.0/input_snapshot/research/references/uniprot_IL7.request.json,ea18bf9c3f8225a7fb5fc5432af9120c90bc512d71af3bbd10c61730182349bf,archived_input_copy
ASSET_3a267746bcc4d4efeb4a,releases/0.1.0/input_snapshot/research/references/uniprot_IL7.response.json,963,transparent path/extension rule; documentary snapshots are not biological raw measurements,resource_metadata_snapshot,AFILE_1e411eae189645cf02,json,research/references/uniprot_IL7.response.json,atlas/releases/0.1.0/input_snapshot/research/references/uniprot_IL7.response.json,3a267746bcc4d4efeb4a4154ecfe049e7afa8ce152d4af1f6fc7643992ec76b5,archived_input_copy
ASSET_37c513b236b9a61bcc78,releases/0.1.0/input_snapshot/research/references/uniprot_LTA.json,91387,transparent path/extension rule; documentary snapshots are not biological raw measurements,resource_metadata_snapshot,AFILE_3858f000cc5281aa76,json,research/references/uniprot_LTA.json,atlas/releases/0.1.0/input_snapshot/research/references/uniprot_LTA.json,37c513b236b9a61bcc7835f974add2d051f2191f4d3a1b1ebb10f7181b98a69f,archived_input_copy
ASSET_337707ad7d252f102728,releases/0.1.0/input_snapshot/research/references/uniprot_LTA.request.json,336,transparent path/extension rule; documentary snapshots are not biological raw measurements,resource_metadata_snapshot,AFILE_740881354103aa3593,json,research/references/uniprot_LTA.request.json,atlas/releases/0.1.0/input_snapshot/research/references/uniprot_LTA.request.json,337707ad7d252f1027287dbf3d8568620a4a9dc1f4b6ae70060347fd73b144f0,archived_input_copy
ASSET_836c50cfeb559a779bba,releases/0.1.0/input_snapshot/research/references/uniprot_LTA.response.json,981,transparent path/extension rule; documentary snapshots are not biological raw measurements,resource_metadata_snapshot,AFILE_9b3637d5ce54164512,json,research/references/uniprot_LTA.response.json,atlas/releases/0.1.0/input_snapshot/research/references/uniprot_LTA.response.json,836c50cfeb559a779bba5092cb3b207013cfeb10a4c755ee2559065900dcfe61,archived_input_copy
ASSET_e0ff0ba226d6d35a9fff,releases/0.1.0/input_snapshot/research/references/uniprot_TNF.json,262771,transparent path/extension rule; documentary snapshots are not biological raw measurements,resource_metadata_snapshot,AFILE_89382a4214c29a340f,json,research/references/uniprot_TNF.json,atlas/releases/0.1.0/input_snapshot/research/references/uniprot_TNF.json,e0ff0ba226d6d35a9fff2f24366edb2f7bf6bba1c8e6ae18c907f8463b2623f7,archived_input_copy
ASSET_1da53522b6738cc4b183,releases/0.1.0/input_snapshot/research/references/uniprot_TNF.request.json,336,transparent path/extension rule; documentary snapshots are not biological raw measurements,resource_metadata_snapshot,AFILE_d14f757aaf6c0bfe3b,json,research/references/uniprot_TNF.request.json,atlas/releases/0.1.0/input_snapshot/research/references/uniprot_TNF.request.json,1da53522b6738cc4b183a70f4e693048bd4ea2cd8d1f049271e4bcb930537a42,archived_input_copy
ASSET_50a102bda6102765009e,releases/0.1.0/input_snapshot/research/references/uniprot_TNF.response.json,1010,transparent path/extension rule; documentary snapshots are not biological raw measurements,resource_metadata_snapshot,AFILE_eb8faf483ee13371fd,json,research/references/uniprot_TNF.response.json,atlas/releases/0.1.0/input_snapshot/research/references/uniprot_TNF.response.json,50a102bda6102765009eb0c58040ea254934289f607dbd4be232399ef545cb26,archived_input_copy
ASSET_64143d4a8be940508a41,releases/0.1.0/input_snapshot/research/references/uniprot_VEGFA.json,276897,transparent path/extension rule; documentary snapshots are not biological raw measurements,resource_metadata_snapshot,AFILE_fb1f673887797be3ba,json,research/references/uniprot_VEGFA.json,atlas/releases/0.1.0/input_snapshot/research/references/uniprot_VEGFA.json,64143d4a8be940508a41a64616aa5f24d96b12c5538fb514424d9606a2adc6c3,archived_input_copy
ASSET_94186762428301e000a5,releases/0.1.0/input_snapshot/research/references/uniprot_VEGFA.request.json,340,transparent path/extension rule; documentary snapshots are not biological raw measurements,resource_metadata_snapshot,AFILE_5037452577696681e2,json,research/references/uniprot_VEGFA.request.json,atlas/releases/0.1.0/input_snapshot/research/references/uniprot_VEGFA.request.json,94186762428301e000a558c71c029d852c6c2428e63faa39bd73904b20f16cda,archived_input_copy
ASSET_e340608c082a9276ee41,releases/0.1.0/input_snapshot/research/references/uniprot_VEGFA.response.json,1101,transparent path/extension rule; documentary snapshots are not biological raw measurements,resource_metadata_snapshot,AFILE_c67429b9436192f534,json,research/references/uniprot_VEGFA.response.json,atlas/releases/0.1.0/input_snapshot/research/references/uniprot_VEGFA.response.json,e340608c082a9276ee41ca4969f41e6ab27e523e5310b3009836ca77971a38c5,archived_input_copy
ASSET_f526336a026170742eed,releases/0.1.0/input_snapshot/research/review_cytokine.json,10075,transparent path/extension rule; documentary snapshots are not biological raw measurements,structured_curation_or_provenance,AFILE_6366e7d7b14b082dfc,json,research/review_cytokine.json,atlas/releases/0.1.0/input_snapshot/research/review_cytokine.json,f526336a026170742eed03c25e81f28a9bc98774cce7c5f820a4fa9f68bed09a,archived_input_copy
ASSET_eff01477aa7ce0d38648,releases/0.1.0/input_snapshot/research/review_implementation.json,12569,transparent path/extension rule; documentary snapshots are not biological raw measurements,structured_curation_or_provenance,AFILE_633886092d8a000fe5,json,research/review_implementation.json,atlas/releases/0.1.0/input_snapshot/research/review_implementation.json,eff01477aa7ce0d386481c336b9f53dfc43e172c66e96654a77b2098380589d8,archived_input_copy
ASSET_6178648fa2dcfa1c2b1b,releases/0.1.0/input_snapshot/research/review_multiomic.json,12303,transparent path/extension rule; documentary snapshots are not biological raw measurements,structured_curation_or_provenance,AFILE_fe106a7b7d89ece3d7,json,research/review_multiomic.json,atlas/releases/0.1.0/input_snapshot/research/review_multiomic.json,6178648fa2dcfa1c2b1b33d2f95c453e968ccc5977530c2676a6b782d8b7e545,archived_input_copy
ASSET_685f050bfb4b6b74808e,releases/0.1.0/input_snapshot/scripts/annotate_scoring.py,2230,transparent path/extension rule; documentary snapshots are not biological raw measurements,code_or_environment_specification,AFILE_cb4833a33aef33dc47,py,scripts/annotate_scoring.py,atlas/releases/0.1.0/input_snapshot/scripts/annotate_scoring.py,685f050bfb4b6b74808ea9f736f8f379c766823ad3c0c808680995703e6e5279,archived_input_copy
ASSET_977b5d439913980c7e9b,releases/0.1.0/input_snapshot/scripts/kb.py,46206,transparent path/extension rule; documentary snapshots are not biological raw measurements,code_or_environment_specification,AFILE_c48cb35d9d16bba112,py,scripts/kb.py,atlas/releases/0.1.0/input_snapshot/scripts/kb.py,977b5d439913980c7e9b30d8b59c9788f7bebc3a1021482dcfaa52b530698e9a,archived_input_copy
ASSET_ed9449638e61a8664379,releases/0.1.0/input_snapshot/scripts/retrieve_references.py,9377,transparent path/extension rule; documentary snapshots are not biological raw measurements,code_or_environment_specification,AFILE_99005afa0854c4477d,py,scripts/retrieve_references.py,atlas/releases/0.1.0/input_snapshot/scripts/retrieve_references.py,ed9449638e61a8664379b86ee44c70b29c7e887b888f6aea7365b7319905535d,archived_input_copy
ASSET_77e4d124a432edcfbb81,releases/0.1.0/input_snapshot/scripts/write_status.py,6743,transparent path/extension rule; documentary snapshots are not biological raw measurements,code_or_environment_specification,AFILE_89b474f141c20c137a,py,scripts/write_status.py,atlas/releases/0.1.0/input_snapshot/scripts/write_status.py,77e4d124a432edcfbb812f919a1a28c9f5e45dbcc632a8175335d51f19e979e0,archived_input_copy
ASSET_71d741e6f4a3854e8c3e,releases/0.1.0/input_snapshot/tests/test_kb.py,9648,transparent path/extension rule; documentary snapshots are not biological raw measurements,code_or_environment_specification,AFILE_f6941c995497de42ea,py,tests/test_kb.py,atlas/releases/0.1.0/input_snapshot/tests/test_kb.py,71d741e6f4a3854e8c3ed2de7bb04d54fe82920bcaeac63674e67ea87fb87656,archived_input_copy
ASSET_ec9b6efea3104b853a26,releases/0.1.0/instruction_versions.csv,1286,transparent path/extension rule; documentary snapshots are not biological raw measurements,derived_atlas_table_or_database,AFILE_df15d1cf0ad33579e3,csv,releases/0.1.0/instruction_versions.csv,atlas/releases/0.1.0/instruction_versions.csv,ec9b6efea3104b853a26b083e8c6386816ba50d9a74721a97a3d954bafa9edc4,frozen_release_output
ASSET_e30a31b7ea724cdf207d,releases/0.1.0/journal_metrics.csv,79,transparent path/extension rule; documentary snapshots are not biological raw measurements,derived_atlas_table_or_database,AFILE_b7a649896d26a208c1,csv,releases/0.1.0/journal_metrics.csv,atlas/releases/0.1.0/journal_metrics.csv,e30a31b7ea724cdf207d23681cd33110d18d2d71ed94cbcf32fe9e542a05db5a,frozen_release_output
ASSET_6ef2ada53d85c341987f,releases/0.1.0/manifest.json,45591,transparent path/extension rule; documentary snapshots are not biological raw measurements,structured_curation_or_provenance,AFILE_cf0da977d9be9f649b,json,releases/0.1.0/manifest.json,atlas/releases/0.1.0/manifest.json,6ef2ada53d85c341987f30d3355f4cde99157cdf5fe3883d56bdda936fecf8b0,frozen_release_output
ASSET_a04aec3ec151e0ddf9c6,releases/0.1.0/materialized_paths.csv,62,transparent path/extension rule; documentary snapshots are not biological raw measurements,derived_atlas_table_or_database,AFILE_a11a48fa2b77fe9511,csv,releases/0.1.0/materialized_paths.csv,atlas/releases/0.1.0/materialized_paths.csv,a04aec3ec151e0ddf9c663a230e54453a4193ad0333286d75630c9aafa7dd55e,frozen_release_output
ASSET_c7e7f09fd2441c9fc2bc,releases/0.1.0/molecular_qtls.csv,1284,transparent path/extension rule; documentary snapshots are not biological raw measurements,derived_atlas_table_or_database,AFILE_4b2b8cce3d59c80b83,csv,releases/0.1.0/molecular_qtls.csv,atlas/releases/0.1.0/molecular_qtls.csv,c7e7f09fd2441c9fc2bcc4da2048d019651d664f4bd3b87b0c93860502b1286f,frozen_release_output
ASSET_5bf88bf2120660e43b84,releases/0.1.0/multiomic_links.csv,3244,transparent path/extension rule; documentary snapshots are not biological raw measurements,derived_atlas_table_or_database,AFILE_6a47fa62191969189a,csv,releases/0.1.0/multiomic_links.csv,atlas/releases/0.1.0/multiomic_links.csv,5bf88bf2120660e43b842a0e7adce979ff3cfb77ee6463ea527f4175fd5a1379,frozen_release_output
ASSET_585a690da6ea40cc973c,releases/0.1.0/prior_changes.csv,140216,transparent path/extension rule; documentary snapshots are not biological raw measurements,derived_atlas_table_or_database,AFILE_68877e565eeff1f251,csv,releases/0.1.0/prior_changes.csv,atlas/releases/0.1.0/prior_changes.csv,585a690da6ea40cc973c7e7ada48bfeccde792cf55957ced874fde6428627ddc,frozen_release_output
ASSET_1db0cac166df713645c9,releases/0.1.0/prior_parameters.csv,150995,transparent path/extension rule; documentary snapshots are not biological raw measurements,derived_atlas_table_or_database,AFILE_25898a98d5f2936a0d,csv,releases/0.1.0/prior_parameters.csv,atlas/releases/0.1.0/prior_parameters.csv,1db0cac166df713645c93d7da976f2d616ec22e4065561afa5426d37c48c0215,frozen_release_output
ASSET_4fd5cffa591ce6232501,releases/0.1.0/protein_modifications.csv,578,transparent path/extension rule; documentary snapshots are not biological raw measurements,derived_atlas_table_or_database,AFILE_f057ca99874df3eeb4,csv,releases/0.1.0/protein_modifications.csv,atlas/releases/0.1.0/protein_modifications.csv,4fd5cffa591ce6232501734ac1b0d505a19671c0d20ca11dc27dc16260ad4bf0,frozen_release_output
ASSET_8a14d4a728f8997fedee,releases/0.1.0/proteomic_observations.csv,11575,transparent path/extension rule; documentary snapshots are not biological raw measurements,derived_atlas_table_or_database,AFILE_08cf6874189c7005e7,csv,releases/0.1.0/proteomic_observations.csv,atlas/releases/0.1.0/proteomic_observations.csv,8a14d4a728f8997fedee01ff26660332c6e58b2b0f450a254e9dad04b55d75f4,frozen_release_output
ASSET_9bb723de884bf9754abb,releases/0.1.0/protocol_instruction_manifest.json,2175,transparent path/extension rule; documentary snapshots are not biological raw measurements,structured_curation_or_provenance,AFILE_d5132941ac1af6ab23,json,releases/0.1.0/protocol_instruction_manifest.json,atlas/releases/0.1.0/protocol_instruction_manifest.json,9bb723de884bf9754abb9b1b207ef260a42bdb9fb2c71df2e32a619b6d8646a5,frozen_release_output
ASSET_8b3d1cb2dba1a40d9542,releases/0.1.0/provenance_manifest.json,143591,transparent path/extension rule; documentary snapshots are not biological raw measurements,structured_curation_or_provenance,AFILE_a132b2a13a052f407b,json,releases/0.1.0/provenance_manifest.json,atlas/releases/0.1.0/provenance_manifest.json,8b3d1cb2dba1a40d95421e08a1cc6eec3687d45fd3cb47860494a1831c5ed398,frozen_release_output
ASSET_8bf2645860ccda3373a6,releases/0.1.0/qc.json,1656,transparent path/extension rule; documentary snapshots are not biological raw measurements,structured_curation_or_provenance,AFILE_89850f8a7046e4d82b,json,releases/0.1.0/qc.json,atlas/releases/0.1.0/qc.json,8bf2645860ccda3373a6440f2ebb99de1346ca8105a9878ad7001ed924ad3956,frozen_release_output
ASSET_eaed65f4fc6224aa1a7f,releases/0.1.0/regulatory_evidence.csv,325,transparent path/extension rule; documentary snapshots are not biological raw measurements,derived_atlas_table_or_database,AFILE_1e3630b9410fabb7c4,csv,releases/0.1.0/regulatory_evidence.csv,atlas/releases/0.1.0/regulatory_evidence.csv,eaed65f4fc6224aa1a7fe27e51c1374ff8e4e4f3cf30b2a65eaff8adf6f2282e,frozen_release_output
ASSET_c070f415c6b0c0be6e64,releases/0.1.0/samples.csv,58,transparent path/extension rule; documentary snapshots are not biological raw measurements,derived_atlas_table_or_database,AFILE_7b144046b0730965f1,csv,releases/0.1.0/samples.csv,atlas/releases/0.1.0/samples.csv,c070f415c6b0c0be6e64cc4420051c34a42b1f498f316de8e4974e0c803bbf76,frozen_release_output
ASSET_16ac00d741a7cf8a1725,releases/0.1.0/screening_decisions.csv,4404,transparent path/extension rule; documentary snapshots are not biological raw measurements,derived_atlas_table_or_database,AFILE_5e87808aa8571b0f56,csv,releases/0.1.0/screening_decisions.csv,atlas/releases/0.1.0/screening_decisions.csv,16ac00d741a7cf8a1725beaf560dd2ac872425cc81222ba33f514f7f6dd1fcfb,frozen_release_output
ASSET_6a4ba8658a92139278ba,releases/0.1.0/search_log.csv,45694,transparent path/extension rule; documentary snapshots are not biological raw measurements,derived_atlas_table_or_database,AFILE_af1a13e0610a449616,csv,releases/0.1.0/search_log.csv,atlas/releases/0.1.0/search_log.csv,6a4ba8658a92139278babf1945134b153e3aebda6b04df4be6ad66d00bc0c1fc,frozen_release_output
ASSET_239ac7ef1f3378c82f08,releases/0.1.0/security_redactions.json,1074,transparent path/extension rule; documentary snapshots are not biological raw measurements,structured_curation_or_provenance,AFILE_d841443171a2b77a74,json,releases/0.1.0/security_redactions.json,atlas/releases/0.1.0/security_redactions.json,239ac7ef1f3378c82f081346ce4ac4d00f317127c02277a038b63e7dec55291e,frozen_release_output
ASSET_ef88488b240abd566868,releases/0.1.0/source_manifest.json,157063,transparent path/extension rule; documentary snapshots are not biological raw measurements,structured_curation_or_provenance,AFILE_a3a2c464f5cf65b988,json,releases/0.1.0/source_manifest.json,atlas/releases/0.1.0/source_manifest.json,ef88488b240abd566868033591da570f04129dc6ae08f56f2c834ae77cea2330,frozen_release_output
ASSET_9b6aa51c88210ef9d142,releases/0.1.0/source_registry.csv,45963,transparent path/extension rule; documentary snapshots are not biological raw measurements,derived_atlas_table_or_database,AFILE_117749794de1217e02,csv,releases/0.1.0/source_registry.csv,atlas/releases/0.1.0/source_registry.csv,9b6aa51c88210ef9d1423796924ead169635857a76ffd5054de0f7a466c5e3f8,frozen_release_output
ASSET_8b52eccfbadaf0379912,releases/0.1.0/transcriptional_programs.csv,66,transparent path/extension rule; documentary snapshots are not biological raw measurements,derived_atlas_table_or_database,AFILE_7f666bb363ed8207ea,csv,releases/0.1.0/transcriptional_programs.csv,atlas/releases/0.1.0/transcriptional_programs.csv,8b52eccfbadaf0379912257ceb9713c4a55541446e3a4b064e0782795230ee26,frozen_release_output
ASSET_0d48173d76eecf9e6a30,releases/0.1.0/transcriptomic_observations.csv,3447,transparent path/extension rule; documentary snapshots are not biological raw measurements,derived_atlas_table_or_database,AFILE_e4a40b9ab1c782efac,csv,releases/0.1.0/transcriptomic_observations.csv,atlas/releases/0.1.0/transcriptomic_observations.csv,0d48173d76eecf9e6a302dfe0e298e7156b4194cc3e3869748b9749e07bcfb63,frozen_release_output
ASSET_d3167202dd3f3ad55a17,releases/0.2.0/EVIDENCE_ATLAS.md,77472,transparent path/extension rule; documentary snapshots are not biological raw measurements,documentation_or_protocol,AFILE_48dd53061a8680e9c3,md,releases/0.2.0/EVIDENCE_ATLAS.md,atlas/releases/0.2.0/EVIDENCE_ATLAS.md,d3167202dd3f3ad55a179a9aa087eb1994e6991968f94d6aa839e679ad5ef533,frozen_release_output
ASSET_a2d4d4b443c57c927170,releases/0.2.0/adjudications.csv,6276,transparent path/extension rule; documentary snapshots are not biological raw measurements,derived_atlas_table_or_database,AFILE_b6b1b37b3476484680,csv,releases/0.2.0/adjudications.csv,atlas/releases/0.2.0/adjudications.csv,a2d4d4b443c57c92717084c96d9f967acaa1479c0733da78e5fffb2ea8271d89,frozen_release_output
ASSET_0a27b5e566c7af55a5af,releases/0.2.0/agent_runs.csv,91734,transparent path/extension rule; documentary snapshots are not biological raw measurements,derived_atlas_table_or_database,AFILE_83f1c05de429f90650,csv,releases/0.2.0/agent_runs.csv,atlas/releases/0.2.0/agent_runs.csv,0a27b5e566c7af55a5af7c3d4b6bc01f54b10dd6ad9c7dfe00128681edfda014,frozen_release_output
ASSET_e472e4d84077bef98ec8,releases/0.2.0/artifact_hashes.csv,139202,transparent path/extension rule; documentary snapshots are not biological raw measurements,derived_atlas_table_or_database,AFILE_0a02e45165b980ec66,csv,releases/0.2.0/artifact_hashes.csv,atlas/releases/0.2.0/artifact_hashes.csv,e472e4d84077bef98ec8ba3103005a005ccdf9c7e66258df0c75cce682998d26,frozen_release_output
ASSET_905b729f6cac6880ebc7,releases/0.2.0/assay_coverage.csv,3382,transparent path/extension rule; documentary snapshots are not biological raw measurements,derived_atlas_table_or_database,AFILE_f638c2b2dce350f0a0,csv,releases/0.2.0/assay_coverage.csv,atlas/releases/0.2.0/assay_coverage.csv,905b729f6cac6880ebc7c4a3d87fa720acb65f292b7094438528ca337274d67c,frozen_release_output
ASSET_d30456e1d065ed2b1653,releases/0.2.0/cell_states.csv,6472,transparent path/extension rule; documentary snapshots are not biological raw measurements,derived_atlas_table_or_database,AFILE_23891f87751b8f2273,csv,releases/0.2.0/cell_states.csv,atlas/releases/0.2.0/cell_states.csv,d30456e1d065ed2b16532502d6e71b866c8a22d4898896ae53882d93dec765ca,frozen_release_output
ASSET_9259e045e54b99e079e2,releases/0.2.0/cells.csv,4540,transparent path/extension rule; documentary snapshots are not biological raw measurements,derived_atlas_table_or_database,AFILE_d44e5f1b0d1c487067,csv,releases/0.2.0/cells.csv,atlas/releases/0.2.0/cells.csv,9259e045e54b99e079e22c681be54f05f1ac53d518d2a47f61da2a58e9f27b0a,frozen_release_output
ASSET_74c1af48a721bfeec18d,releases/0.2.0/cohorts.csv,36398,transparent path/extension rule; documentary snapshots are not biological raw measurements,derived_atlas_table_or_database,AFILE_77777ffa4e23d88e18,csv,releases/0.2.0/cohorts.csv,atlas/releases/0.2.0/cohorts.csv,74c1af48a721bfeec18d5ff3f9a058f1543f5e5648e4586bc0404a627b8ec4df,frozen_release_output
ASSET_bda4493bc003408b4424,releases/0.2.0/contexts.csv,52371,transparent path/extension rule; documentary snapshots are not biological raw measurements,derived_atlas_table_or_database,AFILE_7768f383a829505c5d,csv,releases/0.2.0/contexts.csv,atlas/releases/0.2.0/contexts.csv,bda4493bc003408b4424f0aee9eb070bbceda55d650ad384232a27a7286bc2af,frozen_release_output
ASSET_ec0b3e636b90f731e114,releases/0.2.0/coverage_gaps.csv,17183,transparent path/extension rule; documentary snapshots are not biological raw measurements,derived_atlas_table_or_database,AFILE_a789e3f3a6b36573e3,csv,releases/0.2.0/coverage_gaps.csv,atlas/releases/0.2.0/coverage_gaps.csv,ec0b3e636b90f731e1149a189b2740679a62ddf0f1566c41a1da460eb79fc1c3,frozen_release_output
ASSET_36897a368ec0559db25c,releases/0.2.0/critic_findings.csv,27561,transparent path/extension rule; documentary snapshots are not biological raw measurements,derived_atlas_table_or_database,AFILE_c5039e00d09b19d001,csv,releases/0.2.0/critic_findings.csv,atlas/releases/0.2.0/critic_findings.csv,36897a368ec0559db25c603d8451b5fd62a911eb0445eb207c8dfc0b927da3b4,frozen_release_output
ASSET_109d1c038a70293f2478,releases/0.2.0/critic_runs.csv,7237,transparent path/extension rule; documentary snapshots are not biological raw measurements,derived_atlas_table_or_database,AFILE_a6d8361fff5c4a18b2,csv,releases/0.2.0/critic_runs.csv,atlas/releases/0.2.0/critic_runs.csv,109d1c038a70293f2478ea0f158360350d1a4ad8c3332e09b9f1001965a1d308,frozen_release_output
ASSET_c62439f453c8d25c6169,releases/0.2.0/datasets.csv,6549,transparent path/extension rule; documentary snapshots are not biological raw measurements,derived_atlas_table_or_database,AFILE_0f91511eb7ae4b719c,csv,releases/0.2.0/datasets.csv,atlas/releases/0.2.0/datasets.csv,c62439f453c8d25c6169d984f87be309a32fd971062da082ce1cbaa8fbf336df,frozen_release_output
ASSET_bd9f3713d5869b7aca3f,releases/0.2.0/edge_assertions.csv,25865,transparent path/extension rule; documentary snapshots are not biological raw measurements,derived_atlas_table_or_database,AFILE_4f2abf1f94da3db46c,csv,releases/0.2.0/edge_assertions.csv,atlas/releases/0.2.0/edge_assertions.csv,bd9f3713d5869b7aca3f38dff44aee98d6c9ed8ae96be48db41422828b13259e,frozen_release_output
ASSET_6c7cb14caad616433d3c,releases/0.2.0/entities.csv,18400,transparent path/extension rule; documentary snapshots are not biological raw measurements,derived_atlas_table_or_database,AFILE_c5d64652466d096ae0,csv,releases/0.2.0/entities.csv,atlas/releases/0.2.0/entities.csv,6c7cb14caad616433d3c3d776d1ebef1b953610fbfff3a3bd7dd4701fb493aa2,frozen_release_output
ASSET_3a10f93eddef4a6035c4,releases/0.2.0/entity_aliases.csv,3314,transparent path/extension rule; documentary snapshots are not biological raw measurements,derived_atlas_table_or_database,AFILE_f906b309f1079a5fbd,csv,releases/0.2.0/entity_aliases.csv,atlas/releases/0.2.0/entity_aliases.csv,3a10f93eddef4a6035c402e7a9e234bb2e3fbd4a3137f2bea87481528089c154,frozen_release_output
ASSET_44858e971c64bb2da460,releases/0.2.0/entity_components.csv,149,transparent path/extension rule; documentary snapshots are not biological raw measurements,derived_atlas_table_or_database,AFILE_67421f7ff19198103f,csv,releases/0.2.0/entity_components.csv,atlas/releases/0.2.0/entity_components.csv,44858e971c64bb2da460f60e9a6b274b61ebc05c78939a63b94cf718cdf9aa82,frozen_release_output
ASSET_04fef23cbc6e986bca88,releases/0.2.0/evidence_instances.csv,141219,transparent path/extension rule; documentary snapshots are not biological raw measurements,derived_atlas_table_or_database,AFILE_10c035835aa299495f,csv,releases/0.2.0/evidence_instances.csv,atlas/releases/0.2.0/evidence_instances.csv,04fef23cbc6e986bca88115e826a465891ade4112c717b0e24331b86db5c7d86,frozen_release_output
ASSET_696f82b50993f04957ce,releases/0.2.0/fine_mapping.csv,78,transparent path/extension rule; documentary snapshots are not biological raw measurements,derived_atlas_table_or_database,AFILE_89462ec4edfb75a906,csv,releases/0.2.0/fine_mapping.csv,atlas/releases/0.2.0/fine_mapping.csv,696f82b50993f04957cea514d888ed3049d91bb975d30a28492da076f49883a7,frozen_release_output
ASSET_9467ac349f61808b5324,releases/0.2.0/genetic_associations.csv,3191,transparent path/extension rule; documentary snapshots are not biological raw measurements,derived_atlas_table_or_database,AFILE_66fb709b90b5b32a0b,csv,releases/0.2.0/genetic_associations.csv,atlas/releases/0.2.0/genetic_associations.csv,9467ac349f61808b5324bb19bd791fb31aea1d217726a97d97c7b89fc07bc225,frozen_release_output
ASSET_101ac8ee52d3a8cfbbf4,releases/0.2.0/immune_prior.sqlite,2662400,transparent path/extension rule; documentary snapshots are not biological raw measurements,derived_atlas_table_or_database,AFILE_6d345de5aa0d14d69c,sqlite,releases/0.2.0/immune_prior.sqlite,atlas/releases/0.2.0/immune_prior.sqlite,101ac8ee52d3a8cfbbf41aa5dc9e9ae671f3f4bbe2b812168d623f5258c7d81d,frozen_release_output
ASSET_1156d269207a7f896a5e,releases/0.2.0/input_snapshot/README.md,21006,transparent path/extension rule; documentary snapshots are not biological raw measurements,documentation_or_protocol,AFILE_7804211bcb271ed97f,md,README.md,atlas/releases/0.2.0/input_snapshot/README.md,1156d269207a7f896a5eb147d4000574e2758428b100739b47c8611894a4f1c9,archived_input_copy
ASSET_e974b37f5d78e8286105,releases/0.2.0/input_snapshot/RUNNING.md,9038,transparent path/extension rule; documentary snapshots are not biological raw measurements,documentation_or_protocol,AFILE_d0c2603ec57df06362,md,RUNNING.md,atlas/releases/0.2.0/input_snapshot/RUNNING.md,e974b37f5d78e8286105c1e99a03667343aabd4aa88dcd005a9ac09a4b69f124,archived_input_copy
ASSET_fd6cffb26a2e775f1f11,releases/0.2.0/input_snapshot/data/DATA_DICTIONARY.md,15135,transparent path/extension rule; documentary snapshots are not biological raw measurements,documentation_or_protocol,AFILE_d270c2f208ac01cdce,md,data/DATA_DICTIONARY.md,atlas/releases/0.2.0/input_snapshot/data/DATA_DICTIONARY.md,fd6cffb26a2e775f1f110521fec1f59cf83b3c258cb327f53fa29a75b01d75c3,archived_input_copy
ASSET_b70312de6cb8955e85ee,releases/0.2.0/input_snapshot/data/curation_overrides_0.2.json,22312,transparent path/extension rule; documentary snapshots are not biological raw measurements,structured_curation_or_provenance,AFILE_b80eaffe39f0617e21,json,data/curation_overrides_0.2.json,atlas/releases/0.2.0/input_snapshot/data/curation_overrides_0.2.json,b70312de6cb8955e85eed0f341baf14eb11fc243a370eb8b3302323977c7f41b,archived_input_copy
ASSET_b9d9a1b2aa61d26c231c,releases/0.2.0/input_snapshot/data/gap_dispositions_0.2.0.json,2229,transparent path/extension rule; documentary snapshots are not biological raw measurements,structured_curation_or_provenance,AFILE_3f7ce715e4c735c114,json,data/gap_dispositions_0.2.0.json,atlas/releases/0.2.0/input_snapshot/data/gap_dispositions_0.2.0.json,b9d9a1b2aa61d26c231ca63988e01afe604d4ffcb005a82a7f3dfc970a2e3ff6,archived_input_copy
ASSET_d32147fae1a3fcbd9503,releases/0.2.0/input_snapshot/data/project_checklist.json,26911,transparent path/extension rule; documentary snapshots are not biological raw measurements,structured_curation_or_provenance,AFILE_142c78770c8faa4018,json,data/project_checklist.json,atlas/releases/0.2.0/input_snapshot/data/project_checklist.json,d32147fae1a3fcbd9503eeb8b2ab914b70af7e346b3aaadfd442640c77c807eb,archived_input_copy
ASSET_c377d1a69e6f86164f11,releases/0.2.0/input_snapshot/data/release_config.json,321,transparent path/extension rule; documentary snapshots are not biological raw measurements,structured_curation_or_provenance,AFILE_3216312f4d31f0fef4,json,data/release_config.json,atlas/releases/0.2.0/input_snapshot/data/release_config.json,c377d1a69e6f86164f11a91ab5d3cd5dea942c4949ad7fcce017c5f828279fe3,archived_input_copy
ASSET_7814aa808565d496a328,releases/0.2.0/input_snapshot/data/reviewed_curations.json,5350,transparent path/extension rule; documentary snapshots are not biological raw measurements,structured_curation_or_provenance,AFILE_aad9f4fe6b268c7596,json,data/reviewed_curations.json,atlas/releases/0.2.0/input_snapshot/data/reviewed_curations.json,7814aa808565d496a328cd898bd6f9ffa5a4b34acd8a6edfaf008c860306fe89,archived_input_copy
ASSET_d2e2114c5fe0c4c1d002,releases/0.2.0/input_snapshot/data/reviewed_expansion_packs.json,5001,transparent path/extension rule; documentary snapshots are not biological raw measurements,structured_curation_or_provenance,AFILE_11860ae04effef9291,json,data/reviewed_expansion_packs.json,atlas/releases/0.2.0/input_snapshot/data/reviewed_expansion_packs.json,d2e2114c5fe0c4c1d002719e7c09a1c823e3e2b21463d52ac447db2e0ca869a4,archived_input_copy
ASSET_3ae14c92167ba04aa4b5,releases/0.2.0/input_snapshot/data/schema.sql,8562,transparent path/extension rule; documentary snapshots are not biological raw measurements,code_or_environment_specification,AFILE_e39f932481a0c83274,sql,data/schema.sql,atlas/releases/0.2.0/input_snapshot/data/schema.sql,3ae14c92167ba04aa4b5be4185c7b2db0cb689926b6233c8203b58a907f44265,archived_input_copy
ASSET_c9427d29507c69ae68c0,releases/0.2.0/input_snapshot/data/scoring_annotations.json,213379,transparent path/extension rule; documentary snapshots are not biological raw measurements,structured_curation_or_provenance,AFILE_e34f727d4044d76be2,json,data/scoring_annotations.json,atlas/releases/0.2.0/input_snapshot/data/scoring_annotations.json,c9427d29507c69ae68c0c031b0a9f1904e338172a6ce9d6f52185b2998dcc132,archived_input_copy
ASSET_60d1736dbe1da124f1a0,releases/0.2.0/input_snapshot/data/source_overrides.json,182,transparent path/extension rule; documentary snapshots are not biological raw measurements,structured_curation_or_provenance,AFILE_359866f01d19cc5f4b,json,data/source_overrides.json,atlas/releases/0.2.0/input_snapshot/data/source_overrides.json,60d1736dbe1da124f1a0ab7c9df5f52a03430d6cf444d994de8272d382f2b248,archived_input_copy
ASSET_35bb33b2800802a2746c,releases/0.2.0/input_snapshot/protocol/AMENDMENT_0.2.md,3343,transparent path/extension rule; documentary snapshots are not biological raw measurements,documentation_or_protocol,AFILE_b09d066607e2c752c2,md,protocol/AMENDMENT_0.2.md,atlas/releases/0.2.0/input_snapshot/protocol/AMENDMENT_0.2.md,35bb33b2800802a2746c3da238b3e6d9ccf1e70df09a2197c3fa1c9aca7f1116,archived_input_copy
ASSET_66c4bf5aaf9364a02d27,releases/0.2.0/input_snapshot/protocol/PROTOCOL.md,10855,transparent path/extension rule; documentary snapshots are not biological raw measurements,documentation_or_protocol,AFILE_6f1aafe5bad04dd4a2,md,protocol/PROTOCOL.md,atlas/releases/0.2.0/input_snapshot/protocol/PROTOCOL.md,66c4bf5aaf9364a02d27aeb62b1792be85646255dcbbc9ead946d1e83971d31a,archived_input_copy
ASSET_830499875f22f23c10cd,releases/0.2.0/input_snapshot/protocol/README.original.md,20020,transparent path/extension rule; documentary snapshots are not biological raw measurements,documentation_or_protocol,AFILE_87230e9a7bca6f59bc,md,protocol/README.original.md,atlas/releases/0.2.0/input_snapshot/protocol/README.original.md,830499875f22f23c10cd4bcb3c3f389797a62f339fb2eda3995b5ef44e4a3edf,archived_input_copy
ASSET_39b3b916189087ad5ced,releases/0.2.0/input_snapshot/provenance/USER_REQUEST.md,665,transparent path/extension rule; documentary snapshots are not biological raw measurements,documentation_or_protocol,AFILE_6205c8373fc0dfac45,md,provenance/USER_REQUEST.md,atlas/releases/0.2.0/input_snapshot/provenance/USER_REQUEST.md,39b3b916189087ad5cede22fde9592216860dc1e1375f351bf8a2e3c1e2a0380,archived_input_copy
ASSET_2c2f9ed43c1ac800ca1d,releases/0.2.0/input_snapshot/provenance/adjudications.json,8861,transparent path/extension rule; documentary snapshots are not biological raw measurements,structured_curation_or_provenance,AFILE_0cfe54e6006041054c,json,provenance/adjudications.json,atlas/releases/0.2.0/input_snapshot/provenance/adjudications.json,2c2f9ed43c1ac800ca1d4c08357fc754f53b680895c15d988578ce5c073cdae0,archived_input_copy
ASSET_c194490463c5bea2fe35,releases/0.2.0/input_snapshot/provenance/environment.json,420,transparent path/extension rule; documentary snapshots are not biological raw measurements,structured_curation_or_provenance,AFILE_6a3caeb2d3bbaba28a,json,provenance/environment.json,atlas/releases/0.2.0/input_snapshot/provenance/environment.json,c194490463c5bea2fe3500765879bf6926257ea9565591fb6249597fc35f7619,archived_input_copy
ASSET_239ac7ef1f3378c82f08,releases/0.2.0/input_snapshot/provenance/security_redactions_2026-09-13.json,1074,transparent path/extension rule; documentary snapshots are not biological raw measurements,structured_curation_or_provenance,AFILE_3c9c9d8e764cf69acf,json,provenance/security_redactions_2026-09-13.json,atlas/releases/0.2.0/input_snapshot/provenance/security_redactions_2026-09-13.json,239ac7ef1f3378c82f081346ce4ac4d00f317127c02277a038b63e7dec55291e,archived_input_copy
ASSET_904ddb34c022701c3181,releases/0.2.0/input_snapshot/provenance/security_scan_exceptions.json,842,transparent path/extension rule; documentary snapshots are not biological raw measurements,structured_curation_or_provenance,AFILE_e43909f0ba018a053d,json,provenance/security_scan_exceptions.json,atlas/releases/0.2.0/input_snapshot/provenance/security_scan_exceptions.json,904ddb34c022701c31810dd0a2875209e9c35de2fb05b0493a57923a99841bf0,archived_input_copy
ASSET_9227a911d9b97884cba2,releases/0.2.0/input_snapshot/provenance/session.json,730,transparent path/extension rule; documentary snapshots are not biological raw measurements,structured_curation_or_provenance,AFILE_1a699eed5c0a16498d,json,provenance/session.json,atlas/releases/0.2.0/input_snapshot/provenance/session.json,9227a911d9b97884cba2f1860e2da6227399646c8129716faed97de27aa8c946,archived_input_copy
ASSET_42c03fc3dbc7393c4923,releases/0.2.0/input_snapshot/provenance/session_0.2.0.json,2710,transparent path/extension rule; documentary snapshots are not biological raw measurements,structured_curation_or_provenance,AFILE_3f232d69896d8a34a3,json,provenance/session_0.2.0.json,atlas/releases/0.2.0/input_snapshot/provenance/session_0.2.0.json,42c03fc3dbc7393c492310318f6650a02458a8614b63806b2ffe29c5f17a829d,archived_input_copy
ASSET_0d94bc46790df2702611,releases/0.2.0/input_snapshot/provenance/skill_manifest.json,1165,transparent path/extension rule; documentary snapshots are not biological raw measurements,structured_curation_or_provenance,AFILE_d127e1847dbe82fd96,json,provenance/skill_manifest.json,atlas/releases/0.2.0/input_snapshot/provenance/skill_manifest.json,0d94bc46790df2702611e2a6fa6c640f03d4433ce05e9469acb5e2960c37dc42,archived_input_copy
ASSET_fe92f226b47314a39637,releases/0.2.0/input_snapshot/provenance/skill_snapshots/deep-research.md,9152,transparent path/extension rule; documentary snapshots are not biological raw measurements,documentation_or_protocol,AFILE_78559aa7c785dfba95,md,provenance/skill_snapshots/deep-research.md,atlas/releases/0.2.0/input_snapshot/provenance/skill_snapshots/deep-research.md,fe92f226b47314a3963738a7b98d5afc5d51973c7b589c72277e3cc9e59d44eb,archived_input_copy
ASSET_a0df39c740f481ad8cf6,releases/0.2.0/input_snapshot/provenance/skill_snapshots/ncbi-entrez-skill.md,3019,transparent path/extension rule; documentary snapshots are not biological raw measurements,documentation_or_protocol,AFILE_0a5ca1daedd65cf475,md,provenance/skill_snapshots/ncbi-entrez-skill.md,atlas/releases/0.2.0/input_snapshot/provenance/skill_snapshots/ncbi-entrez-skill.md,a0df39c740f481ad8cf613cb3f61603dc321829f8fb7dd11737481118ab9695c,archived_input_copy
ASSET_e9e39c6c411da80f9fd6,releases/0.2.0/input_snapshot/provenance/skill_snapshots/research-router-skill.md,6046,transparent path/extension rule; documentary snapshots are not biological raw measurements,documentation_or_protocol,AFILE_8ccd37367636e058d2,md,provenance/skill_snapshots/research-router-skill.md,atlas/releases/0.2.0/input_snapshot/provenance/skill_snapshots/research-router-skill.md,e9e39c6c411da80f9fd62a62e70cbedac2404bdcfb51ddb8fda1dc3332c7e357,archived_input_copy
ASSET_456b5f2cb25b12403b5f,releases/0.2.0/input_snapshot/provenance/skill_snapshots/uniprot-skill.md,2733,transparent path/extension rule; documentary snapshots are not biological raw measurements,documentation_or_protocol,AFILE_d0f8c281a5a026b733,md,provenance/skill_snapshots/uniprot-skill.md,atlas/releases/0.2.0/input_snapshot/provenance/skill_snapshots/uniprot-skill.md,456b5f2cb25b12403b5f000fa808bbc1f1278709bedbffdc4919a7677d31fe2c,archived_input_copy
ASSET_700a762936eca861397c,releases/0.2.0/input_snapshot/provenance/source_retrieval_times.json,10245,transparent path/extension rule; documentary snapshots are not biological raw measurements,structured_curation_or_provenance,AFILE_497bc5f4cb93c333ce,json,provenance/source_retrieval_times.json,atlas/releases/0.2.0/input_snapshot/provenance/source_retrieval_times.json,700a762936eca861397c10034c02695d0223f76e4dd6fc3ba27ab86beabf0f76,archived_input_copy
ASSET_fc86580a06bd6f16e6cd,releases/0.2.0/input_snapshot/releases/0.1.0/EVIDENCE_ATLAS.md,34146,transparent path/extension rule; documentary snapshots are not biological raw measurements,documentation_or_protocol,AFILE_a966551d4bf5061561,md,releases/0.1.0/EVIDENCE_ATLAS.md,atlas/releases/0.2.0/input_snapshot/releases/0.1.0/EVIDENCE_ATLAS.md,fc86580a06bd6f16e6cd88527ed66a91540090dea685ee4b08abc045f2f062c1,archived_input_copy
ASSET_2dac9d7066fd1c240277,releases/0.2.0/input_snapshot/releases/0.1.0/adjudications.csv,3810,transparent path/extension rule; documentary snapshots are not biological raw measurements,derived_atlas_table_or_database,AFILE_35cecff6b5329e3cee,csv,releases/0.1.0/adjudications.csv,atlas/releases/0.2.0/input_snapshot/releases/0.1.0/adjudications.csv,2dac9d7066fd1c240277f23a8e0dd65c9b9afad63b216683ebb2ab09b067e461,archived_input_copy
ASSET_38cff8d77c1850839cd5,releases/0.2.0/input_snapshot/releases/0.1.0/agent_runs.csv,49071,transparent path/extension rule; documentary snapshots are not biological raw measurements,derived_atlas_table_or_database,AFILE_ddb49b80435b861c93,csv,releases/0.1.0/agent_runs.csv,atlas/releases/0.2.0/input_snapshot/releases/0.1.0/agent_runs.csv,38cff8d77c1850839cd5ee2e0085283874f437e82acf8f058c67a18d4f25d774,archived_input_copy
ASSET_f2edcc1d7cfa828c2e24,releases/0.2.0/input_snapshot/releases/0.1.0/artifact_hashes.csv,51097,transparent path/extension rule; documentary snapshots are not biological raw measurements,derived_atlas_table_or_database,AFILE_866c3dbcf57c9c85a2,csv,releases/0.1.0/artifact_hashes.csv,atlas/releases/0.2.0/input_snapshot/releases/0.1.0/artifact_hashes.csv,f2edcc1d7cfa828c2e241341865b82266ee95082b3619bbcbb74d4c01a22b739,archived_input_copy
ASSET_09641ecc595bcda07a4b,releases/0.2.0/input_snapshot/releases/0.1.0/assay_coverage.csv,3287,transparent path/extension rule; documentary snapshots are not biological raw measurements,derived_atlas_table_or_database,AFILE_b0929629da20d509ff,csv,releases/0.1.0/assay_coverage.csv,atlas/releases/0.2.0/input_snapshot/releases/0.1.0/assay_coverage.csv,09641ecc595bcda07a4b5512f35a91efc7b2724d6cf66d6ab1672afce1c17883,archived_input_copy
ASSET_2f7bb7c8a4157d197520,releases/0.2.0/input_snapshot/releases/0.1.0/cell_states.csv,2996,transparent path/extension rule; documentary snapshots are not biological raw measurements,derived_atlas_table_or_database,AFILE_6306e20940dacab3d0,csv,releases/0.1.0/cell_states.csv,atlas/releases/0.2.0/input_snapshot/releases/0.1.0/cell_states.csv,2f7bb7c8a4157d197520649b7370f5a7551b8c1eb6dafbc7ab083aa3c858f267,archived_input_copy
ASSET_05f8d0544abc0eeb80d2,releases/0.2.0/input_snapshot/releases/0.1.0/cells.csv,2431,transparent path/extension rule; documentary snapshots are not biological raw measurements,derived_atlas_table_or_database,AFILE_ab846b0ac989d1ca22,csv,releases/0.1.0/cells.csv,atlas/releases/0.2.0/input_snapshot/releases/0.1.0/cells.csv,05f8d0544abc0eeb80d2052e622625f259045cb7a8c2ce2e9f45e827e4e677e2,archived_input_copy
ASSET_5666279907a264565a4a,releases/0.2.0/input_snapshot/releases/0.1.0/cohorts.csv,17172,transparent path/extension rule; documentary snapshots are not biological raw measurements,derived_atlas_table_or_database,AFILE_fbb3ff35f0f27b8ad5,csv,releases/0.1.0/cohorts.csv,atlas/releases/0.2.0/input_snapshot/releases/0.1.0/cohorts.csv,5666279907a264565a4a643778c8a915d8d059d1a89324e73794d98ceee88d7e,archived_input_copy
ASSET_85d198dbd8bf47726687,releases/0.2.0/input_snapshot/releases/0.1.0/contexts.csv,19894,transparent path/extension rule; documentary snapshots are not biological raw measurements,derived_atlas_table_or_database,AFILE_38d814068b57441903,csv,releases/0.1.0/contexts.csv,atlas/releases/0.2.0/input_snapshot/releases/0.1.0/contexts.csv,85d198dbd8bf47726687e6391ee47822fbc195631bc36b392c11c1c5ffe2878e,archived_input_copy
ASSET_47d115fdc2b039cd7b68,releases/0.2.0/input_snapshot/releases/0.1.0/coverage_gaps.csv,7878,transparent path/extension rule; documentary snapshots are not biological raw measurements,derived_atlas_table_or_database,AFILE_2cd0fa73906d33289f,csv,releases/0.1.0/coverage_gaps.csv,atlas/releases/0.2.0/input_snapshot/releases/0.1.0/coverage_gaps.csv,47d115fdc2b039cd7b6810cb61c163d63ffd5af0f0abb325e3bc733660204227,archived_input_copy
ASSET_104ac0ec2bcd85eb29fa,releases/0.2.0/input_snapshot/releases/0.1.0/critic_findings.csv,17415,transparent path/extension rule; documentary snapshots are not biological raw measurements,derived_atlas_table_or_database,AFILE_7f60c3a4b97fdbf79b,csv,releases/0.1.0/critic_findings.csv,atlas/releases/0.2.0/input_snapshot/releases/0.1.0/critic_findings.csv,104ac0ec2bcd85eb29fa0d7e87ba7a6eb0d566775c0f2cfc99a9d363c72c392a,archived_input_copy
ASSET_14d6c8fefac10f23e799,releases/0.2.0/input_snapshot/releases/0.1.0/critic_runs.csv,1857,transparent path/extension rule; documentary snapshots are not biological raw measurements,derived_atlas_table_or_database,AFILE_ea99c85ee292dc7bcf,csv,releases/0.1.0/critic_runs.csv,atlas/releases/0.2.0/input_snapshot/releases/0.1.0/critic_runs.csv,14d6c8fefac10f23e799127e3b3e1e7271e1ea872cd08ebe2235ee6e4beb5727,archived_input_copy
ASSET_377b8103800c8509d1b6,releases/0.2.0/input_snapshot/releases/0.1.0/datasets.csv,4836,transparent path/extension rule; documentary snapshots are not biological raw measurements,derived_atlas_table_or_database,AFILE_97222cec8bf90ea323,csv,releases/0.1.0/datasets.csv,atlas/releases/0.2.0/input_snapshot/releases/0.1.0/datasets.csv,377b8103800c8509d1b672063901f0dac739dfdc82353ccf11ae16201918988f,archived_input_copy
ASSET_904f930b1ce717fe3970,releases/0.2.0/input_snapshot/releases/0.1.0/edge_assertions.csv,13049,transparent path/extension rule; documentary snapshots are not biological raw measurements,derived_atlas_table_or_database,AFILE_932ee3990982346ed0,csv,releases/0.1.0/edge_assertions.csv,atlas/releases/0.2.0/input_snapshot/releases/0.1.0/edge_assertions.csv,904f930b1ce717fe39706ba983a95381e4dffd95af90fb1768e926a971496bb2,archived_input_copy
ASSET_a5d70ebf0d419ccd58c5,releases/0.2.0/input_snapshot/releases/0.1.0/entities.csv,13392,transparent path/extension rule; documentary snapshots are not biological raw measurements,derived_atlas_table_or_database,AFILE_4f9dc2057c2ca8304b,csv,releases/0.1.0/entities.csv,atlas/releases/0.2.0/input_snapshot/releases/0.1.0/entities.csv,a5d70ebf0d419ccd58c52944f4558f65dedd9da1c852222469e6aa9a54f98dc8,archived_input_copy
ASSET_3a10f93eddef4a6035c4,releases/0.2.0/input_snapshot/releases/0.1.0/entity_aliases.csv,3314,transparent path/extension rule; documentary snapshots are not biological raw measurements,derived_atlas_table_or_database,AFILE_151775a9b1bd0ddfdf,csv,releases/0.1.0/entity_aliases.csv,atlas/releases/0.2.0/input_snapshot/releases/0.1.0/entity_aliases.csv,3a10f93eddef4a6035c402e7a9e234bb2e3fbd4a3137f2bea87481528089c154,archived_input_copy
ASSET_44858e971c64bb2da460,releases/0.2.0/input_snapshot/releases/0.1.0/entity_components.csv,149,transparent path/extension rule; documentary snapshots are not biological raw measurements,derived_atlas_table_or_database,AFILE_d509d89b95f164cf4b,csv,releases/0.1.0/entity_components.csv,atlas/releases/0.2.0/input_snapshot/releases/0.1.0/entity_components.csv,44858e971c64bb2da460f60e9a6b274b61ebc05c78939a63b94cf718cdf9aa82,archived_input_copy
ASSET_b3f3337a7bb378c35738,releases/0.2.0/input_snapshot/releases/0.1.0/evidence_instances.csv,89169,transparent path/extension rule; documentary snapshots are not biological raw measurements,derived_atlas_table_or_database,AFILE_5d0dd2a2f2c761aa50,csv,releases/0.1.0/evidence_instances.csv,atlas/releases/0.2.0/input_snapshot/releases/0.1.0/evidence_instances.csv,b3f3337a7bb378c35738838692a071ffec53220c78ee742a21d640a9a6905e42,archived_input_copy
ASSET_696f82b50993f04957ce,releases/0.2.0/input_snapshot/releases/0.1.0/fine_mapping.csv,78,transparent path/extension rule; documentary snapshots are not biological raw measurements,derived_atlas_table_or_database,AFILE_ebd4511a32bd796ee3,csv,releases/0.1.0/fine_mapping.csv,atlas/releases/0.2.0/input_snapshot/releases/0.1.0/fine_mapping.csv,696f82b50993f04957cea514d888ed3049d91bb975d30a28492da076f49883a7,archived_input_copy
ASSET_b8ea6dc3321ee879dea3,releases/0.2.0/input_snapshot/releases/0.1.0/genetic_associations.csv,3149,transparent path/extension rule; documentary snapshots are not biological raw measurements,derived_atlas_table_or_database,AFILE_cd187a26be3a60612f,csv,releases/0.1.0/genetic_associations.csv,atlas/releases/0.2.0/input_snapshot/releases/0.1.0/genetic_associations.csv,b8ea6dc3321ee879dea35389b59c0eac45c230aa629d0a3ba230393a16d9e50f,archived_input_copy
ASSET_500b7040c2d1badc9497,releases/0.2.0/input_snapshot/releases/0.1.0/immune_prior.sqlite,1134592,transparent path/extension rule; documentary snapshots are not biological raw measurements,derived_atlas_table_or_database,AFILE_910a66722e2fbfe8dd,sqlite,releases/0.1.0/immune_prior.sqlite,atlas/releases/0.2.0/input_snapshot/releases/0.1.0/immune_prior.sqlite,500b7040c2d1badc9497c8bbee788e2b6a05308428beffd0c072ad9d5b70836b,archived_input_copy
ASSET_942a9151ed094446ecc9,releases/0.2.0/input_snapshot/releases/0.1.0/input_snapshot/README.md,20789,transparent path/extension rule; documentary snapshots are not biological raw measurements,documentation_or_protocol,AFILE_01993b636061d9ed1c,md,README.md,atlas/releases/0.2.0/input_snapshot/releases/0.1.0/input_snapshot/README.md,942a9151ed094446ecc918381d713ead4569e6b5c0b84445c4ae6e675a21efe4,archived_input_copy
ASSET_5d07db438307cc4cbb22,releases/0.2.0/input_snapshot/releases/0.1.0/input_snapshot/RUNNING.md,6617,transparent path/extension rule; documentary snapshots are not biological raw measurements,documentation_or_protocol,AFILE_49a0ce83208bb090f2,md,RUNNING.md,atlas/releases/0.2.0/input_snapshot/releases/0.1.0/input_snapshot/RUNNING.md,5d07db438307cc4cbb22d80d7082ab1f25555b7f96c27f16983a92d2defa5204,archived_input_copy
ASSET_305a18247fa7508c427e,releases/0.2.0/input_snapshot/releases/0.1.0/input_snapshot/data/DATA_DICTIONARY.md,14234,transparent path/extension rule; documentary snapshots are not biological raw measurements,documentation_or_protocol,AFILE_1347f6a5fba182e0de,md,data/DATA_DICTIONARY.md,atlas/releases/0.2.0/input_snapshot/releases/0.1.0/input_snapshot/data/DATA_DICTIONARY.md,305a18247fa7508c427eab166d8c2a5db3e5ea5a24050a22a45185539629225c,archived_input_copy
ASSET_3792db283358364476e0,releases/0.2.0/input_snapshot/releases/0.1.0/input_snapshot/data/project_checklist.json,26790,transparent path/extension rule; documentary snapshots are not biological raw measurements,structured_curation_or_provenance,AFILE_7e4005aee3ceef7d07,json,data/project_checklist.json,atlas/releases/0.2.0/input_snapshot/releases/0.1.0/input_snapshot/data/project_checklist.json,3792db283358364476e030d40550bfba4dbb02170f507c6600c1d2c37532f036,archived_input_copy
ASSET_46a167cfa5a981a35077,releases/0.2.0/input_snapshot/releases/0.1.0/input_snapshot/data/schema.sql,8057,transparent path/extension rule; documentary snapshots are not biological raw measurements,code_or_environment_specification,AFILE_21b69132c9d8dfcdef,sql,data/schema.sql,atlas/releases/0.2.0/input_snapshot/releases/0.1.0/input_snapshot/data/schema.sql,46a167cfa5a981a35077dde4b9c827d1ea9a9e7db80d524a3091cb3a4a01b099,archived_input_copy
ASSET_423812a5894107dae8a2,releases/0.2.0/input_snapshot/releases/0.1.0/input_snapshot/data/scoring_annotations.json,80489,transparent path/extension rule; documentary snapshots are not biological raw measurements,structured_curation_or_provenance,AFILE_ec9cc3fde5a85d58b0,json,data/scoring_annotations.json,atlas/releases/0.2.0/input_snapshot/releases/0.1.0/input_snapshot/data/scoring_annotations.json,423812a5894107dae8a27f55a8c121a56b32611a961298a4b04fd04d427fa7bb,archived_input_copy
ASSET_60d1736dbe1da124f1a0,releases/0.2.0/input_snapshot/releases/0.1.0/input_snapshot/data/source_overrides.json,182,transparent path/extension rule; documentary snapshots are not biological raw measurements,structured_curation_or_provenance,AFILE_fbefb6424c4d9ce90e,json,data/source_overrides.json,atlas/releases/0.2.0/input_snapshot/releases/0.1.0/input_snapshot/data/source_overrides.json,60d1736dbe1da124f1a0ab7c9df5f52a03430d6cf444d994de8272d382f2b248,archived_input_copy
ASSET_66c4bf5aaf9364a02d27,releases/0.2.0/input_snapshot/releases/0.1.0/input_snapshot/protocol/PROTOCOL.md,10855,transparent path/extension rule; documentary snapshots are not biological raw measurements,documentation_or_protocol,AFILE_618b1e47b9b0760273,md,protocol/PROTOCOL.md,atlas/releases/0.2.0/input_snapshot/releases/0.1.0/input_snapshot/protocol/PROTOCOL.md,66c4bf5aaf9364a02d27aeb62b1792be85646255dcbbc9ead946d1e83971d31a,archived_input_copy
ASSET_830499875f22f23c10cd,releases/0.2.0/input_snapshot/releases/0.1.0/input_snapshot/protocol/README.original.md,20020,transparent path/extension rule; documentary snapshots are not biological raw measurements,documentation_or_protocol,AFILE_45da60356f4b9ef7f3,md,protocol/README.original.md,atlas/releases/0.2.0/input_snapshot/releases/0.1.0/input_snapshot/protocol/README.original.md,830499875f22f23c10cd4bcb3c3f389797a62f339fb2eda3995b5ef44e4a3edf,archived_input_copy
ASSET_39b3b916189087ad5ced,releases/0.2.0/input_snapshot/releases/0.1.0/input_snapshot/provenance/USER_REQUEST.md,665,transparent path/extension rule; documentary snapshots are not biological raw measurements,documentation_or_protocol,AFILE_16a8f829d016f67387,md,provenance/USER_REQUEST.md,atlas/releases/0.2.0/input_snapshot/releases/0.1.0/input_snapshot/provenance/USER_REQUEST.md,39b3b916189087ad5cede22fde9592216860dc1e1375f351bf8a2e3c1e2a0380,archived_input_copy
ASSET_2252d7d9be35550c3b6c,releases/0.2.0/input_snapshot/releases/0.1.0/input_snapshot/provenance/adjudications.json,4345,transparent path/extension rule; documentary snapshots are not biological raw measurements,structured_curation_or_provenance,AFILE_c15cc7cffaa3442475,json,provenance/adjudications.json,atlas/releases/0.2.0/input_snapshot/releases/0.1.0/input_snapshot/provenance/adjudications.json,2252d7d9be35550c3b6c419035a4a12e351052e6abbdc5cd5f2808ff8aa72351,archived_input_copy
ASSET_c194490463c5bea2fe35,releases/0.2.0/input_snapshot/releases/0.1.0/input_snapshot/provenance/environment.json,420,transparent path/extension rule; documentary snapshots are not biological raw measurements,structured_curation_or_provenance,AFILE_223962298453537787,json,provenance/environment.json,atlas/releases/0.2.0/input_snapshot/releases/0.1.0/input_snapshot/provenance/environment.json,c194490463c5bea2fe3500765879bf6926257ea9565591fb6249597fc35f7619,archived_input_copy
ASSET_9227a911d9b97884cba2,releases/0.2.0/input_snapshot/releases/0.1.0/input_snapshot/provenance/session.json,730,transparent path/extension rule; documentary snapshots are not biological raw measurements,structured_curation_or_provenance,AFILE_10eab5d336da16aa8a,json,provenance/session.json,atlas/releases/0.2.0/input_snapshot/releases/0.1.0/input_snapshot/provenance/session.json,9227a911d9b97884cba2f1860e2da6227399646c8129716faed97de27aa8c946,archived_input_copy
ASSET_0d94bc46790df2702611,releases/0.2.0/input_snapshot/releases/0.1.0/input_snapshot/provenance/skill_manifest.json,1165,transparent path/extension rule; documentary snapshots are not biological raw measurements,structured_curation_or_provenance,AFILE_78c6dd76c3d54c88ca,json,provenance/skill_manifest.json,atlas/releases/0.2.0/input_snapshot/releases/0.1.0/input_snapshot/provenance/skill_manifest.json,0d94bc46790df2702611e2a6fa6c640f03d4433ce05e9469acb5e2960c37dc42,archived_input_copy
ASSET_fe92f226b47314a39637,releases/0.2.0/input_snapshot/releases/0.1.0/input_snapshot/provenance/skill_snapshots/deep-research.md,9152,transparent path/extension rule; documentary snapshots are not biological raw measurements,documentation_or_protocol,AFILE_c7ea87c15b09087127,md,provenance/skill_snapshots/deep-research.md,atlas/releases/0.2.0/input_snapshot/releases/0.1.0/input_snapshot/provenance/skill_snapshots/deep-research.md,fe92f226b47314a3963738a7b98d5afc5d51973c7b589c72277e3cc9e59d44eb,archived_input_copy
ASSET_a0df39c740f481ad8cf6,releases/0.2.0/input_snapshot/releases/0.1.0/input_snapshot/provenance/skill_snapshots/ncbi-entrez-skill.md,3019,transparent path/extension rule; documentary snapshots are not biological raw measurements,documentation_or_protocol,AFILE_dd4f9848048abf7714,md,provenance/skill_snapshots/ncbi-entrez-skill.md,atlas/releases/0.2.0/input_snapshot/releases/0.1.0/input_snapshot/provenance/skill_snapshots/ncbi-entrez-skill.md,a0df39c740f481ad8cf613cb3f61603dc321829f8fb7dd11737481118ab9695c,archived_input_copy
ASSET_e9e39c6c411da80f9fd6,releases/0.2.0/input_snapshot/releases/0.1.0/input_snapshot/provenance/skill_snapshots/research-router-skill.md,6046,transparent path/extension rule; documentary snapshots are not biological raw measurements,documentation_or_protocol,AFILE_e80715e8366b4a03f5,md,provenance/skill_snapshots/research-router-skill.md,atlas/releases/0.2.0/input_snapshot/releases/0.1.0/input_snapshot/provenance/skill_snapshots/research-router-skill.md,e9e39c6c411da80f9fd62a62e70cbedac2404bdcfb51ddb8fda1dc3332c7e357,archived_input_copy
ASSET_456b5f2cb25b12403b5f,releases/0.2.0/input_snapshot/releases/0.1.0/input_snapshot/provenance/skill_snapshots/uniprot-skill.md,2733,transparent path/extension rule; documentary snapshots are not biological raw measurements,documentation_or_protocol,AFILE_d9f3d1c2e1167249d0,md,provenance/skill_snapshots/uniprot-skill.md,atlas/releases/0.2.0/input_snapshot/releases/0.1.0/input_snapshot/provenance/skill_snapshots/uniprot-skill.md,456b5f2cb25b12403b5f000fa808bbc1f1278709bedbffdc4919a7677d31fe2c,archived_input_copy
ASSET_622cca37b6b04c8e865a,releases/0.2.0/input_snapshot/releases/0.1.0/input_snapshot/reports/PROJECT_STATUS.md,21155,transparent path/extension rule; documentary snapshots are not biological raw measurements,documentation_or_protocol,AFILE_70a98238a714864567,md,reports/PROJECT_STATUS.md,atlas/releases/0.2.0/input_snapshot/releases/0.1.0/input_snapshot/reports/PROJECT_STATUS.md,622cca37b6b04c8e865afac199575d12121f0a9a64895932aa03579ebf740a6e,archived_input_copy
ASSET_203f375dd87aa59f2e01,releases/0.2.0/input_snapshot/releases/0.1.0/input_snapshot/reports/RESEARCH_SYNTHESIS.md,18960,transparent path/extension rule; documentary snapshots are not biological raw measurements,documentation_or_protocol,AFILE_17074e114429516a0e,md,reports/RESEARCH_SYNTHESIS.md,atlas/releases/0.2.0/input_snapshot/releases/0.1.0/input_snapshot/reports/RESEARCH_SYNTHESIS.md,203f375dd87aa59f2e01095420de1d40db0716dfd30a560874ced6eb6279c4fa,archived_input_copy
ASSET_b590ba9aa122415ac6b5,releases/0.2.0/input_snapshot/releases/0.1.0/input_snapshot/requirements-research.lock,88,transparent path/extension rule; documentary snapshots are not biological raw measurements,code_or_environment_specification,AFILE_9a8a18d63f101f3b0f,lock,requirements-research.lock,atlas/releases/0.2.0/input_snapshot/releases/0.1.0/input_snapshot/requirements-research.lock,b590ba9aa122415ac6b551c0f2e07a4abc493ac2b2c41d8537796298a765c972,archived_input_copy
ASSET_c0ee2c01270411fcd5c8,releases/0.2.0/input_snapshot/releases/0.1.0/input_snapshot/requirements-research.txt,17,transparent path/extension rule; documentary snapshots are not biological raw measurements,code_or_environment_specification,AFILE_613c3c10452b8053ea,txt,requirements-research.txt,atlas/releases/0.2.0/input_snapshot/releases/0.1.0/input_snapshot/requirements-research.txt,c0ee2c01270411fcd5c8bf8e78d080237c4d1c61ae34d197c935d29cf50a8833,archived_input_copy
ASSET_35093d4783a11f83166d,releases/0.2.0/input_snapshot/releases/0.1.0/input_snapshot/research/EXTRACTION_CONTRACT.md,3770,transparent path/extension rule; documentary snapshots are not biological raw measurements,documentation_or_protocol,AFILE_2195bd62d9610fd5e7,md,research/EXTRACTION_CONTRACT.md,atlas/releases/0.2.0/input_snapshot/releases/0.1.0/input_snapshot/research/EXTRACTION_CONTRACT.md,35093d4783a11f83166d09298343e135a7c9d76c196401d88532e91468ef0f0e,archived_input_copy
ASSET_57a8ad0e62346f7b0f2e,releases/0.2.0/input_snapshot/releases/0.1.0/input_snapshot/research/cytokine/.gitignore,20,transparent path/extension rule; documentary snapshots are not biological raw measurements,other_artifact,AFILE_23947e3c0e3cc872fe,text_or_extensionless,research/cytokine/.gitignore,atlas/releases/0.2.0/input_snapshot/releases/0.1.0/input_snapshot/research/cytokine/.gitignore,57a8ad0e62346f7b0f2e261d59a7b90f1310043424bcb9d229208f183f1940d9,archived_input_copy
ASSET_e95c4071e75be7410181,releases/0.2.0/input_snapshot/releases/0.1.0/input_snapshot/research/cytokine/biorxiv_request.json,261,transparent path/extension rule; documentary snapshots are not biological raw measurements,structured_curation_or_provenance,AFILE_a507ed59d3884b6eee,json,research/cytokine/biorxiv_request.json,atlas/releases/0.2.0/input_snapshot/releases/0.1.0/input_snapshot/research/cytokine/biorxiv_request.json,e95c4071e75be7410181bb1cf1098cc2267704653823fbfdd92b8b3ae91f47e8,archived_input_copy
ASSET_52a7f67389ee42d52d4d,releases/0.2.0/input_snapshot/releases/0.1.0/input_snapshot/research/cytokine/build_pack.py,34331,transparent path/extension rule; documentary snapshots are not biological raw measurements,code_or_environment_specification,AFILE_f44ca8194592534553,py,research/cytokine/build_pack.py,atlas/releases/0.2.0/input_snapshot/releases/0.1.0/input_snapshot/research/cytokine/build_pack.py,52a7f67389ee42d52d4d2d7bd5d0a2d0530e1eef0fdf67544d9fcf925fb76d22,archived_input_copy
ASSET_8eef313a70e10ad7f9ae,releases/0.2.0/input_snapshot/releases/0.1.0/input_snapshot/research/cytokine/notes.md,7100,transparent path/extension rule; documentary snapshots are not biological raw measurements,documentation_or_protocol,AFILE_80520ffd6634a16089,md,research/cytokine/notes.md,atlas/releases/0.2.0/input_snapshot/releases/0.1.0/input_snapshot/research/cytokine/notes.md,8eef313a70e10ad7f9ae90e673b1824cc5b51018dae7689273205055bd36f90c,archived_input_copy
ASSET_e270f0cca18d05dcf0a1,releases/0.2.0/input_snapshot/releases/0.1.0/input_snapshot/research/cytokine/pack.json,81102,transparent path/extension rule; documentary snapshots are not biological raw measurements,curated_evidence_extraction,AFILE_4f32c87dfee0080e9c,json,research/cytokine/pack.json,atlas/releases/0.2.0/input_snapshot/releases/0.1.0/input_snapshot/research/cytokine/pack.json,e270f0cca18d05dcf0a1552d5144c79081b7532d7c76fb6f963e52e6c6d4ca8d,archived_input_copy
ASSET_136d851a61e9378362df,releases/0.2.0/input_snapshot/releases/0.1.0/input_snapshot/research/cytokine/pmc_request.json,284,transparent path/extension rule; documentary snapshots are not biological raw measurements,structured_curation_or_provenance,AFILE_2708ac4badfcc0949e,json,research/cytokine/pmc_request.json,atlas/releases/0.2.0/input_snapshot/releases/0.1.0/input_snapshot/research/cytokine/pmc_request.json,136d851a61e9378362df7b1b6d73b14121fdd3916cf6666eab2b73c8cb82efb7,archived_input_copy
ASSET_bd8e422b605517a44997,releases/0.2.0/input_snapshot/releases/0.1.0/input_snapshot/research/cytokine/review_response.json,4709,transparent path/extension rule; documentary snapshots are not biological raw measurements,structured_curation_or_provenance,AFILE_818240b03c070e4e6c,json,research/cytokine/review_response.json,atlas/releases/0.2.0/input_snapshot/releases/0.1.0/input_snapshot/research/cytokine/review_response.json,bd8e422b605517a44997a2c55ff304b43f2d72b40f53ed4ffcb64ab4a904c5fb,archived_input_copy
ASSET_a4fe7bef469c43256fdd,releases/0.2.0/input_snapshot/releases/0.1.0/input_snapshot/research/cytokine/run.json,22712,transparent path/extension rule; documentary snapshots are not biological raw measurements,structured_curation_or_provenance,AFILE_595543ce8d4ab895b2,json,research/cytokine/run.json,atlas/releases/0.2.0/input_snapshot/releases/0.1.0/input_snapshot/research/cytokine/run.json,a4fe7bef469c43256fddff957e7c30ec388aa09503bb2b7334e8e5b45c698dbd,archived_input_copy
ASSET_5800341289afa6b8f5b9,releases/0.2.0/input_snapshot/releases/0.1.0/input_snapshot/research/cytokine/snapshots/PMC10781646.txt,66941,transparent path/extension rule; documentary snapshots are not biological raw measurements,documentary_or_repository_source_snapshot,AFILE_f8c12b3b5002d743a8,txt,research/cytokine/snapshots/PMC10781646.txt,atlas/releases/0.2.0/input_snapshot/releases/0.1.0/input_snapshot/research/cytokine/snapshots/PMC10781646.txt,5800341289afa6b8f5b94a8490ad87e58767e2f89a537730c30ca091936eea93,archived_input_copy
ASSET_cdeefd81ddec026ccc32,releases/0.2.0/input_snapshot/releases/0.1.0/input_snapshot/research/cytokine/snapshots/PMC10781646.xml,171779,transparent path/extension rule; documentary snapshots are not biological raw measurements,documentary_or_repository_source_snapshot,AFILE_f5fb3f806dc44ccb48,xml,research/cytokine/snapshots/PMC10781646.xml,atlas/releases/0.2.0/input_snapshot/releases/0.1.0/input_snapshot/research/cytokine/snapshots/PMC10781646.xml,cdeefd81ddec026ccc32292d2ff428312e9331187217f2baf95b73386227a133,archived_input_copy
ASSET_9361c53a21f54affb3fe,releases/0.2.0/input_snapshot/releases/0.1.0/input_snapshot/research/cytokine/snapshots/PMC12776526.txt,82490,transparent path/extension rule; documentary snapshots are not biological raw measurements,documentary_or_repository_source_snapshot,AFILE_276e6ceff3a7c12f25,txt,research/cytokine/snapshots/PMC12776526.txt,atlas/releases/0.2.0/input_snapshot/releases/0.1.0/input_snapshot/research/cytokine/snapshots/PMC12776526.txt,9361c53a21f54affb3fe0450a44cfb1f398c615f707f21300b6076e389098d0e,archived_input_copy
ASSET_b5eb7fa311846f14f30d,releases/0.2.0/input_snapshot/releases/0.1.0/input_snapshot/research/cytokine/snapshots/PMC12776526.xml,191710,transparent path/extension rule; documentary snapshots are not biological raw measurements,documentary_or_repository_source_snapshot,AFILE_896f05d33183e76949,xml,research/cytokine/snapshots/PMC12776526.xml,atlas/releases/0.2.0/input_snapshot/releases/0.1.0/input_snapshot/research/cytokine/snapshots/PMC12776526.xml,b5eb7fa311846f14f30de12ff62393c3bb13203e3890632dadcc2bffd19430b0,archived_input_copy
ASSET_f7993bdc507d40185cee,releases/0.2.0/input_snapshot/releases/0.1.0/input_snapshot/research/cytokine/snapshots/PMC1810496.xml,6954,transparent path/extension rule; documentary snapshots are not biological raw measurements,documentary_or_repository_source_snapshot,AFILE_7922f437a37adf2e46,xml,research/cytokine/snapshots/PMC1810496.xml,atlas/releases/0.2.0/input_snapshot/releases/0.1.0/input_snapshot/research/cytokine/snapshots/PMC1810496.xml,f7993bdc507d40185cee9d442f80352c9cf6acf3699627962bf8f4a6d3cbb661,archived_input_copy
ASSET_b8da7ec812a4af73a955,releases/0.2.0/input_snapshot/releases/0.1.0/input_snapshot/research/cytokine/snapshots/PMC2119001.txt,50280,transparent path/extension rule; documentary snapshots are not biological raw measurements,documentary_or_repository_source_snapshot,AFILE_26c3535ce6df480691,txt,research/cytokine/snapshots/PMC2119001.txt,atlas/releases/0.2.0/input_snapshot/releases/0.1.0/input_snapshot/research/cytokine/snapshots/PMC2119001.txt,b8da7ec812a4af73a955d451f7493b377d021a95385225379c7ca64ea0acf6d6,archived_input_copy
ASSET_75a1f66ee0b4bcc57615,releases/0.2.0/input_snapshot/releases/0.1.0/input_snapshot/research/cytokine/snapshots/PMC2119001.xml,98361,transparent path/extension rule; documentary snapshots are not biological raw measurements,documentary_or_repository_source_snapshot,AFILE_97d460d54ab8a18fab,xml,research/cytokine/snapshots/PMC2119001.xml,atlas/releases/0.2.0/input_snapshot/releases/0.1.0/input_snapshot/research/cytokine/snapshots/PMC2119001.xml,75a1f66ee0b4bcc5761557e1dc4fe4805791b7022f585d5d67e9e7d97aa30e61,archived_input_copy
ASSET_05b8494ee3be3c6863d8,releases/0.2.0/input_snapshot/releases/0.1.0/input_snapshot/research/cytokine/snapshots/PMC2193232.txt,36337,transparent path/extension rule; documentary snapshots are not biological raw measurements,documentary_or_repository_source_snapshot,AFILE_51d4899eb242924d60,txt,research/cytokine/snapshots/PMC2193232.txt,atlas/releases/0.2.0/input_snapshot/releases/0.1.0/input_snapshot/research/cytokine/snapshots/PMC2193232.txt,05b8494ee3be3c6863d849ae6816d8495331e2a621c99caa1696b782ccf84d9f,archived_input_copy
ASSET_1cafaa4e24ae17897564,releases/0.2.0/input_snapshot/releases/0.1.0/input_snapshot/research/cytokine/snapshots/PMC2193232.xml,120606,transparent path/extension rule; documentary snapshots are not biological raw measurements,documentary_or_repository_source_snapshot,AFILE_8562f9d77801387148,xml,research/cytokine/snapshots/PMC2193232.xml,atlas/releases/0.2.0/input_snapshot/releases/0.1.0/input_snapshot/research/cytokine/snapshots/PMC2193232.xml,1cafaa4e24ae1789756440cdece1e9670fa0bc6c27f40f7adf9616f69512cc57,archived_input_copy
ASSET_623342701f7a90e76c16,releases/0.2.0/input_snapshot/releases/0.1.0/input_snapshot/research/cytokine/snapshots/PMC534504.xml,9760,transparent path/extension rule; documentary snapshots are not biological raw measurements,documentary_or_repository_source_snapshot,AFILE_3388ce4e69ba61e672,xml,research/cytokine/snapshots/PMC534504.xml,atlas/releases/0.2.0/input_snapshot/releases/0.1.0/input_snapshot/research/cytokine/snapshots/PMC534504.xml,623342701f7a90e76c163651a779d90bf9dd59131a7992b334fb89fdb11574cb,archived_input_copy
ASSET_aad63d5def0b98781389,releases/0.2.0/input_snapshot/releases/0.1.0/input_snapshot/research/cytokine/snapshots/hcd_biorxiv_api.json,2848,transparent path/extension rule; documentary snapshots are not biological raw measurements,documentary_or_repository_source_snapshot,AFILE_3dda55183e71bcb18f,json,research/cytokine/snapshots/hcd_biorxiv_api.json,atlas/releases/0.2.0/input_snapshot/releases/0.1.0/input_snapshot/research/cytokine/snapshots/hcd_biorxiv_api.json,aad63d5def0b98781389bdb8f82d01720508fb82cea609cae3ddd055cfae0d1a,archived_input_copy
ASSET_8c42a52e3d6a95926fdf,releases/0.2.0/input_snapshot/releases/0.1.0/input_snapshot/research/cytokine/snapshots/metadata.json,29948,transparent path/extension rule; documentary snapshots are not biological raw measurements,documentary_or_repository_source_snapshot,AFILE_7f6a646f7c32233e4c,json,research/cytokine/snapshots/metadata.json,atlas/releases/0.2.0/input_snapshot/releases/0.1.0/input_snapshot/research/cytokine/snapshots/metadata.json,8c42a52e3d6a95926fdfc894095e161dd2e23d0480a9b76e621f391fae88c988,archived_input_copy
ASSET_3b52b42ebbe3ef495120,releases/0.2.0/input_snapshot/releases/0.1.0/input_snapshot/research/cytokine/snapshots/open1.json,34893,transparent path/extension rule; documentary snapshots are not biological raw measurements,documentary_or_repository_source_snapshot,AFILE_eda2dda5a6c2009028,json,research/cytokine/snapshots/open1.json,atlas/releases/0.2.0/input_snapshot/releases/0.1.0/input_snapshot/research/cytokine/snapshots/open1.json,3b52b42ebbe3ef495120b4daa7d388bf60f5fb0fb8a27b60edfaf0016d7c9263,archived_input_copy
ASSET_f9514d5acc67bcd4c065,releases/0.2.0/input_snapshot/releases/0.1.0/input_snapshot/research/cytokine/snapshots/open2.json,33305,transparent path/extension rule; documentary snapshots are not biological raw measurements,documentary_or_repository_source_snapshot,AFILE_9bb69e76a5f9a95b95,json,research/cytokine/snapshots/open2.json,atlas/releases/0.2.0/input_snapshot/releases/0.1.0/input_snapshot/research/cytokine/snapshots/open2.json,f9514d5acc67bcd4c065709c3ad0da971699e1c268100b3b55be3cd1abd6dcc0,archived_input_copy
ASSET_d9dc26428e7fdb7e067a,releases/0.2.0/input_snapshot/releases/0.1.0/input_snapshot/research/cytokine/snapshots/open3.json,32396,transparent path/extension rule; documentary snapshots are not biological raw measurements,documentary_or_repository_source_snapshot,AFILE_400b60df5853a457d1,json,research/cytokine/snapshots/open3.json,atlas/releases/0.2.0/input_snapshot/releases/0.1.0/input_snapshot/research/cytokine/snapshots/open3.json,d9dc26428e7fdb7e067a2d228206337b4b6aba480806b652b8c26392a1f17458,archived_input_copy
ASSET_a6d5bae4931439f1e296,releases/0.2.0/input_snapshot/releases/0.1.0/input_snapshot/research/cytokine/snapshots/open4.json,21175,transparent path/extension rule; documentary snapshots are not biological raw measurements,documentary_or_repository_source_snapshot,AFILE_0229b68a2089c5efbf,json,research/cytokine/snapshots/open4.json,atlas/releases/0.2.0/input_snapshot/releases/0.1.0/input_snapshot/research/cytokine/snapshots/open4.json,a6d5bae4931439f1e296a2bd6e225d5f881dffebb22c168cb4ddc4bd863ed77b,archived_input_copy
ASSET_4159833a379adcbd1885,releases/0.2.0/input_snapshot/releases/0.1.0/input_snapshot/research/cytokine/snapshots/open5.json,1810,transparent path/extension rule; documentary snapshots are not biological raw measurements,documentary_or_repository_source_snapshot,AFILE_6517c6d4f0e5adba5f,json,research/cytokine/snapshots/open5.json,atlas/releases/0.2.0/input_snapshot/releases/0.1.0/input_snapshot/research/cytokine/snapshots/open5.json,4159833a379adcbd188547771cf631d49b1befdc6cbe4737bdd3997e3ff2a515,archived_input_copy
ASSET_8d198a3c0e20035dc2ee,releases/0.2.0/input_snapshot/releases/0.1.0/input_snapshot/research/cytokine/snapshots/open6.json,26767,transparent path/extension rule; documentary snapshots are not biological raw measurements,documentary_or_repository_source_snapshot,AFILE_57bbe03294732f52f9,json,research/cytokine/snapshots/open6.json,atlas/releases/0.2.0/input_snapshot/releases/0.1.0/input_snapshot/research/cytokine/snapshots/open6.json,8d198a3c0e20035dc2ee4945dc7d7e9b581c7f54264b674b9f13620187e8706f,archived_input_copy
ASSET_d69e2f5591bbb0d719e3,releases/0.2.0/input_snapshot/releases/0.1.0/input_snapshot/research/cytokine/snapshots/open7.json,29126,transparent path/extension rule; documentary snapshots are not biological raw measurements,documentary_or_repository_source_snapshot,AFILE_aa436296ce77967c0e,json,research/cytokine/snapshots/open7.json,atlas/releases/0.2.0/input_snapshot/releases/0.1.0/input_snapshot/research/cytokine/snapshots/open7.json,d69e2f5591bbb0d719e3db4aad2e86b2dd19f2c77052ca1f2b9a6b87856eba42,archived_input_copy
ASSET_77d173dcd567817d5140,releases/0.2.0/input_snapshot/releases/0.1.0/input_snapshot/research/cytokine/snapshots/pmc_fulltext.xml,603781,transparent path/extension rule; documentary snapshots are not biological raw measurements,documentary_or_repository_source_snapshot,AFILE_de548f68837a3632fc,xml,research/cytokine/snapshots/pmc_fulltext.xml,atlas/releases/0.2.0/input_snapshot/releases/0.1.0/input_snapshot/research/cytokine/snapshots/pmc_fulltext.xml,77d173dcd567817d51400495a3d1b6750790685d43f24e820618f459fd3fcb1f,archived_input_copy
ASSET_31daf70acc7364dda08c,releases/0.2.0/input_snapshot/releases/0.1.0/input_snapshot/research/cytokine/snapshots/search1.json,29035,transparent path/extension rule; documentary snapshots are not biological raw measurements,documentary_or_repository_source_snapshot,AFILE_23b023b45285bae331,json,research/cytokine/snapshots/search1.json,atlas/releases/0.2.0/input_snapshot/releases/0.1.0/input_snapshot/research/cytokine/snapshots/search1.json,31daf70acc7364dda08c0a5191aebd61fcca9fe30b522512798eacc9776e83cb,archived_input_copy
ASSET_2d9b31e904cc334c9254,releases/0.2.0/input_snapshot/releases/0.1.0/input_snapshot/research/cytokine/snapshots/search2.json,32784,transparent path/extension rule; documentary snapshots are not biological raw measurements,documentary_or_repository_source_snapshot,AFILE_8230f913855fd471e4,json,research/cytokine/snapshots/search2.json,atlas/releases/0.2.0/input_snapshot/releases/0.1.0/input_snapshot/research/cytokine/snapshots/search2.json,2d9b31e904cc334c925419e26a94f278e55d8e56c346be3955c74719e1e7b9de,archived_input_copy
ASSET_83f76e61110794713fad,releases/0.2.0/input_snapshot/releases/0.1.0/input_snapshot/research/cytokine/snapshots/search3.json,29024,transparent path/extension rule; documentary snapshots are not biological raw measurements,documentary_or_repository_source_snapshot,AFILE_69376ffda7e88fcae1,json,research/cytokine/snapshots/search3.json,atlas/releases/0.2.0/input_snapshot/releases/0.1.0/input_snapshot/research/cytokine/snapshots/search3.json,83f76e61110794713fad05a4147e8c9c4830914b386dddf87388843e758f3aa1,archived_input_copy
ASSET_b0d48b1485f731e219a5,releases/0.2.0/input_snapshot/releases/0.1.0/input_snapshot/research/cytokine/snapshots/search4.json,30475,transparent path/extension rule; documentary snapshots are not biological raw measurements,documentary_or_repository_source_snapshot,AFILE_4d1d256ce1327eb296,json,research/cytokine/snapshots/search4.json,atlas/releases/0.2.0/input_snapshot/releases/0.1.0/input_snapshot/research/cytokine/snapshots/search4.json,b0d48b1485f731e219a576ee7db7a02ee7c04ca9a9a6c2ea52ddf4e2c287c983,archived_input_copy
ASSET_c5c16d971068920ab8ed,releases/0.2.0/input_snapshot/releases/0.1.0/input_snapshot/research/genomic/build_pack.py,38388,transparent path/extension rule; documentary snapshots are not biological raw measurements,code_or_environment_specification,AFILE_4ecee4945a59f5a07a,py,research/genomic/build_pack.py,atlas/releases/0.2.0/input_snapshot/releases/0.1.0/input_snapshot/research/genomic/build_pack.py,c5c16d971068920ab8ed242c4c43b4ad096e2df814e06db953b0e7bba06bf686,archived_input_copy
ASSET_cd2b8db162a50583adad,releases/0.2.0/input_snapshot/releases/0.1.0/input_snapshot/research/genomic/notes.md,6753,transparent path/extension rule; documentary snapshots are not biological raw measurements,documentation_or_protocol,AFILE_330c544aed343f2d8e,md,research/genomic/notes.md,atlas/releases/0.2.0/input_snapshot/releases/0.1.0/input_snapshot/research/genomic/notes.md,cd2b8db162a50583adada1fff37a68232262ef6903f8b2b75c665f62b412bf63,archived_input_copy
ASSET_8a1002c03070bb3ba895,releases/0.2.0/input_snapshot/releases/0.1.0/input_snapshot/research/genomic/pack.json,94092,transparent path/extension rule; documentary snapshots are not biological raw measurements,curated_evidence_extraction,AFILE_7a154faaf2a250144c,json,research/genomic/pack.json,atlas/releases/0.2.0/input_snapshot/releases/0.1.0/input_snapshot/research/genomic/pack.json,8a1002c03070bb3ba89561f3092056cef2b16eacbc77590c12a5689c396238b6,archived_input_copy
ASSET_81926babb2c47084c75b,releases/0.2.0/input_snapshot/releases/0.1.0/input_snapshot/research/genomic/review_response.json,1244,transparent path/extension rule; documentary snapshots are not biological raw measurements,structured_curation_or_provenance,AFILE_56b639a2ffa5671b6f,json,research/genomic/review_response.json,atlas/releases/0.2.0/input_snapshot/releases/0.1.0/input_snapshot/research/genomic/review_response.json,81926babb2c47084c75b09b011a79ba76f5528ca93e0797fafb0d45678cb5ea7,archived_input_copy
ASSET_e218fe9d2f370d28fbd3,releases/0.2.0/input_snapshot/releases/0.1.0/input_snapshot/research/genomic/run.json,3392,transparent path/extension rule; documentary snapshots are not biological raw measurements,structured_curation_or_provenance,AFILE_f74ef3b748862fb3e0,json,research/genomic/run.json,atlas/releases/0.2.0/input_snapshot/releases/0.1.0/input_snapshot/research/genomic/run.json,e218fe9d2f370d28fbd33bef999e207a121f7a2ae219e1538f4772f28e2c4867,archived_input_copy
ASSET_ca2b3158a5ede8d44f8d,releases/0.2.0/input_snapshot/releases/0.1.0/input_snapshot/research/genomic/snapshots/G01_fulltext.html,247423,transparent path/extension rule; documentary snapshots are not biological raw measurements,documentary_or_repository_source_snapshot,AFILE_f6272c7c2e6e5f00e1,html,research/genomic/snapshots/G01_fulltext.html,atlas/releases/0.2.0/input_snapshot/releases/0.1.0/input_snapshot/research/genomic/snapshots/G01_fulltext.html,ca2b3158a5ede8d44f8def50e8c0ebe859f9744a1eb8f6fa8567d8da77f6ee47,archived_input_copy
ASSET_fbbabd48dc54c65150ba,releases/0.2.0/input_snapshot/releases/0.1.0/input_snapshot/research/genomic/snapshots/G01_fulltext.txt,82083,transparent path/extension rule; documentary snapshots are not biological raw measurements,documentary_or_repository_source_snapshot,AFILE_cd3e5b5c021fad54ce,txt,research/genomic/snapshots/G01_fulltext.txt,atlas/releases/0.2.0/input_snapshot/releases/0.1.0/input_snapshot/research/genomic/snapshots/G01_fulltext.txt,fbbabd48dc54c65150ba6a3a2299aa83ed85c8dc399012bfd018d6bb81893fd6,archived_input_copy
ASSET_d4efbae49f1d84743f6b,releases/0.2.0/input_snapshot/releases/0.1.0/input_snapshot/research/genomic/snapshots/G01_open.txt,31912,transparent path/extension rule; documentary snapshots are not biological raw measurements,documentary_or_repository_source_snapshot,AFILE_2d164cd5150fc5c68b,txt,research/genomic/snapshots/G01_open.txt,atlas/releases/0.2.0/input_snapshot/releases/0.1.0/input_snapshot/research/genomic/snapshots/G01_open.txt,d4efbae49f1d84743f6be185db85a5536c70e59e499031cd474179a7a648bd11,archived_input_copy
ASSET_d9d79f2a8201bf96a7fa,releases/0.2.0/input_snapshot/releases/0.1.0/input_snapshot/research/genomic/snapshots/G02_fulltext.html,272848,transparent path/extension rule; documentary snapshots are not biological raw measurements,documentary_or_repository_source_snapshot,AFILE_a8232c052e95cb6571,html,research/genomic/snapshots/G02_fulltext.html,atlas/releases/0.2.0/input_snapshot/releases/0.1.0/input_snapshot/research/genomic/snapshots/G02_fulltext.html,d9d79f2a8201bf96a7fa80b68ef492f431a922ca879ab2973f9bf6c3a2a639f3,archived_input_copy
ASSET_8475690c1c795fff7c98,releases/0.2.0/input_snapshot/releases/0.1.0/input_snapshot/research/genomic/snapshots/G02_fulltext.txt,90940,transparent path/extension rule; documentary snapshots are not biological raw measurements,documentary_or_repository_source_snapshot,AFILE_6c54714d41740fe0c4,txt,research/genomic/snapshots/G02_fulltext.txt,atlas/releases/0.2.0/input_snapshot/releases/0.1.0/input_snapshot/research/genomic/snapshots/G02_fulltext.txt,8475690c1c795fff7c9880e69a02fad1118593f5959f702e44350d7c9f66be09,archived_input_copy
ASSET_374da8796b5882d8cdb3,releases/0.2.0/input_snapshot/releases/0.1.0/input_snapshot/research/genomic/snapshots/G02_open.txt,421,transparent path/extension rule; documentary snapshots are not biological raw measurements,documentary_or_repository_source_snapshot,AFILE_c4009f644fce408c2a,txt,research/genomic/snapshots/G02_open.txt,atlas/releases/0.2.0/input_snapshot/releases/0.1.0/input_snapshot/research/genomic/snapshots/G02_open.txt,374da8796b5882d8cdb32e9c16db26c6802e916a5c5e81defe8bdbc4d80ec497,archived_input_copy
ASSET_313fced2da5b8c22095e,releases/0.2.0/input_snapshot/releases/0.1.0/input_snapshot/research/genomic/snapshots/G02b_retrieval.txt,442,transparent path/extension rule; documentary snapshots are not biological raw measurements,documentary_or_repository_source_snapshot,AFILE_912fb55b6ff634eeb6,txt,research/genomic/snapshots/G02b_retrieval.txt,atlas/releases/0.2.0/input_snapshot/releases/0.1.0/input_snapshot/research/genomic/snapshots/G02b_retrieval.txt,313fced2da5b8c22095e7e4ba69fee261777f04295e5964ba1707a11b15be9d0,archived_input_copy
ASSET_5864589d6cb156b4aab5,releases/0.2.0/input_snapshot/releases/0.1.0/input_snapshot/research/genomic/snapshots/G02correction_retrieval.txt,25841,transparent path/extension rule; documentary snapshots are not biological raw measurements,documentary_or_repository_source_snapshot,AFILE_66c243e65ce331be45,txt,research/genomic/snapshots/G02correction_retrieval.txt,atlas/releases/0.2.0/input_snapshot/releases/0.1.0/input_snapshot/research/genomic/snapshots/G02correction_retrieval.txt,5864589d6cb156b4aab5004be1daa53500e90cc4598444ce28aab69fcd1ea3be,archived_input_copy
ASSET_6bde78d536f1eb9d88c6,releases/0.2.0/input_snapshot/releases/0.1.0/input_snapshot/research/genomic/snapshots/G03_fulltext.html,299120,transparent path/extension rule; documentary snapshots are not biological raw measurements,documentary_or_repository_source_snapshot,AFILE_ed0e84a0e6a63e3d35,html,research/genomic/snapshots/G03_fulltext.html,atlas/releases/0.2.0/input_snapshot/releases/0.1.0/input_snapshot/research/genomic/snapshots/G03_fulltext.html,6bde78d536f1eb9d88c669269432b0d59c0e02155d5f02f54fbb7690c5ff1df8,archived_input_copy
ASSET_ad8910e5fd1b2e1bb576,releases/0.2.0/input_snapshot/releases/0.1.0/input_snapshot/research/genomic/snapshots/G03_fulltext.txt,115203,transparent path/extension rule; documentary snapshots are not biological raw measurements,documentary_or_repository_source_snapshot,AFILE_03732ec2995d5651ab,txt,research/genomic/snapshots/G03_fulltext.txt,atlas/releases/0.2.0/input_snapshot/releases/0.1.0/input_snapshot/research/genomic/snapshots/G03_fulltext.txt,ad8910e5fd1b2e1bb5760547b251254404700ac08f6991e7f0f40c9af9f3b027,archived_input_copy
ASSET_50d425c42dfb6c1960bb,releases/0.2.0/input_snapshot/releases/0.1.0/input_snapshot/research/genomic/snapshots/G03_open.txt,437,transparent path/extension rule; documentary snapshots are not biological raw measurements,documentary_or_repository_source_snapshot,AFILE_d796e6e7663549be35,txt,research/genomic/snapshots/G03_open.txt,atlas/releases/0.2.0/input_snapshot/releases/0.1.0/input_snapshot/research/genomic/snapshots/G03_open.txt,50d425c42dfb6c1960bb1afea0943ed8800fc90730ed2efc6692f86e32f36a51,archived_input_copy
ASSET_74ddccc82ab1c0f27523,releases/0.2.0/input_snapshot/releases/0.1.0/input_snapshot/research/genomic/snapshots/G03b_retrieval.txt,250,transparent path/extension rule; documentary snapshots are not biological raw measurements,documentary_or_repository_source_snapshot,AFILE_81c7f0b892e47269f0,txt,research/genomic/snapshots/G03b_retrieval.txt,atlas/releases/0.2.0/input_snapshot/releases/0.1.0/input_snapshot/research/genomic/snapshots/G03b_retrieval.txt,74ddccc82ab1c0f27523bd4e698d8426ab184fb1264f88af1463ba27d4df8e07,archived_input_copy
ASSET_b00f8fea385ccd45e5f5,releases/0.2.0/input_snapshot/releases/0.1.0/input_snapshot/research/genomic/snapshots/G04_fulltext.html,293551,transparent path/extension rule; documentary snapshots are not biological raw measurements,documentary_or_repository_source_snapshot,AFILE_3fb7aa2df081c5b558,html,research/genomic/snapshots/G04_fulltext.html,atlas/releases/0.2.0/input_snapshot/releases/0.1.0/input_snapshot/research/genomic/snapshots/G04_fulltext.html,b00f8fea385ccd45e5f52e4dec0e77ba2e8904404c4f9c6003fa846a98976c2e,archived_input_copy
ASSET_bea3af30fa10d267347a,releases/0.2.0/input_snapshot/releases/0.1.0/input_snapshot/research/genomic/snapshots/G04_fulltext.txt,110124,transparent path/extension rule; documentary snapshots are not biological raw measurements,documentary_or_repository_source_snapshot,AFILE_2b5446e0f7245643a3,txt,research/genomic/snapshots/G04_fulltext.txt,atlas/releases/0.2.0/input_snapshot/releases/0.1.0/input_snapshot/research/genomic/snapshots/G04_fulltext.txt,bea3af30fa10d267347a9a2401e0b56a8004eb1144fb885f68597c7d5fc03374,archived_input_copy
ASSET_84fefacb0d631b7da4bf,releases/0.2.0/input_snapshot/releases/0.1.0/input_snapshot/research/genomic/snapshots/G04_open.txt,30019,transparent path/extension rule; documentary snapshots are not biological raw measurements,documentary_or_repository_source_snapshot,AFILE_15ab673546a6331349,txt,research/genomic/snapshots/G04_open.txt,atlas/releases/0.2.0/input_snapshot/releases/0.1.0/input_snapshot/research/genomic/snapshots/G04_open.txt,84fefacb0d631b7da4bfb4b82f8e6d2af37a1b0d76c12da931031bb95c14aa1e,archived_input_copy
ASSET_188969120233572f5e81,releases/0.2.0/input_snapshot/releases/0.1.0/input_snapshot/research/genomic/snapshots/G05_fulltext.html,447609,transparent path/extension rule; documentary snapshots are not biological raw measurements,documentary_or_repository_source_snapshot,AFILE_a138271d8647b448d9,html,research/genomic/snapshots/G05_fulltext.html,atlas/releases/0.2.0/input_snapshot/releases/0.1.0/input_snapshot/research/genomic/snapshots/G05_fulltext.html,188969120233572f5e81a117857db69883c9f3dc74b85b9291a627e7b2fcd135,archived_input_copy
ASSET_87a2bc34e00150f79458,releases/0.2.0/input_snapshot/releases/0.1.0/input_snapshot/research/genomic/snapshots/G05_fulltext.txt,184104,transparent path/extension rule; documentary snapshots are not biological raw measurements,documentary_or_repository_source_snapshot,AFILE_b58a2c39e81004a629,txt,research/genomic/snapshots/G05_fulltext.txt,atlas/releases/0.2.0/input_snapshot/releases/0.1.0/input_snapshot/research/genomic/snapshots/G05_fulltext.txt,87a2bc34e00150f79458f23efe25c280aecd496b31acc29f9b7624b0dce39da1,archived_input_copy
ASSET_99c0394656e6b5bf9251,releases/0.2.0/input_snapshot/releases/0.1.0/input_snapshot/research/genomic/snapshots/G05_open.txt,442,transparent path/extension rule; documentary snapshots are not biological raw measurements,documentary_or_repository_source_snapshot,AFILE_06269d98b9b1e6cf55,txt,research/genomic/snapshots/G05_open.txt,atlas/releases/0.2.0/input_snapshot/releases/0.1.0/input_snapshot/research/genomic/snapshots/G05_open.txt,99c0394656e6b5bf925160701b2bc1da21310874bf86bdf7512f5402e0b8357a,archived_input_copy
ASSET_710c52feaafafcb234ff,releases/0.2.0/input_snapshot/releases/0.1.0/input_snapshot/research/genomic/snapshots/G05b_retrieval.txt,388,transparent path/extension rule; documentary snapshots are not biological raw measurements,documentary_or_repository_source_snapshot,AFILE_5a046ebc3617bfe571,txt,research/genomic/snapshots/G05b_retrieval.txt,atlas/releases/0.2.0/input_snapshot/releases/0.1.0/input_snapshot/research/genomic/snapshots/G05b_retrieval.txt,710c52feaafafcb234ffeaa17ae0b244497b449a92c97a0da0f77b7647720c1c,archived_input_copy
ASSET_e240beb3f432d6c81f72,releases/0.2.0/input_snapshot/releases/0.1.0/input_snapshot/research/genomic/snapshots/G05c_retrieval.txt,278,transparent path/extension rule; documentary snapshots are not biological raw measurements,documentary_or_repository_source_snapshot,AFILE_17cf812cda5883d033,txt,research/genomic/snapshots/G05c_retrieval.txt,atlas/releases/0.2.0/input_snapshot/releases/0.1.0/input_snapshot/research/genomic/snapshots/G05c_retrieval.txt,e240beb3f432d6c81f722a8b92d17a34d2b462f5a30576a0686029c472a07dd5,archived_input_copy
ASSET_12ff96ede606113d2278,releases/0.2.0/input_snapshot/releases/0.1.0/input_snapshot/research/genomic/snapshots/G06_open.txt,17940,transparent path/extension rule; documentary snapshots are not biological raw measurements,documentary_or_repository_source_snapshot,AFILE_2f047cf634a328e9da,txt,research/genomic/snapshots/G06_open.txt,atlas/releases/0.2.0/input_snapshot/releases/0.1.0/input_snapshot/research/genomic/snapshots/G06_open.txt,12ff96ede606113d227851de616310821525737269843b19b5863385e17f2402,archived_input_copy
ASSET_90dec76f49467727354b,releases/0.2.0/input_snapshot/releases/0.1.0/input_snapshot/research/genomic/snapshots/G07_fulltext.html,259495,transparent path/extension rule; documentary snapshots are not biological raw measurements,documentary_or_repository_source_snapshot,AFILE_fe431128c939309992,html,research/genomic/snapshots/G07_fulltext.html,atlas/releases/0.2.0/input_snapshot/releases/0.1.0/input_snapshot/research/genomic/snapshots/G07_fulltext.html,90dec76f49467727354b9ec9f7e3a1689c75a4879fe92702917f4458ffed15b5,archived_input_copy
ASSET_1a517413b1e1f32d6bd6,releases/0.2.0/input_snapshot/releases/0.1.0/input_snapshot/research/genomic/snapshots/G07_fulltext.txt,83060,transparent path/extension rule; documentary snapshots are not biological raw measurements,documentary_or_repository_source_snapshot,AFILE_1a61639d1969965170,txt,research/genomic/snapshots/G07_fulltext.txt,atlas/releases/0.2.0/input_snapshot/releases/0.1.0/input_snapshot/research/genomic/snapshots/G07_fulltext.txt,1a517413b1e1f32d6bd6079bc63eb39861ea1979f1befac18362ad2286153e18,archived_input_copy
ASSET_f4ed1da2486a671657cd,releases/0.2.0/input_snapshot/releases/0.1.0/input_snapshot/research/genomic/snapshots/G07_open.txt,33475,transparent path/extension rule; documentary snapshots are not biological raw measurements,documentary_or_repository_source_snapshot,AFILE_6f4ebcb17f434f038a,txt,research/genomic/snapshots/G07_open.txt,atlas/releases/0.2.0/input_snapshot/releases/0.1.0/input_snapshot/research/genomic/snapshots/G07_open.txt,f4ed1da2486a671657cd22805eaa8bfb84a23ae741f1423e89e819f360258d53,archived_input_copy
ASSET_2ca2ed156d83aa7e4542,releases/0.2.0/input_snapshot/releases/0.1.0/input_snapshot/research/genomic/snapshots/G08_open.txt,17257,transparent path/extension rule; documentary snapshots are not biological raw measurements,documentary_or_repository_source_snapshot,AFILE_f44b7566f0f9e30421,txt,research/genomic/snapshots/G08_open.txt,atlas/releases/0.2.0/input_snapshot/releases/0.1.0/input_snapshot/research/genomic/snapshots/G08_open.txt,2ca2ed156d83aa7e45425de54fbd1f0b5311e231ced85f63d44418a2ce9d5ebf,archived_input_copy
ASSET_2757c6c4e56a14030dc9,releases/0.2.0/input_snapshot/releases/0.1.0/input_snapshot/research/genomic/snapshots/G09_fulltext.html,216584,transparent path/extension rule; documentary snapshots are not biological raw measurements,documentary_or_repository_source_snapshot,AFILE_9a88bc7265120f1334,html,research/genomic/snapshots/G09_fulltext.html,atlas/releases/0.2.0/input_snapshot/releases/0.1.0/input_snapshot/research/genomic/snapshots/G09_fulltext.html,2757c6c4e56a14030dc9f42d38c01dfad94e2d0472e36d013f96f35e697781fb,archived_input_copy
ASSET_07839a64b266b604b56f,releases/0.2.0/input_snapshot/releases/0.1.0/input_snapshot/research/genomic/snapshots/G09_fulltext.txt,56504,transparent path/extension rule; documentary snapshots are not biological raw measurements,documentary_or_repository_source_snapshot,AFILE_e54af3a6306f52197a,txt,research/genomic/snapshots/G09_fulltext.txt,atlas/releases/0.2.0/input_snapshot/releases/0.1.0/input_snapshot/research/genomic/snapshots/G09_fulltext.txt,07839a64b266b604b56f1849f6b3b361adf5c2993bcdd0558b382a9a0facd094,archived_input_copy
ASSET_639d82268108ac1cee8d,releases/0.2.0/input_snapshot/releases/0.1.0/input_snapshot/research/genomic/snapshots/G09_retrieval.txt,442,transparent path/extension rule; documentary snapshots are not biological raw measurements,documentary_or_repository_source_snapshot,AFILE_ad7e2bc46cd36e5b49,txt,research/genomic/snapshots/G09_retrieval.txt,atlas/releases/0.2.0/input_snapshot/releases/0.1.0/input_snapshot/research/genomic/snapshots/G09_retrieval.txt,639d82268108ac1cee8dcca782a2cb0bc6ecc595bf68c3138dcdda5abee03718,archived_input_copy
ASSET_fd9b54e4e1b84f4dc51b,releases/0.2.0/input_snapshot/releases/0.1.0/input_snapshot/research/genomic/snapshots/G10_fulltext.html,198377,transparent path/extension rule; documentary snapshots are not biological raw measurements,documentary_or_repository_source_snapshot,AFILE_e2e4402490c59d0de4,html,research/genomic/snapshots/G10_fulltext.html,atlas/releases/0.2.0/input_snapshot/releases/0.1.0/input_snapshot/research/genomic/snapshots/G10_fulltext.html,fd9b54e4e1b84f4dc51b3cd26a3f379f611eced0f5e63d99555bd0b85b454efa,archived_input_copy
ASSET_443ce61649e0eb33b31f,releases/0.2.0/input_snapshot/releases/0.1.0/input_snapshot/research/genomic/snapshots/G10_fulltext.txt,59686,transparent path/extension rule; documentary snapshots are not biological raw measurements,documentary_or_repository_source_snapshot,AFILE_4f1a867e4f8396856a,txt,research/genomic/snapshots/G10_fulltext.txt,atlas/releases/0.2.0/input_snapshot/releases/0.1.0/input_snapshot/research/genomic/snapshots/G10_fulltext.txt,443ce61649e0eb33b31f1780e7f7cf2b2bc1128c4180f07d56a2f2aae5236a66,archived_input_copy
ASSET_3cde6c8f23db94a0e831,releases/0.2.0/input_snapshot/releases/0.1.0/input_snapshot/research/genomic/snapshots/G10_retrieval.txt,419,transparent path/extension rule; documentary snapshots are not biological raw measurements,documentary_or_repository_source_snapshot,AFILE_b3e0f661757a94318e,txt,research/genomic/snapshots/G10_retrieval.txt,atlas/releases/0.2.0/input_snapshot/releases/0.1.0/input_snapshot/research/genomic/snapshots/G10_retrieval.txt,3cde6c8f23db94a0e83180d816b37c9e52357e611c4ad34ac302ebf3e95769b8,archived_input_copy
ASSET_fa11f71cd5029162cc87,releases/0.2.0/input_snapshot/releases/0.1.0/input_snapshot/research/genomic/snapshots/Gcorrection_supp_retrieval.txt,295,transparent path/extension rule; documentary snapshots are not biological raw measurements,documentary_or_repository_source_snapshot,AFILE_4034c4019903cf6ce2,txt,research/genomic/snapshots/Gcorrection_supp_retrieval.txt,atlas/releases/0.2.0/input_snapshot/releases/0.1.0/input_snapshot/research/genomic/snapshots/Gcorrection_supp_retrieval.txt,fa11f71cd5029162cc874a738c51ec8ed2694f013b2d6f86e4c230f7f7f47d15,archived_input_copy
ASSET_b7222d2c52a542e41d1d,releases/0.2.0/input_snapshot/releases/0.1.0/input_snapshot/research/genomic/snapshots/Gfind6_retrieval.txt,14123,transparent path/extension rule; documentary snapshots are not biological raw measurements,documentary_or_repository_source_snapshot,AFILE_71a7e2b359921a6724,txt,research/genomic/snapshots/Gfind6_retrieval.txt,atlas/releases/0.2.0/input_snapshot/releases/0.1.0/input_snapshot/research/genomic/snapshots/Gfind6_retrieval.txt,b7222d2c52a542e41d1dc0c66df555cfedbe2a67272622aaaa2d6534ef5e1e94,archived_input_copy
ASSET_68950a87ab45971eee52,releases/0.2.0/input_snapshot/releases/0.1.0/input_snapshot/research/genomic/snapshots/Gfollowup5_retrieval.txt,26683,transparent path/extension rule; documentary snapshots are not biological raw measurements,documentary_or_repository_source_snapshot,AFILE_6eef7c86a17c6d3f5c,txt,research/genomic/snapshots/Gfollowup5_retrieval.txt,atlas/releases/0.2.0/input_snapshot/releases/0.1.0/input_snapshot/research/genomic/snapshots/Gfollowup5_retrieval.txt,68950a87ab45971eee526ea2d70e50df015eed35237f7a9882d807c41f6b4ceb,archived_input_copy
ASSET_c2ee108de1f9a82dd9eb,releases/0.2.0/input_snapshot/releases/0.1.0/input_snapshot/research/genomic/snapshots/Gsearch3_retrieval.txt,29424,transparent path/extension rule; documentary snapshots are not biological raw measurements,documentary_or_repository_source_snapshot,AFILE_de62ac5dc68035d0a5,txt,research/genomic/snapshots/Gsearch3_retrieval.txt,atlas/releases/0.2.0/input_snapshot/releases/0.1.0/input_snapshot/research/genomic/snapshots/Gsearch3_retrieval.txt,c2ee108de1f9a82dd9eb49b08fa21b2fb13675c5d420f03518edf8ee3dd0d5ce,archived_input_copy
ASSET_5ec38ebfaf165ff4306e,releases/0.2.0/input_snapshot/releases/0.1.0/input_snapshot/research/genomic/snapshots/Gsearch4_retrieval.txt,32629,transparent path/extension rule; documentary snapshots are not biological raw measurements,documentary_or_repository_source_snapshot,AFILE_4e12f8575dd2b0a40a,txt,research/genomic/snapshots/Gsearch4_retrieval.txt,atlas/releases/0.2.0/input_snapshot/releases/0.1.0/input_snapshot/research/genomic/snapshots/Gsearch4_retrieval.txt,5ec38ebfaf165ff4306e916279953aec0b3961a381f16316fb012967c592113c,archived_input_copy
ASSET_986dcf30bd9d69454cd2,releases/0.2.0/input_snapshot/releases/0.1.0/input_snapshot/research/genomic/snapshots/Gsearch7_retrieval.txt,35689,transparent path/extension rule; documentary snapshots are not biological raw measurements,documentary_or_repository_source_snapshot,AFILE_bb8ff73cbf9a1aadb7,txt,research/genomic/snapshots/Gsearch7_retrieval.txt,atlas/releases/0.2.0/input_snapshot/releases/0.1.0/input_snapshot/research/genomic/snapshots/Gsearch7_retrieval.txt,986dcf30bd9d69454cd2cb80d7cca67ce6b3374c5ec4aba4c6009db6a02a4126,archived_input_copy
ASSET_71e142343d80b14718de,releases/0.2.0/input_snapshot/releases/0.1.0/input_snapshot/research/genomic/snapshots/search_01.json,33114,transparent path/extension rule; documentary snapshots are not biological raw measurements,documentary_or_repository_source_snapshot,AFILE_ca2fa0c2ba48698810,json,research/genomic/snapshots/search_01.json,atlas/releases/0.2.0/input_snapshot/releases/0.1.0/input_snapshot/research/genomic/snapshots/search_01.json,71e142343d80b14718de1590ffefdacc31b47783395eb660b8f1c047e82252f5,archived_input_copy
ASSET_60d7f54ca2902e9823f6,releases/0.2.0/input_snapshot/releases/0.1.0/input_snapshot/research/genomic/snapshots/search_02.json,33317,transparent path/extension rule; documentary snapshots are not biological raw measurements,documentary_or_repository_source_snapshot,AFILE_164ff3889d85f5cf3c,json,research/genomic/snapshots/search_02.json,atlas/releases/0.2.0/input_snapshot/releases/0.1.0/input_snapshot/research/genomic/snapshots/search_02.json,60d7f54ca2902e9823f68396169d2aba1c19d85da7c99d8a9ad4fd6a6d82e08e,archived_input_copy
ASSET_096cd568db2f7fb39834,releases/0.2.0/input_snapshot/releases/0.1.0/input_snapshot/research/implementation_review_response.json,17862,transparent path/extension rule; documentary snapshots are not biological raw measurements,structured_curation_or_provenance,AFILE_c7127386fa3c7baee9,json,research/implementation_review_response.json,atlas/releases/0.2.0/input_snapshot/releases/0.1.0/input_snapshot/research/implementation_review_response.json,096cd568db2f7fb3983462a72dd4eb25c707fdfa632bb507c0a192666692f70b,archived_input_copy
ASSET_fe9e75e925fc84f51c99,releases/0.2.0/input_snapshot/releases/0.1.0/input_snapshot/research/proteomic/apply_review_corrections.py,3346,transparent path/extension rule; documentary snapshots are not biological raw measurements,code_or_environment_specification,AFILE_9b7da996c99f867e2d,py,research/proteomic/apply_review_corrections.py,atlas/releases/0.2.0/input_snapshot/releases/0.1.0/input_snapshot/research/proteomic/apply_review_corrections.py,fe9e75e925fc84f51c990fdb03b76d5af4827079a07068602e1fb1993a18b048,archived_input_copy
ASSET_9c8ac7147af39b62f09f,releases/0.2.0/input_snapshot/releases/0.1.0/input_snapshot/research/proteomic/notes.md,5906,transparent path/extension rule; documentary snapshots are not biological raw measurements,documentation_or_protocol,AFILE_756b5adee2198dbf24,md,research/proteomic/notes.md,atlas/releases/0.2.0/input_snapshot/releases/0.1.0/input_snapshot/research/proteomic/notes.md,9c8ac7147af39b62f09f945b832b251043d34f4ae9ce26ab4ea3a47fafec1d62,archived_input_copy
ASSET_965f21a12afbf5f44671,releases/0.2.0/input_snapshot/releases/0.1.0/input_snapshot/research/proteomic/pack.json,72597,transparent path/extension rule; documentary snapshots are not biological raw measurements,curated_evidence_extraction,AFILE_89750b98e7ec462c3d,json,research/proteomic/pack.json,atlas/releases/0.2.0/input_snapshot/releases/0.1.0/input_snapshot/research/proteomic/pack.json,965f21a12afbf5f4467148bd3c5c43faf483e29fc21d745af449e4b2bcac7937,archived_input_copy
ASSET_d660342dd7a2717013ab,releases/0.2.0/input_snapshot/releases/0.1.0/input_snapshot/research/proteomic/review_response.json,7992,transparent path/extension rule; documentary snapshots are not biological raw measurements,structured_curation_or_provenance,AFILE_cac491b82e85687b14,json,research/proteomic/review_response.json,atlas/releases/0.2.0/input_snapshot/releases/0.1.0/input_snapshot/research/proteomic/review_response.json,d660342dd7a2717013ab255b670020c4bb12f7d3145d844594a3918789cc3605,archived_input_copy
ASSET_e5c488529be3cb6d6050,releases/0.2.0/input_snapshot/releases/0.1.0/input_snapshot/research/proteomic/run.json,3555,transparent path/extension rule; documentary snapshots are not biological raw measurements,structured_curation_or_provenance,AFILE_0565f7a51be3dccc02,json,research/proteomic/run.json,atlas/releases/0.2.0/input_snapshot/releases/0.1.0/input_snapshot/research/proteomic/run.json,e5c488529be3cb6d6050ae9fffdbf14ac0bed2b3b35bf84c7eb5ce103e96bf33,archived_input_copy
ASSET_e1f46d13ea56494ca9b8,releases/0.2.0/input_snapshot/releases/0.1.0/input_snapshot/research/proteomic/snapshots/atlas_publisher_page.html,444489,transparent path/extension rule; documentary snapshots are not biological raw measurements,documentary_or_repository_source_snapshot,AFILE_390b2479c2b27f342e,html,research/proteomic/snapshots/atlas_publisher_page.html,atlas/releases/0.2.0/input_snapshot/releases/0.1.0/input_snapshot/research/proteomic/snapshots/atlas_publisher_page.html,e1f46d13ea56494ca9b897e1b739bf8eb2ab3399d4e5e1eaa61d2e1de5a31304,archived_input_copy
ASSET_42ea8670d63883ce00e4,releases/0.2.0/input_snapshot/releases/0.1.0/input_snapshot/research/proteomic/snapshots/atlas_publisher_page.txt,29873,transparent path/extension rule; documentary snapshots are not biological raw measurements,documentary_or_repository_source_snapshot,AFILE_e40d2cfcbb3b3a6074,txt,research/proteomic/snapshots/atlas_publisher_page.txt,atlas/releases/0.2.0/input_snapshot/releases/0.1.0/input_snapshot/research/proteomic/snapshots/atlas_publisher_page.txt,42ea8670d63883ce00e4d6667812e236207f56d331a8400bb479becd698266f8,archived_input_copy
ASSET_73c3dcc246f01706db7f,releases/0.2.0/input_snapshot/releases/0.1.0/input_snapshot/research/proteomic/snapshots/bendall_fulltext.html,213822,transparent path/extension rule; documentary snapshots are not biological raw measurements,documentary_or_repository_source_snapshot,AFILE_3e3f89afacce6d3b42,html,research/proteomic/snapshots/bendall_fulltext.html,atlas/releases/0.2.0/input_snapshot/releases/0.1.0/input_snapshot/research/proteomic/snapshots/bendall_fulltext.html,73c3dcc246f01706db7fd878734c3f2d836391da1e7918f4315acf1bddef8c55,archived_input_copy
ASSET_9a9f86d6f0be3e361b3b,releases/0.2.0/input_snapshot/releases/0.1.0/input_snapshot/research/proteomic/snapshots/bendall_fulltext.txt,66613,transparent path/extension rule; documentary snapshots are not biological raw measurements,documentary_or_repository_source_snapshot,AFILE_1a51620529c1518936,txt,research/proteomic/snapshots/bendall_fulltext.txt,atlas/releases/0.2.0/input_snapshot/releases/0.1.0/input_snapshot/research/proteomic/snapshots/bendall_fulltext.txt,9a9f86d6f0be3e361b3b235b3ad50bb654236ea251654e27ca40c88c698ebf95,archived_input_copy
ASSET_b5e3ba5a6a270e6fd818,releases/0.2.0/input_snapshot/releases/0.1.0/input_snapshot/research/proteomic/snapshots/cite_publisher_page.html,325623,transparent path/extension rule; documentary snapshots are not biological raw measurements,documentary_or_repository_source_snapshot,AFILE_c06a9a86f7a59899d2,html,research/proteomic/snapshots/cite_publisher_page.html,atlas/releases/0.2.0/input_snapshot/releases/0.1.0/input_snapshot/research/proteomic/snapshots/cite_publisher_page.html,b5e3ba5a6a270e6fd8181c031641877920d5ce2b2a0724608ccd4b666800dda5,archived_input_copy
ASSET_5782bcf27eec883afc17,releases/0.2.0/input_snapshot/releases/0.1.0/input_snapshot/research/proteomic/snapshots/cite_publisher_page.txt,19270,transparent path/extension rule; documentary snapshots are not biological raw measurements,documentary_or_repository_source_snapshot,AFILE_2fc826aa3914feaa88,txt,research/proteomic/snapshots/cite_publisher_page.txt,atlas/releases/0.2.0/input_snapshot/releases/0.1.0/input_snapshot/research/proteomic/snapshots/cite_publisher_page.txt,5782bcf27eec883afc174787bc013f73fe2b448a98c49319c2de48f7fe77bdd7,archived_input_copy
ASSET_1dcb162b3750c70b20f1,releases/0.2.0/input_snapshot/releases/0.1.0/input_snapshot/research/proteomic/snapshots/extract1.json,22188,transparent path/extension rule; documentary snapshots are not biological raw measurements,documentary_or_repository_source_snapshot,AFILE_408c047519bae8e26d,json,research/proteomic/snapshots/extract1.json,atlas/releases/0.2.0/input_snapshot/releases/0.1.0/input_snapshot/research/proteomic/snapshots/extract1.json,1dcb162b3750c70b20f1be791498dc12046a520691c947a5b8fe01f0018a17ad,archived_input_copy
ASSET_5e6d7a8cb7fdc9c6d603,releases/0.2.0/input_snapshot/releases/0.1.0/input_snapshot/research/proteomic/snapshots/extract2.json,24694,transparent path/extension rule; documentary snapshots are not biological raw measurements,documentary_or_repository_source_snapshot,AFILE_36730fdaa21840c0bf,json,research/proteomic/snapshots/extract2.json,atlas/releases/0.2.0/input_snapshot/releases/0.1.0/input_snapshot/research/proteomic/snapshots/extract2.json,5e6d7a8cb7fdc9c6d6036c9b2d612244bf0de03bc62ebca77ea7298f883325d8,archived_input_copy
ASSET_6af3e7c4129c2432098b,releases/0.2.0/input_snapshot/releases/0.1.0/input_snapshot/research/proteomic/snapshots/extract3.json,16579,transparent path/extension rule; documentary snapshots are not biological raw measurements,documentary_or_repository_source_snapshot,AFILE_dcaa5f56cf68f8a2c0,json,research/proteomic/snapshots/extract3.json,atlas/releases/0.2.0/input_snapshot/releases/0.1.0/input_snapshot/research/proteomic/snapshots/extract3.json,6af3e7c4129c2432098ba3fef4eca06a4e83b0cd3777c9c95af48ef369c48252,archived_input_copy
ASSET_20ed5d9d4fce163028d0,releases/0.2.0/input_snapshot/releases/0.1.0/input_snapshot/research/proteomic/snapshots/methods.json,32037,transparent path/extension rule; documentary snapshots are not biological raw measurements,documentary_or_repository_source_snapshot,AFILE_7e832a0cc3b6a97ae1,json,research/proteomic/snapshots/methods.json,atlas/releases/0.2.0/input_snapshot/releases/0.1.0/input_snapshot/research/proteomic/snapshots/methods.json,20ed5d9d4fce163028d063aad39a21ca6bffa341b2cf49ec6bf5658f8d08ce0c,archived_input_copy
ASSET_34ce09a1babe5ae0a795,releases/0.2.0/input_snapshot/releases/0.1.0/input_snapshot/research/proteomic/snapshots/open1.json,27094,transparent path/extension rule; documentary snapshots are not biological raw measurements,documentary_or_repository_source_snapshot,AFILE_38149a5afc3577d5ce,json,research/proteomic/snapshots/open1.json,atlas/releases/0.2.0/input_snapshot/releases/0.1.0/input_snapshot/research/proteomic/snapshots/open1.json,34ce09a1babe5ae0a79518dbb5d8d9b850c9f630e48d567254b692a9750f5e38,archived_input_copy
ASSET_78249fb5817b3c38481f,releases/0.2.0/input_snapshot/releases/0.1.0/input_snapshot/research/proteomic/snapshots/open2.json,28167,transparent path/extension rule; documentary snapshots are not biological raw measurements,documentary_or_repository_source_snapshot,AFILE_242915bf02515a878d,json,research/proteomic/snapshots/open2.json,atlas/releases/0.2.0/input_snapshot/releases/0.1.0/input_snapshot/research/proteomic/snapshots/open2.json,78249fb5817b3c38481fa0a87feba95ba8fe5788a499ad91ff2bec26c9c9309a,archived_input_copy
ASSET_55bf684aea6dba87a915,releases/0.2.0/input_snapshot/releases/0.1.0/input_snapshot/research/proteomic/snapshots/open3.json,31930,transparent path/extension rule; documentary snapshots are not biological raw measurements,documentary_or_repository_source_snapshot,AFILE_7d5fbaef1c1534c094,json,research/proteomic/snapshots/open3.json,atlas/releases/0.2.0/input_snapshot/releases/0.1.0/input_snapshot/research/proteomic/snapshots/open3.json,55bf684aea6dba87a915b28e45488c912f5fc6eb2b3f021e3aba8f5436cc20b8,archived_input_copy
ASSET_33af42195fbe81aad787,releases/0.2.0/input_snapshot/releases/0.1.0/input_snapshot/research/proteomic/snapshots/open4.json,15825,transparent path/extension rule; documentary snapshots are not biological raw measurements,documentary_or_repository_source_snapshot,AFILE_c78dd178d0197b6f29,json,research/proteomic/snapshots/open4.json,atlas/releases/0.2.0/input_snapshot/releases/0.1.0/input_snapshot/research/proteomic/snapshots/open4.json,33af42195fbe81aad787405261cf95a4032bd19ff972bd9975430718018fe4a9,archived_input_copy
ASSET_13728c96a93ea8a6762c,releases/0.2.0/input_snapshot/releases/0.1.0/input_snapshot/research/proteomic/snapshots/platelet_fulltext.html,153761,transparent path/extension rule; documentary snapshots are not biological raw measurements,documentary_or_repository_source_snapshot,AFILE_4f6423396c0834c23d,html,research/proteomic/snapshots/platelet_fulltext.html,atlas/releases/0.2.0/input_snapshot/releases/0.1.0/input_snapshot/research/proteomic/snapshots/platelet_fulltext.html,13728c96a93ea8a6762c20dae81bab2979cb84046a4f42b2432b735c02151359,archived_input_copy
ASSET_4af749dc94413e0b2c21,releases/0.2.0/input_snapshot/releases/0.1.0/input_snapshot/research/proteomic/snapshots/platelet_fulltext.txt,36265,transparent path/extension rule; documentary snapshots are not biological raw measurements,documentary_or_repository_source_snapshot,AFILE_2937a02c3f97503e16,txt,research/proteomic/snapshots/platelet_fulltext.txt,atlas/releases/0.2.0/input_snapshot/releases/0.1.0/input_snapshot/research/proteomic/snapshots/platelet_fulltext.txt,4af749dc94413e0b2c21192a7536b5a5774a50c1982cf37bd03fe5059caf865e,archived_input_copy
ASSET_bba7753a2baea26cb649,releases/0.2.0/input_snapshot/releases/0.1.0/input_snapshot/research/proteomic/snapshots/reap_fulltext.pdf,3127949,transparent path/extension rule; documentary snapshots are not biological raw measurements,documentary_or_repository_source_snapshot,AFILE_bb943bbc29d57d29f6,pdf,research/proteomic/snapshots/reap_fulltext.pdf,atlas/releases/0.2.0/input_snapshot/releases/0.1.0/input_snapshot/research/proteomic/snapshots/reap_fulltext.pdf,bba7753a2baea26cb649e574e530791a040f1d37958b1e59f244d9331058356d,archived_input_copy
ASSET_b58f8b5df81724f54eb4,releases/0.2.0/input_snapshot/releases/0.1.0/input_snapshot/research/proteomic/snapshots/search1.json,35398,transparent path/extension rule; documentary snapshots are not biological raw measurements,documentary_or_repository_source_snapshot,AFILE_a92908854fc347dbba,json,research/proteomic/snapshots/search1.json,atlas/releases/0.2.0/input_snapshot/releases/0.1.0/input_snapshot/research/proteomic/snapshots/search1.json,b58f8b5df81724f54eb4a18a5b95457af183ab593606b84002d21f6f2e2c2ed2,archived_input_copy
ASSET_c36ddae22b9a23b76294,releases/0.2.0/input_snapshot/releases/0.1.0/input_snapshot/research/proteomic/snapshots/search2.json,35069,transparent path/extension rule; documentary snapshots are not biological raw measurements,documentary_or_repository_source_snapshot,AFILE_9fc94bee472dce4dfe,json,research/proteomic/snapshots/search2.json,atlas/releases/0.2.0/input_snapshot/releases/0.1.0/input_snapshot/research/proteomic/snapshots/search2.json,c36ddae22b9a23b7629464d463ff95f1dd78797965b8399f570a3fcfcbca53b3,archived_input_copy
ASSET_d260164e0a42a3745b81,releases/0.2.0/input_snapshot/releases/0.1.0/input_snapshot/research/proteomic/snapshots/search3.json,32815,transparent path/extension rule; documentary snapshots are not biological raw measurements,documentary_or_repository_source_snapshot,AFILE_fac94b03c894a3b45a,json,research/proteomic/snapshots/search3.json,atlas/releases/0.2.0/input_snapshot/releases/0.1.0/input_snapshot/research/proteomic/snapshots/search3.json,d260164e0a42a3745b81ed951ec79917069e2e2456f01abcd06e079dd40a665b,archived_input_copy
ASSET_4500b7fd124cf851a6ae,releases/0.2.0/input_snapshot/releases/0.1.0/input_snapshot/research/proteomic/snapshots/search4.json,33270,transparent path/extension rule; documentary snapshots are not biological raw measurements,documentary_or_repository_source_snapshot,AFILE_3e8e1936cd759d6a14,json,research/proteomic/snapshots/search4.json,atlas/releases/0.2.0/input_snapshot/releases/0.1.0/input_snapshot/research/proteomic/snapshots/search4.json,4500b7fd124cf851a6ae37d3c81b48b91ad2e5cf80ab5e0dde2e1e118230505d,archived_input_copy
ASSET_e75df81b921fa739d035,releases/0.2.0/input_snapshot/releases/0.1.0/input_snapshot/research/proteomic/snapshots/search5.json,35231,transparent path/extension rule; documentary snapshots are not biological raw measurements,documentary_or_repository_source_snapshot,AFILE_d8c6efe002831b0837,json,research/proteomic/snapshots/search5.json,atlas/releases/0.2.0/input_snapshot/releases/0.1.0/input_snapshot/research/proteomic/snapshots/search5.json,e75df81b921fa739d035d55b2eb5c6b63972b1fad1932fd7c18e05213f2fa2d4,archived_input_copy
ASSET_d2d45217330507e9ce64,releases/0.2.0/input_snapshot/releases/0.1.0/input_snapshot/research/proteomic/snapshots/search6.json,33815,transparent path/extension rule; documentary snapshots are not biological raw measurements,documentary_or_repository_source_snapshot,AFILE_e7594abe24d94369f8,json,research/proteomic/snapshots/search6.json,atlas/releases/0.2.0/input_snapshot/releases/0.1.0/input_snapshot/research/proteomic/snapshots/search6.json,d2d45217330507e9ce6478d4746c0fc846095aba894ee68f4d80b72949008f39,archived_input_copy
ASSET_747e7940b91a392576b0,releases/0.2.0/input_snapshot/releases/0.1.0/input_snapshot/research/references/alias_plan.json,2087,transparent path/extension rule; documentary snapshots are not biological raw measurements,resource_metadata_snapshot,AFILE_974077ba4e0f92e3c2,json,research/references/alias_plan.json,atlas/releases/0.2.0/input_snapshot/releases/0.1.0/input_snapshot/research/references/alias_plan.json,747e7940b91a392576b00169575940b00dd871d1aa96fc4bb35ae309dc440055,archived_input_copy
ASSET_41e37ff9d03076e1f11b,releases/0.2.0/input_snapshot/releases/0.1.0/input_snapshot/research/references/pubmed_A.json,5905,transparent path/extension rule; documentary snapshots are not biological raw measurements,resource_metadata_snapshot,AFILE_2b2a53eb8b2cc99fc8,json,research/references/pubmed_A.json,atlas/releases/0.2.0/input_snapshot/releases/0.1.0/input_snapshot/research/references/pubmed_A.json,41e37ff9d03076e1f11bd00625ed9e98b4bf83d246600027f312ac37038c5cc4,archived_input_copy
ASSET_fafe820a26fdfbf8cee7,releases/0.2.0/input_snapshot/releases/0.1.0/input_snapshot/research/references/pubmed_A.request.json,453,transparent path/extension rule; documentary snapshots are not biological raw measurements,resource_metadata_snapshot,AFILE_f95c38312027530d55,json,research/references/pubmed_A.request.json,atlas/releases/0.2.0/input_snapshot/releases/0.1.0/input_snapshot/research/references/pubmed_A.request.json,fafe820a26fdfbf8cee759c4742248942476c2dcfc62753eb24b5d262ac77fb1,archived_input_copy
ASSET_4527e7fd61593b8edbc2,releases/0.2.0/input_snapshot/releases/0.1.0/input_snapshot/research/references/pubmed_A.response.json,418,transparent path/extension rule; documentary snapshots are not biological raw measurements,resource_metadata_snapshot,AFILE_d6c445305f45aeaed0,json,research/references/pubmed_A.response.json,atlas/releases/0.2.0/input_snapshot/releases/0.1.0/input_snapshot/research/references/pubmed_A.response.json,4527e7fd61593b8edbc21feb196af911e54ae3b0699e6cf10a36df53c82a5c75,archived_input_copy
ASSET_0ff698447090cbb54812,releases/0.2.0/input_snapshot/releases/0.1.0/input_snapshot/research/references/pubmed_B.json,3071,transparent path/extension rule; documentary snapshots are not biological raw measurements,resource_metadata_snapshot,AFILE_9037c24384b083438d,json,research/references/pubmed_B.json,atlas/releases/0.2.0/input_snapshot/releases/0.1.0/input_snapshot/research/references/pubmed_B.json,0ff698447090cbb548129c5d9a6a0711f2bab4f82487d151987b5520e32586fa,archived_input_copy
ASSET_031a2b3db027ceae20a3,releases/0.2.0/input_snapshot/releases/0.1.0/input_snapshot/research/references/pubmed_B.request.json,458,transparent path/extension rule; documentary snapshots are not biological raw measurements,resource_metadata_snapshot,AFILE_27ecb2abefd830377e,json,research/references/pubmed_B.request.json,atlas/releases/0.2.0/input_snapshot/releases/0.1.0/input_snapshot/research/references/pubmed_B.request.json,031a2b3db027ceae20a3e30a74fec4f7316cebffb4384ac040825927b5ed68d3,archived_input_copy
ASSET_1e374117069b8b13f12a,releases/0.2.0/input_snapshot/releases/0.1.0/input_snapshot/research/references/pubmed_B.response.json,418,transparent path/extension rule; documentary snapshots are not biological raw measurements,resource_metadata_snapshot,AFILE_961b36e85788e3fa4c,json,research/references/pubmed_B.response.json,atlas/releases/0.2.0/input_snapshot/releases/0.1.0/input_snapshot/research/references/pubmed_B.response.json,1e374117069b8b13f12a7c2cbb30f3e32b0db0ed92242b06a35ac2c90ae3978b,archived_input_copy
ASSET_96d1b0810aba31ce6826,releases/0.2.0/input_snapshot/releases/0.1.0/input_snapshot/research/references/pubmed_C.json,3831,transparent path/extension rule; documentary snapshots are not biological raw measurements,resource_metadata_snapshot,AFILE_badd1b93307a43ade4,json,research/references/pubmed_C.json,atlas/releases/0.2.0/input_snapshot/releases/0.1.0/input_snapshot/research/references/pubmed_C.json,96d1b0810aba31ce6826c1ae206605ac304f52ea4ede08bd045b36392c520948,archived_input_copy
ASSET_ad95b28cf3503842dc5d,releases/0.2.0/input_snapshot/releases/0.1.0/input_snapshot/research/references/pubmed_C.request.json,443,transparent path/extension rule; documentary snapshots are not biological raw measurements,resource_metadata_snapshot,AFILE_8786660c3f6e6c55b0,json,research/references/pubmed_C.request.json,atlas/releases/0.2.0/input_snapshot/releases/0.1.0/input_snapshot/research/references/pubmed_C.request.json,ad95b28cf3503842dc5d017bf1c755867475a9b436b6c64d56db896d875f88dd,archived_input_copy
ASSET_568a6ee90016e161f719,releases/0.2.0/input_snapshot/releases/0.1.0/input_snapshot/research/references/pubmed_C.response.json,418,transparent path/extension rule; documentary snapshots are not biological raw measurements,resource_metadata_snapshot,AFILE_550c1d10aca69e192f,json,research/references/pubmed_C.response.json,atlas/releases/0.2.0/input_snapshot/releases/0.1.0/input_snapshot/research/references/pubmed_C.response.json,568a6ee90016e161f719638f1760c3d4adc008936bb565fd76038b767cfc2b94,archived_input_copy
ASSET_39d227a53722a16d0111,releases/0.2.0/input_snapshot/releases/0.1.0/input_snapshot/research/references/pubmed_D.json,3918,transparent path/extension rule; documentary snapshots are not biological raw measurements,resource_metadata_snapshot,AFILE_190c012398a6247f0d,json,research/references/pubmed_D.json,atlas/releases/0.2.0/input_snapshot/releases/0.1.0/input_snapshot/research/references/pubmed_D.json,39d227a53722a16d011156b139a327f65452526c211be6184a6895204f4a3085,archived_input_copy
ASSET_5880df97938eec4c6ae9,releases/0.2.0/input_snapshot/releases/0.1.0/input_snapshot/research/references/pubmed_D.request.json,451,transparent path/extension rule; documentary snapshots are not biological raw measurements,resource_metadata_snapshot,AFILE_775afff233992910f1,json,research/references/pubmed_D.request.json,atlas/releases/0.2.0/input_snapshot/releases/0.1.0/input_snapshot/research/references/pubmed_D.request.json,5880df97938eec4c6ae94c9fbf53423b9f58493267644a22ca81ea745698aa0a,archived_input_copy
ASSET_063311ebfdb56a93d38c,releases/0.2.0/input_snapshot/releases/0.1.0/input_snapshot/research/references/pubmed_D.response.json,418,transparent path/extension rule; documentary snapshots are not biological raw measurements,resource_metadata_snapshot,AFILE_8da2e220bf4eefa100,json,research/references/pubmed_D.response.json,atlas/releases/0.2.0/input_snapshot/releases/0.1.0/input_snapshot/research/references/pubmed_D.response.json,063311ebfdb56a93d38c84c82fd10e5e33c871358858464f06266396927bc69e,archived_input_copy
ASSET_24e17b583d4e6655f47e,releases/0.2.0/input_snapshot/releases/0.1.0/input_snapshot/research/references/pubmed_entity_CCL11.json,3159,transparent path/extension rule; documentary snapshots are not biological raw measurements,resource_metadata_snapshot,AFILE_a202251d07a53a11f7,json,research/references/pubmed_entity_CCL11.json,atlas/releases/0.2.0/input_snapshot/releases/0.1.0/input_snapshot/research/references/pubmed_entity_CCL11.json,24e17b583d4e6655f47eac0f16dbeb790198a6df52467a5fb5c9b8821fb30b0e,archived_input_copy
ASSET_361372c416e29737d395,releases/0.2.0/input_snapshot/releases/0.1.0/input_snapshot/research/references/pubmed_entity_CCL11.request.json,461,transparent path/extension rule; documentary snapshots are not biological raw measurements,resource_metadata_snapshot,AFILE_9b810a632d99f8ead8,json,research/references/pubmed_entity_CCL11.request.json,atlas/releases/0.2.0/input_snapshot/releases/0.1.0/input_snapshot/research/references/pubmed_entity_CCL11.request.json,361372c416e29737d395e46ec7cc2949f9bea649f6663acb2378b5a0502a816c,archived_input_copy
ASSET_2e3e51a18ac38e16743f,releases/0.2.0/input_snapshot/releases/0.1.0/input_snapshot/research/references/pubmed_entity_CCL11.response.json,429,transparent path/extension rule; documentary snapshots are not biological raw measurements,resource_metadata_snapshot,AFILE_2490ce052ef4a86081,json,research/references/pubmed_entity_CCL11.response.json,atlas/releases/0.2.0/input_snapshot/releases/0.1.0/input_snapshot/research/references/pubmed_entity_CCL11.response.json,2e3e51a18ac38e16743ff7a8f2c256b79f9cea6a30a53996f1d0f5bf8183ac28,archived_input_copy
ASSET_215499a646124280db1e,releases/0.2.0/input_snapshot/releases/0.1.0/input_snapshot/research/references/pubmed_entity_CCL13.json,3159,transparent path/extension rule; documentary snapshots are not biological raw measurements,resource_metadata_snapshot,AFILE_392c2620de31ad39e3,json,research/references/pubmed_entity_CCL13.json,atlas/releases/0.2.0/input_snapshot/releases/0.1.0/input_snapshot/research/references/pubmed_entity_CCL13.json,215499a646124280db1e15873579f71e31af3ce6253d9600c36da1fca28612b4,archived_input_copy
ASSET_5a181bf5254b7b92a488,releases/0.2.0/input_snapshot/releases/0.1.0/input_snapshot/research/references/pubmed_entity_CCL13.request.json,461,transparent path/extension rule; documentary snapshots are not biological raw measurements,resource_metadata_snapshot,AFILE_c487510d5b31ea12c8,json,research/references/pubmed_entity_CCL13.request.json,atlas/releases/0.2.0/input_snapshot/releases/0.1.0/input_snapshot/research/references/pubmed_entity_CCL13.request.json,5a181bf5254b7b92a488cfb9c1a5077bc05b9f76ef0d7b6f2a4a3dd1c404c76f,archived_input_copy
ASSET_f93ff17a5492e6c1e18c,releases/0.2.0/input_snapshot/releases/0.1.0/input_snapshot/research/references/pubmed_entity_CCL13.response.json,429,transparent path/extension rule; documentary snapshots are not biological raw measurements,resource_metadata_snapshot,AFILE_6bf501ec91a4c0c9a4,json,research/references/pubmed_entity_CCL13.response.json,atlas/releases/0.2.0/input_snapshot/releases/0.1.0/input_snapshot/research/references/pubmed_entity_CCL13.response.json,f93ff17a5492e6c1e18c02969251d1553a3ab56093c7b70ffedce832e5f3588f,archived_input_copy
ASSET_140443c913f2a4815107,releases/0.2.0/input_snapshot/releases/0.1.0/input_snapshot/research/references/pubmed_entity_CCL17.json,3159,transparent path/extension rule; documentary snapshots are not biological raw measurements,resource_metadata_snapshot,AFILE_d4b8be5f8382625973,json,research/references/pubmed_entity_CCL17.json,atlas/releases/0.2.0/input_snapshot/releases/0.1.0/input_snapshot/research/references/pubmed_entity_CCL17.json,140443c913f2a4815107587f9b0363849bcabb4f1bbf3bd809e1517fa665032a,archived_input_copy
ASSET_17f3183d7edf5876f9c8,releases/0.2.0/input_snapshot/releases/0.1.0/input_snapshot/research/references/pubmed_entity_CCL17.request.json,461,transparent path/extension rule; documentary snapshots are not biological raw measurements,resource_metadata_snapshot,AFILE_b22edef6951220f874,json,research/references/pubmed_entity_CCL17.request.json,atlas/releases/0.2.0/input_snapshot/releases/0.1.0/input_snapshot/research/references/pubmed_entity_CCL17.request.json,17f3183d7edf5876f9c8cd5fd5d1d1d739b06495348cb1b6bba2c2055578f99d,archived_input_copy
ASSET_68bd9e36d7100670642f,releases/0.2.0/input_snapshot/releases/0.1.0/input_snapshot/research/references/pubmed_entity_CCL17.response.json,429,transparent path/extension rule; documentary snapshots are not biological raw measurements,resource_metadata_snapshot,AFILE_24f25757a3875e3f0e,json,research/references/pubmed_entity_CCL17.response.json,atlas/releases/0.2.0/input_snapshot/releases/0.1.0/input_snapshot/research/references/pubmed_entity_CCL17.response.json,68bd9e36d7100670642f5d1ed681acb577b36ba3dcd06c5415d5d87f63a55dec,archived_input_copy
ASSET_ff4687359394dbb5dfe8,releases/0.2.0/input_snapshot/releases/0.1.0/input_snapshot/research/references/pubmed_entity_CCL2.json,3159,transparent path/extension rule; documentary snapshots are not biological raw measurements,resource_metadata_snapshot,AFILE_1b579b8362a44a2fb3,json,research/references/pubmed_entity_CCL2.json,atlas/releases/0.2.0/input_snapshot/releases/0.1.0/input_snapshot/research/references/pubmed_entity_CCL2.json,ff4687359394dbb5dfe89162894c052bf3ac6f761f64bd82ae4f8101f3a46be1,archived_input_copy
ASSET_1b21ba0959b7975b9983,releases/0.2.0/input_snapshot/releases/0.1.0/input_snapshot/research/references/pubmed_entity_CCL2.request.json,459,transparent path/extension rule; documentary snapshots are not biological raw measurements,resource_metadata_snapshot,AFILE_1e72a8382fdd597026,json,research/references/pubmed_entity_CCL2.request.json,atlas/releases/0.2.0/input_snapshot/releases/0.1.0/input_snapshot/research/references/pubmed_entity_CCL2.request.json,1b21ba0959b7975b9983a74708dac38e613847b04a012fa5d67baa6920781700,archived_input_copy
ASSET_9c11e2c149c88996422b,releases/0.2.0/input_snapshot/releases/0.1.0/input_snapshot/research/references/pubmed_entity_CCL2.response.json,428,transparent path/extension rule; documentary snapshots are not biological raw measurements,resource_metadata_snapshot,AFILE_8076a725492d824f22,json,research/references/pubmed_entity_CCL2.response.json,atlas/releases/0.2.0/input_snapshot/releases/0.1.0/input_snapshot/research/references/pubmed_entity_CCL2.response.json,9c11e2c149c88996422b48c502b3bac61c0619e5d7c7b277a3168d4e0946a8c9,archived_input_copy
ASSET_75d9d6700180a7b57bce,releases/0.2.0/input_snapshot/releases/0.1.0/input_snapshot/research/references/pubmed_entity_CCL22.json,3159,transparent path/extension rule; documentary snapshots are not biological raw measurements,resource_metadata_snapshot,AFILE_7d53595f8d718ea850,json,research/references/pubmed_entity_CCL22.json,atlas/releases/0.2.0/input_snapshot/releases/0.1.0/input_snapshot/research/references/pubmed_entity_CCL22.json,75d9d6700180a7b57bce0dd5b13fc4d7bfc067dff06454446cdde4056139dd90,archived_input_copy
ASSET_08a1a9589b8395ea07c5,releases/0.2.0/input_snapshot/releases/0.1.0/input_snapshot/research/references/pubmed_entity_CCL22.request.json,461,transparent path/extension rule; documentary snapshots are not biological raw measurements,resource_metadata_snapshot,AFILE_71c6ceda9e34766856,json,research/references/pubmed_entity_CCL22.request.json,atlas/releases/0.2.0/input_snapshot/releases/0.1.0/input_snapshot/research/references/pubmed_entity_CCL22.request.json,08a1a9589b8395ea07c53cb1b2700b8e4bdefffb240223aaa70616657f326d33,archived_input_copy
ASSET_2cb10e1f0b4b4e7f0fca,releases/0.2.0/input_snapshot/releases/0.1.0/input_snapshot/research/references/pubmed_entity_CCL22.response.json,429,transparent path/extension rule; documentary snapshots are not biological raw measurements,resource_metadata_snapshot,AFILE_2137b50eae46178f86,json,research/references/pubmed_entity_CCL22.response.json,atlas/releases/0.2.0/input_snapshot/releases/0.1.0/input_snapshot/research/references/pubmed_entity_CCL22.response.json,2cb10e1f0b4b4e7f0fca4552f5539ef8046958c3f733197dfc188cb66f155ef3,archived_input_copy
ASSET_eb70a6b50b5028bf1bf3,releases/0.2.0/input_snapshot/releases/0.1.0/input_snapshot/research/references/pubmed_entity_CCL26.json,3159,transparent path/extension rule; documentary snapshots are not biological raw measurements,resource_metadata_snapshot,AFILE_d9d235e80e14351893,json,research/references/pubmed_entity_CCL26.json,atlas/releases/0.2.0/input_snapshot/releases/0.1.0/input_snapshot/research/references/pubmed_entity_CCL26.json,eb70a6b50b5028bf1bf3f204f8b82712f1584e1f164cb7251a9c33befef04720,archived_input_copy
ASSET_14120474689a8885f064,releases/0.2.0/input_snapshot/releases/0.1.0/input_snapshot/research/references/pubmed_entity_CCL26.request.json,461,transparent path/extension rule; documentary snapshots are not biological raw measurements,resource_metadata_snapshot,AFILE_02883ee7a5c789b054,json,research/references/pubmed_entity_CCL26.request.json,atlas/releases/0.2.0/input_snapshot/releases/0.1.0/input_snapshot/research/references/pubmed_entity_CCL26.request.json,14120474689a8885f064c362130c37678c15d2d5b450021971f564330f0585b3,archived_input_copy
ASSET_734a2939c74bc2b99447,releases/0.2.0/input_snapshot/releases/0.1.0/input_snapshot/research/references/pubmed_entity_CCL26.response.json,429,transparent path/extension rule; documentary snapshots are not biological raw measurements,resource_metadata_snapshot,AFILE_3775a52d8e6ee125f9,json,research/references/pubmed_entity_CCL26.response.json,atlas/releases/0.2.0/input_snapshot/releases/0.1.0/input_snapshot/research/references/pubmed_entity_CCL26.response.json,734a2939c74bc2b9944730c6a5997e4cb7fd6da5e64f1f5f4c89aa3f44e4f167,archived_input_copy
ASSET_bb5926d08d04a41ca17b,releases/0.2.0/input_snapshot/releases/0.1.0/input_snapshot/research/references/pubmed_entity_CCL3.json,3159,transparent path/extension rule; documentary snapshots are not biological raw measurements,resource_metadata_snapshot,AFILE_4a5f2e772a03ba3865,json,research/references/pubmed_entity_CCL3.json,atlas/releases/0.2.0/input_snapshot/releases/0.1.0/input_snapshot/research/references/pubmed_entity_CCL3.json,bb5926d08d04a41ca17be23fccee4c43814f8974fc2c6f47a34e86de4b5fa6c5,archived_input_copy
ASSET_6e638a0e09cf073f631f,releases/0.2.0/input_snapshot/releases/0.1.0/input_snapshot/research/references/pubmed_entity_CCL3.request.json,459,transparent path/extension rule; documentary snapshots are not biological raw measurements,resource_metadata_snapshot,AFILE_db3159cde1b2e7ff83,json,research/references/pubmed_entity_CCL3.request.json,atlas/releases/0.2.0/input_snapshot/releases/0.1.0/input_snapshot/research/references/pubmed_entity_CCL3.request.json,6e638a0e09cf073f631f4da88a80706749ff929849c302e24bd09ea0daa18cf7,archived_input_copy
ASSET_732426a9f0549c5cb485,releases/0.2.0/input_snapshot/releases/0.1.0/input_snapshot/research/references/pubmed_entity_CCL3.response.json,428,transparent path/extension rule; documentary snapshots are not biological raw measurements,resource_metadata_snapshot,AFILE_4f3219972d61e2dfab,json,research/references/pubmed_entity_CCL3.response.json,atlas/releases/0.2.0/input_snapshot/releases/0.1.0/input_snapshot/research/references/pubmed_entity_CCL3.response.json,732426a9f0549c5cb4855ee94fb22cf3e040e38c1ceaa0bead96bfac5f6bd1f6,archived_input_copy
ASSET_187d964bded13b76955a,releases/0.2.0/input_snapshot/releases/0.1.0/input_snapshot/research/references/pubmed_entity_CCL4.json,3159,transparent path/extension rule; documentary snapshots are not biological raw measurements,resource_metadata_snapshot,AFILE_efb449b1879cf5457f,json,research/references/pubmed_entity_CCL4.json,atlas/releases/0.2.0/input_snapshot/releases/0.1.0/input_snapshot/research/references/pubmed_entity_CCL4.json,187d964bded13b76955acceb6482e477539949eee2bb9db3fa670d675b2e3469,archived_input_copy
ASSET_0b8585ff6d0295ceee5a,releases/0.2.0/input_snapshot/releases/0.1.0/input_snapshot/research/references/pubmed_entity_CCL4.request.json,459,transparent path/extension rule; documentary snapshots are not biological raw measurements,resource_metadata_snapshot,AFILE_7156176f278ab1c8b3,json,research/references/pubmed_entity_CCL4.request.json,atlas/releases/0.2.0/input_snapshot/releases/0.1.0/input_snapshot/research/references/pubmed_entity_CCL4.request.json,0b8585ff6d0295ceee5aef0f0ee34a6dfbe4ba9ee445847e4dfe2e189ea85915,archived_input_copy
ASSET_0cab6b24d74c242ed9b1,releases/0.2.0/input_snapshot/releases/0.1.0/input_snapshot/research/references/pubmed_entity_CCL4.response.json,428,transparent path/extension rule; documentary snapshots are not biological raw measurements,resource_metadata_snapshot,AFILE_5e712cba294a8bf487,json,research/references/pubmed_entity_CCL4.response.json,atlas/releases/0.2.0/input_snapshot/releases/0.1.0/input_snapshot/research/references/pubmed_entity_CCL4.response.json,0cab6b24d74c242ed9b10249cc5b5e1352598bf478bf0d4a77f5a61e32c25458,archived_input_copy
ASSET_8b05b85ecdf4de960581,releases/0.2.0/input_snapshot/releases/0.1.0/input_snapshot/research/references/pubmed_entity_CSF2.json,3158,transparent path/extension rule; documentary snapshots are not biological raw measurements,resource_metadata_snapshot,AFILE_4cfef3e8bc2b8bf026,json,research/references/pubmed_entity_CSF2.json,atlas/releases/0.2.0/input_snapshot/releases/0.1.0/input_snapshot/research/references/pubmed_entity_CSF2.json,8b05b85ecdf4de9605810f5d2b4aebbea6f45ac32614d1165cd49287e69b98db,archived_input_copy
ASSET_bd134c49d906875ec6a3,releases/0.2.0/input_snapshot/releases/0.1.0/input_snapshot/research/references/pubmed_entity_CSF2.request.json,459,transparent path/extension rule; documentary snapshots are not biological raw measurements,resource_metadata_snapshot,AFILE_25a157483bc26e56e0,json,research/references/pubmed_entity_CSF2.request.json,atlas/releases/0.2.0/input_snapshot/releases/0.1.0/input_snapshot/research/references/pubmed_entity_CSF2.request.json,bd134c49d906875ec6a388fb959fcecaa08e6e787f1730d73237912501b0022d,archived_input_copy
ASSET_884c211cd551396b0c5e,releases/0.2.0/input_snapshot/releases/0.1.0/input_snapshot/research/references/pubmed_entity_CSF2.response.json,428,transparent path/extension rule; documentary snapshots are not biological raw measurements,resource_metadata_snapshot,AFILE_83007a38433b9d0ead,json,research/references/pubmed_entity_CSF2.response.json,atlas/releases/0.2.0/input_snapshot/releases/0.1.0/input_snapshot/research/references/pubmed_entity_CSF2.response.json,884c211cd551396b0c5ea39fdbba721bac6f162fe0f9bf745ddd263b8bace4b8,archived_input_copy
ASSET_26bedebaa5a811f98eb4,releases/0.2.0/input_snapshot/releases/0.1.0/input_snapshot/research/references/pubmed_entity_CXCL10.json,3161,transparent path/extension rule; documentary snapshots are not biological raw measurements,resource_metadata_snapshot,AFILE_388dcc39410ba990c8,json,research/references/pubmed_entity_CXCL10.json,atlas/releases/0.2.0/input_snapshot/releases/0.1.0/input_snapshot/research/references/pubmed_entity_CXCL10.json,26bedebaa5a811f98eb4f9ccc4ce2d20e183d796a8046f27af603b2232b5afa2,archived_input_copy
ASSET_3081eb8522d2a373e254,releases/0.2.0/input_snapshot/releases/0.1.0/input_snapshot/research/references/pubmed_entity_CXCL10.request.json,463,transparent path/extension rule; documentary snapshots are not biological raw measurements,resource_metadata_snapshot,AFILE_36d80c6b9840eb5dc6,json,research/references/pubmed_entity_CXCL10.request.json,atlas/releases/0.2.0/input_snapshot/releases/0.1.0/input_snapshot/research/references/pubmed_entity_CXCL10.request.json,3081eb8522d2a373e2549b3b6f39f26b2b436cda4bc8be8e5647ef75b8b6c29e,archived_input_copy
ASSET_30aa69254c52cc38e0d3,releases/0.2.0/input_snapshot/releases/0.1.0/input_snapshot/research/references/pubmed_entity_CXCL10.response.json,430,transparent path/extension rule; documentary snapshots are not biological raw measurements,resource_metadata_snapshot,AFILE_ecbb3133c026379976,json,research/references/pubmed_entity_CXCL10.response.json,atlas/releases/0.2.0/input_snapshot/releases/0.1.0/input_snapshot/research/references/pubmed_entity_CXCL10.response.json,30aa69254c52cc38e0d3c658ca148fd215e5e9a2d769a8e22f0117382f90efd4,archived_input_copy
ASSET_7bfc9c46a8435f2a0606,releases/0.2.0/input_snapshot/releases/0.1.0/input_snapshot/research/references/pubmed_entity_CXCL8.json,3160,transparent path/extension rule; documentary snapshots are not biological raw measurements,resource_metadata_snapshot,AFILE_d40510f9fd820ad7c2,json,research/references/pubmed_entity_CXCL8.json,atlas/releases/0.2.0/input_snapshot/releases/0.1.0/input_snapshot/research/references/pubmed_entity_CXCL8.json,7bfc9c46a8435f2a06064a0258fc9803e0f31a03dd9e254a02cb15c5c8fe0b59,archived_input_copy
ASSET_8ad15e8615a099bacba6,releases/0.2.0/input_snapshot/releases/0.1.0/input_snapshot/research/references/pubmed_entity_CXCL8.request.json,461,transparent path/extension rule; documentary snapshots are not biological raw measurements,resource_metadata_snapshot,AFILE_5d7d49bc249ed65142,json,research/references/pubmed_entity_CXCL8.request.json,atlas/releases/0.2.0/input_snapshot/releases/0.1.0/input_snapshot/research/references/pubmed_entity_CXCL8.request.json,8ad15e8615a099bacba68a8f87ec50da79582cc24283131c45dc7fc36f89a211,archived_input_copy
ASSET_786de2f45ff09b3cc8ea,releases/0.2.0/input_snapshot/releases/0.1.0/input_snapshot/research/references/pubmed_entity_CXCL8.response.json,429,transparent path/extension rule; documentary snapshots are not biological raw measurements,resource_metadata_snapshot,AFILE_7019c9368822b78fc5,json,research/references/pubmed_entity_CXCL8.response.json,atlas/releases/0.2.0/input_snapshot/releases/0.1.0/input_snapshot/research/references/pubmed_entity_CXCL8.response.json,786de2f45ff09b3cc8ea6d7bf2d24412095b837c5851b7400d7cff81576b1fc6,archived_input_copy
ASSET_0fc3f99eaa63c85a6380,releases/0.2.0/input_snapshot/releases/0.1.0/input_snapshot/research/references/pubmed_entity_IFNG.json,3159,transparent path/extension rule; documentary snapshots are not biological raw measurements,resource_metadata_snapshot,AFILE_6b04163e7688788398,json,research/references/pubmed_entity_IFNG.json,atlas/releases/0.2.0/input_snapshot/releases/0.1.0/input_snapshot/research/references/pubmed_entity_IFNG.json,0fc3f99eaa63c85a6380fc1b42ba609e2e14af5cb68748f77afb25ebba077e21,archived_input_copy
ASSET_a7c49c11f5b175b1ef9f,releases/0.2.0/input_snapshot/releases/0.1.0/input_snapshot/research/references/pubmed_entity_IFNG.request.json,459,transparent path/extension rule; documentary snapshots are not biological raw measurements,resource_metadata_snapshot,AFILE_42790982c5777f99b6,json,research/references/pubmed_entity_IFNG.request.json,atlas/releases/0.2.0/input_snapshot/releases/0.1.0/input_snapshot/research/references/pubmed_entity_IFNG.request.json,a7c49c11f5b175b1ef9f75f0581cbc4daadf3d54c515e647a0d163989c5fbeb3,archived_input_copy
ASSET_6c5027694e783db980df,releases/0.2.0/input_snapshot/releases/0.1.0/input_snapshot/research/references/pubmed_entity_IFNG.response.json,428,transparent path/extension rule; documentary snapshots are not biological raw measurements,resource_metadata_snapshot,AFILE_e85da3a96ac2f16f73,json,research/references/pubmed_entity_IFNG.response.json,atlas/releases/0.2.0/input_snapshot/releases/0.1.0/input_snapshot/research/references/pubmed_entity_IFNG.response.json,6c5027694e783db980df0a25a11e57c3dbe9324c50e557f52b5b3e63ce7158ec,archived_input_copy
ASSET_cd2083b32799520db951,releases/0.2.0/input_snapshot/releases/0.1.0/input_snapshot/research/references/pubmed_entity_IL10.json,3160,transparent path/extension rule; documentary snapshots are not biological raw measurements,resource_metadata_snapshot,AFILE_45d1418316789b8ee8,json,research/references/pubmed_entity_IL10.json,atlas/releases/0.2.0/input_snapshot/releases/0.1.0/input_snapshot/research/references/pubmed_entity_IL10.json,cd2083b32799520db9512d73a67037469b6f7edd25c57d3e71c4ce17f174ef03,archived_input_copy
ASSET_deb57f2cfe84002047fc,releases/0.2.0/input_snapshot/releases/0.1.0/input_snapshot/research/references/pubmed_entity_IL10.request.json,459,transparent path/extension rule; documentary snapshots are not biological raw measurements,resource_metadata_snapshot,AFILE_f0e6b62c49034701a8,json,research/references/pubmed_entity_IL10.request.json,atlas/releases/0.2.0/input_snapshot/releases/0.1.0/input_snapshot/research/references/pubmed_entity_IL10.request.json,deb57f2cfe84002047fc4b307d4603ba9010c2f41be91cd2948e4507584d30d0,archived_input_copy
ASSET_a5fde7ccbeed5a41c67e,releases/0.2.0/input_snapshot/releases/0.1.0/input_snapshot/research/references/pubmed_entity_IL10.response.json,428,transparent path/extension rule; documentary snapshots are not biological raw measurements,resource_metadata_snapshot,AFILE_1a9d00de99d841e2f4,json,research/references/pubmed_entity_IL10.response.json,atlas/releases/0.2.0/input_snapshot/releases/0.1.0/input_snapshot/research/references/pubmed_entity_IL10.response.json,a5fde7ccbeed5a41c67e399f7794f353b958fda516daba97de81a527aad31e30,archived_input_copy
ASSET_6d83a023edd54ee9e31d,releases/0.2.0/input_snapshot/releases/0.1.0/input_snapshot/research/references/pubmed_entity_IL12A.json,3159,transparent path/extension rule; documentary snapshots are not biological raw measurements,resource_metadata_snapshot,AFILE_b8e37f02f92ce30bfd,json,research/references/pubmed_entity_IL12A.json,atlas/releases/0.2.0/input_snapshot/releases/0.1.0/input_snapshot/research/references/pubmed_entity_IL12A.json,6d83a023edd54ee9e31d21af27cc08132b0041a49c2953d93e3bada819808cbe,archived_input_copy
ASSET_0a23e9c86cfd35bddf22,releases/0.2.0/input_snapshot/releases/0.1.0/input_snapshot/research/references/pubmed_entity_IL12A.request.json,461,transparent path/extension rule; documentary snapshots are not biological raw measurements,resource_metadata_snapshot,AFILE_8eed5347d69bfcd6ba,json,research/references/pubmed_entity_IL12A.request.json,atlas/releases/0.2.0/input_snapshot/releases/0.1.0/input_snapshot/research/references/pubmed_entity_IL12A.request.json,0a23e9c86cfd35bddf220b26fa0ff3522d011a65cfdd775a1813833294a67fe7,archived_input_copy
ASSET_70cfcff9063ab32ebabc,releases/0.2.0/input_snapshot/releases/0.1.0/input_snapshot/research/references/pubmed_entity_IL12A.response.json,429,transparent path/extension rule; documentary snapshots are not biological raw measurements,resource_metadata_snapshot,AFILE_4bbd1619cae629abbf,json,research/references/pubmed_entity_IL12A.response.json,atlas/releases/0.2.0/input_snapshot/releases/0.1.0/input_snapshot/research/references/pubmed_entity_IL12A.response.json,70cfcff9063ab32ebabc8bbf5819f7a7effc9e60cd768d54ba5e7a1cdba577c9,archived_input_copy
ASSET_0a53a1872efc6f884b91,releases/0.2.0/input_snapshot/releases/0.1.0/input_snapshot/research/references/pubmed_entity_IL12B.json,3159,transparent path/extension rule; documentary snapshots are not biological raw measurements,resource_metadata_snapshot,AFILE_21c63ff6f88ec2062a,json,research/references/pubmed_entity_IL12B.json,atlas/releases/0.2.0/input_snapshot/releases/0.1.0/input_snapshot/research/references/pubmed_entity_IL12B.json,0a53a1872efc6f884b91f125743057c7ea60e7073f0907c1f0902d10d3a7616e,archived_input_copy
ASSET_600bf7563f63cfaefcaf,releases/0.2.0/input_snapshot/releases/0.1.0/input_snapshot/research/references/pubmed_entity_IL12B.request.json,461,transparent path/extension rule; documentary snapshots are not biological raw measurements,resource_metadata_snapshot,AFILE_a2c2db7c9a0eb14ad7,json,research/references/pubmed_entity_IL12B.request.json,atlas/releases/0.2.0/input_snapshot/releases/0.1.0/input_snapshot/research/references/pubmed_entity_IL12B.request.json,600bf7563f63cfaefcaf475b8e0991f07a126cfb2f906393eaee8315ea84d871,archived_input_copy
ASSET_3bf42438e3bc9b1a5f04,releases/0.2.0/input_snapshot/releases/0.1.0/input_snapshot/research/references/pubmed_entity_IL12B.response.json,429,transparent path/extension rule; documentary snapshots are not biological raw measurements,resource_metadata_snapshot,AFILE_48d87f7979b80fb53e,json,research/references/pubmed_entity_IL12B.response.json,atlas/releases/0.2.0/input_snapshot/releases/0.1.0/input_snapshot/research/references/pubmed_entity_IL12B.response.json,3bf42438e3bc9b1a5f04e565767eea986f7af82babf7208852de241cadd6953e,archived_input_copy
ASSET_30ddb4085c7ee30d0f94,releases/0.2.0/input_snapshot/releases/0.1.0/input_snapshot/research/references/pubmed_entity_IL13.json,3159,transparent path/extension rule; documentary snapshots are not biological raw measurements,resource_metadata_snapshot,AFILE_d460e9e67fd7e7dc52,json,research/references/pubmed_entity_IL13.json,atlas/releases/0.2.0/input_snapshot/releases/0.1.0/input_snapshot/research/references/pubmed_entity_IL13.json,30ddb4085c7ee30d0f940cf7577e92d6c16485ad352647d7cab065fbb5e9dfc7,archived_input_copy
ASSET_180e57bedffffb284cf7,releases/0.2.0/input_snapshot/releases/0.1.0/input_snapshot/research/references/pubmed_entity_IL13.request.json,459,transparent path/extension rule; documentary snapshots are not biological raw measurements,resource_metadata_snapshot,AFILE_dccb854db59c775fc0,json,research/references/pubmed_entity_IL13.request.json,atlas/releases/0.2.0/input_snapshot/releases/0.1.0/input_snapshot/research/references/pubmed_entity_IL13.request.json,180e57bedffffb284cf798371fe56f14a8faa75b8284cc91c8beb3f74cfb6501,archived_input_copy
ASSET_3d660da31a5fd38af5d9,releases/0.2.0/input_snapshot/releases/0.1.0/input_snapshot/research/references/pubmed_entity_IL13.response.json,428,transparent path/extension rule; documentary snapshots are not biological raw measurements,resource_metadata_snapshot,AFILE_726580d29880ebde33,json,research/references/pubmed_entity_IL13.response.json,atlas/releases/0.2.0/input_snapshot/releases/0.1.0/input_snapshot/research/references/pubmed_entity_IL13.response.json,3d660da31a5fd38af5d94ddd6a44d18cda64caf992868684e455b86520b5f7f0,archived_input_copy
ASSET_a53eb40084125f82f235,releases/0.2.0/input_snapshot/releases/0.1.0/input_snapshot/research/references/pubmed_entity_IL15.json,3159,transparent path/extension rule; documentary snapshots are not biological raw measurements,resource_metadata_snapshot,AFILE_fdac8b8e438e1c9ebc,json,research/references/pubmed_entity_IL15.json,atlas/releases/0.2.0/input_snapshot/releases/0.1.0/input_snapshot/research/references/pubmed_entity_IL15.json,a53eb40084125f82f2356add74c8ef0675f4d7a34b18ff968e91ea9fcc5d07f8,archived_input_copy
ASSET_7f66779ed1099c6cadea,releases/0.2.0/input_snapshot/releases/0.1.0/input_snapshot/research/references/pubmed_entity_IL15.request.json,459,transparent path/extension rule; documentary snapshots are not biological raw measurements,resource_metadata_snapshot,AFILE_41dfa5369882441b9a,json,research/references/pubmed_entity_IL15.request.json,atlas/releases/0.2.0/input_snapshot/releases/0.1.0/input_snapshot/research/references/pubmed_entity_IL15.request.json,7f66779ed1099c6cadead3c8e629813455384452e5fcbfcf277e2a5a4fdebef8,archived_input_copy
ASSET_8cbd85dad510fc02492a,releases/0.2.0/input_snapshot/releases/0.1.0/input_snapshot/research/references/pubmed_entity_IL15.response.json,428,transparent path/extension rule; documentary snapshots are not biological raw measurements,resource_metadata_snapshot,AFILE_170a3eb8a4a9ad8353,json,research/references/pubmed_entity_IL15.response.json,atlas/releases/0.2.0/input_snapshot/releases/0.1.0/input_snapshot/research/references/pubmed_entity_IL15.response.json,8cbd85dad510fc02492a82b6592ab5a3b66f259ff46ebed08c1006cdc5876935,archived_input_copy
ASSET_41799610c7a38f190eab,releases/0.2.0/input_snapshot/releases/0.1.0/input_snapshot/research/references/pubmed_entity_IL16.json,3157,transparent path/extension rule; documentary snapshots are not biological raw measurements,resource_metadata_snapshot,AFILE_ae25534c7f3a2c2db3,json,research/references/pubmed_entity_IL16.json,atlas/releases/0.2.0/input_snapshot/releases/0.1.0/input_snapshot/research/references/pubmed_entity_IL16.json,41799610c7a38f190eabf950a4cd8e04a6740c477fa3dbe4fd84511477a9fa50,archived_input_copy
ASSET_29ce63250295d5087424,releases/0.2.0/input_snapshot/releases/0.1.0/input_snapshot/research/references/pubmed_entity_IL16.request.json,459,transparent path/extension rule; documentary snapshots are not biological raw measurements,resource_metadata_snapshot,AFILE_0b15ea50581f403a4c,json,research/references/pubmed_entity_IL16.request.json,atlas/releases/0.2.0/input_snapshot/releases/0.1.0/input_snapshot/research/references/pubmed_entity_IL16.request.json,29ce63250295d5087424c737e2b50ce8f1807482bc8aff9bffd62572826fac96,archived_input_copy
ASSET_b81ea3f49e8b2f2c4701,releases/0.2.0/input_snapshot/releases/0.1.0/input_snapshot/research/references/pubmed_entity_IL16.response.json,427,transparent path/extension rule; documentary snapshots are not biological raw measurements,resource_metadata_snapshot,AFILE_40fc2abcbfdb4d9090,json,research/references/pubmed_entity_IL16.response.json,atlas/releases/0.2.0/input_snapshot/releases/0.1.0/input_snapshot/research/references/pubmed_entity_IL16.response.json,b81ea3f49e8b2f2c4701218e73080f0ffcbb686d543451e7520d95c891746083,archived_input_copy
ASSET_60d3bf4bbf487f15b2c9,releases/0.2.0/input_snapshot/releases/0.1.0/input_snapshot/research/references/pubmed_entity_IL17A.json,3160,transparent path/extension rule; documentary snapshots are not biological raw measurements,resource_metadata_snapshot,AFILE_4fe07249e75dc95347,json,research/references/pubmed_entity_IL17A.json,atlas/releases/0.2.0/input_snapshot/releases/0.1.0/input_snapshot/research/references/pubmed_entity_IL17A.json,60d3bf4bbf487f15b2c9e717ecae1054e0d46bb75d6af9f0c036a57551693006,archived_input_copy
ASSET_a5939fd4359e576135fb,releases/0.2.0/input_snapshot/releases/0.1.0/input_snapshot/research/references/pubmed_entity_IL17A.request.json,461,transparent path/extension rule; documentary snapshots are not biological raw measurements,resource_metadata_snapshot,AFILE_ad9e7903e1d8728758,json,research/references/pubmed_entity_IL17A.request.json,atlas/releases/0.2.0/input_snapshot/releases/0.1.0/input_snapshot/research/references/pubmed_entity_IL17A.request.json,a5939fd4359e576135fb31f636d081d84afdadda497b76a2925b3a09d7017c2f,archived_input_copy
ASSET_c7dd1478c81b179347a4,releases/0.2.0/input_snapshot/releases/0.1.0/input_snapshot/research/references/pubmed_entity_IL17A.response.json,429,transparent path/extension rule; documentary snapshots are not biological raw measurements,resource_metadata_snapshot,AFILE_8eb6d8b5cef396aed9,json,research/references/pubmed_entity_IL17A.response.json,atlas/releases/0.2.0/input_snapshot/releases/0.1.0/input_snapshot/research/references/pubmed_entity_IL17A.response.json,c7dd1478c81b179347a478c56ff495d669eb0b286b14349f5c8099055b516d1c,archived_input_copy
ASSET_473f8bc0d92379b0d291,releases/0.2.0/input_snapshot/releases/0.1.0/input_snapshot/research/references/pubmed_entity_IL1A.json,3158,transparent path/extension rule; documentary snapshots are not biological raw measurements,resource_metadata_snapshot,AFILE_0d825a3b269d60617b,json,research/references/pubmed_entity_IL1A.json,atlas/releases/0.2.0/input_snapshot/releases/0.1.0/input_snapshot/research/references/pubmed_entity_IL1A.json,473f8bc0d92379b0d291637002a68e6caeb84e2915740b4929c3284cd7b0ab8d,archived_input_copy
ASSET_92250c2274f3adc99f33,releases/0.2.0/input_snapshot/releases/0.1.0/input_snapshot/research/references/pubmed_entity_IL1A.request.json,459,transparent path/extension rule; documentary snapshots are not biological raw measurements,resource_metadata_snapshot,AFILE_75c05c79428bd73237,json,research/references/pubmed_entity_IL1A.request.json,atlas/releases/0.2.0/input_snapshot/releases/0.1.0/input_snapshot/research/references/pubmed_entity_IL1A.request.json,92250c2274f3adc99f33c9d17590e582c7cad889843a0fc9a7abfd42febb2279,archived_input_copy
ASSET_b5371146e202b73a122b,releases/0.2.0/input_snapshot/releases/0.1.0/input_snapshot/research/references/pubmed_entity_IL1A.response.json,428,transparent path/extension rule; documentary snapshots are not biological raw measurements,resource_metadata_snapshot,AFILE_3f74676a1991ae7851,json,research/references/pubmed_entity_IL1A.response.json,atlas/releases/0.2.0/input_snapshot/releases/0.1.0/input_snapshot/research/references/pubmed_entity_IL1A.response.json,b5371146e202b73a122b8759b408ed654306deb0d15b79c8a400ac51bdffd98b,archived_input_copy
ASSET_4156342e0ce3a386f27d,releases/0.2.0/input_snapshot/releases/0.1.0/input_snapshot/research/references/pubmed_entity_IL1B.json,3159,transparent path/extension rule; documentary snapshots are not biological raw measurements,resource_metadata_snapshot,AFILE_13813cce293b7a413f,json,research/references/pubmed_entity_IL1B.json,atlas/releases/0.2.0/input_snapshot/releases/0.1.0/input_snapshot/research/references/pubmed_entity_IL1B.json,4156342e0ce3a386f27d876e45489cf0890d1e245d83d67e3bde4e610677fe7e,archived_input_copy
ASSET_d22720216e50c7fc3b7e,releases/0.2.0/input_snapshot/releases/0.1.0/input_snapshot/research/references/pubmed_entity_IL1B.request.json,459,transparent path/extension rule; documentary snapshots are not biological raw measurements,resource_metadata_snapshot,AFILE_cd7277064a7406f558,json,research/references/pubmed_entity_IL1B.request.json,atlas/releases/0.2.0/input_snapshot/releases/0.1.0/input_snapshot/research/references/pubmed_entity_IL1B.request.json,d22720216e50c7fc3b7e9e346be19a98025b7c1e8b36fd243485126abfbd73e9,archived_input_copy
ASSET_a0af1ebcfce8c3508105,releases/0.2.0/input_snapshot/releases/0.1.0/input_snapshot/research/references/pubmed_entity_IL1B.response.json,428,transparent path/extension rule; documentary snapshots are not biological raw measurements,resource_metadata_snapshot,AFILE_2cf88414533611e13d,json,research/references/pubmed_entity_IL1B.response.json,atlas/releases/0.2.0/input_snapshot/releases/0.1.0/input_snapshot/research/references/pubmed_entity_IL1B.response.json,a0af1ebcfce8c35081059bc083cb761cd3fad5e5e34412848bb3de883c0d1e21,archived_input_copy
ASSET_20d6c9e68d16c2531d20,releases/0.2.0/input_snapshot/releases/0.1.0/input_snapshot/research/references/pubmed_entity_IL2.json,3159,transparent path/extension rule; documentary snapshots are not biological raw measurements,resource_metadata_snapshot,AFILE_8dc2026c0bca42a425,json,research/references/pubmed_entity_IL2.json,atlas/releases/0.2.0/input_snapshot/releases/0.1.0/input_snapshot/research/references/pubmed_entity_IL2.json,20d6c9e68d16c2531d206f48857dc349a3af308b01092243a6f3f177d8b44657,archived_input_copy
ASSET_5d328e302b350c3c1dcd,releases/0.2.0/input_snapshot/releases/0.1.0/input_snapshot/research/references/pubmed_entity_IL2.request.json,457,transparent path/extension rule; documentary snapshots are not biological raw measurements,resource_metadata_snapshot,AFILE_7b6f4df14780a308fb,json,research/references/pubmed_entity_IL2.request.json,atlas/releases/0.2.0/input_snapshot/releases/0.1.0/input_snapshot/research/references/pubmed_entity_IL2.request.json,5d328e302b350c3c1dcd2156fd4defd8f820d9b5fb21c29083754c3353c70b8b,archived_input_copy
ASSET_758339c9d49aad8011f6,releases/0.2.0/input_snapshot/releases/0.1.0/input_snapshot/research/references/pubmed_entity_IL2.response.json,427,transparent path/extension rule; documentary snapshots are not biological raw measurements,resource_metadata_snapshot,AFILE_99375498382f57c1cd,json,research/references/pubmed_entity_IL2.response.json,atlas/releases/0.2.0/input_snapshot/releases/0.1.0/input_snapshot/research/references/pubmed_entity_IL2.response.json,758339c9d49aad8011f63f522e5c315db516275fe3485f8f48131294ab8ff299,archived_input_copy
ASSET_5ac0a90f90c011e9187e,releases/0.2.0/input_snapshot/releases/0.1.0/input_snapshot/research/references/pubmed_entity_IL4.json,3158,transparent path/extension rule; documentary snapshots are not biological raw measurements,resource_metadata_snapshot,AFILE_98c5445c576874e20b,json,research/references/pubmed_entity_IL4.json,atlas/releases/0.2.0/input_snapshot/releases/0.1.0/input_snapshot/research/references/pubmed_entity_IL4.json,5ac0a90f90c011e9187e8d50453a7f708e8cb85d7138187fbe98ea41e57aa014,archived_input_copy
ASSET_66a6defec26e0f20325f,releases/0.2.0/input_snapshot/releases/0.1.0/input_snapshot/research/references/pubmed_entity_IL4.request.json,457,transparent path/extension rule; documentary snapshots are not biological raw measurements,resource_metadata_snapshot,AFILE_27e34e244e711e46b7,json,research/references/pubmed_entity_IL4.request.json,atlas/releases/0.2.0/input_snapshot/releases/0.1.0/input_snapshot/research/references/pubmed_entity_IL4.request.json,66a6defec26e0f20325f6af77214deb1d5a181a135402e55557440c3abe44a76,archived_input_copy
ASSET_961907198211f5b95ea4,releases/0.2.0/input_snapshot/releases/0.1.0/input_snapshot/research/references/pubmed_entity_IL4.response.json,427,transparent path/extension rule; documentary snapshots are not biological raw measurements,resource_metadata_snapshot,AFILE_00c7bc59a0d30b8b84,json,research/references/pubmed_entity_IL4.response.json,atlas/releases/0.2.0/input_snapshot/releases/0.1.0/input_snapshot/research/references/pubmed_entity_IL4.response.json,961907198211f5b95ea493c38f9d8d6e562bedd0f07f69b11ee9fd5339e8bee7,archived_input_copy
ASSET_b0c7ea6b353dbe808f1d,releases/0.2.0/input_snapshot/releases/0.1.0/input_snapshot/research/references/pubmed_entity_IL5.json,3158,transparent path/extension rule; documentary snapshots are not biological raw measurements,resource_metadata_snapshot,AFILE_c5e3ba7e6b2158fbd8,json,research/references/pubmed_entity_IL5.json,atlas/releases/0.2.0/input_snapshot/releases/0.1.0/input_snapshot/research/references/pubmed_entity_IL5.json,b0c7ea6b353dbe808f1d1d210baddd3edcf6bd69a0383d823f777d8d0d6c04e7,archived_input_copy
ASSET_75339320d47c756959dc,releases/0.2.0/input_snapshot/releases/0.1.0/input_snapshot/research/references/pubmed_entity_IL5.request.json,457,transparent path/extension rule; documentary snapshots are not biological raw measurements,resource_metadata_snapshot,AFILE_007241aeef3d48ce10,json,research/references/pubmed_entity_IL5.request.json,atlas/releases/0.2.0/input_snapshot/releases/0.1.0/input_snapshot/research/references/pubmed_entity_IL5.request.json,75339320d47c756959dc1e52b87decdea02cceef1c8f0fff03fd28bc36c9aacd,archived_input_copy
ASSET_6d71bba44d1b231b084d,releases/0.2.0/input_snapshot/releases/0.1.0/input_snapshot/research/references/pubmed_entity_IL5.response.json,427,transparent path/extension rule; documentary snapshots are not biological raw measurements,resource_metadata_snapshot,AFILE_a6ec28c9ab6da118ad,json,research/references/pubmed_entity_IL5.response.json,atlas/releases/0.2.0/input_snapshot/releases/0.1.0/input_snapshot/research/references/pubmed_entity_IL5.response.json,6d71bba44d1b231b084d1f1563573a6c239626bdcec048d14ef4685a4533edb6,archived_input_copy
ASSET_06c430d2cf91fa93585f,releases/0.2.0/input_snapshot/releases/0.1.0/input_snapshot/research/references/pubmed_entity_IL6.json,3159,transparent path/extension rule; documentary snapshots are not biological raw measurements,resource_metadata_snapshot,AFILE_763ffbf4af27762c47,json,research/references/pubmed_entity_IL6.json,atlas/releases/0.2.0/input_snapshot/releases/0.1.0/input_snapshot/research/references/pubmed_entity_IL6.json,06c430d2cf91fa93585f69cc4122f4d3ac63001fb03c29dd4da7a91883375e19,archived_input_copy
ASSET_fede4f2d86fbc45eec5b,releases/0.2.0/input_snapshot/releases/0.1.0/input_snapshot/research/references/pubmed_entity_IL6.request.json,457,transparent path/extension rule; documentary snapshots are not biological raw measurements,resource_metadata_snapshot,AFILE_e45017c89ef8c080f0,json,research/references/pubmed_entity_IL6.request.json,atlas/releases/0.2.0/input_snapshot/releases/0.1.0/input_snapshot/research/references/pubmed_entity_IL6.request.json,fede4f2d86fbc45eec5b0271591b992fc646c2dce9aace66ea278460e25a882f,archived_input_copy
ASSET_ff88fc5ac3df45d2e672,releases/0.2.0/input_snapshot/releases/0.1.0/input_snapshot/research/references/pubmed_entity_IL6.response.json,427,transparent path/extension rule; documentary snapshots are not biological raw measurements,resource_metadata_snapshot,AFILE_9fecf41259da5a61a6,json,research/references/pubmed_entity_IL6.response.json,atlas/releases/0.2.0/input_snapshot/releases/0.1.0/input_snapshot/research/references/pubmed_entity_IL6.response.json,ff88fc5ac3df45d2e6727cb2772b7fac07991035925e48717ffbd67433bea6c4,archived_input_copy
ASSET_3b69d48ce815a6269486,releases/0.2.0/input_snapshot/releases/0.1.0/input_snapshot/research/references/pubmed_entity_IL7.json,3158,transparent path/extension rule; documentary snapshots are not biological raw measurements,resource_metadata_snapshot,AFILE_d182144627e2cc29b7,json,research/references/pubmed_entity_IL7.json,atlas/releases/0.2.0/input_snapshot/releases/0.1.0/input_snapshot/research/references/pubmed_entity_IL7.json,3b69d48ce815a626948673456665eb48fa241945071d7c58fea3b1ea2f449a29,archived_input_copy
ASSET_4530ec14b02544c877c3,releases/0.2.0/input_snapshot/releases/0.1.0/input_snapshot/research/references/pubmed_entity_IL7.request.json,457,transparent path/extension rule; documentary snapshots are not biological raw measurements,resource_metadata_snapshot,AFILE_7ca0eb41ec8b6cb76c,json,research/references/pubmed_entity_IL7.request.json,atlas/releases/0.2.0/input_snapshot/releases/0.1.0/input_snapshot/research/references/pubmed_entity_IL7.request.json,4530ec14b02544c877c3720933911734f9e4bedf6fb581ea59e97d288d84dcc6,archived_input_copy
ASSET_714f3332a8c38a548c96,releases/0.2.0/input_snapshot/releases/0.1.0/input_snapshot/research/references/pubmed_entity_IL7.response.json,427,transparent path/extension rule; documentary snapshots are not biological raw measurements,resource_metadata_snapshot,AFILE_53a4c0b98e371fa21a,json,research/references/pubmed_entity_IL7.response.json,atlas/releases/0.2.0/input_snapshot/releases/0.1.0/input_snapshot/research/references/pubmed_entity_IL7.response.json,714f3332a8c38a548c96eca66eabf1cf47c83bcc9e6ef1043604e1c27ab67c7f,archived_input_copy
ASSET_6e7c03a7e8a34d5796e7,releases/0.2.0/input_snapshot/releases/0.1.0/input_snapshot/research/references/pubmed_entity_LTA.json,3157,transparent path/extension rule; documentary snapshots are not biological raw measurements,resource_metadata_snapshot,AFILE_f6c7fb85dca36541a3,json,research/references/pubmed_entity_LTA.json,atlas/releases/0.2.0/input_snapshot/releases/0.1.0/input_snapshot/research/references/pubmed_entity_LTA.json,6e7c03a7e8a34d5796e7fdc42dcd4c9ce1eddd8c18808aaecccc1a96d8918fed,archived_input_copy
ASSET_c35ed814e7fee5cd6680,releases/0.2.0/input_snapshot/releases/0.1.0/input_snapshot/research/references/pubmed_entity_LTA.request.json,457,transparent path/extension rule; documentary snapshots are not biological raw measurements,resource_metadata_snapshot,AFILE_7277509fc0c29d2fa2,json,research/references/pubmed_entity_LTA.request.json,atlas/releases/0.2.0/input_snapshot/releases/0.1.0/input_snapshot/research/references/pubmed_entity_LTA.request.json,c35ed814e7fee5cd6680d4520178ca2a7fe69c96c38be0dddaea30fbf736da28,archived_input_copy
ASSET_dd5eea4a9ed8a81315ae,releases/0.2.0/input_snapshot/releases/0.1.0/input_snapshot/research/references/pubmed_entity_LTA.response.json,427,transparent path/extension rule; documentary snapshots are not biological raw measurements,resource_metadata_snapshot,AFILE_ea818d2bde626e7a87,json,research/references/pubmed_entity_LTA.response.json,atlas/releases/0.2.0/input_snapshot/releases/0.1.0/input_snapshot/research/references/pubmed_entity_LTA.response.json,dd5eea4a9ed8a81315aedb1429255c3cc993a62b1a0fda609e345fa72be34942,archived_input_copy
ASSET_471cda6d60f538e95dc4,releases/0.2.0/input_snapshot/releases/0.1.0/input_snapshot/research/references/pubmed_entity_TNF.json,3159,transparent path/extension rule; documentary snapshots are not biological raw measurements,resource_metadata_snapshot,AFILE_c3fe4775d877fbf034,json,research/references/pubmed_entity_TNF.json,atlas/releases/0.2.0/input_snapshot/releases/0.1.0/input_snapshot/research/references/pubmed_entity_TNF.json,471cda6d60f538e95dc4ea0548341cfc01ba1c05dab3d1fba886b70833ff2311,archived_input_copy
ASSET_d9390a7dc1fc88c75abb,releases/0.2.0/input_snapshot/releases/0.1.0/input_snapshot/research/references/pubmed_entity_TNF.request.json,457,transparent path/extension rule; documentary snapshots are not biological raw measurements,resource_metadata_snapshot,AFILE_9e1f74e73c9ba03628,json,research/references/pubmed_entity_TNF.request.json,atlas/releases/0.2.0/input_snapshot/releases/0.1.0/input_snapshot/research/references/pubmed_entity_TNF.request.json,d9390a7dc1fc88c75abb30aeef0c180b31391e0ebef49d1a1e9f07661cb07d4b,archived_input_copy
ASSET_4dad62f3e607d969bc62,releases/0.2.0/input_snapshot/releases/0.1.0/input_snapshot/research/references/pubmed_entity_TNF.response.json,427,transparent path/extension rule; documentary snapshots are not biological raw measurements,resource_metadata_snapshot,AFILE_559fb44f73b964e513,json,research/references/pubmed_entity_TNF.response.json,atlas/releases/0.2.0/input_snapshot/releases/0.1.0/input_snapshot/research/references/pubmed_entity_TNF.response.json,4dad62f3e607d969bc62f1fb2799723205b9b8307c2881021ac92a5032aaad87,archived_input_copy
ASSET_8f70bb43c84fc4111aa3,releases/0.2.0/input_snapshot/releases/0.1.0/input_snapshot/research/references/pubmed_entity_VEGFA.json,3160,transparent path/extension rule; documentary snapshots are not biological raw measurements,resource_metadata_snapshot,AFILE_51016f9cbae8fd44d9,json,research/references/pubmed_entity_VEGFA.json,atlas/releases/0.2.0/input_snapshot/releases/0.1.0/input_snapshot/research/references/pubmed_entity_VEGFA.json,8f70bb43c84fc4111aa3c4788aa24fdd93daacfcfebd780a717c0dce02a41345,archived_input_copy
ASSET_0c313e82c516ac607af8,releases/0.2.0/input_snapshot/releases/0.1.0/input_snapshot/research/references/pubmed_entity_VEGFA.request.json,461,transparent path/extension rule; documentary snapshots are not biological raw measurements,resource_metadata_snapshot,AFILE_32e86ebd0f554924d5,json,research/references/pubmed_entity_VEGFA.request.json,atlas/releases/0.2.0/input_snapshot/releases/0.1.0/input_snapshot/research/references/pubmed_entity_VEGFA.request.json,0c313e82c516ac607af805b23de6fc8bad3fe5885e33a456c4b99b60ff2a3f08,archived_input_copy
ASSET_a27783324b6b98383cb5,releases/0.2.0/input_snapshot/releases/0.1.0/input_snapshot/research/references/pubmed_entity_VEGFA.response.json,429,transparent path/extension rule; documentary snapshots are not biological raw measurements,resource_metadata_snapshot,AFILE_1d87feecf34b8ac1de,json,research/references/pubmed_entity_VEGFA.response.json,atlas/releases/0.2.0/input_snapshot/releases/0.1.0/input_snapshot/research/references/pubmed_entity_VEGFA.response.json,a27783324b6b98383cb55d80ccc5476736ae2cba1914a35b4d0637b4537542a4,archived_input_copy
ASSET_511207a03fe6f8a2d8e0,releases/0.2.0/input_snapshot/releases/0.1.0/input_snapshot/research/references/resource_01.html,64810,transparent path/extension rule; documentary snapshots are not biological raw measurements,other_artifact,AFILE_c51db054c4fe5ae94b,html,research/references/resource_01.html,atlas/releases/0.2.0/input_snapshot/releases/0.1.0/input_snapshot/research/references/resource_01.html,511207a03fe6f8a2d8e02c4bda8d85a68cbaae5609ec4023b2ae632021ef9231,archived_input_copy
ASSET_9f759d28535cb6639733,releases/0.2.0/input_snapshot/releases/0.1.0/input_snapshot/research/references/resource_02.html,12509,transparent path/extension rule; documentary snapshots are not biological raw measurements,other_artifact,AFILE_f11bcb4d046f412fc8,html,research/references/resource_02.html,atlas/releases/0.2.0/input_snapshot/releases/0.1.0/input_snapshot/research/references/resource_02.html,9f759d28535cb6639733ea1d8de8ff59e244bb979e0b8ddda5948bd71ef8ea45,archived_input_copy
ASSET_b3d2c99b8dd47fcc8f84,releases/0.2.0/input_snapshot/releases/0.1.0/input_snapshot/research/references/resource_03.html,28315,transparent path/extension rule; documentary snapshots are not biological raw measurements,other_artifact,AFILE_2c86af1dbd0cd54757,html,research/references/resource_03.html,atlas/releases/0.2.0/input_snapshot/releases/0.1.0/input_snapshot/research/references/resource_03.html,b3d2c99b8dd47fcc8f8443c81c687ceb2bc24a9f24d3aa1fd9c93e6f48a43831,archived_input_copy
ASSET_407c216919d76e93c207,releases/0.2.0/input_snapshot/releases/0.1.0/input_snapshot/research/references/resource_04.html,94459,transparent path/extension rule; documentary snapshots are not biological raw measurements,other_artifact,AFILE_856202175c8587966e,html,research/references/resource_04.html,atlas/releases/0.2.0/input_snapshot/releases/0.1.0/input_snapshot/research/references/resource_04.html,407c216919d76e93c20766b1b118a2b42f2e972eed88da53cf8a65173fad9637,archived_input_copy
ASSET_73543cbf5f0339a3a0fe,releases/0.2.0/input_snapshot/releases/0.1.0/input_snapshot/research/references/resource_06.html,19715,transparent path/extension rule; documentary snapshots are not biological raw measurements,other_artifact,AFILE_51248058991588cc3f,html,research/references/resource_06.html,atlas/releases/0.2.0/input_snapshot/releases/0.1.0/input_snapshot/research/references/resource_06.html,73543cbf5f0339a3a0fe272f5ef2e59b18feccec644a28578776e4f82e594a91,archived_input_copy
ASSET_4184d91c72132b407ef1,releases/0.2.0/input_snapshot/releases/0.1.0/input_snapshot/research/references/resource_07.html,13728,transparent path/extension rule; documentary snapshots are not biological raw measurements,other_artifact,AFILE_5130cb3d6dc815fc49,html,research/references/resource_07.html,atlas/releases/0.2.0/input_snapshot/releases/0.1.0/input_snapshot/research/references/resource_07.html,4184d91c72132b407ef17a7914250a9f9b0ac7481a81aecae852d0cb7c154fe3,archived_input_copy
ASSET_4e1380746cec86eca3a6,releases/0.2.0/input_snapshot/releases/0.1.0/input_snapshot/research/references/resource_08.html,8757,transparent path/extension rule; documentary snapshots are not biological raw measurements,other_artifact,AFILE_0080f57f3a5929fe88,html,research/references/resource_08.html,atlas/releases/0.2.0/input_snapshot/releases/0.1.0/input_snapshot/research/references/resource_08.html,4e1380746cec86eca3a6c5dd3e65fbeab58a2d8758539a6ea4dc2c98c5a88f0f,archived_input_copy
ASSET_0f49da29417cae73bf86,releases/0.2.0/input_snapshot/releases/0.1.0/input_snapshot/research/references/resource_09.html,14374,transparent path/extension rule; documentary snapshots are not biological raw measurements,other_artifact,AFILE_fdc8da53247af2cb26,html,research/references/resource_09.html,atlas/releases/0.2.0/input_snapshot/releases/0.1.0/input_snapshot/research/references/resource_09.html,0f49da29417cae73bf867332e049b2286c38424d2c26977f7e1384dfb09a350d,archived_input_copy
ASSET_13ceafe512d6f8dc557b,releases/0.2.0/input_snapshot/releases/0.1.0/input_snapshot/research/references/resource_10.html,11444,transparent path/extension rule; documentary snapshots are not biological raw measurements,other_artifact,AFILE_f0a189af2548ebc7d7,html,research/references/resource_10.html,atlas/releases/0.2.0/input_snapshot/releases/0.1.0/input_snapshot/research/references/resource_10.html,13ceafe512d6f8dc557bd48b13394fabeab743acd832068c4ee58d86b6eb88b3,archived_input_copy
ASSET_bffdedbde05ae0788290,releases/0.2.0/input_snapshot/releases/0.1.0/input_snapshot/research/references/resource_11.html,207097,transparent path/extension rule; documentary snapshots are not biological raw measurements,other_artifact,AFILE_b4fde6280c164783e4,html,research/references/resource_11.html,atlas/releases/0.2.0/input_snapshot/releases/0.1.0/input_snapshot/research/references/resource_11.html,bffdedbde05ae0788290da20a8eaa43b4aa926f341f0728b773cc376d8e75c86,archived_input_copy
ASSET_c5d8d124691dc870f34d,releases/0.2.0/input_snapshot/releases/0.1.0/input_snapshot/research/references/resource_12.html,181473,transparent path/extension rule; documentary snapshots are not biological raw measurements,other_artifact,AFILE_3c202b26fe386f11f0,html,research/references/resource_12.html,atlas/releases/0.2.0/input_snapshot/releases/0.1.0/input_snapshot/research/references/resource_12.html,c5d8d124691dc870f34d7ce74e77a4b047fccc8b76249c6489c5e29456f29b9e,archived_input_copy
ASSET_b6d3907cdd632f5683ee,releases/0.2.0/input_snapshot/releases/0.1.0/input_snapshot/research/references/resource_13.html,224754,transparent path/extension rule; documentary snapshots are not biological raw measurements,other_artifact,AFILE_f34ed83b663a0759ec,html,research/references/resource_13.html,atlas/releases/0.2.0/input_snapshot/releases/0.1.0/input_snapshot/research/references/resource_13.html,b6d3907cdd632f5683eedc24a3d58dcce48872aab0d786a25401bcea9361f86b,archived_input_copy
ASSET_7e6c4ef019bf27d8cb9a,releases/0.2.0/input_snapshot/releases/0.1.0/input_snapshot/research/references/resource_14.html,204430,transparent path/extension rule; documentary snapshots are not biological raw measurements,other_artifact,AFILE_550e15c1727d260ae6,html,research/references/resource_14.html,atlas/releases/0.2.0/input_snapshot/releases/0.1.0/input_snapshot/research/references/resource_14.html,7e6c4ef019bf27d8cb9a9629b9c5d42b693e665b7ecab045de42240a2fac559a,archived_input_copy
ASSET_cda8f7e324124dbe19fd,releases/0.2.0/input_snapshot/releases/0.1.0/input_snapshot/research/references/resource_15.html,21263,transparent path/extension rule; documentary snapshots are not biological raw measurements,other_artifact,AFILE_f3baddb82fd5f8f7ce,html,research/references/resource_15.html,atlas/releases/0.2.0/input_snapshot/releases/0.1.0/input_snapshot/research/references/resource_15.html,cda8f7e324124dbe19fd1d8f88e8b9c943bde9401e736dcbbd0c796f0bb18731,archived_input_copy
ASSET_2ad2677117c93b148ae0,releases/0.2.0/input_snapshot/releases/0.1.0/input_snapshot/research/references/resource_16.html,18132,transparent path/extension rule; documentary snapshots are not biological raw measurements,other_artifact,AFILE_8ea3b518f823bd0242,html,research/references/resource_16.html,atlas/releases/0.2.0/input_snapshot/releases/0.1.0/input_snapshot/research/references/resource_16.html,2ad2677117c93b148ae0dcdebe064633fbe1da4309b7b48a51c8e277fe1fa251,archived_input_copy
ASSET_fd2cb3ca8404a66d0548,releases/0.2.0/input_snapshot/releases/0.1.0/input_snapshot/research/references/resource_17.html,17538,transparent path/extension rule; documentary snapshots are not biological raw measurements,other_artifact,AFILE_30949d31cead6a2d21,html,research/references/resource_17.html,atlas/releases/0.2.0/input_snapshot/releases/0.1.0/input_snapshot/research/references/resource_17.html,fd2cb3ca8404a66d05485772912d96255cc7f73f95c6dd10e9bc20bfa3f64af5,archived_input_copy
ASSET_8a3ba035dc6cda9acafe,releases/0.2.0/input_snapshot/releases/0.1.0/input_snapshot/research/references/resource_19.html,34083,transparent path/extension rule; documentary snapshots are not biological raw measurements,other_artifact,AFILE_445cc74d79262739bb,html,research/references/resource_19.html,atlas/releases/0.2.0/input_snapshot/releases/0.1.0/input_snapshot/research/references/resource_19.html,8a3ba035dc6cda9acafe552c2af2b0571221def0601a5a387a22d207b567c850,archived_input_copy
ASSET_8ad515e1f6d2f397eb90,releases/0.2.0/input_snapshot/releases/0.1.0/input_snapshot/research/references/resource_20.html,7474,transparent path/extension rule; documentary snapshots are not biological raw measurements,other_artifact,AFILE_559e20dba3b587b9b4,html,research/references/resource_20.html,atlas/releases/0.2.0/input_snapshot/releases/0.1.0/input_snapshot/research/references/resource_20.html,8ad515e1f6d2f397eb905a8c1566494aaaa3e19f7e692c683d3f6648b8645f77,archived_input_copy
ASSET_aa9c2044fcadce3637f7,releases/0.2.0/input_snapshot/releases/0.1.0/input_snapshot/research/references/resource_21.html,9237,transparent path/extension rule; documentary snapshots are not biological raw measurements,other_artifact,AFILE_c52c09094385c80802,html,research/references/resource_21.html,atlas/releases/0.2.0/input_snapshot/releases/0.1.0/input_snapshot/research/references/resource_21.html,aa9c2044fcadce3637f78c43798812a3ef830b0415cf674b8672b349f8b660f9,archived_input_copy
ASSET_5e0cb3553ee8959f280e,releases/0.2.0/input_snapshot/releases/0.1.0/input_snapshot/research/references/resource_22.html,6450,transparent path/extension rule; documentary snapshots are not biological raw measurements,other_artifact,AFILE_372ac7829d3ae49aa0,html,research/references/resource_22.html,atlas/releases/0.2.0/input_snapshot/releases/0.1.0/input_snapshot/research/references/resource_22.html,5e0cb3553ee8959f280e8fd7da240434e03a885ca8108dde4e20022767c98a5a,archived_input_copy
ASSET_7ae0b9b85f8737c419b0,releases/0.2.0/input_snapshot/releases/0.1.0/input_snapshot/research/references/resource_23.html,6612,transparent path/extension rule; documentary snapshots are not biological raw measurements,other_artifact,AFILE_1e7e872a60c45bec6b,html,research/references/resource_23.html,atlas/releases/0.2.0/input_snapshot/releases/0.1.0/input_snapshot/research/references/resource_23.html,7ae0b9b85f8737c419b00282de2ac4106165dca2f48e7ef9ce6284e32b9be0fc,archived_input_copy
ASSET_cc79d8951673d79435be,releases/0.2.0/input_snapshot/releases/0.1.0/input_snapshot/research/references/resource_registry.json,12630,transparent path/extension rule; documentary snapshots are not biological raw measurements,resource_metadata_snapshot,AFILE_f117b0f79052c41e97,json,research/references/resource_registry.json,atlas/releases/0.2.0/input_snapshot/releases/0.1.0/input_snapshot/research/references/resource_registry.json,cc79d8951673d79435be85d55612c0aeb5a64110d232eee3a709ce11302a2a83,archived_input_copy
ASSET_c766bbe8727bd126588c,releases/0.2.0/input_snapshot/releases/0.1.0/input_snapshot/research/references/search_registry.json,28950,transparent path/extension rule; documentary snapshots are not biological raw measurements,resource_metadata_snapshot,AFILE_c342f0349ff43538f2,json,research/references/search_registry.json,atlas/releases/0.2.0/input_snapshot/releases/0.1.0/input_snapshot/research/references/search_registry.json,c766bbe8727bd126588cc440a4404fb99b33c09250fff65f76d9b6fcec5aa171,archived_input_copy
ASSET_e6a6bc43ad1949904efb,releases/0.2.0/input_snapshot/releases/0.1.0/input_snapshot/research/references/uniprot_CCL11.json,73311,transparent path/extension rule; documentary snapshots are not biological raw measurements,resource_metadata_snapshot,AFILE_045853e2ffb444a578,json,research/references/uniprot_CCL11.json,atlas/releases/0.2.0/input_snapshot/releases/0.1.0/input_snapshot/research/references/uniprot_CCL11.json,e6a6bc43ad1949904efb185cb3ba96d5ed3e6a413be735617d837fe3ca79e901,archived_input_copy
ASSET_fae34fbf452e819bd85d,releases/0.2.0/input_snapshot/releases/0.1.0/input_snapshot/research/references/uniprot_CCL11.request.json,340,transparent path/extension rule; documentary snapshots are not biological raw measurements,resource_metadata_snapshot,AFILE_a05322d5d419aa0b31,json,research/references/uniprot_CCL11.request.json,atlas/releases/0.2.0/input_snapshot/releases/0.1.0/input_snapshot/research/references/uniprot_CCL11.request.json,fae34fbf452e819bd85dec39e7a36cc8f186ab26c7db176c5859ba3aef441d35,archived_input_copy
ASSET_968e7a3e9615509a993b,releases/0.2.0/input_snapshot/releases/0.1.0/input_snapshot/research/references/uniprot_CCL11.response.json,994,transparent path/extension rule; documentary snapshots are not biological raw measurements,resource_metadata_snapshot,AFILE_71b6480727520823de,json,research/references/uniprot_CCL11.response.json,atlas/releases/0.2.0/input_snapshot/releases/0.1.0/input_snapshot/research/references/uniprot_CCL11.response.json,968e7a3e9615509a993ba5140566a0210d83ed26338f663774f1c78842852b31,archived_input_copy
ASSET_fcbf90dfe2f8a72bf34e,releases/0.2.0/input_snapshot/releases/0.1.0/input_snapshot/research/references/uniprot_CCL13.json,65814,transparent path/extension rule; documentary snapshots are not biological raw measurements,resource_metadata_snapshot,AFILE_4efb4d0afe1e5a1896,json,research/references/uniprot_CCL13.json,atlas/releases/0.2.0/input_snapshot/releases/0.1.0/input_snapshot/research/references/uniprot_CCL13.json,fcbf90dfe2f8a72bf34e0f461e00bec4e0570578ffddf5a809db23241157b63e,archived_input_copy
ASSET_649d001f51ed3499297d,releases/0.2.0/input_snapshot/releases/0.1.0/input_snapshot/research/references/uniprot_CCL13.request.json,340,transparent path/extension rule; documentary snapshots are not biological raw measurements,resource_metadata_snapshot,AFILE_1369379b2ec9376b6b,json,research/references/uniprot_CCL13.request.json,atlas/releases/0.2.0/input_snapshot/releases/0.1.0/input_snapshot/research/references/uniprot_CCL13.request.json,649d001f51ed3499297d6ff62b47ac660583b8801e95c9d74eccd39e91e8a504,archived_input_copy
ASSET_ce13a37b6e48cc3350e1,releases/0.2.0/input_snapshot/releases/0.1.0/input_snapshot/research/references/uniprot_CCL13.response.json,1003,transparent path/extension rule; documentary snapshots are not biological raw measurements,resource_metadata_snapshot,AFILE_5aca9d960e55dc9f69,json,research/references/uniprot_CCL13.response.json,atlas/releases/0.2.0/input_snapshot/releases/0.1.0/input_snapshot/research/references/uniprot_CCL13.response.json,ce13a37b6e48cc3350e10d89797cc3dfdd5000c5eff104fc2aa9f5ccafac6b46,archived_input_copy
ASSET_91be4ae1029f2f7fda07,releases/0.2.0/input_snapshot/releases/0.1.0/input_snapshot/research/references/uniprot_CCL17.json,62542,transparent path/extension rule; documentary snapshots are not biological raw measurements,resource_metadata_snapshot,AFILE_7283690a6242884984,json,research/references/uniprot_CCL17.json,atlas/releases/0.2.0/input_snapshot/releases/0.1.0/input_snapshot/research/references/uniprot_CCL17.json,91be4ae1029f2f7fda075cd3d71ec7d8c3ccd7e6e9ae67a8008458b91571305e,archived_input_copy
ASSET_2bb7e042b4a5f0689820,releases/0.2.0/input_snapshot/releases/0.1.0/input_snapshot/research/references/uniprot_CCL17.request.json,340,transparent path/extension rule; documentary snapshots are not biological raw measurements,resource_metadata_snapshot,AFILE_e2e037071ba5b62e6a,json,research/references/uniprot_CCL17.request.json,atlas/releases/0.2.0/input_snapshot/releases/0.1.0/input_snapshot/research/references/uniprot_CCL17.request.json,2bb7e042b4a5f068982016cf3b035ea195ef1a40d51958fc8ed49be4a5d9c29a,archived_input_copy
ASSET_3a7b1bf1e2692b7ad43d,releases/0.2.0/input_snapshot/releases/0.1.0/input_snapshot/research/references/uniprot_CCL17.response.json,984,transparent path/extension rule; documentary snapshots are not biological raw measurements,resource_metadata_snapshot,AFILE_1884ef9151acb74c77,json,research/references/uniprot_CCL17.response.json,atlas/releases/0.2.0/input_snapshot/releases/0.1.0/input_snapshot/research/references/uniprot_CCL17.response.json,3a7b1bf1e2692b7ad43da179ffc497982c5512ba4f074f82e94453392e390b57,archived_input_copy
ASSET_af5e39a492bb231b9c57,releases/0.2.0/input_snapshot/releases/0.1.0/input_snapshot/research/references/uniprot_CCL2.json,146464,transparent path/extension rule; documentary snapshots are not biological raw measurements,resource_metadata_snapshot,AFILE_ab70e6ca8b349f1bdb,json,research/references/uniprot_CCL2.json,atlas/releases/0.2.0/input_snapshot/releases/0.1.0/input_snapshot/research/references/uniprot_CCL2.json,af5e39a492bb231b9c574b15072f1571637445068dae3843d2268a4653f02730,archived_input_copy
ASSET_382ae624756f1a6ebd12,releases/0.2.0/input_snapshot/releases/0.1.0/input_snapshot/research/references/uniprot_CCL2.request.json,338,transparent path/extension rule; documentary snapshots are not biological raw measurements,resource_metadata_snapshot,AFILE_7b99b3c2514184d677,json,research/references/uniprot_CCL2.request.json,atlas/releases/0.2.0/input_snapshot/releases/0.1.0/input_snapshot/research/references/uniprot_CCL2.request.json,382ae624756f1a6ebd12743e8bfddf45f2f92f192ba7900230ae788997436e7e,archived_input_copy
ASSET_32757b3c5497bbb4940f,releases/0.2.0/input_snapshot/releases/0.1.0/input_snapshot/research/references/uniprot_CCL2.response.json,982,transparent path/extension rule; documentary snapshots are not biological raw measurements,resource_metadata_snapshot,AFILE_a2d9a91d48377038e6,json,research/references/uniprot_CCL2.response.json,atlas/releases/0.2.0/input_snapshot/releases/0.1.0/input_snapshot/research/references/uniprot_CCL2.response.json,32757b3c5497bbb4940f982ef79cb5f1659d0226284eff53ef22d9132483bf87,archived_input_copy
ASSET_cbd6c304448f3d236dde,releases/0.2.0/input_snapshot/releases/0.1.0/input_snapshot/research/references/uniprot_CCL22.json,59340,transparent path/extension rule; documentary snapshots are not biological raw measurements,resource_metadata_snapshot,AFILE_f3d8635c486390de3a,json,research/references/uniprot_CCL22.json,atlas/releases/0.2.0/input_snapshot/releases/0.1.0/input_snapshot/research/references/uniprot_CCL22.json,cbd6c304448f3d236ddefa0726c93c66b5a45392ba11605cdfb380f10cd8a514,archived_input_copy
ASSET_66839f8fde82888c4789,releases/0.2.0/input_snapshot/releases/0.1.0/input_snapshot/research/references/uniprot_CCL22.request.json,340,transparent path/extension rule; documentary snapshots are not biological raw measurements,resource_metadata_snapshot,AFILE_ae3ef3df171c5450aa,json,research/references/uniprot_CCL22.request.json,atlas/releases/0.2.0/input_snapshot/releases/0.1.0/input_snapshot/research/references/uniprot_CCL22.request.json,66839f8fde82888c4789ee0bba6a5b6ff0a7b420dfdad4231e1641e3c96317f9,archived_input_copy
ASSET_48958ddd5890a0488556,releases/0.2.0/input_snapshot/releases/0.1.0/input_snapshot/research/references/uniprot_CCL22.response.json,1003,transparent path/extension rule; documentary snapshots are not biological raw measurements,resource_metadata_snapshot,AFILE_e22c733633b668f90e,json,research/references/uniprot_CCL22.response.json,atlas/releases/0.2.0/input_snapshot/releases/0.1.0/input_snapshot/research/references/uniprot_CCL22.response.json,48958ddd5890a048855670f7e5cc1544a81a7017c871b2eefc1a518f4c48c691,archived_input_copy
ASSET_b32ba4aa8389ec5988c4,releases/0.2.0/input_snapshot/releases/0.1.0/input_snapshot/research/references/uniprot_CCL26.fallback.json,298,transparent path/extension rule; documentary snapshots are not biological raw measurements,resource_metadata_snapshot,AFILE_7b68f704897bbdaa28,json,research/references/uniprot_CCL26.fallback.json,atlas/releases/0.2.0/input_snapshot/releases/0.1.0/input_snapshot/research/references/uniprot_CCL26.fallback.json,b32ba4aa8389ec5988c4444b9c2cad878a5eb9a395bfd919bdb0bbb0e50c4dfc,archived_input_copy
ASSET_77d1b55e180906f46407,releases/0.2.0/input_snapshot/releases/0.1.0/input_snapshot/research/references/uniprot_CCL26.json,71210,transparent path/extension rule; documentary snapshots are not biological raw measurements,resource_metadata_snapshot,AFILE_8b131e956c24be0c9b,json,research/references/uniprot_CCL26.json,atlas/releases/0.2.0/input_snapshot/releases/0.1.0/input_snapshot/research/references/uniprot_CCL26.json,77d1b55e180906f46407c713bf0919f1790fc6898249b6548e5aa8ef182fc5ba,archived_input_copy
ASSET_8884a1bc79460a25b97d,releases/0.2.0/input_snapshot/releases/0.1.0/input_snapshot/research/references/uniprot_CCL26.request.json,340,transparent path/extension rule; documentary snapshots are not biological raw measurements,resource_metadata_snapshot,AFILE_d7877cd18fa1864213,json,research/references/uniprot_CCL26.request.json,atlas/releases/0.2.0/input_snapshot/releases/0.1.0/input_snapshot/research/references/uniprot_CCL26.request.json,8884a1bc79460a25b97d90cd7a1383c4c809fb788a9843e929170e23ce91e9fb,archived_input_copy
ASSET_ad48f4a00c5d42a37f48,releases/0.2.0/input_snapshot/releases/0.1.0/input_snapshot/research/references/uniprot_CCL26.response.json,984,transparent path/extension rule; documentary snapshots are not biological raw measurements,resource_metadata_snapshot,AFILE_4f1443fe57340351b9,json,research/references/uniprot_CCL26.response.json,atlas/releases/0.2.0/input_snapshot/releases/0.1.0/input_snapshot/research/references/uniprot_CCL26.response.json,ad48f4a00c5d42a37f48d1682fd6b78d99cc7b279c417674388c1a656e0b4189,archived_input_copy
ASSET_f60c8beadec02ecd90cc,releases/0.2.0/input_snapshot/releases/0.1.0/input_snapshot/research/references/uniprot_CCL3.json,103914,transparent path/extension rule; documentary snapshots are not biological raw measurements,resource_metadata_snapshot,AFILE_6e8550524fbff4e30b,json,research/references/uniprot_CCL3.json,atlas/releases/0.2.0/input_snapshot/releases/0.1.0/input_snapshot/research/references/uniprot_CCL3.json,f60c8beadec02ecd90cc38521bf90bc45cb631c3d5926386a9f29d05b4b53576,archived_input_copy
ASSET_abc50aa18182f2eab7ad,releases/0.2.0/input_snapshot/releases/0.1.0/input_snapshot/research/references/uniprot_CCL3.request.json,338,transparent path/extension rule; documentary snapshots are not biological raw measurements,resource_metadata_snapshot,AFILE_182367bb0dec2ed67f,json,research/references/uniprot_CCL3.request.json,atlas/releases/0.2.0/input_snapshot/releases/0.1.0/input_snapshot/research/references/uniprot_CCL3.request.json,abc50aa18182f2eab7add423c99ce25247c9b03f291d704014eff1a0d4300bec,archived_input_copy
ASSET_d298dcef503158bbffba,releases/0.2.0/input_snapshot/releases/0.1.0/input_snapshot/research/references/uniprot_CCL3.response.json,1026,transparent path/extension rule; documentary snapshots are not biological raw measurements,resource_metadata_snapshot,AFILE_51f86ffd478fa7b53c,json,research/references/uniprot_CCL3.response.json,atlas/releases/0.2.0/input_snapshot/releases/0.1.0/input_snapshot/research/references/uniprot_CCL3.response.json,d298dcef503158bbffbafc91ff3ed4ba57c4cba3faf1403624edfb0baf8ab16c,archived_input_copy
ASSET_bb90d278544edf2ecbd3,releases/0.2.0/input_snapshot/releases/0.1.0/input_snapshot/research/references/uniprot_CCL4.json,91612,transparent path/extension rule; documentary snapshots are not biological raw measurements,resource_metadata_snapshot,AFILE_666f091bdb17146bfc,json,research/references/uniprot_CCL4.json,atlas/releases/0.2.0/input_snapshot/releases/0.1.0/input_snapshot/research/references/uniprot_CCL4.json,bb90d278544edf2ecbd3b263495635f193f9c0b8592d2361835506e8720686de,archived_input_copy
ASSET_9ff025ce91338f480d7d,releases/0.2.0/input_snapshot/releases/0.1.0/input_snapshot/research/references/uniprot_CCL4.request.json,338,transparent path/extension rule; documentary snapshots are not biological raw measurements,resource_metadata_snapshot,AFILE_1d71e3c45b3c1d75ae,json,research/references/uniprot_CCL4.request.json,atlas/releases/0.2.0/input_snapshot/releases/0.1.0/input_snapshot/research/references/uniprot_CCL4.request.json,9ff025ce91338f480d7d961cf6518b4e9b04717f8836b9242c291ab9997ae646,archived_input_copy
ASSET_4a2af9bca8a7999acf13,releases/0.2.0/input_snapshot/releases/0.1.0/input_snapshot/research/references/uniprot_CCL4.response.json,1021,transparent path/extension rule; documentary snapshots are not biological raw measurements,resource_metadata_snapshot,AFILE_690f1df79400b42e7d,json,research/references/uniprot_CCL4.response.json,atlas/releases/0.2.0/input_snapshot/releases/0.1.0/input_snapshot/research/references/uniprot_CCL4.response.json,4a2af9bca8a7999acf1342ca8760c88570663585e9d63c7994fe5820dda539c6,archived_input_copy
ASSET_59983f09e79dca047925,releases/0.2.0/input_snapshot/releases/0.1.0/input_snapshot/research/references/uniprot_CSF2.json,87006,transparent path/extension rule; documentary snapshots are not biological raw measurements,resource_metadata_snapshot,AFILE_8c18cd1044d865fae6,json,research/references/uniprot_CSF2.json,atlas/releases/0.2.0/input_snapshot/releases/0.1.0/input_snapshot/research/references/uniprot_CSF2.json,59983f09e79dca0479258b562b5c0481124dc92c9bbb71c69497ce09c8430a81,archived_input_copy
ASSET_2cc04e30be635e676be1,releases/0.2.0/input_snapshot/releases/0.1.0/input_snapshot/research/references/uniprot_CSF2.request.json,338,transparent path/extension rule; documentary snapshots are not biological raw measurements,resource_metadata_snapshot,AFILE_cea0e1518feb9650b4,json,research/references/uniprot_CSF2.request.json,atlas/releases/0.2.0/input_snapshot/releases/0.1.0/input_snapshot/research/references/uniprot_CSF2.request.json,2cc04e30be635e676be1f6ecfc2998dadc205cc090ef02b7b9f2b4eb2145a932,archived_input_copy
ASSET_fc38c73b996541e7ef70,releases/0.2.0/input_snapshot/releases/0.1.0/input_snapshot/research/references/uniprot_CSF2.response.json,992,transparent path/extension rule; documentary snapshots are not biological raw measurements,resource_metadata_snapshot,AFILE_631e02bdac080f7444,json,research/references/uniprot_CSF2.response.json,atlas/releases/0.2.0/input_snapshot/releases/0.1.0/input_snapshot/research/references/uniprot_CSF2.response.json,fc38c73b996541e7ef705ca1e93763d3c96b87ea2e7f7d915aab2e5a759b96fa,archived_input_copy
ASSET_981ca215a3471f7b987e,releases/0.2.0/input_snapshot/releases/0.1.0/input_snapshot/research/references/uniprot_CXCL10.json,86398,transparent path/extension rule; documentary snapshots are not biological raw measurements,resource_metadata_snapshot,AFILE_9ae5949d5e32ba3476,json,research/references/uniprot_CXCL10.json,atlas/releases/0.2.0/input_snapshot/releases/0.1.0/input_snapshot/research/references/uniprot_CXCL10.json,981ca215a3471f7b987ef9ed2e5368f93434400d791a379a9c23c82fd06d3aec,archived_input_copy
ASSET_2179fcc52a7e5c0a6860,releases/0.2.0/input_snapshot/releases/0.1.0/input_snapshot/research/references/uniprot_CXCL10.request.json,342,transparent path/extension rule; documentary snapshots are not biological raw measurements,resource_metadata_snapshot,AFILE_3a06ec8b495389bbf7,json,research/references/uniprot_CXCL10.request.json,atlas/releases/0.2.0/input_snapshot/releases/0.1.0/input_snapshot/research/references/uniprot_CXCL10.request.json,2179fcc52a7e5c0a68605b7cd88998741bd6ddbd1f0618f2c9341294ecba7a93,archived_input_copy
ASSET_dd9d2c1f03d3ae96323d,releases/0.2.0/input_snapshot/releases/0.1.0/input_snapshot/research/references/uniprot_CXCL10.response.json,994,transparent path/extension rule; documentary snapshots are not biological raw measurements,resource_metadata_snapshot,AFILE_5c07230ee22c197e65,json,research/references/uniprot_CXCL10.response.json,atlas/releases/0.2.0/input_snapshot/releases/0.1.0/input_snapshot/research/references/uniprot_CXCL10.response.json,dd9d2c1f03d3ae96323d07e9772383f691693cf28c349e4251dbb0cc1cf54758,archived_input_copy
ASSET_19da5514a81bf17c3680,releases/0.2.0/input_snapshot/releases/0.1.0/input_snapshot/research/references/uniprot_CXCL8.json,152008,transparent path/extension rule; documentary snapshots are not biological raw measurements,resource_metadata_snapshot,AFILE_97b53a614a92319f5e,json,research/references/uniprot_CXCL8.json,atlas/releases/0.2.0/input_snapshot/releases/0.1.0/input_snapshot/research/references/uniprot_CXCL8.json,19da5514a81bf17c3680e117d4e49f86d192fc54826fb022de4d7304b9d81d5d,archived_input_copy
ASSET_00622fb5574fec4d9d11,releases/0.2.0/input_snapshot/releases/0.1.0/input_snapshot/research/references/uniprot_CXCL8.request.json,340,transparent path/extension rule; documentary snapshots are not biological raw measurements,resource_metadata_snapshot,AFILE_3c22e554c949692730,json,research/references/uniprot_CXCL8.request.json,atlas/releases/0.2.0/input_snapshot/releases/0.1.0/input_snapshot/research/references/uniprot_CXCL8.request.json,00622fb5574fec4d9d11d95ff0029d73179a58a24a1cb70cda068c196540f44a,archived_input_copy
ASSET_87ff344a4a29d838682b,releases/0.2.0/input_snapshot/releases/0.1.0/input_snapshot/research/references/uniprot_CXCL8.response.json,1071,transparent path/extension rule; documentary snapshots are not biological raw measurements,resource_metadata_snapshot,AFILE_7e28d7d339a65b8824,json,research/references/uniprot_CXCL8.response.json,atlas/releases/0.2.0/input_snapshot/releases/0.1.0/input_snapshot/research/references/uniprot_CXCL8.response.json,87ff344a4a29d838682bf9d01dfbe29f6ee3c2344e07cb0c5f7499b7d8f829d4,archived_input_copy
ASSET_9d276b5007880b6ba39d,releases/0.2.0/input_snapshot/releases/0.1.0/input_snapshot/research/references/uniprot_IFNG.json,116791,transparent path/extension rule; documentary snapshots are not biological raw measurements,resource_metadata_snapshot,AFILE_3c8ee8f54644109dbc,json,research/references/uniprot_IFNG.json,atlas/releases/0.2.0/input_snapshot/releases/0.1.0/input_snapshot/research/references/uniprot_IFNG.json,9d276b5007880b6ba39d35194c87745c3f60f2bc2793468062e88328f3e5b205,archived_input_copy
ASSET_77967ecb30f3a4922b43,releases/0.2.0/input_snapshot/releases/0.1.0/input_snapshot/research/references/uniprot_IFNG.request.json,338,transparent path/extension rule; documentary snapshots are not biological raw measurements,resource_metadata_snapshot,AFILE_53f285f3657b7fc248,json,research/references/uniprot_IFNG.request.json,atlas/releases/0.2.0/input_snapshot/releases/0.1.0/input_snapshot/research/references/uniprot_IFNG.request.json,77967ecb30f3a4922b4358f807847b1af4402bce109debfb98a13f67d78f879f,archived_input_copy
ASSET_826d5c1b147be010ad9b,releases/0.2.0/input_snapshot/releases/0.1.0/input_snapshot/research/references/uniprot_IFNG.response.json,982,transparent path/extension rule; documentary snapshots are not biological raw measurements,resource_metadata_snapshot,AFILE_b852ca1036b2dbd31a,json,research/references/uniprot_IFNG.response.json,atlas/releases/0.2.0/input_snapshot/releases/0.1.0/input_snapshot/research/references/uniprot_IFNG.response.json,826d5c1b147be010ad9b06cdd3f638548f05350b5c3ebc01c1772b1aa51202ff,archived_input_copy
ASSET_fd6bde5be61aa73ba6aa,releases/0.2.0/input_snapshot/releases/0.1.0/input_snapshot/research/references/uniprot_IL10.json,108223,transparent path/extension rule; documentary snapshots are not biological raw measurements,resource_metadata_snapshot,AFILE_aaa71f3b2b3025312b,json,research/references/uniprot_IL10.json,atlas/releases/0.2.0/input_snapshot/releases/0.1.0/input_snapshot/research/references/uniprot_IL10.json,fd6bde5be61aa73ba6aac09bcff9fc92036b580367c09f9969b725174b649b1e,archived_input_copy
ASSET_f661fb9b54a777ac800d,releases/0.2.0/input_snapshot/releases/0.1.0/input_snapshot/research/references/uniprot_IL10.request.json,338,transparent path/extension rule; documentary snapshots are not biological raw measurements,resource_metadata_snapshot,AFILE_7ecbb1a0f28214eeea,json,research/references/uniprot_IL10.request.json,atlas/releases/0.2.0/input_snapshot/releases/0.1.0/input_snapshot/research/references/uniprot_IL10.request.json,f661fb9b54a777ac800d9f665a13fd78e3f51f0b52d05fa311698f5953389014,archived_input_copy
ASSET_0e631125c45b685691d7,releases/0.2.0/input_snapshot/releases/0.1.0/input_snapshot/research/references/uniprot_IL10.response.json,1007,transparent path/extension rule; documentary snapshots are not biological raw measurements,resource_metadata_snapshot,AFILE_961a679b3cf80e5956,json,research/references/uniprot_IL10.response.json,atlas/releases/0.2.0/input_snapshot/releases/0.1.0/input_snapshot/research/references/uniprot_IL10.response.json,0e631125c45b685691d7595b284a7caa0e596f4c0133f56cdbf13e1ddfa034a7,archived_input_copy
ASSET_ce089ec46e6ee82b91bd,releases/0.2.0/input_snapshot/releases/0.1.0/input_snapshot/research/references/uniprot_IL12A.json,85657,transparent path/extension rule; documentary snapshots are not biological raw measurements,resource_metadata_snapshot,AFILE_129512dce09b1b5172,json,research/references/uniprot_IL12A.json,atlas/releases/0.2.0/input_snapshot/releases/0.1.0/input_snapshot/research/references/uniprot_IL12A.json,ce089ec46e6ee82b91bdf4a3f8e1263c83baaeb28081dd8eaed5ffd1b959a022,archived_input_copy
ASSET_f38d7cbabbba0afadaa9,releases/0.2.0/input_snapshot/releases/0.1.0/input_snapshot/research/references/uniprot_IL12A.request.json,340,transparent path/extension rule; documentary snapshots are not biological raw measurements,resource_metadata_snapshot,AFILE_824d30eca627499ffa,json,research/references/uniprot_IL12A.request.json,atlas/releases/0.2.0/input_snapshot/releases/0.1.0/input_snapshot/research/references/uniprot_IL12A.request.json,f38d7cbabbba0afadaa9ce86024907018b736942b4ece63c11f722e1114f2d52,archived_input_copy
ASSET_3220d687dd119fb2b4f9,releases/0.2.0/input_snapshot/releases/0.1.0/input_snapshot/research/references/uniprot_IL12A.response.json,974,transparent path/extension rule; documentary snapshots are not biological raw measurements,resource_metadata_snapshot,AFILE_97af192c2554cd3b54,json,research/references/uniprot_IL12A.response.json,atlas/releases/0.2.0/input_snapshot/releases/0.1.0/input_snapshot/research/references/uniprot_IL12A.response.json,3220d687dd119fb2b4f94338f90980cc8c12e67cb15a444e4f4e476b8575cecf,archived_input_copy
ASSET_aefe8f13ba48952f0d15,releases/0.2.0/input_snapshot/releases/0.1.0/input_snapshot/research/references/uniprot_IL12B.json,131187,transparent path/extension rule; documentary snapshots are not biological raw measurements,resource_metadata_snapshot,AFILE_51f41446ad93ba56e0,json,research/references/uniprot_IL12B.json,atlas/releases/0.2.0/input_snapshot/releases/0.1.0/input_snapshot/research/references/uniprot_IL12B.json,aefe8f13ba48952f0d1548e466bd3143647a8f9eadf1f722e070a8be5c9b5b18,archived_input_copy
ASSET_d4ef11bf582c7ac00674,releases/0.2.0/input_snapshot/releases/0.1.0/input_snapshot/research/references/uniprot_IL12B.request.json,340,transparent path/extension rule; documentary snapshots are not biological raw measurements,resource_metadata_snapshot,AFILE_2adfec59da5f1dffbe,json,research/references/uniprot_IL12B.request.json,atlas/releases/0.2.0/input_snapshot/releases/0.1.0/input_snapshot/research/references/uniprot_IL12B.request.json,d4ef11bf582c7ac00674d2d0fcd605f455609ef3a19aeddda565d5d039bac895,archived_input_copy
ASSET_e47886b0d8a9929a8260,releases/0.2.0/input_snapshot/releases/0.1.0/input_snapshot/research/references/uniprot_IL12B.response.json,1023,transparent path/extension rule; documentary snapshots are not biological raw measurements,resource_metadata_snapshot,AFILE_dff5e18a5f071588dd,json,research/references/uniprot_IL12B.response.json,atlas/releases/0.2.0/input_snapshot/releases/0.1.0/input_snapshot/research/references/uniprot_IL12B.response.json,e47886b0d8a9929a8260610b76edc4f6accf03d02ec10b8f73e151cc37d9d28a,archived_input_copy
ASSET_3664589414d41a843764,releases/0.2.0/input_snapshot/releases/0.1.0/input_snapshot/research/references/uniprot_IL13.json,104385,transparent path/extension rule; documentary snapshots are not biological raw measurements,resource_metadata_snapshot,AFILE_3c793fd12e7e2aa1b8,json,research/references/uniprot_IL13.json,atlas/releases/0.2.0/input_snapshot/releases/0.1.0/input_snapshot/research/references/uniprot_IL13.json,3664589414d41a843764556324da2a279cdd2ed1a7097b007e92d282366c1306,archived_input_copy
ASSET_ea65d07e1684f0a53cac,releases/0.2.0/input_snapshot/releases/0.1.0/input_snapshot/research/references/uniprot_IL13.request.json,338,transparent path/extension rule; documentary snapshots are not biological raw measurements,resource_metadata_snapshot,AFILE_f0e77b6089cba3f7f4,json,research/references/uniprot_IL13.request.json,atlas/releases/0.2.0/input_snapshot/releases/0.1.0/input_snapshot/research/references/uniprot_IL13.request.json,ea65d07e1684f0a53cacbda7b3c5b44c4baf03c6f1e433a326efb4c5bf594f06,archived_input_copy
ASSET_dec6b22ee436a294669c,releases/0.2.0/input_snapshot/releases/0.1.0/input_snapshot/research/references/uniprot_IL13.response.json,965,transparent path/extension rule; documentary snapshots are not biological raw measurements,resource_metadata_snapshot,AFILE_f22e1d1be0de7547f4,json,research/references/uniprot_IL13.response.json,atlas/releases/0.2.0/input_snapshot/releases/0.1.0/input_snapshot/research/references/uniprot_IL13.response.json,dec6b22ee436a294669cdc1e20663983ebf78edb1d5d8b1873ddd3f8af62ebcb,archived_input_copy
ASSET_a682b20afa52bfb33d35,releases/0.2.0/input_snapshot/releases/0.1.0/input_snapshot/research/references/uniprot_IL15.json,104103,transparent path/extension rule; documentary snapshots are not biological raw measurements,resource_metadata_snapshot,AFILE_68fe8355f0978098a3,json,research/references/uniprot_IL15.json,atlas/releases/0.2.0/input_snapshot/releases/0.1.0/input_snapshot/research/references/uniprot_IL15.json,a682b20afa52bfb33d35f98a5f30fa3cbaa2dac4da49acdd9bc67d2f31600c75,archived_input_copy
ASSET_dbf3ae371de6bcc59d7d,releases/0.2.0/input_snapshot/releases/0.1.0/input_snapshot/research/references/uniprot_IL15.request.json,338,transparent path/extension rule; documentary snapshots are not biological raw measurements,resource_metadata_snapshot,AFILE_a9f7eadc92003a2568,json,research/references/uniprot_IL15.request.json,atlas/releases/0.2.0/input_snapshot/releases/0.1.0/input_snapshot/research/references/uniprot_IL15.request.json,dbf3ae371de6bcc59d7db726f1d8334354ba965bb5f39db31be158b9ace077a5,archived_input_copy
ASSET_e12984c10ab56dcdbd7c,releases/0.2.0/input_snapshot/releases/0.1.0/input_snapshot/research/references/uniprot_IL15.response.json,1005,transparent path/extension rule; documentary snapshots are not biological raw measurements,resource_metadata_snapshot,AFILE_f8bbf4e968b80d0d02,json,research/references/uniprot_IL15.response.json,atlas/releases/0.2.0/input_snapshot/releases/0.1.0/input_snapshot/research/references/uniprot_IL15.response.json,e12984c10ab56dcdbd7c6ffddadb9c06cf1d5f97e5877030a3c9860b17fe59a4,archived_input_copy
ASSET_787cb9ed6c0d5736719e,releases/0.2.0/input_snapshot/releases/0.1.0/input_snapshot/research/references/uniprot_IL16.json,330535,transparent path/extension rule; documentary snapshots are not biological raw measurements,resource_metadata_snapshot,AFILE_1eddbc36b7a23e46fc,json,research/references/uniprot_IL16.json,atlas/releases/0.2.0/input_snapshot/releases/0.1.0/input_snapshot/research/references/uniprot_IL16.json,787cb9ed6c0d5736719e08f5ad3cd7823cf1f13060e4bccb0b2c36a564d44fe0,archived_input_copy
ASSET_f54590c1496b7c95e7e9,releases/0.2.0/input_snapshot/releases/0.1.0/input_snapshot/research/references/uniprot_IL16.request.json,338,transparent path/extension rule; documentary snapshots are not biological raw measurements,resource_metadata_snapshot,AFILE_173743e350a3a9c989,json,research/references/uniprot_IL16.request.json,atlas/releases/0.2.0/input_snapshot/releases/0.1.0/input_snapshot/research/references/uniprot_IL16.request.json,f54590c1496b7c95e7e9a906f52eee61bf3bb8b098bea4e2458624dfca2592c0,archived_input_copy
ASSET_29751923ec6c0ac52d67,releases/0.2.0/input_snapshot/releases/0.1.0/input_snapshot/research/references/uniprot_IL16.response.json,1023,transparent path/extension rule; documentary snapshots are not biological raw measurements,resource_metadata_snapshot,AFILE_920f2718e92a088a1e,json,research/references/uniprot_IL16.response.json,atlas/releases/0.2.0/input_snapshot/releases/0.1.0/input_snapshot/research/references/uniprot_IL16.response.json,29751923ec6c0ac52d67d42bd0e0c32ad51334231ef6e1e306043a8d4652f565,archived_input_copy
ASSET_b475356a182537e37171,releases/0.2.0/input_snapshot/releases/0.1.0/input_snapshot/research/references/uniprot_IL17A.json,124224,transparent path/extension rule; documentary snapshots are not biological raw measurements,resource_metadata_snapshot,AFILE_801d5f0f385afa1769,json,research/references/uniprot_IL17A.json,atlas/releases/0.2.0/input_snapshot/releases/0.1.0/input_snapshot/research/references/uniprot_IL17A.json,b475356a182537e3717192dd12b849b0ef559d1e61fe2cd60322ae54c7348e23,archived_input_copy
ASSET_cceebb4396ecc3cf6b41,releases/0.2.0/input_snapshot/releases/0.1.0/input_snapshot/research/references/uniprot_IL17A.request.json,340,transparent path/extension rule; documentary snapshots are not biological raw measurements,resource_metadata_snapshot,AFILE_c7a66661abc6bd8e03,json,research/references/uniprot_IL17A.request.json,atlas/releases/0.2.0/input_snapshot/releases/0.1.0/input_snapshot/research/references/uniprot_IL17A.request.json,cceebb4396ecc3cf6b41b2449c0194d72fcd5fcd81dd0f9ab77dfa43450a0dfd,archived_input_copy
ASSET_c0335180f329bc02b063,releases/0.2.0/input_snapshot/releases/0.1.0/input_snapshot/research/references/uniprot_IL17A.response.json,973,transparent path/extension rule; documentary snapshots are not biological raw measurements,resource_metadata_snapshot,AFILE_62b998fb6acd23ac21,json,research/references/uniprot_IL17A.response.json,atlas/releases/0.2.0/input_snapshot/releases/0.1.0/input_snapshot/research/references/uniprot_IL17A.response.json,c0335180f329bc02b0633a0b1ad0c70766433c34a46fada96844375d426e2d77,archived_input_copy
ASSET_9fc3a121a644741a9d7f,releases/0.2.0/input_snapshot/releases/0.1.0/input_snapshot/research/references/uniprot_IL1A.json,120023,transparent path/extension rule; documentary snapshots are not biological raw measurements,resource_metadata_snapshot,AFILE_e717e8c0efa5c02ff1,json,research/references/uniprot_IL1A.json,atlas/releases/0.2.0/input_snapshot/releases/0.1.0/input_snapshot/research/references/uniprot_IL1A.json,9fc3a121a644741a9d7ffd41844dab9e556c2821ded130273979b51e6855140b,archived_input_copy
ASSET_64e3c3ce3c17de7e968a,releases/0.2.0/input_snapshot/releases/0.1.0/input_snapshot/research/references/uniprot_IL1A.request.json,338,transparent path/extension rule; documentary snapshots are not biological raw measurements,resource_metadata_snapshot,AFILE_8fd2f940fc83281d53,json,research/references/uniprot_IL1A.request.json,atlas/releases/0.2.0/input_snapshot/releases/0.1.0/input_snapshot/research/references/uniprot_IL1A.request.json,64e3c3ce3c17de7e968acd41958706b2450ee8065378d9af0a448360f6c7828a,archived_input_copy
ASSET_06fdb501b28789be5c39,releases/0.2.0/input_snapshot/releases/0.1.0/input_snapshot/research/references/uniprot_IL1A.response.json,982,transparent path/extension rule; documentary snapshots are not biological raw measurements,resource_metadata_snapshot,AFILE_540a54073ed755f916,json,research/references/uniprot_IL1A.response.json,atlas/releases/0.2.0/input_snapshot/releases/0.1.0/input_snapshot/research/references/uniprot_IL1A.response.json,06fdb501b28789be5c39fc677d8afadce27be5588490c63884071ee7746ff075,archived_input_copy
ASSET_80677a941288d75bfa94,releases/0.2.0/input_snapshot/releases/0.1.0/input_snapshot/research/references/uniprot_IL1B.json,213502,transparent path/extension rule; documentary snapshots are not biological raw measurements,resource_metadata_snapshot,AFILE_bd67df1fb8b25a51d1,json,research/references/uniprot_IL1B.json,atlas/releases/0.2.0/input_snapshot/releases/0.1.0/input_snapshot/research/references/uniprot_IL1B.json,80677a941288d75bfa9451844eff7a9ed29b1dc718bf7658ab8d7470ac3a89a4,archived_input_copy
ASSET_1e48c5ffad6e5e7fd89c,releases/0.2.0/input_snapshot/releases/0.1.0/input_snapshot/research/references/uniprot_IL1B.request.json,338,transparent path/extension rule; documentary snapshots are not biological raw measurements,resource_metadata_snapshot,AFILE_7fbfeb614cfca159fb,json,research/references/uniprot_IL1B.request.json,atlas/releases/0.2.0/input_snapshot/releases/0.1.0/input_snapshot/research/references/uniprot_IL1B.request.json,1e48c5ffad6e5e7fd89c356e6455519a0cc983ba260510029e296bb45378ce0c,archived_input_copy
ASSET_b76decb50df3147f0fa3,releases/0.2.0/input_snapshot/releases/0.1.0/input_snapshot/research/references/uniprot_IL1B.response.json,1022,transparent path/extension rule; documentary snapshots are not biological raw measurements,resource_metadata_snapshot,AFILE_317dcc3a1279b6f307,json,research/references/uniprot_IL1B.response.json,atlas/releases/0.2.0/input_snapshot/releases/0.1.0/input_snapshot/research/references/uniprot_IL1B.response.json,b76decb50df3147f0fa3240601134822256ac59dfaff7f86f6812c66c28ea5c3,archived_input_copy
ASSET_11b4c9dfb95dcf90ba6f,releases/0.2.0/input_snapshot/releases/0.1.0/input_snapshot/research/references/uniprot_IL2.json,118765,transparent path/extension rule; documentary snapshots are not biological raw measurements,resource_metadata_snapshot,AFILE_e5bd4a902979d706d2,json,research/references/uniprot_IL2.json,atlas/releases/0.2.0/input_snapshot/releases/0.1.0/input_snapshot/research/references/uniprot_IL2.json,11b4c9dfb95dcf90ba6f3abafdab2ef3290293eca78158c748d50152ea456f14,archived_input_copy
ASSET_2ab2019a360d048f240f,releases/0.2.0/input_snapshot/releases/0.1.0/input_snapshot/research/references/uniprot_IL2.request.json,336,transparent path/extension rule; documentary snapshots are not biological raw measurements,resource_metadata_snapshot,AFILE_fbc4bdc71e04795e0c,json,research/references/uniprot_IL2.request.json,atlas/releases/0.2.0/input_snapshot/releases/0.1.0/input_snapshot/research/references/uniprot_IL2.request.json,2ab2019a360d048f240f4552601114f5ec26ad6f20ffa6c3efd09ed66282178d,archived_input_copy
ASSET_b99b1fc1be9dcc322e24,releases/0.2.0/input_snapshot/releases/0.1.0/input_snapshot/research/references/uniprot_IL2.response.json,989,transparent path/extension rule; documentary snapshots are not biological raw measurements,resource_metadata_snapshot,AFILE_f6674c262a3a2a8830,json,research/references/uniprot_IL2.response.json,atlas/releases/0.2.0/input_snapshot/releases/0.1.0/input_snapshot/research/references/uniprot_IL2.response.json,b99b1fc1be9dcc322e249c44f329bcf139e9bf9ea5d3b46aef0cd3564749587b,archived_input_copy
ASSET_d356080c4ed94add51e6,releases/0.2.0/input_snapshot/releases/0.1.0/input_snapshot/research/references/uniprot_IL4.json,116062,transparent path/extension rule; documentary snapshots are not biological raw measurements,resource_metadata_snapshot,AFILE_3c50166f04d9982843,json,research/references/uniprot_IL4.json,atlas/releases/0.2.0/input_snapshot/releases/0.1.0/input_snapshot/research/references/uniprot_IL4.json,d356080c4ed94add51e600bb3a563628a9dc099bedf5c3d95372da7b290ab2cf,archived_input_copy
ASSET_bac7175f60ce778345b3,releases/0.2.0/input_snapshot/releases/0.1.0/input_snapshot/research/references/uniprot_IL4.request.json,336,transparent path/extension rule; documentary snapshots are not biological raw measurements,resource_metadata_snapshot,AFILE_a6e8a933f6cc20e422,json,research/references/uniprot_IL4.request.json,atlas/releases/0.2.0/input_snapshot/releases/0.1.0/input_snapshot/research/references/uniprot_IL4.request.json,bac7175f60ce778345b30e800f08e052f7fe4da7021c18932903564c790088b6,archived_input_copy
ASSET_b81885e7b7e5379c2dfe,releases/0.2.0/input_snapshot/releases/0.1.0/input_snapshot/research/references/uniprot_IL4.response.json,980,transparent path/extension rule; documentary snapshots are not biological raw measurements,resource_metadata_snapshot,AFILE_1091536ff65fa9bbfe,json,research/references/uniprot_IL4.response.json,atlas/releases/0.2.0/input_snapshot/releases/0.1.0/input_snapshot/research/references/uniprot_IL4.response.json,b81885e7b7e5379c2dfea1045ebc7d02d1ae52df4d73d360c6df9adbd251cfcd,archived_input_copy
ASSET_60d57a8bcd962eb40fb7,releases/0.2.0/input_snapshot/releases/0.1.0/input_snapshot/research/references/uniprot_IL5.json,73539,transparent path/extension rule; documentary snapshots are not biological raw measurements,resource_metadata_snapshot,AFILE_14022da7a156fe35c3,json,research/references/uniprot_IL5.json,atlas/releases/0.2.0/input_snapshot/releases/0.1.0/input_snapshot/research/references/uniprot_IL5.json,60d57a8bcd962eb40fb7343e4cde9ee004ebd1da4e5976b9b031f087305dc5b1,archived_input_copy
ASSET_21d453c7168260f90bd5,releases/0.2.0/input_snapshot/releases/0.1.0/input_snapshot/research/references/uniprot_IL5.request.json,336,transparent path/extension rule; documentary snapshots are not biological raw measurements,resource_metadata_snapshot,AFILE_8a231b8cd557bc9694,json,research/references/uniprot_IL5.request.json,atlas/releases/0.2.0/input_snapshot/releases/0.1.0/input_snapshot/research/references/uniprot_IL5.request.json,21d453c7168260f90bd5ca5a95f5b6b7afbe7a4f304c660f0da871b3f58f26ae,archived_input_copy
ASSET_e1500ac4b76ed5d9a2a6,releases/0.2.0/input_snapshot/releases/0.1.0/input_snapshot/research/references/uniprot_IL5.response.json,970,transparent path/extension rule; documentary snapshots are not biological raw measurements,resource_metadata_snapshot,AFILE_e6c0240374f3661945,json,research/references/uniprot_IL5.response.json,atlas/releases/0.2.0/input_snapshot/releases/0.1.0/input_snapshot/research/references/uniprot_IL5.response.json,e1500ac4b76ed5d9a2a682446d54b1f30eb4cf22ac969096bcdabdbcdfc03844,archived_input_copy
ASSET_6fb15320a443a455a08f,releases/0.2.0/input_snapshot/releases/0.1.0/input_snapshot/research/references/uniprot_IL6.json,171291,transparent path/extension rule; documentary snapshots are not biological raw measurements,resource_metadata_snapshot,AFILE_8e90ce77ec5deaf311,json,research/references/uniprot_IL6.json,atlas/releases/0.2.0/input_snapshot/releases/0.1.0/input_snapshot/research/references/uniprot_IL6.json,6fb15320a443a455a08fe049b9a077f539a106072baac06b1f448de35b381a39,archived_input_copy
ASSET_2726cf4539ee6cb674e1,releases/0.2.0/input_snapshot/releases/0.1.0/input_snapshot/research/references/uniprot_IL6.request.json,336,transparent path/extension rule; documentary snapshots are not biological raw measurements,resource_metadata_snapshot,AFILE_ae9da73b64ddff47cd,json,research/references/uniprot_IL6.request.json,atlas/releases/0.2.0/input_snapshot/releases/0.1.0/input_snapshot/research/references/uniprot_IL6.request.json,2726cf4539ee6cb674e1bf89df99a13f6aefad6f351cc7d6762874b955f8e838,archived_input_copy
ASSET_ba67a15bf0527e9e1419,releases/0.2.0/input_snapshot/releases/0.1.0/input_snapshot/research/references/uniprot_IL6.response.json,990,transparent path/extension rule; documentary snapshots are not biological raw measurements,resource_metadata_snapshot,AFILE_cf232d328f0ccb0bf4,json,research/references/uniprot_IL6.response.json,atlas/releases/0.2.0/input_snapshot/releases/0.1.0/input_snapshot/research/references/uniprot_IL6.response.json,ba67a15bf0527e9e1419233ddb7c177ce9e4dcd6e248002ed2e48a8e00be5b23,archived_input_copy
ASSET_26f432747e41c5c72566,releases/0.2.0/input_snapshot/releases/0.1.0/input_snapshot/research/references/uniprot_IL7.json,76089,transparent path/extension rule; documentary snapshots are not biological raw measurements,resource_metadata_snapshot,AFILE_abd57b7a29a59fe883,json,research/references/uniprot_IL7.json,atlas/releases/0.2.0/input_snapshot/releases/0.1.0/input_snapshot/research/references/uniprot_IL7.json,26f432747e41c5c725665d514634018aab2fd66b119cefc5262e607fe27404d9,archived_input_copy
ASSET_ea18bf9c3f8225a7fb5f,releases/0.2.0/input_snapshot/releases/0.1.0/input_snapshot/research/references/uniprot_IL7.request.json,336,transparent path/extension rule; documentary snapshots are not biological raw measurements,resource_metadata_snapshot,AFILE_dd482ca94ee08c221d,json,research/references/uniprot_IL7.request.json,atlas/releases/0.2.0/input_snapshot/releases/0.1.0/input_snapshot/research/references/uniprot_IL7.request.json,ea18bf9c3f8225a7fb5fc5432af9120c90bc512d71af3bbd10c61730182349bf,archived_input_copy
ASSET_3a267746bcc4d4efeb4a,releases/0.2.0/input_snapshot/releases/0.1.0/input_snapshot/research/references/uniprot_IL7.response.json,963,transparent path/extension rule; documentary snapshots are not biological raw measurements,resource_metadata_snapshot,AFILE_da34dd002502224fc6,json,research/references/uniprot_IL7.response.json,atlas/releases/0.2.0/input_snapshot/releases/0.1.0/input_snapshot/research/references/uniprot_IL7.response.json,3a267746bcc4d4efeb4a4154ecfe049e7afa8ce152d4af1f6fc7643992ec76b5,archived_input_copy
ASSET_37c513b236b9a61bcc78,releases/0.2.0/input_snapshot/releases/0.1.0/input_snapshot/research/references/uniprot_LTA.json,91387,transparent path/extension rule; documentary snapshots are not biological raw measurements,resource_metadata_snapshot,AFILE_d0954399e17fbb1839,json,research/references/uniprot_LTA.json,atlas/releases/0.2.0/input_snapshot/releases/0.1.0/input_snapshot/research/references/uniprot_LTA.json,37c513b236b9a61bcc7835f974add2d051f2191f4d3a1b1ebb10f7181b98a69f,archived_input_copy
ASSET_337707ad7d252f102728,releases/0.2.0/input_snapshot/releases/0.1.0/input_snapshot/research/references/uniprot_LTA.request.json,336,transparent path/extension rule; documentary snapshots are not biological raw measurements,resource_metadata_snapshot,AFILE_4b5874ee0faa4c59be,json,research/references/uniprot_LTA.request.json,atlas/releases/0.2.0/input_snapshot/releases/0.1.0/input_snapshot/research/references/uniprot_LTA.request.json,337707ad7d252f1027287dbf3d8568620a4a9dc1f4b6ae70060347fd73b144f0,archived_input_copy
ASSET_836c50cfeb559a779bba,releases/0.2.0/input_snapshot/releases/0.1.0/input_snapshot/research/references/uniprot_LTA.response.json,981,transparent path/extension rule; documentary snapshots are not biological raw measurements,resource_metadata_snapshot,AFILE_ad98873adf76f613d5,json,research/references/uniprot_LTA.response.json,atlas/releases/0.2.0/input_snapshot/releases/0.1.0/input_snapshot/research/references/uniprot_LTA.response.json,836c50cfeb559a779bba5092cb3b207013cfeb10a4c755ee2559065900dcfe61,archived_input_copy
ASSET_e0ff0ba226d6d35a9fff,releases/0.2.0/input_snapshot/releases/0.1.0/input_snapshot/research/references/uniprot_TNF.json,262771,transparent path/extension rule; documentary snapshots are not biological raw measurements,resource_metadata_snapshot,AFILE_ed3bd2e45540774e23,json,research/references/uniprot_TNF.json,atlas/releases/0.2.0/input_snapshot/releases/0.1.0/input_snapshot/research/references/uniprot_TNF.json,e0ff0ba226d6d35a9fff2f24366edb2f7bf6bba1c8e6ae18c907f8463b2623f7,archived_input_copy
ASSET_1da53522b6738cc4b183,releases/0.2.0/input_snapshot/releases/0.1.0/input_snapshot/research/references/uniprot_TNF.request.json,336,transparent path/extension rule; documentary snapshots are not biological raw measurements,resource_metadata_snapshot,AFILE_198564f59c56515b4d,json,research/references/uniprot_TNF.request.json,atlas/releases/0.2.0/input_snapshot/releases/0.1.0/input_snapshot/research/references/uniprot_TNF.request.json,1da53522b6738cc4b183a70f4e693048bd4ea2cd8d1f049271e4bcb930537a42,archived_input_copy
ASSET_50a102bda6102765009e,releases/0.2.0/input_snapshot/releases/0.1.0/input_snapshot/research/references/uniprot_TNF.response.json,1010,transparent path/extension rule; documentary snapshots are not biological raw measurements,resource_metadata_snapshot,AFILE_cf27755cf713c66b1d,json,research/references/uniprot_TNF.response.json,atlas/releases/0.2.0/input_snapshot/releases/0.1.0/input_snapshot/research/references/uniprot_TNF.response.json,50a102bda6102765009eb0c58040ea254934289f607dbd4be232399ef545cb26,archived_input_copy
ASSET_64143d4a8be940508a41,releases/0.2.0/input_snapshot/releases/0.1.0/input_snapshot/research/references/uniprot_VEGFA.json,276897,transparent path/extension rule; documentary snapshots are not biological raw measurements,resource_metadata_snapshot,AFILE_f87bcd2e4ab4f733de,json,research/references/uniprot_VEGFA.json,atlas/releases/0.2.0/input_snapshot/releases/0.1.0/input_snapshot/research/references/uniprot_VEGFA.json,64143d4a8be940508a41a64616aa5f24d96b12c5538fb514424d9606a2adc6c3,archived_input_copy
ASSET_94186762428301e000a5,releases/0.2.0/input_snapshot/releases/0.1.0/input_snapshot/research/references/uniprot_VEGFA.request.json,340,transparent path/extension rule; documentary snapshots are not biological raw measurements,resource_metadata_snapshot,AFILE_a241504404258f9212,json,research/references/uniprot_VEGFA.request.json,atlas/releases/0.2.0/input_snapshot/releases/0.1.0/input_snapshot/research/references/uniprot_VEGFA.request.json,94186762428301e000a558c71c029d852c6c2428e63faa39bd73904b20f16cda,archived_input_copy
ASSET_e340608c082a9276ee41,releases/0.2.0/input_snapshot/releases/0.1.0/input_snapshot/research/references/uniprot_VEGFA.response.json,1101,transparent path/extension rule; documentary snapshots are not biological raw measurements,resource_metadata_snapshot,AFILE_46092d178a7721d6de,json,research/references/uniprot_VEGFA.response.json,atlas/releases/0.2.0/input_snapshot/releases/0.1.0/input_snapshot/research/references/uniprot_VEGFA.response.json,e340608c082a9276ee41ca4969f41e6ab27e523e5310b3009836ca77971a38c5,archived_input_copy
ASSET_f526336a026170742eed,releases/0.2.0/input_snapshot/releases/0.1.0/input_snapshot/research/review_cytokine.json,10075,transparent path/extension rule; documentary snapshots are not biological raw measurements,structured_curation_or_provenance,AFILE_9ce9ec9a38a3f1f279,json,research/review_cytokine.json,atlas/releases/0.2.0/input_snapshot/releases/0.1.0/input_snapshot/research/review_cytokine.json,f526336a026170742eed03c25e81f28a9bc98774cce7c5f820a4fa9f68bed09a,archived_input_copy
ASSET_eff01477aa7ce0d38648,releases/0.2.0/input_snapshot/releases/0.1.0/input_snapshot/research/review_implementation.json,12569,transparent path/extension rule; documentary snapshots are not biological raw measurements,structured_curation_or_provenance,AFILE_c31b39047e45d5c109,json,research/review_implementation.json,atlas/releases/0.2.0/input_snapshot/releases/0.1.0/input_snapshot/research/review_implementation.json,eff01477aa7ce0d386481c336b9f53dfc43e172c66e96654a77b2098380589d8,archived_input_copy
ASSET_6178648fa2dcfa1c2b1b,releases/0.2.0/input_snapshot/releases/0.1.0/input_snapshot/research/review_multiomic.json,12303,transparent path/extension rule; documentary snapshots are not biological raw measurements,structured_curation_or_provenance,AFILE_f2a2cd124d3d5733ff,json,research/review_multiomic.json,atlas/releases/0.2.0/input_snapshot/releases/0.1.0/input_snapshot/research/review_multiomic.json,6178648fa2dcfa1c2b1b33d2f95c453e968ccc5977530c2676a6b782d8b7e545,archived_input_copy
ASSET_685f050bfb4b6b74808e,releases/0.2.0/input_snapshot/releases/0.1.0/input_snapshot/scripts/annotate_scoring.py,2230,transparent path/extension rule; documentary snapshots are not biological raw measurements,code_or_environment_specification,AFILE_d3aa2242bb84ed3422,py,scripts/annotate_scoring.py,atlas/releases/0.2.0/input_snapshot/releases/0.1.0/input_snapshot/scripts/annotate_scoring.py,685f050bfb4b6b74808ea9f736f8f379c766823ad3c0c808680995703e6e5279,archived_input_copy
ASSET_977b5d439913980c7e9b,releases/0.2.0/input_snapshot/releases/0.1.0/input_snapshot/scripts/kb.py,46206,transparent path/extension rule; documentary snapshots are not biological raw measurements,code_or_environment_specification,AFILE_c979c3a505fa5e815c,py,scripts/kb.py,atlas/releases/0.2.0/input_snapshot/releases/0.1.0/input_snapshot/scripts/kb.py,977b5d439913980c7e9b30d8b59c9788f7bebc3a1021482dcfaa52b530698e9a,archived_input_copy
ASSET_ed9449638e61a8664379,releases/0.2.0/input_snapshot/releases/0.1.0/input_snapshot/scripts/retrieve_references.py,9377,transparent path/extension rule; documentary snapshots are not biological raw measurements,code_or_environment_specification,AFILE_1db2e981531b725855,py,scripts/retrieve_references.py,atlas/releases/0.2.0/input_snapshot/releases/0.1.0/input_snapshot/scripts/retrieve_references.py,ed9449638e61a8664379b86ee44c70b29c7e887b888f6aea7365b7319905535d,archived_input_copy
ASSET_77e4d124a432edcfbb81,releases/0.2.0/input_snapshot/releases/0.1.0/input_snapshot/scripts/write_status.py,6743,transparent path/extension rule; documentary snapshots are not biological raw measurements,code_or_environment_specification,AFILE_e0059db85827448f3a,py,scripts/write_status.py,atlas/releases/0.2.0/input_snapshot/releases/0.1.0/input_snapshot/scripts/write_status.py,77e4d124a432edcfbb812f919a1a28c9f5e45dbcc632a8175335d51f19e979e0,archived_input_copy
ASSET_71d741e6f4a3854e8c3e,releases/0.2.0/input_snapshot/releases/0.1.0/input_snapshot/tests/test_kb.py,9648,transparent path/extension rule; documentary snapshots are not biological raw measurements,code_or_environment_specification,AFILE_3f7afe241d4409a30b,py,tests/test_kb.py,atlas/releases/0.2.0/input_snapshot/releases/0.1.0/input_snapshot/tests/test_kb.py,71d741e6f4a3854e8c3ed2de7bb04d54fe82920bcaeac63674e67ea87fb87656,archived_input_copy
ASSET_ec9b6efea3104b853a26,releases/0.2.0/input_snapshot/releases/0.1.0/instruction_versions.csv,1286,transparent path/extension rule; documentary snapshots are not biological raw measurements,derived_atlas_table_or_database,AFILE_d2bbbc246f4630dab5,csv,releases/0.1.0/instruction_versions.csv,atlas/releases/0.2.0/input_snapshot/releases/0.1.0/instruction_versions.csv,ec9b6efea3104b853a26b083e8c6386816ba50d9a74721a97a3d954bafa9edc4,archived_input_copy
ASSET_e30a31b7ea724cdf207d,releases/0.2.0/input_snapshot/releases/0.1.0/journal_metrics.csv,79,transparent path/extension rule; documentary snapshots are not biological raw measurements,derived_atlas_table_or_database,AFILE_65eb0ce28602d04bd6,csv,releases/0.1.0/journal_metrics.csv,atlas/releases/0.2.0/input_snapshot/releases/0.1.0/journal_metrics.csv,e30a31b7ea724cdf207d23681cd33110d18d2d71ed94cbcf32fe9e542a05db5a,archived_input_copy
ASSET_6ef2ada53d85c341987f,releases/0.2.0/input_snapshot/releases/0.1.0/manifest.json,45591,transparent path/extension rule; documentary snapshots are not biological raw measurements,structured_curation_or_provenance,AFILE_f2cde131c76fa2feac,json,releases/0.1.0/manifest.json,atlas/releases/0.2.0/input_snapshot/releases/0.1.0/manifest.json,6ef2ada53d85c341987f30d3355f4cde99157cdf5fe3883d56bdda936fecf8b0,archived_input_copy
ASSET_a04aec3ec151e0ddf9c6,releases/0.2.0/input_snapshot/releases/0.1.0/materialized_paths.csv,62,transparent path/extension rule; documentary snapshots are not biological raw measurements,derived_atlas_table_or_database,AFILE_098bd0b8cf4feef902,csv,releases/0.1.0/materialized_paths.csv,atlas/releases/0.2.0/input_snapshot/releases/0.1.0/materialized_paths.csv,a04aec3ec151e0ddf9c663a230e54453a4193ad0333286d75630c9aafa7dd55e,archived_input_copy
ASSET_c7e7f09fd2441c9fc2bc,releases/0.2.0/input_snapshot/releases/0.1.0/molecular_qtls.csv,1284,transparent path/extension rule; documentary snapshots are not biological raw measurements,derived_atlas_table_or_database,AFILE_8880dcfbe42523bfc1,csv,releases/0.1.0/molecular_qtls.csv,atlas/releases/0.2.0/input_snapshot/releases/0.1.0/molecular_qtls.csv,c7e7f09fd2441c9fc2bcc4da2048d019651d664f4bd3b87b0c93860502b1286f,archived_input_copy
ASSET_5bf88bf2120660e43b84,releases/0.2.0/input_snapshot/releases/0.1.0/multiomic_links.csv,3244,transparent path/extension rule; documentary snapshots are not biological raw measurements,derived_atlas_table_or_database,AFILE_8876088dc30f2f50f2,csv,releases/0.1.0/multiomic_links.csv,atlas/releases/0.2.0/input_snapshot/releases/0.1.0/multiomic_links.csv,5bf88bf2120660e43b842a0e7adce979ff3cfb77ee6463ea527f4175fd5a1379,archived_input_copy
ASSET_585a690da6ea40cc973c,releases/0.2.0/input_snapshot/releases/0.1.0/prior_changes.csv,140216,transparent path/extension rule; documentary snapshots are not biological raw measurements,derived_atlas_table_or_database,AFILE_6402b39122a77c16de,csv,releases/0.1.0/prior_changes.csv,atlas/releases/0.2.0/input_snapshot/releases/0.1.0/prior_changes.csv,585a690da6ea40cc973c7e7ada48bfeccde792cf55957ced874fde6428627ddc,archived_input_copy
ASSET_1db0cac166df713645c9,releases/0.2.0/input_snapshot/releases/0.1.0/prior_parameters.csv,150995,transparent path/extension rule; documentary snapshots are not biological raw measurements,derived_atlas_table_or_database,AFILE_332a65d940defdfe63,csv,releases/0.1.0/prior_parameters.csv,atlas/releases/0.2.0/input_snapshot/releases/0.1.0/prior_parameters.csv,1db0cac166df713645c93d7da976f2d616ec22e4065561afa5426d37c48c0215,archived_input_copy
ASSET_4fd5cffa591ce6232501,releases/0.2.0/input_snapshot/releases/0.1.0/protein_modifications.csv,578,transparent path/extension rule; documentary snapshots are not biological raw measurements,derived_atlas_table_or_database,AFILE_5b7d963a915467fae8,csv,releases/0.1.0/protein_modifications.csv,atlas/releases/0.2.0/input_snapshot/releases/0.1.0/protein_modifications.csv,4fd5cffa591ce6232501734ac1b0d505a19671c0d20ca11dc27dc16260ad4bf0,archived_input_copy
ASSET_8a14d4a728f8997fedee,releases/0.2.0/input_snapshot/releases/0.1.0/proteomic_observations.csv,11575,transparent path/extension rule; documentary snapshots are not biological raw measurements,derived_atlas_table_or_database,AFILE_8d11081a9141e46809,csv,releases/0.1.0/proteomic_observations.csv,atlas/releases/0.2.0/input_snapshot/releases/0.1.0/proteomic_observations.csv,8a14d4a728f8997fedee01ff26660332c6e58b2b0f450a254e9dad04b55d75f4,archived_input_copy
ASSET_9bb723de884bf9754abb,releases/0.2.0/input_snapshot/releases/0.1.0/protocol_instruction_manifest.json,2175,transparent path/extension rule; documentary snapshots are not biological raw measurements,structured_curation_or_provenance,AFILE_2ab08135845f2fd38c,json,releases/0.1.0/protocol_instruction_manifest.json,atlas/releases/0.2.0/input_snapshot/releases/0.1.0/protocol_instruction_manifest.json,9bb723de884bf9754abb9b1b207ef260a42bdb9fb2c71df2e32a619b6d8646a5,archived_input_copy
ASSET_8b3d1cb2dba1a40d9542,releases/0.2.0/input_snapshot/releases/0.1.0/provenance_manifest.json,143591,transparent path/extension rule; documentary snapshots are not biological raw measurements,structured_curation_or_provenance,AFILE_ccf75c4df0a4dcdb19,json,releases/0.1.0/provenance_manifest.json,atlas/releases/0.2.0/input_snapshot/releases/0.1.0/provenance_manifest.json,8b3d1cb2dba1a40d95421e08a1cc6eec3687d45fd3cb47860494a1831c5ed398,archived_input_copy
ASSET_8bf2645860ccda3373a6,releases/0.2.0/input_snapshot/releases/0.1.0/qc.json,1656,transparent path/extension rule; documentary snapshots are not biological raw measurements,structured_curation_or_provenance,AFILE_382c8d247fb1968799,json,releases/0.1.0/qc.json,atlas/releases/0.2.0/input_snapshot/releases/0.1.0/qc.json,8bf2645860ccda3373a6440f2ebb99de1346ca8105a9878ad7001ed924ad3956,archived_input_copy
ASSET_eaed65f4fc6224aa1a7f,releases/0.2.0/input_snapshot/releases/0.1.0/regulatory_evidence.csv,325,transparent path/extension rule; documentary snapshots are not biological raw measurements,derived_atlas_table_or_database,AFILE_f6dd809b90becc0ed0,csv,releases/0.1.0/regulatory_evidence.csv,atlas/releases/0.2.0/input_snapshot/releases/0.1.0/regulatory_evidence.csv,eaed65f4fc6224aa1a7fe27e51c1374ff8e4e4f3cf30b2a65eaff8adf6f2282e,archived_input_copy
ASSET_c070f415c6b0c0be6e64,releases/0.2.0/input_snapshot/releases/0.1.0/samples.csv,58,transparent path/extension rule; documentary snapshots are not biological raw measurements,derived_atlas_table_or_database,AFILE_c3da8a614b72f7e7eb,csv,releases/0.1.0/samples.csv,atlas/releases/0.2.0/input_snapshot/releases/0.1.0/samples.csv,c070f415c6b0c0be6e64cc4420051c34a42b1f498f316de8e4974e0c803bbf76,archived_input_copy
ASSET_16ac00d741a7cf8a1725,releases/0.2.0/input_snapshot/releases/0.1.0/screening_decisions.csv,4404,transparent path/extension rule; documentary snapshots are not biological raw measurements,derived_atlas_table_or_database,AFILE_73ef1ad5794e36a15b,csv,releases/0.1.0/screening_decisions.csv,atlas/releases/0.2.0/input_snapshot/releases/0.1.0/screening_decisions.csv,16ac00d741a7cf8a1725beaf560dd2ac872425cc81222ba33f514f7f6dd1fcfb,archived_input_copy
ASSET_6a4ba8658a92139278ba,releases/0.2.0/input_snapshot/releases/0.1.0/search_log.csv,45694,transparent path/extension rule; documentary snapshots are not biological raw measurements,derived_atlas_table_or_database,AFILE_6265269f1eae60ca00,csv,releases/0.1.0/search_log.csv,atlas/releases/0.2.0/input_snapshot/releases/0.1.0/search_log.csv,6a4ba8658a92139278babf1945134b153e3aebda6b04df4be6ad66d00bc0c1fc,archived_input_copy
ASSET_239ac7ef1f3378c82f08,releases/0.2.0/input_snapshot/releases/0.1.0/security_redactions.json,1074,transparent path/extension rule; documentary snapshots are not biological raw measurements,structured_curation_or_provenance,AFILE_c50e043ae523d3dd4f,json,releases/0.1.0/security_redactions.json,atlas/releases/0.2.0/input_snapshot/releases/0.1.0/security_redactions.json,239ac7ef1f3378c82f081346ce4ac4d00f317127c02277a038b63e7dec55291e,archived_input_copy
ASSET_ef88488b240abd566868,releases/0.2.0/input_snapshot/releases/0.1.0/source_manifest.json,157063,transparent path/extension rule; documentary snapshots are not biological raw measurements,structured_curation_or_provenance,AFILE_c0f3e0cf720b98203f,json,releases/0.1.0/source_manifest.json,atlas/releases/0.2.0/input_snapshot/releases/0.1.0/source_manifest.json,ef88488b240abd566868033591da570f04129dc6ae08f56f2c834ae77cea2330,archived_input_copy
ASSET_9b6aa51c88210ef9d142,releases/0.2.0/input_snapshot/releases/0.1.0/source_registry.csv,45963,transparent path/extension rule; documentary snapshots are not biological raw measurements,derived_atlas_table_or_database,AFILE_354cb75711d2a6cfff,csv,releases/0.1.0/source_registry.csv,atlas/releases/0.2.0/input_snapshot/releases/0.1.0/source_registry.csv,9b6aa51c88210ef9d1423796924ead169635857a76ffd5054de0f7a466c5e3f8,archived_input_copy
ASSET_8b52eccfbadaf0379912,releases/0.2.0/input_snapshot/releases/0.1.0/transcriptional_programs.csv,66,transparent path/extension rule; documentary snapshots are not biological raw measurements,derived_atlas_table_or_database,AFILE_84e5d3e7e80d5220ef,csv,releases/0.1.0/transcriptional_programs.csv,atlas/releases/0.2.0/input_snapshot/releases/0.1.0/transcriptional_programs.csv,8b52eccfbadaf0379912257ceb9713c4a55541446e3a4b064e0782795230ee26,archived_input_copy
ASSET_0d48173d76eecf9e6a30,releases/0.2.0/input_snapshot/releases/0.1.0/transcriptomic_observations.csv,3447,transparent path/extension rule; documentary snapshots are not biological raw measurements,derived_atlas_table_or_database,AFILE_d4b5333caa51e38f19,csv,releases/0.1.0/transcriptomic_observations.csv,atlas/releases/0.2.0/input_snapshot/releases/0.1.0/transcriptomic_observations.csv,0d48173d76eecf9e6a302dfe0e298e7156b4194cc3e3869748b9749e07bcfb63,archived_input_copy
ASSET_d6078069c35628de344b,releases/0.2.0/input_snapshot/reports/PROJECT_STATUS.md,21345,transparent path/extension rule; documentary snapshots are not biological raw measurements,documentation_or_protocol,AFILE_295d67f60243b586a3,md,reports/PROJECT_STATUS.md,atlas/releases/0.2.0/input_snapshot/reports/PROJECT_STATUS.md,d6078069c35628de344b5f7fb4dfe5755bdd65e747cf873247a60cf78c103dc1,archived_input_copy
ASSET_66b502ad0497e55228a5,releases/0.2.0/input_snapshot/reports/RELEASE_0.2.0.md,6844,transparent path/extension rule; documentary snapshots are not biological raw measurements,documentation_or_protocol,AFILE_403753d36867b6870d,md,reports/RELEASE_0.2.0.md,atlas/releases/0.2.0/input_snapshot/reports/RELEASE_0.2.0.md,66b502ad0497e55228a5a91fb6e6f3f0acf429c1b30d81fee30a732f34b9dfdf,archived_input_copy
ASSET_203f375dd87aa59f2e01,releases/0.2.0/input_snapshot/reports/RESEARCH_SYNTHESIS.md,18960,transparent path/extension rule; documentary snapshots are not biological raw measurements,documentation_or_protocol,AFILE_958de5ac25316676af,md,reports/RESEARCH_SYNTHESIS.md,atlas/releases/0.2.0/input_snapshot/reports/RESEARCH_SYNTHESIS.md,203f375dd87aa59f2e01095420de1d40db0716dfd30a560874ced6eb6279c4fa,archived_input_copy
ASSET_240880d92120659af472,releases/0.2.0/input_snapshot/reports/SECURITY_ALERT_2026-09-13.md,2404,transparent path/extension rule; documentary snapshots are not biological raw measurements,documentation_or_protocol,AFILE_9e4b0645e72cbd6fa5,md,reports/SECURITY_ALERT_2026-09-13.md,atlas/releases/0.2.0/input_snapshot/reports/SECURITY_ALERT_2026-09-13.md,240880d92120659af4725e0ec1f00ede5939382a27d039d630cb5e22d9e1773d,archived_input_copy
ASSET_b590ba9aa122415ac6b5,releases/0.2.0/input_snapshot/requirements-research.lock,88,transparent path/extension rule; documentary snapshots are not biological raw measurements,code_or_environment_specification,AFILE_c52adb1a46d21b5cfb,lock,requirements-research.lock,atlas/releases/0.2.0/input_snapshot/requirements-research.lock,b590ba9aa122415ac6b551c0f2e07a4abc493ac2b2c41d8537796298a765c972,archived_input_copy
ASSET_c0ee2c01270411fcd5c8,releases/0.2.0/input_snapshot/requirements-research.txt,17,transparent path/extension rule; documentary snapshots are not biological raw measurements,code_or_environment_specification,AFILE_fe0fe93d8c88c7b9b6,txt,requirements-research.txt,atlas/releases/0.2.0/input_snapshot/requirements-research.txt,c0ee2c01270411fcd5c8bf8e78d080237c4d1c61ae34d197c935d29cf50a8833,archived_input_copy
ASSET_35093d4783a11f83166d,releases/0.2.0/input_snapshot/research/EXTRACTION_CONTRACT.md,3770,transparent path/extension rule; documentary snapshots are not biological raw measurements,documentation_or_protocol,AFILE_194d404ec5b1a99a3e,md,research/EXTRACTION_CONTRACT.md,atlas/releases/0.2.0/input_snapshot/research/EXTRACTION_CONTRACT.md,35093d4783a11f83166d09298343e135a7c9d76c196401d88532e91468ef0f0e,archived_input_copy
ASSET_7014d40049727774e9a6,releases/0.2.0/input_snapshot/research/EXTRACTION_CONTRACT_0.2.md,3873,transparent path/extension rule; documentary snapshots are not biological raw measurements,documentation_or_protocol,AFILE_3578e9e6d7d6d0f414,md,research/EXTRACTION_CONTRACT_0.2.md,atlas/releases/0.2.0/input_snapshot/research/EXTRACTION_CONTRACT_0.2.md,7014d40049727774e9a6baa6dbc95f46aca85140c723c3aab36bfa98ce026767,archived_input_copy
ASSET_a753b6262e3c13eed3f8,releases/0.2.0/input_snapshot/research/chemokine_expansion/build_pack.py,31068,transparent path/extension rule; documentary snapshots are not biological raw measurements,code_or_environment_specification,AFILE_b9bcab73f6dff96a55,py,research/chemokine_expansion/build_pack.py,atlas/releases/0.2.0/input_snapshot/research/chemokine_expansion/build_pack.py,a753b6262e3c13eed3f87ad3abe5c4cdb8876ad63668801db71c5782fb0d759a,archived_input_copy
ASSET_69e763268ab61c58a38f,releases/0.2.0/input_snapshot/research/chemokine_expansion/finalize_pack.py,13856,transparent path/extension rule; documentary snapshots are not biological raw measurements,code_or_environment_specification,AFILE_9e3d05109455d20261,py,research/chemokine_expansion/finalize_pack.py,atlas/releases/0.2.0/input_snapshot/research/chemokine_expansion/finalize_pack.py,69e763268ab61c58a38f9d7198c27893b992fc4fed7c4e07eabb65b7ea27a92a,archived_input_copy
ASSET_9db1d3c090599b53cf90,releases/0.2.0/input_snapshot/research/chemokine_expansion/notes.md,9357,transparent path/extension rule; documentary snapshots are not biological raw measurements,documentation_or_protocol,AFILE_bc87557ab2f053552e,md,research/chemokine_expansion/notes.md,atlas/releases/0.2.0/input_snapshot/research/chemokine_expansion/notes.md,9db1d3c090599b53cf900542b957cc94756f5b2211d7f406281d7d9fa3d7203b,archived_input_copy
ASSET_7c93e1ddf84ae4fea6cc,releases/0.2.0/input_snapshot/research/chemokine_expansion/pack.json,122425,transparent path/extension rule; documentary snapshots are not biological raw measurements,curated_evidence_extraction,AFILE_bbdce6930ae9e93617,json,research/chemokine_expansion/pack.json,atlas/releases/0.2.0/input_snapshot/research/chemokine_expansion/pack.json,7c93e1ddf84ae4fea6cc1fbb347d38282a60cdbeba48b161243c6c2dbb5ca081,archived_input_copy
ASSET_65d8ebb70570b8dab1f7,releases/0.2.0/input_snapshot/research/chemokine_expansion/retrieval_limits.json,968,transparent path/extension rule; documentary snapshots are not biological raw measurements,structured_curation_or_provenance,AFILE_bb3d54f4297223bcee,json,research/chemokine_expansion/retrieval_limits.json,atlas/releases/0.2.0/input_snapshot/research/chemokine_expansion/retrieval_limits.json,65d8ebb70570b8dab1f75aaac6109c63e575f1b3c09445b8e1a68671ae0004a5,archived_input_copy
ASSET_1e7c0b68bdb0fc5329d2,releases/0.2.0/input_snapshot/research/chemokine_expansion/review_response.json,1967,transparent path/extension rule; documentary snapshots are not biological raw measurements,structured_curation_or_provenance,AFILE_6dde1a04750f66f5a6,json,research/chemokine_expansion/review_response.json,atlas/releases/0.2.0/input_snapshot/research/chemokine_expansion/review_response.json,1e7c0b68bdb0fc5329d2189ea03ccb99fc71ac880cc900873fb55041b05c352e,archived_input_copy
ASSET_468764393c2d4bc7815c,releases/0.2.0/input_snapshot/research/chemokine_expansion/run.json,10630,transparent path/extension rule; documentary snapshots are not biological raw measurements,structured_curation_or_provenance,AFILE_1028abc5c16ad650be,json,research/chemokine_expansion/run.json,atlas/releases/0.2.0/input_snapshot/research/chemokine_expansion/run.json,468764393c2d4bc7815ce8c7fabf6624ebfb085239287805d0b4b4323749dcaa,archived_input_copy
ASSET_2dcba516b478b311767a,releases/0.2.0/input_snapshot/research/chemokine_expansion/sanitation_audit.json,763,transparent path/extension rule; documentary snapshots are not biological raw measurements,structured_curation_or_provenance,AFILE_b54bf75ccd1a7a84ee,json,research/chemokine_expansion/sanitation_audit.json,atlas/releases/0.2.0/input_snapshot/research/chemokine_expansion/sanitation_audit.json,2dcba516b478b311767a153acb5ba835b7b44888936103e695d287ba09a9b8b6,archived_input_copy
ASSET_6aa282ec65bc9a781aef,releases/0.2.0/input_snapshot/research/chemokine_expansion/sanitize_local.py,1415,transparent path/extension rule; documentary snapshots are not biological raw measurements,code_or_environment_specification,AFILE_dbf16c2c25f0910215,py,research/chemokine_expansion/sanitize_local.py,atlas/releases/0.2.0/input_snapshot/research/chemokine_expansion/sanitize_local.py,6aa282ec65bc9a781aef3709f3ded6c0bb9a3393b7d486a4b80876df70992253,archived_input_copy
ASSET_0eaaf76fc44bc5dfdfc5,releases/0.2.0/input_snapshot/research/chemokine_expansion/screening.json,122124,transparent path/extension rule; documentary snapshots are not biological raw measurements,structured_curation_or_provenance,AFILE_8ce35516106157a4d3,json,research/chemokine_expansion/screening.json,atlas/releases/0.2.0/input_snapshot/research/chemokine_expansion/screening.json,0eaaf76fc44bc5dfdfc57dc199e2a63779d3c8caa8bf8fde44599b96d0d3e3a5,archived_input_copy
ASSET_a67f2adc3ad98ca54929,releases/0.2.0/input_snapshot/research/chemokine_expansion/snapshots/Agostini2001_chrome.txt,11333,transparent path/extension rule; documentary snapshots are not biological raw measurements,documentary_or_repository_source_snapshot,AFILE_20626bc644c12fbed8,txt,research/chemokine_expansion/snapshots/Agostini2001_chrome.txt,atlas/releases/0.2.0/input_snapshot/research/chemokine_expansion/snapshots/Agostini2001_chrome.txt,a67f2adc3ad98ca5492909a6ce51ce7acf754730eb58e1fcd262a04e0077416b,archived_input_copy
ASSET_e78920682e3c4dbae1c5,releases/0.2.0/input_snapshot/research/chemokine_expansion/snapshots/Godiska1997_chrome.txt,7082,transparent path/extension rule; documentary snapshots are not biological raw measurements,documentary_or_repository_source_snapshot,AFILE_8025f980f4d608fafa,txt,research/chemokine_expansion/snapshots/Godiska1997_chrome.txt,atlas/releases/0.2.0/input_snapshot/research/chemokine_expansion/snapshots/Godiska1997_chrome.txt,e78920682e3c4dbae1c53fd441be4347b1b681c57c27e4d9735588fe5df6e5db,archived_input_copy
ASSET_db3e82e3879360f1ab9b,releases/0.2.0/input_snapshot/research/chemokine_expansion/snapshots/Provost2013_chrome.txt,9508,transparent path/extension rule; documentary snapshots are not biological raw measurements,documentary_or_repository_source_snapshot,AFILE_914835a67ede957d9a,txt,research/chemokine_expansion/snapshots/Provost2013_chrome.txt,atlas/releases/0.2.0/input_snapshot/research/chemokine_expansion/snapshots/Provost2013_chrome.txt,db3e82e3879360f1ab9bc229f9b2f0c4338afe6d2226502fcea0d7dde57bce51,archived_input_copy
ASSET_d51cd8c1af55301b05ea,releases/0.2.0/input_snapshot/research/chemokine_expansion/snapshots/ScalleyKim2012_chrome.txt,5105,transparent path/extension rule; documentary snapshots are not biological raw measurements,documentary_or_repository_source_snapshot,AFILE_69648a223ae708a2af,txt,research/chemokine_expansion/snapshots/ScalleyKim2012_chrome.txt,atlas/releases/0.2.0/input_snapshot/research/chemokine_expansion/snapshots/ScalleyKim2012_chrome.txt,d51cd8c1af55301b05ea981a56e9253281df189c09da41cf274fba0d4b21c5ea,archived_input_copy
ASSET_98a580bc653e9a6d9aca,releases/0.2.0/input_snapshot/research/chemokine_expansion/snapshots/Viney2014_chrome.txt,7199,transparent path/extension rule; documentary snapshots are not biological raw measurements,documentary_or_repository_source_snapshot,AFILE_0b8f90793a63499c1c,txt,research/chemokine_expansion/snapshots/Viney2014_chrome.txt,atlas/releases/0.2.0/input_snapshot/research/chemokine_expansion/snapshots/Viney2014_chrome.txt,98a580bc653e9a6d9acac0b081287f7389b81732f331e7118620965fc550a101,archived_input_copy
ASSET_2878795f19b69d040deb,releases/0.2.0/input_snapshot/research/chemokine_expansion/snapshots/followup_fullmethods1.json,25591,transparent path/extension rule; documentary snapshots are not biological raw measurements,documentary_or_repository_source_snapshot,AFILE_a1a38c88f42489aacc,json,research/chemokine_expansion/snapshots/followup_fullmethods1.json,atlas/releases/0.2.0/input_snapshot/research/chemokine_expansion/snapshots/followup_fullmethods1.json,2878795f19b69d040debb0a455dc5a71971059d6cd403ace304a1f3c73b4655a,archived_input_copy
ASSET_551f721aeb2d04319eb5,releases/0.2.0/input_snapshot/research/chemokine_expansion/snapshots/followup_open12.json,1693,transparent path/extension rule; documentary snapshots are not biological raw measurements,documentary_or_repository_source_snapshot,AFILE_04b0ac25b130e97d31,json,research/chemokine_expansion/snapshots/followup_open12.json,atlas/releases/0.2.0/input_snapshot/research/chemokine_expansion/snapshots/followup_open12.json,551f721aeb2d04319eb56052086ec05574887f947639c1bb2fc9095133191715,archived_input_copy
ASSET_9edd28895238fe12d920,releases/0.2.0/input_snapshot/research/chemokine_expansion/snapshots/followup_search10.json,32388,transparent path/extension rule; documentary snapshots are not biological raw measurements,documentary_or_repository_source_snapshot,AFILE_d3e7c379eebc098ccc,json,research/chemokine_expansion/snapshots/followup_search10.json,atlas/releases/0.2.0/input_snapshot/research/chemokine_expansion/snapshots/followup_search10.json,9edd28895238fe12d920addad365f075e93fa5524a22d63ee746d162ce982b48,archived_input_copy
ASSET_466836e0da1e41ceec00,releases/0.2.0/input_snapshot/research/chemokine_expansion/snapshots/followup_search11.json,28254,transparent path/extension rule; documentary snapshots are not biological raw measurements,documentary_or_repository_source_snapshot,AFILE_eab06d3affdec348eb,json,research/chemokine_expansion/snapshots/followup_search11.json,atlas/releases/0.2.0/input_snapshot/research/chemokine_expansion/snapshots/followup_search11.json,466836e0da1e41ceec0050df2a3bae9fc5c3ef28b84dd275c567b4be1fd30eba,archived_input_copy
ASSET_02ea4a421085a954f219,releases/0.2.0/input_snapshot/research/chemokine_expansion/snapshots/followup_search12.json,31707,transparent path/extension rule; documentary snapshots are not biological raw measurements,documentary_or_repository_source_snapshot,AFILE_693a5bca4b8e54d4e8,json,research/chemokine_expansion/snapshots/followup_search12.json,atlas/releases/0.2.0/input_snapshot/research/chemokine_expansion/snapshots/followup_search12.json,02ea4a421085a954f219d439a77dfda1c83e9f0f29a1fcc1d1e2d587bcab71c3,archived_input_copy
ASSET_72290df31c19d4a0d96f,releases/0.2.0/input_snapshot/research/chemokine_expansion/snapshots/followup_search13.json,31488,transparent path/extension rule; documentary snapshots are not biological raw measurements,documentary_or_repository_source_snapshot,AFILE_7cc6532abf35bfee5e,json,research/chemokine_expansion/snapshots/followup_search13.json,atlas/releases/0.2.0/input_snapshot/research/chemokine_expansion/snapshots/followup_search13.json,72290df31c19d4a0d96fcf8293ba8f7398de2d399416446be20ed826cfaea5d2,archived_input_copy
ASSET_62a14479fba117f7abef,releases/0.2.0/input_snapshot/research/chemokine_expansion/snapshots/followup_search5.json,31905,transparent path/extension rule; documentary snapshots are not biological raw measurements,documentary_or_repository_source_snapshot,AFILE_30359acaac3ec98e5d,json,research/chemokine_expansion/snapshots/followup_search5.json,atlas/releases/0.2.0/input_snapshot/research/chemokine_expansion/snapshots/followup_search5.json,62a14479fba117f7abefc9da667be3d07bee53544a8beb75a1beba03cad37d01,archived_input_copy
ASSET_ad0ba6a5543af65e538f,releases/0.2.0/input_snapshot/research/chemokine_expansion/snapshots/followup_search6.json,28409,transparent path/extension rule; documentary snapshots are not biological raw measurements,documentary_or_repository_source_snapshot,AFILE_26a2a5b3df2353bedc,json,research/chemokine_expansion/snapshots/followup_search6.json,atlas/releases/0.2.0/input_snapshot/research/chemokine_expansion/snapshots/followup_search6.json,ad0ba6a5543af65e538fae0d05ddb7ead69c1bbc3423a53bd135184371e20dad,archived_input_copy
ASSET_e8f330e3389e4413aa53,releases/0.2.0/input_snapshot/research/chemokine_expansion/snapshots/followup_search7.json,30779,transparent path/extension rule; documentary snapshots are not biological raw measurements,documentary_or_repository_source_snapshot,AFILE_2c2dd5b8f09ccb1b5b,json,research/chemokine_expansion/snapshots/followup_search7.json,atlas/releases/0.2.0/input_snapshot/research/chemokine_expansion/snapshots/followup_search7.json,e8f330e3389e4413aa5389657eb1aadfb9e8f5e3b6e38b07dffc1f0244dc8453,archived_input_copy
ASSET_d90445a624cf5562ee6c,releases/0.2.0/input_snapshot/research/chemokine_expansion/snapshots/followup_search8.json,30223,transparent path/extension rule; documentary snapshots are not biological raw measurements,documentary_or_repository_source_snapshot,AFILE_25647efd758fbafef6,json,research/chemokine_expansion/snapshots/followup_search8.json,atlas/releases/0.2.0/input_snapshot/research/chemokine_expansion/snapshots/followup_search8.json,d90445a624cf5562ee6c9ac4f985c3c43cff3ca916dceac7a8dabadf04465b9b,archived_input_copy
ASSET_e2637123c75f8a42f7f6,releases/0.2.0/input_snapshot/research/chemokine_expansion/snapshots/followup_search9.json,27144,transparent path/extension rule; documentary snapshots are not biological raw measurements,documentary_or_repository_source_snapshot,AFILE_c401265430620a181b,json,research/chemokine_expansion/snapshots/followup_search9.json,atlas/releases/0.2.0/input_snapshot/research/chemokine_expansion/snapshots/followup_search9.json,e2637123c75f8a42f7f6b76bbc9fcd56bf1285b7bb22204dc55930bc4df4217d,archived_input_copy
ASSET_7d698aacc66a6779732e,releases/0.2.0/input_snapshot/research/chemokine_expansion/snapshots/open1.json,30071,transparent path/extension rule; documentary snapshots are not biological raw measurements,documentary_or_repository_source_snapshot,AFILE_afda192cb71cd094d2,json,research/chemokine_expansion/snapshots/open1.json,atlas/releases/0.2.0/input_snapshot/research/chemokine_expansion/snapshots/open1.json,7d698aacc66a6779732ed19f39161b236edfd167dd490c6271f5a1732b10d2d6,archived_input_copy
ASSET_28d940512ca6653c7044,releases/0.2.0/input_snapshot/research/chemokine_expansion/snapshots/open2.json,1404,transparent path/extension rule; documentary snapshots are not biological raw measurements,documentary_or_repository_source_snapshot,AFILE_99cc4ff74fc75a3bb8,json,research/chemokine_expansion/snapshots/open2.json,atlas/releases/0.2.0/input_snapshot/research/chemokine_expansion/snapshots/open2.json,28d940512ca6653c7044812a4bf68ed81359ef75f0904e523acd93b26fbb5f6e,archived_input_copy
ASSET_41d43672588a41471e8f,releases/0.2.0/input_snapshot/research/chemokine_expansion/snapshots/open3.json,31711,transparent path/extension rule; documentary snapshots are not biological raw measurements,documentary_or_repository_source_snapshot,AFILE_d29216dbfe49f4633b,json,research/chemokine_expansion/snapshots/open3.json,atlas/releases/0.2.0/input_snapshot/research/chemokine_expansion/snapshots/open3.json,41d43672588a41471e8f6feb0e57e4b386a6ae66457f3e374d9313ae5ecb8a28,archived_input_copy
ASSET_a3529bddd2533ecc6a69,releases/0.2.0/input_snapshot/research/chemokine_expansion/snapshots/postpack_schall_attempt.json,28301,transparent path/extension rule; documentary snapshots are not biological raw measurements,documentary_or_repository_source_snapshot,AFILE_deede104a532fc0522,json,research/chemokine_expansion/snapshots/postpack_schall_attempt.json,atlas/releases/0.2.0/input_snapshot/research/chemokine_expansion/snapshots/postpack_schall_attempt.json,a3529bddd2533ecc6a6961ffbcc5b4c6b5beb0ad7e56270bb0cc49e918c411f6,archived_input_copy
ASSET_c9f95422a19306c646f0,releases/0.2.0/input_snapshot/research/chemokine_expansion/snapshots/search1.json,30527,transparent path/extension rule; documentary snapshots are not biological raw measurements,documentary_or_repository_source_snapshot,AFILE_eb677dd86e4c846d1b,json,research/chemokine_expansion/snapshots/search1.json,atlas/releases/0.2.0/input_snapshot/research/chemokine_expansion/snapshots/search1.json,c9f95422a19306c646f0da293128cedb1cc58ea8d2859a9fbd75ddba4beed402,archived_input_copy
ASSET_fe2c137425a915383bff,releases/0.2.0/input_snapshot/research/chemokine_expansion/snapshots/search2.json,31072,transparent path/extension rule; documentary snapshots are not biological raw measurements,documentary_or_repository_source_snapshot,AFILE_1655608e99c34c0def,json,research/chemokine_expansion/snapshots/search2.json,atlas/releases/0.2.0/input_snapshot/research/chemokine_expansion/snapshots/search2.json,fe2c137425a915383bffe21e4a06b262a6cc6b80f266996cd8b15c9c375c676b,archived_input_copy
ASSET_ef3ff143edd890b90064,releases/0.2.0/input_snapshot/research/chemokine_expansion/snapshots/search3.json,30738,transparent path/extension rule; documentary snapshots are not biological raw measurements,documentary_or_repository_source_snapshot,AFILE_5751f7700b54ea20d1,json,research/chemokine_expansion/snapshots/search3.json,atlas/releases/0.2.0/input_snapshot/research/chemokine_expansion/snapshots/search3.json,ef3ff143edd890b90064bc16d8067a10fe3aaaaa36c47cca1b0a45c6f6898e4c,archived_input_copy
ASSET_5b17a714ead5aa086d65,releases/0.2.0/input_snapshot/research/chemokine_expansion/upgrade_pack.py,32192,transparent path/extension rule; documentary snapshots are not biological raw measurements,code_or_environment_specification,AFILE_29de6eff57658fb46b,py,research/chemokine_expansion/upgrade_pack.py,atlas/releases/0.2.0/input_snapshot/research/chemokine_expansion/upgrade_pack.py,5b17a714ead5aa086d65da32d90417648ac6eeea2bd0cb0b7f14581ff57b8340,archived_input_copy
ASSET_526a87078944b19e5118,releases/0.2.0/input_snapshot/research/curation_review_response_0.2.json,3928,transparent path/extension rule; documentary snapshots are not biological raw measurements,structured_curation_or_provenance,AFILE_a260f68abb19cf08b5,json,research/curation_review_response_0.2.json,atlas/releases/0.2.0/input_snapshot/research/curation_review_response_0.2.json,526a87078944b19e511802712cad9d9ccc4c9b7c40bbe73a4669608544da9430,archived_input_copy
ASSET_57a8ad0e62346f7b0f2e,releases/0.2.0/input_snapshot/research/cytokine/.gitignore,20,transparent path/extension rule; documentary snapshots are not biological raw measurements,other_artifact,AFILE_8ea21f6514cfd1676a,text_or_extensionless,research/cytokine/.gitignore,atlas/releases/0.2.0/input_snapshot/research/cytokine/.gitignore,57a8ad0e62346f7b0f2e261d59a7b90f1310043424bcb9d229208f183f1940d9,archived_input_copy
ASSET_e95c4071e75be7410181,releases/0.2.0/input_snapshot/research/cytokine/biorxiv_request.json,261,transparent path/extension rule; documentary snapshots are not biological raw measurements,structured_curation_or_provenance,AFILE_67ddaa92cdc250bc86,json,research/cytokine/biorxiv_request.json,atlas/releases/0.2.0/input_snapshot/research/cytokine/biorxiv_request.json,e95c4071e75be7410181bb1cf1098cc2267704653823fbfdd92b8b3ae91f47e8,archived_input_copy
ASSET_52a7f67389ee42d52d4d,releases/0.2.0/input_snapshot/research/cytokine/build_pack.py,34331,transparent path/extension rule; documentary snapshots are not biological raw measurements,code_or_environment_specification,AFILE_8d164e1ea3ea9583b4,py,research/cytokine/build_pack.py,atlas/releases/0.2.0/input_snapshot/research/cytokine/build_pack.py,52a7f67389ee42d52d4d2d7bd5d0a2d0530e1eef0fdf67544d9fcf925fb76d22,archived_input_copy
ASSET_8eef313a70e10ad7f9ae,releases/0.2.0/input_snapshot/research/cytokine/notes.md,7100,transparent path/extension rule; documentary snapshots are not biological raw measurements,documentation_or_protocol,AFILE_454912fbcb14e100c9,md,research/cytokine/notes.md,atlas/releases/0.2.0/input_snapshot/research/cytokine/notes.md,8eef313a70e10ad7f9ae90e673b1824cc5b51018dae7689273205055bd36f90c,archived_input_copy
ASSET_e270f0cca18d05dcf0a1,releases/0.2.0/input_snapshot/research/cytokine/pack.json,81102,transparent path/extension rule; documentary snapshots are not biological raw measurements,curated_evidence_extraction,AFILE_8094a3295e1eb58a12,json,research/cytokine/pack.json,atlas/releases/0.2.0/input_snapshot/research/cytokine/pack.json,e270f0cca18d05dcf0a1552d5144c79081b7532d7c76fb6f963e52e6c6d4ca8d,archived_input_copy
ASSET_136d851a61e9378362df,releases/0.2.0/input_snapshot/research/cytokine/pmc_request.json,284,transparent path/extension rule; documentary snapshots are not biological raw measurements,structured_curation_or_provenance,AFILE_45e7aaecfd915769f4,json,research/cytokine/pmc_request.json,atlas/releases/0.2.0/input_snapshot/research/cytokine/pmc_request.json,136d851a61e9378362df7b1b6d73b14121fdd3916cf6666eab2b73c8cb82efb7,archived_input_copy
ASSET_bd8e422b605517a44997,releases/0.2.0/input_snapshot/research/cytokine/review_response.json,4709,transparent path/extension rule; documentary snapshots are not biological raw measurements,structured_curation_or_provenance,AFILE_4859708ef24ba9b82d,json,research/cytokine/review_response.json,atlas/releases/0.2.0/input_snapshot/research/cytokine/review_response.json,bd8e422b605517a44997a2c55ff304b43f2d72b40f53ed4ffcb64ab4a904c5fb,archived_input_copy
ASSET_a4fe7bef469c43256fdd,releases/0.2.0/input_snapshot/research/cytokine/run.json,22712,transparent path/extension rule; documentary snapshots are not biological raw measurements,structured_curation_or_provenance,AFILE_4f958c06878d7d594a,json,research/cytokine/run.json,atlas/releases/0.2.0/input_snapshot/research/cytokine/run.json,a4fe7bef469c43256fddff957e7c30ec388aa09503bb2b7334e8e5b45c698dbd,archived_input_copy
ASSET_5800341289afa6b8f5b9,releases/0.2.0/input_snapshot/research/cytokine/snapshots/PMC10781646.txt,66941,transparent path/extension rule; documentary snapshots are not biological raw measurements,documentary_or_repository_source_snapshot,AFILE_fc6d9da942dd76ddda,txt,research/cytokine/snapshots/PMC10781646.txt,atlas/releases/0.2.0/input_snapshot/research/cytokine/snapshots/PMC10781646.txt,5800341289afa6b8f5b94a8490ad87e58767e2f89a537730c30ca091936eea93,archived_input_copy
ASSET_cdeefd81ddec026ccc32,releases/0.2.0/input_snapshot/research/cytokine/snapshots/PMC10781646.xml,171779,transparent path/extension rule; documentary snapshots are not biological raw measurements,documentary_or_repository_source_snapshot,AFILE_5abf228fd94c20f4d9,xml,research/cytokine/snapshots/PMC10781646.xml,atlas/releases/0.2.0/input_snapshot/research/cytokine/snapshots/PMC10781646.xml,cdeefd81ddec026ccc32292d2ff428312e9331187217f2baf95b73386227a133,archived_input_copy
ASSET_9361c53a21f54affb3fe,releases/0.2.0/input_snapshot/research/cytokine/snapshots/PMC12776526.txt,82490,transparent path/extension rule; documentary snapshots are not biological raw measurements,documentary_or_repository_source_snapshot,AFILE_5c4237c334c8d19719,txt,research/cytokine/snapshots/PMC12776526.txt,atlas/releases/0.2.0/input_snapshot/research/cytokine/snapshots/PMC12776526.txt,9361c53a21f54affb3fe0450a44cfb1f398c615f707f21300b6076e389098d0e,archived_input_copy
ASSET_b5eb7fa311846f14f30d,releases/0.2.0/input_snapshot/research/cytokine/snapshots/PMC12776526.xml,191710,transparent path/extension rule; documentary snapshots are not biological raw measurements,documentary_or_repository_source_snapshot,AFILE_d6a0595629164dba31,xml,research/cytokine/snapshots/PMC12776526.xml,atlas/releases/0.2.0/input_snapshot/research/cytokine/snapshots/PMC12776526.xml,b5eb7fa311846f14f30de12ff62393c3bb13203e3890632dadcc2bffd19430b0,archived_input_copy
ASSET_f7993bdc507d40185cee,releases/0.2.0/input_snapshot/research/cytokine/snapshots/PMC1810496.xml,6954,transparent path/extension rule; documentary snapshots are not biological raw measurements,documentary_or_repository_source_snapshot,AFILE_db44f9680fef336707,xml,research/cytokine/snapshots/PMC1810496.xml,atlas/releases/0.2.0/input_snapshot/research/cytokine/snapshots/PMC1810496.xml,f7993bdc507d40185cee9d442f80352c9cf6acf3699627962bf8f4a6d3cbb661,archived_input_copy
ASSET_b8da7ec812a4af73a955,releases/0.2.0/input_snapshot/research/cytokine/snapshots/PMC2119001.txt,50280,transparent path/extension rule; documentary snapshots are not biological raw measurements,documentary_or_repository_source_snapshot,AFILE_60a322fce6f2066f90,txt,research/cytokine/snapshots/PMC2119001.txt,atlas/releases/0.2.0/input_snapshot/research/cytokine/snapshots/PMC2119001.txt,b8da7ec812a4af73a955d451f7493b377d021a95385225379c7ca64ea0acf6d6,archived_input_copy
ASSET_75a1f66ee0b4bcc57615,releases/0.2.0/input_snapshot/research/cytokine/snapshots/PMC2119001.xml,98361,transparent path/extension rule; documentary snapshots are not biological raw measurements,documentary_or_repository_source_snapshot,AFILE_6144100d01fed21376,xml,research/cytokine/snapshots/PMC2119001.xml,atlas/releases/0.2.0/input_snapshot/research/cytokine/snapshots/PMC2119001.xml,75a1f66ee0b4bcc5761557e1dc4fe4805791b7022f585d5d67e9e7d97aa30e61,archived_input_copy
ASSET_05b8494ee3be3c6863d8,releases/0.2.0/input_snapshot/research/cytokine/snapshots/PMC2193232.txt,36337,transparent path/extension rule; documentary snapshots are not biological raw measurements,documentary_or_repository_source_snapshot,AFILE_72977f40fb7eae810f,txt,research/cytokine/snapshots/PMC2193232.txt,atlas/releases/0.2.0/input_snapshot/research/cytokine/snapshots/PMC2193232.txt,05b8494ee3be3c6863d849ae6816d8495331e2a621c99caa1696b782ccf84d9f,archived_input_copy
ASSET_1cafaa4e24ae17897564,releases/0.2.0/input_snapshot/research/cytokine/snapshots/PMC2193232.xml,120606,transparent path/extension rule; documentary snapshots are not biological raw measurements,documentary_or_repository_source_snapshot,AFILE_6b351c636564150f7c,xml,research/cytokine/snapshots/PMC2193232.xml,atlas/releases/0.2.0/input_snapshot/research/cytokine/snapshots/PMC2193232.xml,1cafaa4e24ae1789756440cdece1e9670fa0bc6c27f40f7adf9616f69512cc57,archived_input_copy
ASSET_623342701f7a90e76c16,releases/0.2.0/input_snapshot/research/cytokine/snapshots/PMC534504.xml,9760,transparent path/extension rule; documentary snapshots are not biological raw measurements,documentary_or_repository_source_snapshot,AFILE_f09e1b14d43a8a4670,xml,research/cytokine/snapshots/PMC534504.xml,atlas/releases/0.2.0/input_snapshot/research/cytokine/snapshots/PMC534504.xml,623342701f7a90e76c163651a779d90bf9dd59131a7992b334fb89fdb11574cb,archived_input_copy
ASSET_aad63d5def0b98781389,releases/0.2.0/input_snapshot/research/cytokine/snapshots/hcd_biorxiv_api.json,2848,transparent path/extension rule; documentary snapshots are not biological raw measurements,documentary_or_repository_source_snapshot,AFILE_3ffb2213e547cbb486,json,research/cytokine/snapshots/hcd_biorxiv_api.json,atlas/releases/0.2.0/input_snapshot/research/cytokine/snapshots/hcd_biorxiv_api.json,aad63d5def0b98781389bdb8f82d01720508fb82cea609cae3ddd055cfae0d1a,archived_input_copy
ASSET_8c42a52e3d6a95926fdf,releases/0.2.0/input_snapshot/research/cytokine/snapshots/metadata.json,29948,transparent path/extension rule; documentary snapshots are not biological raw measurements,documentary_or_repository_source_snapshot,AFILE_193087dd97175a53c9,json,research/cytokine/snapshots/metadata.json,atlas/releases/0.2.0/input_snapshot/research/cytokine/snapshots/metadata.json,8c42a52e3d6a95926fdfc894095e161dd2e23d0480a9b76e621f391fae88c988,archived_input_copy
ASSET_3b52b42ebbe3ef495120,releases/0.2.0/input_snapshot/research/cytokine/snapshots/open1.json,34893,transparent path/extension rule; documentary snapshots are not biological raw measurements,documentary_or_repository_source_snapshot,AFILE_be770e5830d40b8e75,json,research/cytokine/snapshots/open1.json,atlas/releases/0.2.0/input_snapshot/research/cytokine/snapshots/open1.json,3b52b42ebbe3ef495120b4daa7d388bf60f5fb0fb8a27b60edfaf0016d7c9263,archived_input_copy
ASSET_f9514d5acc67bcd4c065,releases/0.2.0/input_snapshot/research/cytokine/snapshots/open2.json,33305,transparent path/extension rule; documentary snapshots are not biological raw measurements,documentary_or_repository_source_snapshot,AFILE_195a80465917bef4ca,json,research/cytokine/snapshots/open2.json,atlas/releases/0.2.0/input_snapshot/research/cytokine/snapshots/open2.json,f9514d5acc67bcd4c065709c3ad0da971699e1c268100b3b55be3cd1abd6dcc0,archived_input_copy
ASSET_d9dc26428e7fdb7e067a,releases/0.2.0/input_snapshot/research/cytokine/snapshots/open3.json,32396,transparent path/extension rule; documentary snapshots are not biological raw measurements,documentary_or_repository_source_snapshot,AFILE_2ccdcb23b1fb9de223,json,research/cytokine/snapshots/open3.json,atlas/releases/0.2.0/input_snapshot/research/cytokine/snapshots/open3.json,d9dc26428e7fdb7e067a2d228206337b4b6aba480806b652b8c26392a1f17458,archived_input_copy
ASSET_a6d5bae4931439f1e296,releases/0.2.0/input_snapshot/research/cytokine/snapshots/open4.json,21175,transparent path/extension rule; documentary snapshots are not biological raw measurements,documentary_or_repository_source_snapshot,AFILE_57661478652148e754,json,research/cytokine/snapshots/open4.json,atlas/releases/0.2.0/input_snapshot/research/cytokine/snapshots/open4.json,a6d5bae4931439f1e296a2bd6e225d5f881dffebb22c168cb4ddc4bd863ed77b,archived_input_copy
ASSET_4159833a379adcbd1885,releases/0.2.0/input_snapshot/research/cytokine/snapshots/open5.json,1810,transparent path/extension rule; documentary snapshots are not biological raw measurements,documentary_or_repository_source_snapshot,AFILE_c628acbf8a498fef4a,json,research/cytokine/snapshots/open5.json,atlas/releases/0.2.0/input_snapshot/research/cytokine/snapshots/open5.json,4159833a379adcbd188547771cf631d49b1befdc6cbe4737bdd3997e3ff2a515,archived_input_copy
ASSET_8d198a3c0e20035dc2ee,releases/0.2.0/input_snapshot/research/cytokine/snapshots/open6.json,26767,transparent path/extension rule; documentary snapshots are not biological raw measurements,documentary_or_repository_source_snapshot,AFILE_b11687ddb48210f8e3,json,research/cytokine/snapshots/open6.json,atlas/releases/0.2.0/input_snapshot/research/cytokine/snapshots/open6.json,8d198a3c0e20035dc2ee4945dc7d7e9b581c7f54264b674b9f13620187e8706f,archived_input_copy
ASSET_d69e2f5591bbb0d719e3,releases/0.2.0/input_snapshot/research/cytokine/snapshots/open7.json,29126,transparent path/extension rule; documentary snapshots are not biological raw measurements,documentary_or_repository_source_snapshot,AFILE_6d9b7c040af97c6865,json,research/cytokine/snapshots/open7.json,atlas/releases/0.2.0/input_snapshot/research/cytokine/snapshots/open7.json,d69e2f5591bbb0d719e3db4aad2e86b2dd19f2c77052ca1f2b9a6b87856eba42,archived_input_copy
ASSET_77d173dcd567817d5140,releases/0.2.0/input_snapshot/research/cytokine/snapshots/pmc_fulltext.xml,603781,transparent path/extension rule; documentary snapshots are not biological raw measurements,documentary_or_repository_source_snapshot,AFILE_b4d5095c2c44dd9fbd,xml,research/cytokine/snapshots/pmc_fulltext.xml,atlas/releases/0.2.0/input_snapshot/research/cytokine/snapshots/pmc_fulltext.xml,77d173dcd567817d51400495a3d1b6750790685d43f24e820618f459fd3fcb1f,archived_input_copy
ASSET_31daf70acc7364dda08c,releases/0.2.0/input_snapshot/research/cytokine/snapshots/search1.json,29035,transparent path/extension rule; documentary snapshots are not biological raw measurements,documentary_or_repository_source_snapshot,AFILE_51785bdb42c2eba436,json,research/cytokine/snapshots/search1.json,atlas/releases/0.2.0/input_snapshot/research/cytokine/snapshots/search1.json,31daf70acc7364dda08c0a5191aebd61fcca9fe30b522512798eacc9776e83cb,archived_input_copy
ASSET_2d9b31e904cc334c9254,releases/0.2.0/input_snapshot/research/cytokine/snapshots/search2.json,32784,transparent path/extension rule; documentary snapshots are not biological raw measurements,documentary_or_repository_source_snapshot,AFILE_fe61339bc578924fba,json,research/cytokine/snapshots/search2.json,atlas/releases/0.2.0/input_snapshot/research/cytokine/snapshots/search2.json,2d9b31e904cc334c925419e26a94f278e55d8e56c346be3955c74719e1e7b9de,archived_input_copy
ASSET_83f76e61110794713fad,releases/0.2.0/input_snapshot/research/cytokine/snapshots/search3.json,29024,transparent path/extension rule; documentary snapshots are not biological raw measurements,documentary_or_repository_source_snapshot,AFILE_2e46788c9d764dbe3d,json,research/cytokine/snapshots/search3.json,atlas/releases/0.2.0/input_snapshot/research/cytokine/snapshots/search3.json,83f76e61110794713fad05a4147e8c9c4830914b386dddf87388843e758f3aa1,archived_input_copy
ASSET_b0d48b1485f731e219a5,releases/0.2.0/input_snapshot/research/cytokine/snapshots/search4.json,30475,transparent path/extension rule; documentary snapshots are not biological raw measurements,documentary_or_repository_source_snapshot,AFILE_08e84632dedfb4597a,json,research/cytokine/snapshots/search4.json,atlas/releases/0.2.0/input_snapshot/research/cytokine/snapshots/search4.json,b0d48b1485f731e219a576ee7db7a02ee7c04ca9a9a6c2ea52ddf4e2c287c983,archived_input_copy
ASSET_bdf8e1d568c9ed6bdb98,releases/0.2.0/input_snapshot/research/cytokine_expansion/build_pack.py,51289,transparent path/extension rule; documentary snapshots are not biological raw measurements,code_or_environment_specification,AFILE_87def88ee9ba882ad5,py,research/cytokine_expansion/build_pack.py,atlas/releases/0.2.0/input_snapshot/research/cytokine_expansion/build_pack.py,bdf8e1d568c9ed6bdb98d0683a0a7e67206ff6ce4505cfd902c7f1dc14bd5a8d,archived_input_copy
ASSET_16cff2111dab66f3fc6a,releases/0.2.0/input_snapshot/research/cytokine_expansion/finalize_run.py,8959,transparent path/extension rule; documentary snapshots are not biological raw measurements,code_or_environment_specification,AFILE_f9e86644f09999a913,py,research/cytokine_expansion/finalize_run.py,atlas/releases/0.2.0/input_snapshot/research/cytokine_expansion/finalize_run.py,16cff2111dab66f3fc6a9bf36c2e0f9cc53e3546a1138ff16b331e7ff990f1a8,archived_input_copy
ASSET_7b5bdd47c758780f5dd9,releases/0.2.0/input_snapshot/research/cytokine_expansion/notes.md,5009,transparent path/extension rule; documentary snapshots are not biological raw measurements,documentation_or_protocol,AFILE_3b80da67fe04f24fd6,md,research/cytokine_expansion/notes.md,atlas/releases/0.2.0/input_snapshot/research/cytokine_expansion/notes.md,7b5bdd47c758780f5dd9b60aa0c42b8d5daae0fcab7ab8b12850f2e795b7f01e,archived_input_copy
ASSET_c5e092d0622df616967d,releases/0.2.0/input_snapshot/research/cytokine_expansion/pack.json,83883,transparent path/extension rule; documentary snapshots are not biological raw measurements,curated_evidence_extraction,AFILE_cd1eff25862b066b6a,json,research/cytokine_expansion/pack.json,atlas/releases/0.2.0/input_snapshot/research/cytokine_expansion/pack.json,c5e092d0622df616967d847dfc3ca0fc53b04f33ad0536d0c254de1f51d59474,archived_input_copy
ASSET_78a482dec3df2caed903,releases/0.2.0/input_snapshot/research/cytokine_expansion/pmc_request.json,380,transparent path/extension rule; documentary snapshots are not biological raw measurements,structured_curation_or_provenance,AFILE_3a82653b666482eed9,json,research/cytokine_expansion/pmc_request.json,atlas/releases/0.2.0/input_snapshot/research/cytokine_expansion/pmc_request.json,78a482dec3df2caed903ee6cb87e4e3a61b2c29b37a2eda9f78a559834c4f845,archived_input_copy
ASSET_efc555ac0f5405f9e160,releases/0.2.0/input_snapshot/research/cytokine_expansion/retrieval_failure.json,908,transparent path/extension rule; documentary snapshots are not biological raw measurements,structured_curation_or_provenance,AFILE_6d7e4518cb89cdf22d,json,research/cytokine_expansion/retrieval_failure.json,atlas/releases/0.2.0/input_snapshot/research/cytokine_expansion/retrieval_failure.json,efc555ac0f5405f9e160abf22f775773d341cf77c7b9655f1be298a8e7ced655,archived_input_copy
ASSET_5dce2ee609ce95ea9e94,releases/0.2.0/input_snapshot/research/cytokine_expansion/run.json,12492,transparent path/extension rule; documentary snapshots are not biological raw measurements,structured_curation_or_provenance,AFILE_3f60bdf385878a19cf,json,research/cytokine_expansion/run.json,atlas/releases/0.2.0/input_snapshot/research/cytokine_expansion/run.json,5dce2ee609ce95ea9e94abba42f2728b8a654ae77bdf3bac0990af41f6e00c5c,archived_input_copy
ASSET_3a0ad9a0c1a124fdd513,releases/0.2.0/input_snapshot/research/cytokine_expansion/sanitize_audit.json,355,transparent path/extension rule; documentary snapshots are not biological raw measurements,structured_curation_or_provenance,AFILE_50a4d3e98760497c14,json,research/cytokine_expansion/sanitize_audit.json,atlas/releases/0.2.0/input_snapshot/research/cytokine_expansion/sanitize_audit.json,3a0ad9a0c1a124fdd5131b7b9624552bd1419cd01d8b1a37af1c85f29ac3c55d,archived_input_copy
ASSET_d89ebac67e5ccbca31c2,releases/0.2.0/input_snapshot/research/cytokine_expansion/screening.json,27211,transparent path/extension rule; documentary snapshots are not biological raw measurements,structured_curation_or_provenance,AFILE_f0e00b6b422bb4a20e,json,research/cytokine_expansion/screening.json,atlas/releases/0.2.0/input_snapshot/research/cytokine_expansion/screening.json,d89ebac67e5ccbca31c2728f47466d997dd4646cbdeb68643d115809d4394935,archived_input_copy
ASSET_a257de5e5496e32330ee,releases/0.2.0/input_snapshot/research/cytokine_expansion/snapshots/PMC2198963_selected.txt,5209,transparent path/extension rule; documentary snapshots are not biological raw measurements,documentary_or_repository_source_snapshot,AFILE_6e939ceab9cd44652f,txt,research/cytokine_expansion/snapshots/PMC2198963_selected.txt,atlas/releases/0.2.0/input_snapshot/research/cytokine_expansion/snapshots/PMC2198963_selected.txt,a257de5e5496e32330ee6dc4fab139a61df54e0c599dc470bea63e9ea407957b,archived_input_copy
ASSET_8743d685793f380d13a8,releases/0.2.0/input_snapshot/research/cytokine_expansion/snapshots/PMC2673366_selected.txt,5448,transparent path/extension rule; documentary snapshots are not biological raw measurements,documentary_or_repository_source_snapshot,AFILE_4c436f2524aae344f7,txt,research/cytokine_expansion/snapshots/PMC2673366_selected.txt,atlas/releases/0.2.0/input_snapshot/research/cytokine_expansion/snapshots/PMC2673366_selected.txt,8743d685793f380d13a8188302d3c0e81fd2958dfb3bfad5d058a9c3d0b8536b,archived_input_copy
ASSET_88996d97ce409e8181e3,releases/0.2.0/input_snapshot/research/cytokine_expansion/snapshots/PMC3656131_selected.txt,4307,transparent path/extension rule; documentary snapshots are not biological raw measurements,documentary_or_repository_source_snapshot,AFILE_07ca4c17da4218d6a1,txt,research/cytokine_expansion/snapshots/PMC3656131_selected.txt,atlas/releases/0.2.0/input_snapshot/research/cytokine_expansion/snapshots/PMC3656131_selected.txt,88996d97ce409e8181e32b8ec75f5ead269caabcd2e79452769a95ca1710a9c5,archived_input_copy
ASSET_0e96f4a08af8a07a57be,releases/0.2.0/input_snapshot/research/cytokine_expansion/snapshots/PMC4465562_survival.txt,3091,transparent path/extension rule; documentary snapshots are not biological raw measurements,documentary_or_repository_source_snapshot,AFILE_0451d1e6446888793a,txt,research/cytokine_expansion/snapshots/PMC4465562_survival.txt,atlas/releases/0.2.0/input_snapshot/research/cytokine_expansion/snapshots/PMC4465562_survival.txt,0e96f4a08af8a07a57beb330ee899e2e79c6d377ef289ef483dbcc3ce2a013a3,archived_input_copy
ASSET_31c3de47536fbbddcfbd,releases/0.2.0/input_snapshot/research/cytokine_expansion/snapshots/PMC4709758_selected.txt,3773,transparent path/extension rule; documentary snapshots are not biological raw measurements,documentary_or_repository_source_snapshot,AFILE_9781dc0ffbfd69a7af,txt,research/cytokine_expansion/snapshots/PMC4709758_selected.txt,atlas/releases/0.2.0/input_snapshot/research/cytokine_expansion/snapshots/PMC4709758_selected.txt,31c3de47536fbbddcfbd7576b9778d3fd4ec0a3aa66ae8e9f75456c3d80480eb,archived_input_copy
ASSET_4713510a1cf3a6534d06,releases/0.2.0/input_snapshot/research/cytokine_expansion/snapshots/PMC5172478_selected.txt,4763,transparent path/extension rule; documentary snapshots are not biological raw measurements,documentary_or_repository_source_snapshot,AFILE_33f787f5189cdb29c1,txt,research/cytokine_expansion/snapshots/PMC5172478_selected.txt,atlas/releases/0.2.0/input_snapshot/research/cytokine_expansion/snapshots/PMC5172478_selected.txt,4713510a1cf3a6534d0694b3dd7ad1f00fddf8012e02b26080cd4f097e9575ca,archived_input_copy
ASSET_d9a5bdf7302e77e310d7,releases/0.2.0/input_snapshot/research/cytokine_expansion/snapshots/PMC6581624_selected.txt,3489,transparent path/extension rule; documentary snapshots are not biological raw measurements,documentary_or_repository_source_snapshot,AFILE_e17df5732436eab9e2,txt,research/cytokine_expansion/snapshots/PMC6581624_selected.txt,atlas/releases/0.2.0/input_snapshot/research/cytokine_expansion/snapshots/PMC6581624_selected.txt,d9a5bdf7302e77e310d70c5f64cf23c436fa127c5d1ae4554a4e28dd33c67283,archived_input_copy
ASSET_12ba8b0c2948b4072686,releases/0.2.0/input_snapshot/research/cytokine_expansion/snapshots/PMC9576869_selected.txt,4494,transparent path/extension rule; documentary snapshots are not biological raw measurements,documentary_or_repository_source_snapshot,AFILE_694efee7c2007901cc,txt,research/cytokine_expansion/snapshots/PMC9576869_selected.txt,atlas/releases/0.2.0/input_snapshot/research/cytokine_expansion/snapshots/PMC9576869_selected.txt,12ba8b0c2948b4072686e7b70fa621bb1a53bdebbc76d0dbc8547a1bd1b8608a,archived_input_copy
ASSET_20bcd212cf3860600b2f,releases/0.2.0/input_snapshot/research/cytokine_expansion/snapshots/open01.json,30847,transparent path/extension rule; documentary snapshots are not biological raw measurements,documentary_or_repository_source_snapshot,AFILE_6560716dd108ac821c,json,research/cytokine_expansion/snapshots/open01.json,atlas/releases/0.2.0/input_snapshot/research/cytokine_expansion/snapshots/open01.json,20bcd212cf3860600b2f07c1cc658ee61b8b68cab6c39e5ef69481b775b9a04f,archived_input_copy
ASSET_b13289cd9ca826d481c9,releases/0.2.0/input_snapshot/research/cytokine_expansion/snapshots/open02.json,2047,transparent path/extension rule; documentary snapshots are not biological raw measurements,documentary_or_repository_source_snapshot,AFILE_67540c5c5b86a20544,json,research/cytokine_expansion/snapshots/open02.json,atlas/releases/0.2.0/input_snapshot/research/cytokine_expansion/snapshots/open02.json,b13289cd9ca826d481c98994df3beb64a20e7232c1b363e76352c4e8c52b6466,archived_input_copy
ASSET_53e70d032c8cdf16d510,releases/0.2.0/input_snapshot/research/cytokine_expansion/snapshots/open03.json,1281,transparent path/extension rule; documentary snapshots are not biological raw measurements,documentary_or_repository_source_snapshot,AFILE_1c29f5cfa55e574b05,json,research/cytokine_expansion/snapshots/open03.json,atlas/releases/0.2.0/input_snapshot/research/cytokine_expansion/snapshots/open03.json,53e70d032c8cdf16d510402b2dff97679d0a83c70c56e748612d43cc3debe2f3,archived_input_copy
ASSET_c190f9e5d70a037730fc,releases/0.2.0/input_snapshot/research/cytokine_expansion/snapshots/search01.json,30810,transparent path/extension rule; documentary snapshots are not biological raw measurements,documentary_or_repository_source_snapshot,AFILE_05c87e7097a65a519b,json,research/cytokine_expansion/snapshots/search01.json,atlas/releases/0.2.0/input_snapshot/research/cytokine_expansion/snapshots/search01.json,c190f9e5d70a037730fcfa287ffaa83dcbe492fe94a66b484bb56ae9d1c13d8e,archived_input_copy
ASSET_47115e24d5e451dd41bf,releases/0.2.0/input_snapshot/research/cytokine_expansion/snapshots/search02.json,31224,transparent path/extension rule; documentary snapshots are not biological raw measurements,documentary_or_repository_source_snapshot,AFILE_a2bfb295b4c3b3c4b8,json,research/cytokine_expansion/snapshots/search02.json,atlas/releases/0.2.0/input_snapshot/research/cytokine_expansion/snapshots/search02.json,47115e24d5e451dd41bf0e159ae53fb4b1f399dc38f390f64426d470f69bf05c,archived_input_copy
ASSET_3e7ed8623af854b82584,releases/0.2.0/input_snapshot/research/cytokine_expansion/snapshots/search03.json,28360,transparent path/extension rule; documentary snapshots are not biological raw measurements,documentary_or_repository_source_snapshot,AFILE_e32b13f6f0f2135ac6,json,research/cytokine_expansion/snapshots/search03.json,atlas/releases/0.2.0/input_snapshot/research/cytokine_expansion/snapshots/search03.json,3e7ed8623af854b82584d0d0ef32775fd06d74b0b27f8c7ab1f939e4a10e3259,archived_input_copy
ASSET_6a2c63ce2c8fba393f90,releases/0.2.0/input_snapshot/research/final_curation_review_response_0.2.json,33165,transparent path/extension rule; documentary snapshots are not biological raw measurements,structured_curation_or_provenance,AFILE_607fb6d7fb5915de4a,json,research/final_curation_review_response_0.2.json,atlas/releases/0.2.0/input_snapshot/research/final_curation_review_response_0.2.json,6a2c63ce2c8fba393f90a0894c5cc5fe335aea9d3bfbd6761dd0f2b72f37b0d7,archived_input_copy
ASSET_ae29b2bea667a8377842,releases/0.2.0/input_snapshot/research/fulltext_followup/G08_Gregory2007_selected_primary.json,21952,transparent path/extension rule; documentary snapshots are not biological raw measurements,structured_curation_or_provenance,AFILE_2ded9bcdde4b85f7dc,json,research/fulltext_followup/G08_Gregory2007_selected_primary.json,atlas/releases/0.2.0/input_snapshot/research/fulltext_followup/G08_Gregory2007_selected_primary.json,ae29b2bea667a83778423f0c1847678f67402f525336a471a7e0ad53bd455d6a,archived_input_copy
ASSET_8e2348c3968eb66097d9,releases/0.2.0/input_snapshot/research/fulltext_followup/XCH_S008_Loetscher1996_selected_primary.json,16585,transparent path/extension rule; documentary snapshots are not biological raw measurements,structured_curation_or_provenance,AFILE_b434fee1316b95e6e2,json,research/fulltext_followup/XCH_S008_Loetscher1996_selected_primary.json,atlas/releases/0.2.0/input_snapshot/research/fulltext_followup/XCH_S008_Loetscher1996_selected_primary.json,8e2348c3968eb66097d95214eb45d8fdc4946b2f21b3a4a9449b7f97afe8976f,archived_input_copy
ASSET_fcb1f34a5d904299c7b0,releases/0.2.0/input_snapshot/research/fulltext_followup/XCH_Taub_fulltext_attempts.json,7005,transparent path/extension rule; documentary snapshots are not biological raw measurements,structured_curation_or_provenance,AFILE_44712b3912b0dce007,json,research/fulltext_followup/XCH_Taub_fulltext_attempts.json,atlas/releases/0.2.0/input_snapshot/research/fulltext_followup/XCH_Taub_fulltext_attempts.json,fcb1f34a5d904299c7b0f66518ee7d43deb3eb9cc2cbc2ee7a756a69ae4fca0f,archived_input_copy
ASSET_74d4494d3a446ab73cbb,releases/0.2.0/input_snapshot/research/fulltext_followup/atlas_followup_paper.json,33457,transparent path/extension rule; documentary snapshots are not biological raw measurements,structured_curation_or_provenance,AFILE_4e41dacaf1f73d0c65,json,research/fulltext_followup/atlas_followup_paper.json,atlas/releases/0.2.0/input_snapshot/research/fulltext_followup/atlas_followup_paper.json,74d4494d3a446ab73cbb4d04acac8f5fbf8179803908fa653f2f0292bd0a4800,archived_input_copy
ASSET_8d49f2cff939f486ed20,releases/0.2.0/input_snapshot/research/fulltext_followup/chrome_NK_DC_passages.json,3644,transparent path/extension rule; documentary snapshots are not biological raw measurements,structured_curation_or_provenance,AFILE_fca7737e655b1d1b51,json,research/fulltext_followup/chrome_NK_DC_passages.json,atlas/releases/0.2.0/input_snapshot/research/fulltext_followup/chrome_NK_DC_passages.json,8d49f2cff939f486ed2007014c6af5498c6a1c3bc7ccf671ca8fab16f7f95f10,archived_input_copy
ASSET_26caa1f74bb007094bcb,releases/0.2.0/input_snapshot/research/fulltext_followup/chrome_STAT3_passages.json,2120,transparent path/extension rule; documentary snapshots are not biological raw measurements,structured_curation_or_provenance,AFILE_4d4136539d7cb215f5,json,research/fulltext_followup/chrome_STAT3_passages.json,atlas/releases/0.2.0/input_snapshot/research/fulltext_followup/chrome_STAT3_passages.json,26caa1f74bb007094bcbe3d026abacebf6086c8edd2d949288f7bc419ed8f3a2,archived_input_copy
ASSET_3e9f787fb84b8a3fcfb5,releases/0.2.0/input_snapshot/research/fulltext_followup/final_access_checks.json,30995,transparent path/extension rule; documentary snapshots are not biological raw measurements,structured_curation_or_provenance,AFILE_f557390b211dee4d58,json,research/fulltext_followup/final_access_checks.json,atlas/releases/0.2.0/input_snapshot/research/fulltext_followup/final_access_checks.json,3e9f787fb84b8a3fcfb52f0a2138dd3f70354088936f3f5de7fffbbb6a98dba1,archived_input_copy
ASSET_cfe0351bc71cf4ff9c04,releases/0.2.0/input_snapshot/research/fulltext_followup/genomic_curation_proposal.json,8821,transparent path/extension rule; documentary snapshots are not biological raw measurements,structured_curation_or_provenance,AFILE_e843900e3ec0c6fbd2,json,research/fulltext_followup/genomic_curation_proposal.json,atlas/releases/0.2.0/input_snapshot/research/fulltext_followup/genomic_curation_proposal.json,cfe0351bc71cf4ff9c043df16ac50dc2700fcc6ed635a565219c7a91810e7e78,archived_input_copy
ASSET_2ded0580a91295e2783f,releases/0.2.0/input_snapshot/research/fulltext_followup/method_passages.json,30155,transparent path/extension rule; documentary snapshots are not biological raw measurements,structured_curation_or_provenance,AFILE_3963c6b531a4130405,json,research/fulltext_followup/method_passages.json,atlas/releases/0.2.0/input_snapshot/research/fulltext_followup/method_passages.json,2ded0580a91295e2783fec7131d9ebc1fe174a6a9aaf7d6b316c265a7d8b0418,archived_input_copy
ASSET_beb79f96e3966bfcad6f,releases/0.2.0/input_snapshot/research/fulltext_followup/notes.md,1643,transparent path/extension rule; documentary snapshots are not biological raw measurements,documentation_or_protocol,AFILE_0461d5ccf42babe449,md,research/fulltext_followup/notes.md,atlas/releases/0.2.0/input_snapshot/research/fulltext_followup/notes.md,beb79f96e3966bfcad6f20c5563c5a18403b8ee4b32394fed2cff3d9a97d5fd7,archived_input_copy
ASSET_fa6f13652911dc5a1008,releases/0.2.0/input_snapshot/research/fulltext_followup/proteomic_followup_full.json,20874,transparent path/extension rule; documentary snapshots are not biological raw measurements,structured_curation_or_provenance,AFILE_e6d553b803f712b44a,json,research/fulltext_followup/proteomic_followup_full.json,atlas/releases/0.2.0/input_snapshot/research/fulltext_followup/proteomic_followup_full.json,fa6f13652911dc5a100841b7f9525d1b00e4a03c64e45e5255e32a4aa1297d8e,archived_input_copy
ASSET_eb045f5d63885ab3b559,releases/0.2.0/input_snapshot/research/fulltext_followup/proteomic_followup_methods.json,34267,transparent path/extension rule; documentary snapshots are not biological raw measurements,structured_curation_or_provenance,AFILE_778d2edfff4e954dc7,json,research/fulltext_followup/proteomic_followup_methods.json,atlas/releases/0.2.0/input_snapshot/research/fulltext_followup/proteomic_followup_methods.json,eb045f5d63885ab3b55909802a521902a35d174a50b0273e639b7efd91492663,archived_input_copy
ASSET_2af6cd9832bc59e7197e,releases/0.2.0/input_snapshot/research/fulltext_followup/proteomic_followup_methods2.json,35727,transparent path/extension rule; documentary snapshots are not biological raw measurements,structured_curation_or_provenance,AFILE_95c87f5e3878460280,json,research/fulltext_followup/proteomic_followup_methods2.json,atlas/releases/0.2.0/input_snapshot/research/fulltext_followup/proteomic_followup_methods2.json,2af6cd9832bc59e7197e67b2ae303fa18af07a00c2c3de92a133e2885c481dc3,archived_input_copy
ASSET_18734105ab45417c61a0,releases/0.2.0/input_snapshot/research/fulltext_followup/proteomic_followup_open.json,1048,transparent path/extension rule; documentary snapshots are not biological raw measurements,structured_curation_or_provenance,AFILE_7ab031c80f4e04e244,json,research/fulltext_followup/proteomic_followup_open.json,atlas/releases/0.2.0/input_snapshot/research/fulltext_followup/proteomic_followup_open.json,18734105ab45417c61a01a08337f3d710b837047d9302556371afe66b800ad00,archived_input_copy
ASSET_64e235fa5e88e0ca831e,releases/0.2.0/input_snapshot/research/fulltext_followup/proteomic_followup_search1.json,31401,transparent path/extension rule; documentary snapshots are not biological raw measurements,structured_curation_or_provenance,AFILE_183cd7e8eaf9dbe1d4,json,research/fulltext_followup/proteomic_followup_search1.json,atlas/releases/0.2.0/input_snapshot/research/fulltext_followup/proteomic_followup_search1.json,64e235fa5e88e0ca831e9bf4d0b594b82ac8e806852104dcf31f80ab0ff801e2,archived_input_copy
ASSET_10fff0e1e4c4708a1e4c,releases/0.2.0/input_snapshot/research/fulltext_followup/proteomic_followup_search2.json,35475,transparent path/extension rule; documentary snapshots are not biological raw measurements,structured_curation_or_provenance,AFILE_19949a02ccc7c1ff8c,json,research/fulltext_followup/proteomic_followup_search2.json,atlas/releases/0.2.0/input_snapshot/research/fulltext_followup/proteomic_followup_search2.json,10fff0e1e4c4708a1e4c5a69ac2216e63cc498a81a2a804507261c58408d1ac9,archived_input_copy
ASSET_9d8781c0148504a3aeb6,releases/0.2.0/input_snapshot/research/fulltext_followup/publisher_open.json,661,transparent path/extension rule; documentary snapshots are not biological raw measurements,structured_curation_or_provenance,AFILE_9226daf8398f413e66,json,research/fulltext_followup/publisher_open.json,atlas/releases/0.2.0/input_snapshot/research/fulltext_followup/publisher_open.json,9d8781c0148504a3aeb6ce33be94e97a5422ad4d5f639f02dbf50966b43763e5,archived_input_copy
ASSET_c58ed1d31cf7c9325d93,releases/0.2.0/input_snapshot/research/fulltext_followup/retrieval.json,509,transparent path/extension rule; documentary snapshots are not biological raw measurements,structured_curation_or_provenance,AFILE_dd44669ab9aa7768af,json,research/fulltext_followup/retrieval.json,atlas/releases/0.2.0/input_snapshot/research/fulltext_followup/retrieval.json,c58ed1d31cf7c9325d93a1bb3211132d894df64c28346e4839adc3a131f717b2,archived_input_copy
ASSET_6a5848fe4c578f88dea7,releases/0.2.0/input_snapshot/research/fulltext_followup/source_passages.json,32286,transparent path/extension rule; documentary snapshots are not biological raw measurements,structured_curation_or_provenance,AFILE_261e4ba7c7b6f35041,json,research/fulltext_followup/source_passages.json,atlas/releases/0.2.0/input_snapshot/research/fulltext_followup/source_passages.json,6a5848fe4c578f88dea75ff9f12c3356496f4cf97346344b04eb6e4df5a5738a,archived_input_copy
ASSET_21c78f3f7aff813eeda7,releases/0.2.0/input_snapshot/research/fulltext_followup/web_open.json,1032,transparent path/extension rule; documentary snapshots are not biological raw measurements,structured_curation_or_provenance,AFILE_316a8774dd5a73e033,json,research/fulltext_followup/web_open.json,atlas/releases/0.2.0/input_snapshot/research/fulltext_followup/web_open.json,21c78f3f7aff813eeda79f64894b962a22a7d3e792e2b56633acf6f904385d41,archived_input_copy
ASSET_c5c16d971068920ab8ed,releases/0.2.0/input_snapshot/research/genomic/build_pack.py,38388,transparent path/extension rule; documentary snapshots are not biological raw measurements,code_or_environment_specification,AFILE_d2ff6f080e6db7b59b,py,research/genomic/build_pack.py,atlas/releases/0.2.0/input_snapshot/research/genomic/build_pack.py,c5c16d971068920ab8ed242c4c43b4ad096e2df814e06db953b0e7bba06bf686,archived_input_copy
ASSET_cd2b8db162a50583adad,releases/0.2.0/input_snapshot/research/genomic/notes.md,6753,transparent path/extension rule; documentary snapshots are not biological raw measurements,documentation_or_protocol,AFILE_a41bdbab12146403fe,md,research/genomic/notes.md,atlas/releases/0.2.0/input_snapshot/research/genomic/notes.md,cd2b8db162a50583adada1fff37a68232262ef6903f8b2b75c665f62b412bf63,archived_input_copy
ASSET_8a1002c03070bb3ba895,releases/0.2.0/input_snapshot/research/genomic/pack.json,94092,transparent path/extension rule; documentary snapshots are not biological raw measurements,curated_evidence_extraction,AFILE_b31d18ae637c89b036,json,research/genomic/pack.json,atlas/releases/0.2.0/input_snapshot/research/genomic/pack.json,8a1002c03070bb3ba89561f3092056cef2b16eacbc77590c12a5689c396238b6,archived_input_copy
ASSET_81926babb2c47084c75b,releases/0.2.0/input_snapshot/research/genomic/review_response.json,1244,transparent path/extension rule; documentary snapshots are not biological raw measurements,structured_curation_or_provenance,AFILE_f43364290d192afbe5,json,research/genomic/review_response.json,atlas/releases/0.2.0/input_snapshot/research/genomic/review_response.json,81926babb2c47084c75b09b011a79ba76f5528ca93e0797fafb0d45678cb5ea7,archived_input_copy
ASSET_e218fe9d2f370d28fbd3,releases/0.2.0/input_snapshot/research/genomic/run.json,3392,transparent path/extension rule; documentary snapshots are not biological raw measurements,structured_curation_or_provenance,AFILE_0b02d501741d1f7337,json,research/genomic/run.json,atlas/releases/0.2.0/input_snapshot/research/genomic/run.json,e218fe9d2f370d28fbd33bef999e207a121f7a2ae219e1538f4772f28e2c4867,archived_input_copy
ASSET_ca2b3158a5ede8d44f8d,releases/0.2.0/input_snapshot/research/genomic/snapshots/G01_fulltext.html,247423,transparent path/extension rule; documentary snapshots are not biological raw measurements,documentary_or_repository_source_snapshot,AFILE_956d95e65d6f618f90,html,research/genomic/snapshots/G01_fulltext.html,atlas/releases/0.2.0/input_snapshot/research/genomic/snapshots/G01_fulltext.html,ca2b3158a5ede8d44f8def50e8c0ebe859f9744a1eb8f6fa8567d8da77f6ee47,archived_input_copy
ASSET_fbbabd48dc54c65150ba,releases/0.2.0/input_snapshot/research/genomic/snapshots/G01_fulltext.txt,82083,transparent path/extension rule; documentary snapshots are not biological raw measurements,documentary_or_repository_source_snapshot,AFILE_db30f0ee6dfdeda3b4,txt,research/genomic/snapshots/G01_fulltext.txt,atlas/releases/0.2.0/input_snapshot/research/genomic/snapshots/G01_fulltext.txt,fbbabd48dc54c65150ba6a3a2299aa83ed85c8dc399012bfd018d6bb81893fd6,archived_input_copy
ASSET_d4efbae49f1d84743f6b,releases/0.2.0/input_snapshot/research/genomic/snapshots/G01_open.txt,31912,transparent path/extension rule; documentary snapshots are not biological raw measurements,documentary_or_repository_source_snapshot,AFILE_ad61e5d0151009d2da,txt,research/genomic/snapshots/G01_open.txt,atlas/releases/0.2.0/input_snapshot/research/genomic/snapshots/G01_open.txt,d4efbae49f1d84743f6be185db85a5536c70e59e499031cd474179a7a648bd11,archived_input_copy
ASSET_d9d79f2a8201bf96a7fa,releases/0.2.0/input_snapshot/research/genomic/snapshots/G02_fulltext.html,272848,transparent path/extension rule; documentary snapshots are not biological raw measurements,documentary_or_repository_source_snapshot,AFILE_45e79e5f9bc0c1c02e,html,research/genomic/snapshots/G02_fulltext.html,atlas/releases/0.2.0/input_snapshot/research/genomic/snapshots/G02_fulltext.html,d9d79f2a8201bf96a7fa80b68ef492f431a922ca879ab2973f9bf6c3a2a639f3,archived_input_copy
ASSET_8475690c1c795fff7c98,releases/0.2.0/input_snapshot/research/genomic/snapshots/G02_fulltext.txt,90940,transparent path/extension rule; documentary snapshots are not biological raw measurements,documentary_or_repository_source_snapshot,AFILE_d44c8a7864c56d120c,txt,research/genomic/snapshots/G02_fulltext.txt,atlas/releases/0.2.0/input_snapshot/research/genomic/snapshots/G02_fulltext.txt,8475690c1c795fff7c9880e69a02fad1118593f5959f702e44350d7c9f66be09,archived_input_copy
ASSET_374da8796b5882d8cdb3,releases/0.2.0/input_snapshot/research/genomic/snapshots/G02_open.txt,421,transparent path/extension rule; documentary snapshots are not biological raw measurements,documentary_or_repository_source_snapshot,AFILE_a5794e34fec7a1a484,txt,research/genomic/snapshots/G02_open.txt,atlas/releases/0.2.0/input_snapshot/research/genomic/snapshots/G02_open.txt,374da8796b5882d8cdb32e9c16db26c6802e916a5c5e81defe8bdbc4d80ec497,archived_input_copy
ASSET_313fced2da5b8c22095e,releases/0.2.0/input_snapshot/research/genomic/snapshots/G02b_retrieval.txt,442,transparent path/extension rule; documentary snapshots are not biological raw measurements,documentary_or_repository_source_snapshot,AFILE_b97ea699eae6b1a993,txt,research/genomic/snapshots/G02b_retrieval.txt,atlas/releases/0.2.0/input_snapshot/research/genomic/snapshots/G02b_retrieval.txt,313fced2da5b8c22095e7e4ba69fee261777f04295e5964ba1707a11b15be9d0,archived_input_copy
ASSET_5864589d6cb156b4aab5,releases/0.2.0/input_snapshot/research/genomic/snapshots/G02correction_retrieval.txt,25841,transparent path/extension rule; documentary snapshots are not biological raw measurements,documentary_or_repository_source_snapshot,AFILE_dd114b22ef24d80667,txt,research/genomic/snapshots/G02correction_retrieval.txt,atlas/releases/0.2.0/input_snapshot/research/genomic/snapshots/G02correction_retrieval.txt,5864589d6cb156b4aab5004be1daa53500e90cc4598444ce28aab69fcd1ea3be,archived_input_copy
ASSET_6bde78d536f1eb9d88c6,releases/0.2.0/input_snapshot/research/genomic/snapshots/G03_fulltext.html,299120,transparent path/extension rule; documentary snapshots are not biological raw measurements,documentary_or_repository_source_snapshot,AFILE_fe18fb7f0b4448dafb,html,research/genomic/snapshots/G03_fulltext.html,atlas/releases/0.2.0/input_snapshot/research/genomic/snapshots/G03_fulltext.html,6bde78d536f1eb9d88c669269432b0d59c0e02155d5f02f54fbb7690c5ff1df8,archived_input_copy
ASSET_ad8910e5fd1b2e1bb576,releases/0.2.0/input_snapshot/research/genomic/snapshots/G03_fulltext.txt,115203,transparent path/extension rule; documentary snapshots are not biological raw measurements,documentary_or_repository_source_snapshot,AFILE_5d9e0b59019cbdaf85,txt,research/genomic/snapshots/G03_fulltext.txt,atlas/releases/0.2.0/input_snapshot/research/genomic/snapshots/G03_fulltext.txt,ad8910e5fd1b2e1bb5760547b251254404700ac08f6991e7f0f40c9af9f3b027,archived_input_copy
ASSET_50d425c42dfb6c1960bb,releases/0.2.0/input_snapshot/research/genomic/snapshots/G03_open.txt,437,transparent path/extension rule; documentary snapshots are not biological raw measurements,documentary_or_repository_source_snapshot,AFILE_919d7541f5a9dd0b2e,txt,research/genomic/snapshots/G03_open.txt,atlas/releases/0.2.0/input_snapshot/research/genomic/snapshots/G03_open.txt,50d425c42dfb6c1960bb1afea0943ed8800fc90730ed2efc6692f86e32f36a51,archived_input_copy
ASSET_74ddccc82ab1c0f27523,releases/0.2.0/input_snapshot/research/genomic/snapshots/G03b_retrieval.txt,250,transparent path/extension rule; documentary snapshots are not biological raw measurements,documentary_or_repository_source_snapshot,AFILE_62637326c7ae5f5060,txt,research/genomic/snapshots/G03b_retrieval.txt,atlas/releases/0.2.0/input_snapshot/research/genomic/snapshots/G03b_retrieval.txt,74ddccc82ab1c0f27523bd4e698d8426ab184fb1264f88af1463ba27d4df8e07,archived_input_copy
ASSET_b00f8fea385ccd45e5f5,releases/0.2.0/input_snapshot/research/genomic/snapshots/G04_fulltext.html,293551,transparent path/extension rule; documentary snapshots are not biological raw measurements,documentary_or_repository_source_snapshot,AFILE_e47063de3fdd35d88b,html,research/genomic/snapshots/G04_fulltext.html,atlas/releases/0.2.0/input_snapshot/research/genomic/snapshots/G04_fulltext.html,b00f8fea385ccd45e5f52e4dec0e77ba2e8904404c4f9c6003fa846a98976c2e,archived_input_copy
ASSET_bea3af30fa10d267347a,releases/0.2.0/input_snapshot/research/genomic/snapshots/G04_fulltext.txt,110124,transparent path/extension rule; documentary snapshots are not biological raw measurements,documentary_or_repository_source_snapshot,AFILE_3b7338f3b693532d1c,txt,research/genomic/snapshots/G04_fulltext.txt,atlas/releases/0.2.0/input_snapshot/research/genomic/snapshots/G04_fulltext.txt,bea3af30fa10d267347a9a2401e0b56a8004eb1144fb885f68597c7d5fc03374,archived_input_copy
ASSET_84fefacb0d631b7da4bf,releases/0.2.0/input_snapshot/research/genomic/snapshots/G04_open.txt,30019,transparent path/extension rule; documentary snapshots are not biological raw measurements,documentary_or_repository_source_snapshot,AFILE_0f27df6253a4fe6bb7,txt,research/genomic/snapshots/G04_open.txt,atlas/releases/0.2.0/input_snapshot/research/genomic/snapshots/G04_open.txt,84fefacb0d631b7da4bfb4b82f8e6d2af37a1b0d76c12da931031bb95c14aa1e,archived_input_copy
ASSET_188969120233572f5e81,releases/0.2.0/input_snapshot/research/genomic/snapshots/G05_fulltext.html,447609,transparent path/extension rule; documentary snapshots are not biological raw measurements,documentary_or_repository_source_snapshot,AFILE_74c380bbae804b98f0,html,research/genomic/snapshots/G05_fulltext.html,atlas/releases/0.2.0/input_snapshot/research/genomic/snapshots/G05_fulltext.html,188969120233572f5e81a117857db69883c9f3dc74b85b9291a627e7b2fcd135,archived_input_copy
ASSET_87a2bc34e00150f79458,releases/0.2.0/input_snapshot/research/genomic/snapshots/G05_fulltext.txt,184104,transparent path/extension rule; documentary snapshots are not biological raw measurements,documentary_or_repository_source_snapshot,AFILE_33be423f9ecd901a40,txt,research/genomic/snapshots/G05_fulltext.txt,atlas/releases/0.2.0/input_snapshot/research/genomic/snapshots/G05_fulltext.txt,87a2bc34e00150f79458f23efe25c280aecd496b31acc29f9b7624b0dce39da1,archived_input_copy
ASSET_99c0394656e6b5bf9251,releases/0.2.0/input_snapshot/research/genomic/snapshots/G05_open.txt,442,transparent path/extension rule; documentary snapshots are not biological raw measurements,documentary_or_repository_source_snapshot,AFILE_5570c3923b65057b8f,txt,research/genomic/snapshots/G05_open.txt,atlas/releases/0.2.0/input_snapshot/research/genomic/snapshots/G05_open.txt,99c0394656e6b5bf925160701b2bc1da21310874bf86bdf7512f5402e0b8357a,archived_input_copy
ASSET_710c52feaafafcb234ff,releases/0.2.0/input_snapshot/research/genomic/snapshots/G05b_retrieval.txt,388,transparent path/extension rule; documentary snapshots are not biological raw measurements,documentary_or_repository_source_snapshot,AFILE_6d0847852a626132d2,txt,research/genomic/snapshots/G05b_retrieval.txt,atlas/releases/0.2.0/input_snapshot/research/genomic/snapshots/G05b_retrieval.txt,710c52feaafafcb234ffeaa17ae0b244497b449a92c97a0da0f77b7647720c1c,archived_input_copy
ASSET_e240beb3f432d6c81f72,releases/0.2.0/input_snapshot/research/genomic/snapshots/G05c_retrieval.txt,278,transparent path/extension rule; documentary snapshots are not biological raw measurements,documentary_or_repository_source_snapshot,AFILE_f2f337df318440b207,txt,research/genomic/snapshots/G05c_retrieval.txt,atlas/releases/0.2.0/input_snapshot/research/genomic/snapshots/G05c_retrieval.txt,e240beb3f432d6c81f722a8b92d17a34d2b462f5a30576a0686029c472a07dd5,archived_input_copy
ASSET_12ff96ede606113d2278,releases/0.2.0/input_snapshot/research/genomic/snapshots/G06_open.txt,17940,transparent path/extension rule; documentary snapshots are not biological raw measurements,documentary_or_repository_source_snapshot,AFILE_25fd20d37ef49bd584,txt,research/genomic/snapshots/G06_open.txt,atlas/releases/0.2.0/input_snapshot/research/genomic/snapshots/G06_open.txt,12ff96ede606113d227851de616310821525737269843b19b5863385e17f2402,archived_input_copy
ASSET_90dec76f49467727354b,releases/0.2.0/input_snapshot/research/genomic/snapshots/G07_fulltext.html,259495,transparent path/extension rule; documentary snapshots are not biological raw measurements,documentary_or_repository_source_snapshot,AFILE_4c9f795e23486791f3,html,research/genomic/snapshots/G07_fulltext.html,atlas/releases/0.2.0/input_snapshot/research/genomic/snapshots/G07_fulltext.html,90dec76f49467727354b9ec9f7e3a1689c75a4879fe92702917f4458ffed15b5,archived_input_copy
ASSET_1a517413b1e1f32d6bd6,releases/0.2.0/input_snapshot/research/genomic/snapshots/G07_fulltext.txt,83060,transparent path/extension rule; documentary snapshots are not biological raw measurements,documentary_or_repository_source_snapshot,AFILE_1006b88f7eec51f73f,txt,research/genomic/snapshots/G07_fulltext.txt,atlas/releases/0.2.0/input_snapshot/research/genomic/snapshots/G07_fulltext.txt,1a517413b1e1f32d6bd6079bc63eb39861ea1979f1befac18362ad2286153e18,archived_input_copy
ASSET_f4ed1da2486a671657cd,releases/0.2.0/input_snapshot/research/genomic/snapshots/G07_open.txt,33475,transparent path/extension rule; documentary snapshots are not biological raw measurements,documentary_or_repository_source_snapshot,AFILE_af714227e4f3ef21ac,txt,research/genomic/snapshots/G07_open.txt,atlas/releases/0.2.0/input_snapshot/research/genomic/snapshots/G07_open.txt,f4ed1da2486a671657cd22805eaa8bfb84a23ae741f1423e89e819f360258d53,archived_input_copy
ASSET_2ca2ed156d83aa7e4542,releases/0.2.0/input_snapshot/research/genomic/snapshots/G08_open.txt,17257,transparent path/extension rule; documentary snapshots are not biological raw measurements,documentary_or_repository_source_snapshot,AFILE_5fd80d182d790ac3c2,txt,research/genomic/snapshots/G08_open.txt,atlas/releases/0.2.0/input_snapshot/research/genomic/snapshots/G08_open.txt,2ca2ed156d83aa7e45425de54fbd1f0b5311e231ced85f63d44418a2ce9d5ebf,archived_input_copy
ASSET_2757c6c4e56a14030dc9,releases/0.2.0/input_snapshot/research/genomic/snapshots/G09_fulltext.html,216584,transparent path/extension rule; documentary snapshots are not biological raw measurements,documentary_or_repository_source_snapshot,AFILE_aded01cc0197cc3a1d,html,research/genomic/snapshots/G09_fulltext.html,atlas/releases/0.2.0/input_snapshot/research/genomic/snapshots/G09_fulltext.html,2757c6c4e56a14030dc9f42d38c01dfad94e2d0472e36d013f96f35e697781fb,archived_input_copy
ASSET_07839a64b266b604b56f,releases/0.2.0/input_snapshot/research/genomic/snapshots/G09_fulltext.txt,56504,transparent path/extension rule; documentary snapshots are not biological raw measurements,documentary_or_repository_source_snapshot,AFILE_85752c8669cb038865,txt,research/genomic/snapshots/G09_fulltext.txt,atlas/releases/0.2.0/input_snapshot/research/genomic/snapshots/G09_fulltext.txt,07839a64b266b604b56f1849f6b3b361adf5c2993bcdd0558b382a9a0facd094,archived_input_copy
ASSET_639d82268108ac1cee8d,releases/0.2.0/input_snapshot/research/genomic/snapshots/G09_retrieval.txt,442,transparent path/extension rule; documentary snapshots are not biological raw measurements,documentary_or_repository_source_snapshot,AFILE_445fdbe4cced90f05f,txt,research/genomic/snapshots/G09_retrieval.txt,atlas/releases/0.2.0/input_snapshot/research/genomic/snapshots/G09_retrieval.txt,639d82268108ac1cee8dcca782a2cb0bc6ecc595bf68c3138dcdda5abee03718,archived_input_copy
ASSET_fd9b54e4e1b84f4dc51b,releases/0.2.0/input_snapshot/research/genomic/snapshots/G10_fulltext.html,198377,transparent path/extension rule; documentary snapshots are not biological raw measurements,documentary_or_repository_source_snapshot,AFILE_b59c65e3354fa3076b,html,research/genomic/snapshots/G10_fulltext.html,atlas/releases/0.2.0/input_snapshot/research/genomic/snapshots/G10_fulltext.html,fd9b54e4e1b84f4dc51b3cd26a3f379f611eced0f5e63d99555bd0b85b454efa,archived_input_copy
ASSET_443ce61649e0eb33b31f,releases/0.2.0/input_snapshot/research/genomic/snapshots/G10_fulltext.txt,59686,transparent path/extension rule; documentary snapshots are not biological raw measurements,documentary_or_repository_source_snapshot,AFILE_5f73f4e31ef6b19a0d,txt,research/genomic/snapshots/G10_fulltext.txt,atlas/releases/0.2.0/input_snapshot/research/genomic/snapshots/G10_fulltext.txt,443ce61649e0eb33b31f1780e7f7cf2b2bc1128c4180f07d56a2f2aae5236a66,archived_input_copy
ASSET_3cde6c8f23db94a0e831,releases/0.2.0/input_snapshot/research/genomic/snapshots/G10_retrieval.txt,419,transparent path/extension rule; documentary snapshots are not biological raw measurements,documentary_or_repository_source_snapshot,AFILE_a4aef2d4cb5ac07cc0,txt,research/genomic/snapshots/G10_retrieval.txt,atlas/releases/0.2.0/input_snapshot/research/genomic/snapshots/G10_retrieval.txt,3cde6c8f23db94a0e83180d816b37c9e52357e611c4ad34ac302ebf3e95769b8,archived_input_copy
ASSET_fa11f71cd5029162cc87,releases/0.2.0/input_snapshot/research/genomic/snapshots/Gcorrection_supp_retrieval.txt,295,transparent path/extension rule; documentary snapshots are not biological raw measurements,documentary_or_repository_source_snapshot,AFILE_0a8559294705dbbb8d,txt,research/genomic/snapshots/Gcorrection_supp_retrieval.txt,atlas/releases/0.2.0/input_snapshot/research/genomic/snapshots/Gcorrection_supp_retrieval.txt,fa11f71cd5029162cc874a738c51ec8ed2694f013b2d6f86e4c230f7f7f47d15,archived_input_copy
ASSET_b7222d2c52a542e41d1d,releases/0.2.0/input_snapshot/research/genomic/snapshots/Gfind6_retrieval.txt,14123,transparent path/extension rule; documentary snapshots are not biological raw measurements,documentary_or_repository_source_snapshot,AFILE_b3a69c0e7350af7fb3,txt,research/genomic/snapshots/Gfind6_retrieval.txt,atlas/releases/0.2.0/input_snapshot/research/genomic/snapshots/Gfind6_retrieval.txt,b7222d2c52a542e41d1dc0c66df555cfedbe2a67272622aaaa2d6534ef5e1e94,archived_input_copy
ASSET_68950a87ab45971eee52,releases/0.2.0/input_snapshot/research/genomic/snapshots/Gfollowup5_retrieval.txt,26683,transparent path/extension rule; documentary snapshots are not biological raw measurements,documentary_or_repository_source_snapshot,AFILE_060ca2e65a3af3d0ae,txt,research/genomic/snapshots/Gfollowup5_retrieval.txt,atlas/releases/0.2.0/input_snapshot/research/genomic/snapshots/Gfollowup5_retrieval.txt,68950a87ab45971eee526ea2d70e50df015eed35237f7a9882d807c41f6b4ceb,archived_input_copy
ASSET_c2ee108de1f9a82dd9eb,releases/0.2.0/input_snapshot/research/genomic/snapshots/Gsearch3_retrieval.txt,29424,transparent path/extension rule; documentary snapshots are not biological raw measurements,documentary_or_repository_source_snapshot,AFILE_bd52b36501423a691c,txt,research/genomic/snapshots/Gsearch3_retrieval.txt,atlas/releases/0.2.0/input_snapshot/research/genomic/snapshots/Gsearch3_retrieval.txt,c2ee108de1f9a82dd9eb49b08fa21b2fb13675c5d420f03518edf8ee3dd0d5ce,archived_input_copy
ASSET_5ec38ebfaf165ff4306e,releases/0.2.0/input_snapshot/research/genomic/snapshots/Gsearch4_retrieval.txt,32629,transparent path/extension rule; documentary snapshots are not biological raw measurements,documentary_or_repository_source_snapshot,AFILE_af147b208b043da8a0,txt,research/genomic/snapshots/Gsearch4_retrieval.txt,atlas/releases/0.2.0/input_snapshot/research/genomic/snapshots/Gsearch4_retrieval.txt,5ec38ebfaf165ff4306e916279953aec0b3961a381f16316fb012967c592113c,archived_input_copy
ASSET_986dcf30bd9d69454cd2,releases/0.2.0/input_snapshot/research/genomic/snapshots/Gsearch7_retrieval.txt,35689,transparent path/extension rule; documentary snapshots are not biological raw measurements,documentary_or_repository_source_snapshot,AFILE_51938a51231a1a2a95,txt,research/genomic/snapshots/Gsearch7_retrieval.txt,atlas/releases/0.2.0/input_snapshot/research/genomic/snapshots/Gsearch7_retrieval.txt,986dcf30bd9d69454cd2cb80d7cca67ce6b3374c5ec4aba4c6009db6a02a4126,archived_input_copy
ASSET_71e142343d80b14718de,releases/0.2.0/input_snapshot/research/genomic/snapshots/search_01.json,33114,transparent path/extension rule; documentary snapshots are not biological raw measurements,documentary_or_repository_source_snapshot,AFILE_307caf5a42fd9ec7aa,json,research/genomic/snapshots/search_01.json,atlas/releases/0.2.0/input_snapshot/research/genomic/snapshots/search_01.json,71e142343d80b14718de1590ffefdacc31b47783395eb660b8f1c047e82252f5,archived_input_copy
ASSET_60d7f54ca2902e9823f6,releases/0.2.0/input_snapshot/research/genomic/snapshots/search_02.json,33317,transparent path/extension rule; documentary snapshots are not biological raw measurements,documentary_or_repository_source_snapshot,AFILE_e10bfcb292563c7193,json,research/genomic/snapshots/search_02.json,atlas/releases/0.2.0/input_snapshot/research/genomic/snapshots/search_02.json,60d7f54ca2902e9823f68396169d2aba1c19d85da7c99d8a9ad4fd6a6d82e08e,archived_input_copy
ASSET_8a4777b86681f90d5ff1,releases/0.2.0/input_snapshot/research/implementation_review_additional_sources_0.2.json,4728,transparent path/extension rule; documentary snapshots are not biological raw measurements,structured_curation_or_provenance,AFILE_210c2efef09b2a7b3a,json,research/implementation_review_additional_sources_0.2.json,atlas/releases/0.2.0/input_snapshot/research/implementation_review_additional_sources_0.2.json,8a4777b86681f90d5ff149e58289e70b05bd38872613bd35589d483c1f7d8221,archived_input_copy
ASSET_73bf2821b413579736e8,releases/0.2.0/input_snapshot/research/implementation_review_display_0.2.json,5307,transparent path/extension rule; documentary snapshots are not biological raw measurements,structured_curation_or_provenance,AFILE_ac2ce94cabd2d8c671,json,research/implementation_review_display_0.2.json,atlas/releases/0.2.0/input_snapshot/research/implementation_review_display_0.2.json,73bf2821b413579736e81e6706477994a0dfaf4e0f0d2c4ddd9f2259c8b046de,archived_input_copy
ASSET_096cd568db2f7fb39834,releases/0.2.0/input_snapshot/research/implementation_review_response.json,17862,transparent path/extension rule; documentary snapshots are not biological raw measurements,structured_curation_or_provenance,AFILE_8a733bfb33e9a320d7,json,research/implementation_review_response.json,atlas/releases/0.2.0/input_snapshot/research/implementation_review_response.json,096cd568db2f7fb3983462a72dd4eb25c707fdfa632bb507c0a192666692f70b,archived_input_copy
ASSET_710b49fd192ed8004883,releases/0.2.0/input_snapshot/research/implementation_review_response_0.2.json,6468,transparent path/extension rule; documentary snapshots are not biological raw measurements,structured_curation_or_provenance,AFILE_98c64b20d8d1d062d3,json,research/implementation_review_response_0.2.json,atlas/releases/0.2.0/input_snapshot/research/implementation_review_response_0.2.json,710b49fd192ed800488318c628da9df4e7494cc0e8ea24975d1408a18cc53639,archived_input_copy
ASSET_78217c699eaf805271ca,releases/0.2.0/input_snapshot/research/implementation_review_retrieval_time_0.2.json,7361,transparent path/extension rule; documentary snapshots are not biological raw measurements,structured_curation_or_provenance,AFILE_602918ffc767f9c205,json,research/implementation_review_retrieval_time_0.2.json,atlas/releases/0.2.0/input_snapshot/research/implementation_review_retrieval_time_0.2.json,78217c699eaf805271caeb43e26f1cbc88317402a1251e624a31b71baa39009e,archived_input_copy
ASSET_fe9e75e925fc84f51c99,releases/0.2.0/input_snapshot/research/proteomic/apply_review_corrections.py,3346,transparent path/extension rule; documentary snapshots are not biological raw measurements,code_or_environment_specification,AFILE_97b756fbc0ed39ab21,py,research/proteomic/apply_review_corrections.py,atlas/releases/0.2.0/input_snapshot/research/proteomic/apply_review_corrections.py,fe9e75e925fc84f51c990fdb03b76d5af4827079a07068602e1fb1993a18b048,archived_input_copy
ASSET_9c8ac7147af39b62f09f,releases/0.2.0/input_snapshot/research/proteomic/notes.md,5906,transparent path/extension rule; documentary snapshots are not biological raw measurements,documentation_or_protocol,AFILE_5f2c63514d249e807c,md,research/proteomic/notes.md,atlas/releases/0.2.0/input_snapshot/research/proteomic/notes.md,9c8ac7147af39b62f09f945b832b251043d34f4ae9ce26ab4ea3a47fafec1d62,archived_input_copy
ASSET_965f21a12afbf5f44671,releases/0.2.0/input_snapshot/research/proteomic/pack.json,72597,transparent path/extension rule; documentary snapshots are not biological raw measurements,curated_evidence_extraction,AFILE_4a4827f60c29d6e424,json,research/proteomic/pack.json,atlas/releases/0.2.0/input_snapshot/research/proteomic/pack.json,965f21a12afbf5f4467148bd3c5c43faf483e29fc21d745af449e4b2bcac7937,archived_input_copy
ASSET_d660342dd7a2717013ab,releases/0.2.0/input_snapshot/research/proteomic/review_response.json,7992,transparent path/extension rule; documentary snapshots are not biological raw measurements,structured_curation_or_provenance,AFILE_19e0184819debb0e1c,json,research/proteomic/review_response.json,atlas/releases/0.2.0/input_snapshot/research/proteomic/review_response.json,d660342dd7a2717013ab255b670020c4bb12f7d3145d844594a3918789cc3605,archived_input_copy
ASSET_e5c488529be3cb6d6050,releases/0.2.0/input_snapshot/research/proteomic/run.json,3555,transparent path/extension rule; documentary snapshots are not biological raw measurements,structured_curation_or_provenance,AFILE_db2ece19d612e7d8a1,json,research/proteomic/run.json,atlas/releases/0.2.0/input_snapshot/research/proteomic/run.json,e5c488529be3cb6d6050ae9fffdbf14ac0bed2b3b35bf84c7eb5ce103e96bf33,archived_input_copy
ASSET_e1f46d13ea56494ca9b8,releases/0.2.0/input_snapshot/research/proteomic/snapshots/atlas_publisher_page.html,444489,transparent path/extension rule; documentary snapshots are not biological raw measurements,documentary_or_repository_source_snapshot,AFILE_9d93856f7ec1b21d7b,html,research/proteomic/snapshots/atlas_publisher_page.html,atlas/releases/0.2.0/input_snapshot/research/proteomic/snapshots/atlas_publisher_page.html,e1f46d13ea56494ca9b897e1b739bf8eb2ab3399d4e5e1eaa61d2e1de5a31304,archived_input_copy
ASSET_42ea8670d63883ce00e4,releases/0.2.0/input_snapshot/research/proteomic/snapshots/atlas_publisher_page.txt,29873,transparent path/extension rule; documentary snapshots are not biological raw measurements,documentary_or_repository_source_snapshot,AFILE_d22b781c3ba3971d45,txt,research/proteomic/snapshots/atlas_publisher_page.txt,atlas/releases/0.2.0/input_snapshot/research/proteomic/snapshots/atlas_publisher_page.txt,42ea8670d63883ce00e4d6667812e236207f56d331a8400bb479becd698266f8,archived_input_copy
ASSET_73c3dcc246f01706db7f,releases/0.2.0/input_snapshot/research/proteomic/snapshots/bendall_fulltext.html,213822,transparent path/extension rule; documentary snapshots are not biological raw measurements,documentary_or_repository_source_snapshot,AFILE_e30ea71ee59031aa68,html,research/proteomic/snapshots/bendall_fulltext.html,atlas/releases/0.2.0/input_snapshot/research/proteomic/snapshots/bendall_fulltext.html,73c3dcc246f01706db7fd878734c3f2d836391da1e7918f4315acf1bddef8c55,archived_input_copy
ASSET_9a9f86d6f0be3e361b3b,releases/0.2.0/input_snapshot/research/proteomic/snapshots/bendall_fulltext.txt,66613,transparent path/extension rule; documentary snapshots are not biological raw measurements,documentary_or_repository_source_snapshot,AFILE_d722a657c0ec22b4ea,txt,research/proteomic/snapshots/bendall_fulltext.txt,atlas/releases/0.2.0/input_snapshot/research/proteomic/snapshots/bendall_fulltext.txt,9a9f86d6f0be3e361b3b235b3ad50bb654236ea251654e27ca40c88c698ebf95,archived_input_copy
ASSET_b5e3ba5a6a270e6fd818,releases/0.2.0/input_snapshot/research/proteomic/snapshots/cite_publisher_page.html,325623,transparent path/extension rule; documentary snapshots are not biological raw measurements,documentary_or_repository_source_snapshot,AFILE_74cf61c03bb93a9a40,html,research/proteomic/snapshots/cite_publisher_page.html,atlas/releases/0.2.0/input_snapshot/research/proteomic/snapshots/cite_publisher_page.html,b5e3ba5a6a270e6fd8181c031641877920d5ce2b2a0724608ccd4b666800dda5,archived_input_copy
ASSET_5782bcf27eec883afc17,releases/0.2.0/input_snapshot/research/proteomic/snapshots/cite_publisher_page.txt,19270,transparent path/extension rule; documentary snapshots are not biological raw measurements,documentary_or_repository_source_snapshot,AFILE_4a267890096a5e66e5,txt,research/proteomic/snapshots/cite_publisher_page.txt,atlas/releases/0.2.0/input_snapshot/research/proteomic/snapshots/cite_publisher_page.txt,5782bcf27eec883afc174787bc013f73fe2b448a98c49319c2de48f7fe77bdd7,archived_input_copy
ASSET_1dcb162b3750c70b20f1,releases/0.2.0/input_snapshot/research/proteomic/snapshots/extract1.json,22188,transparent path/extension rule; documentary snapshots are not biological raw measurements,documentary_or_repository_source_snapshot,AFILE_91330192f90b837c77,json,research/proteomic/snapshots/extract1.json,atlas/releases/0.2.0/input_snapshot/research/proteomic/snapshots/extract1.json,1dcb162b3750c70b20f1be791498dc12046a520691c947a5b8fe01f0018a17ad,archived_input_copy
ASSET_5e6d7a8cb7fdc9c6d603,releases/0.2.0/input_snapshot/research/proteomic/snapshots/extract2.json,24694,transparent path/extension rule; documentary snapshots are not biological raw measurements,documentary_or_repository_source_snapshot,AFILE_e5b15a4a334dbb3f3e,json,research/proteomic/snapshots/extract2.json,atlas/releases/0.2.0/input_snapshot/research/proteomic/snapshots/extract2.json,5e6d7a8cb7fdc9c6d6036c9b2d612244bf0de03bc62ebca77ea7298f883325d8,archived_input_copy
ASSET_6af3e7c4129c2432098b,releases/0.2.0/input_snapshot/research/proteomic/snapshots/extract3.json,16579,transparent path/extension rule; documentary snapshots are not biological raw measurements,documentary_or_repository_source_snapshot,AFILE_128125aa8217a91a8f,json,research/proteomic/snapshots/extract3.json,atlas/releases/0.2.0/input_snapshot/research/proteomic/snapshots/extract3.json,6af3e7c4129c2432098ba3fef4eca06a4e83b0cd3777c9c95af48ef369c48252,archived_input_copy
ASSET_20ed5d9d4fce163028d0,releases/0.2.0/input_snapshot/research/proteomic/snapshots/methods.json,32037,transparent path/extension rule; documentary snapshots are not biological raw measurements,documentary_or_repository_source_snapshot,AFILE_a5340b85f4ea96feb7,json,research/proteomic/snapshots/methods.json,atlas/releases/0.2.0/input_snapshot/research/proteomic/snapshots/methods.json,20ed5d9d4fce163028d063aad39a21ca6bffa341b2cf49ec6bf5658f8d08ce0c,archived_input_copy
ASSET_34ce09a1babe5ae0a795,releases/0.2.0/input_snapshot/research/proteomic/snapshots/open1.json,27094,transparent path/extension rule; documentary snapshots are not biological raw measurements,documentary_or_repository_source_snapshot,AFILE_65019c19037832b3eb,json,research/proteomic/snapshots/open1.json,atlas/releases/0.2.0/input_snapshot/research/proteomic/snapshots/open1.json,34ce09a1babe5ae0a79518dbb5d8d9b850c9f630e48d567254b692a9750f5e38,archived_input_copy
ASSET_78249fb5817b3c38481f,releases/0.2.0/input_snapshot/research/proteomic/snapshots/open2.json,28167,transparent path/extension rule; documentary snapshots are not biological raw measurements,documentary_or_repository_source_snapshot,AFILE_31eafca657f5646bc2,json,research/proteomic/snapshots/open2.json,atlas/releases/0.2.0/input_snapshot/research/proteomic/snapshots/open2.json,78249fb5817b3c38481fa0a87feba95ba8fe5788a499ad91ff2bec26c9c9309a,archived_input_copy
ASSET_55bf684aea6dba87a915,releases/0.2.0/input_snapshot/research/proteomic/snapshots/open3.json,31930,transparent path/extension rule; documentary snapshots are not biological raw measurements,documentary_or_repository_source_snapshot,AFILE_cdc01aeaaf654a6c80,json,research/proteomic/snapshots/open3.json,atlas/releases/0.2.0/input_snapshot/research/proteomic/snapshots/open3.json,55bf684aea6dba87a915b28e45488c912f5fc6eb2b3f021e3aba8f5436cc20b8,archived_input_copy
ASSET_33af42195fbe81aad787,releases/0.2.0/input_snapshot/research/proteomic/snapshots/open4.json,15825,transparent path/extension rule; documentary snapshots are not biological raw measurements,documentary_or_repository_source_snapshot,AFILE_d58b0034fc2c0d23f0,json,research/proteomic/snapshots/open4.json,atlas/releases/0.2.0/input_snapshot/research/proteomic/snapshots/open4.json,33af42195fbe81aad787405261cf95a4032bd19ff972bd9975430718018fe4a9,archived_input_copy
ASSET_13728c96a93ea8a6762c,releases/0.2.0/input_snapshot/research/proteomic/snapshots/platelet_fulltext.html,153761,transparent path/extension rule; documentary snapshots are not biological raw measurements,documentary_or_repository_source_snapshot,AFILE_cf676f345be0ebf253,html,research/proteomic/snapshots/platelet_fulltext.html,atlas/releases/0.2.0/input_snapshot/research/proteomic/snapshots/platelet_fulltext.html,13728c96a93ea8a6762c20dae81bab2979cb84046a4f42b2432b735c02151359,archived_input_copy
ASSET_4af749dc94413e0b2c21,releases/0.2.0/input_snapshot/research/proteomic/snapshots/platelet_fulltext.txt,36265,transparent path/extension rule; documentary snapshots are not biological raw measurements,documentary_or_repository_source_snapshot,AFILE_ba244c7c6d56030024,txt,research/proteomic/snapshots/platelet_fulltext.txt,atlas/releases/0.2.0/input_snapshot/research/proteomic/snapshots/platelet_fulltext.txt,4af749dc94413e0b2c21192a7536b5a5774a50c1982cf37bd03fe5059caf865e,archived_input_copy
ASSET_bba7753a2baea26cb649,releases/0.2.0/input_snapshot/research/proteomic/snapshots/reap_fulltext.pdf,3127949,transparent path/extension rule; documentary snapshots are not biological raw measurements,documentary_or_repository_source_snapshot,AFILE_6ebbc65c864c1f433c,pdf,research/proteomic/snapshots/reap_fulltext.pdf,atlas/releases/0.2.0/input_snapshot/research/proteomic/snapshots/reap_fulltext.pdf,bba7753a2baea26cb649e574e530791a040f1d37958b1e59f244d9331058356d,archived_input_copy
ASSET_b58f8b5df81724f54eb4,releases/0.2.0/input_snapshot/research/proteomic/snapshots/search1.json,35398,transparent path/extension rule; documentary snapshots are not biological raw measurements,documentary_or_repository_source_snapshot,AFILE_0540fd3b3ed4f7f12e,json,research/proteomic/snapshots/search1.json,atlas/releases/0.2.0/input_snapshot/research/proteomic/snapshots/search1.json,b58f8b5df81724f54eb4a18a5b95457af183ab593606b84002d21f6f2e2c2ed2,archived_input_copy
ASSET_c36ddae22b9a23b76294,releases/0.2.0/input_snapshot/research/proteomic/snapshots/search2.json,35069,transparent path/extension rule; documentary snapshots are not biological raw measurements,documentary_or_repository_source_snapshot,AFILE_95a4bebf14ecd12775,json,research/proteomic/snapshots/search2.json,atlas/releases/0.2.0/input_snapshot/research/proteomic/snapshots/search2.json,c36ddae22b9a23b7629464d463ff95f1dd78797965b8399f570a3fcfcbca53b3,archived_input_copy
ASSET_d260164e0a42a3745b81,releases/0.2.0/input_snapshot/research/proteomic/snapshots/search3.json,32815,transparent path/extension rule; documentary snapshots are not biological raw measurements,documentary_or_repository_source_snapshot,AFILE_4929ec2a154f6f772d,json,research/proteomic/snapshots/search3.json,atlas/releases/0.2.0/input_snapshot/research/proteomic/snapshots/search3.json,d260164e0a42a3745b81ed951ec79917069e2e2456f01abcd06e079dd40a665b,archived_input_copy
ASSET_4500b7fd124cf851a6ae,releases/0.2.0/input_snapshot/research/proteomic/snapshots/search4.json,33270,transparent path/extension rule; documentary snapshots are not biological raw measurements,documentary_or_repository_source_snapshot,AFILE_d0127ffc510f13b17c,json,research/proteomic/snapshots/search4.json,atlas/releases/0.2.0/input_snapshot/research/proteomic/snapshots/search4.json,4500b7fd124cf851a6ae37d3c81b48b91ad2e5cf80ab5e0dde2e1e118230505d,archived_input_copy
ASSET_e75df81b921fa739d035,releases/0.2.0/input_snapshot/research/proteomic/snapshots/search5.json,35231,transparent path/extension rule; documentary snapshots are not biological raw measurements,documentary_or_repository_source_snapshot,AFILE_5cb716fe8f6a1e9ea6,json,research/proteomic/snapshots/search5.json,atlas/releases/0.2.0/input_snapshot/research/proteomic/snapshots/search5.json,e75df81b921fa739d035d55b2eb5c6b63972b1fad1932fd7c18e05213f2fa2d4,archived_input_copy
ASSET_d2d45217330507e9ce64,releases/0.2.0/input_snapshot/research/proteomic/snapshots/search6.json,33815,transparent path/extension rule; documentary snapshots are not biological raw measurements,documentary_or_repository_source_snapshot,AFILE_da1873e51ac93ff1cc,json,research/proteomic/snapshots/search6.json,atlas/releases/0.2.0/input_snapshot/research/proteomic/snapshots/search6.json,d2d45217330507e9ce6478d4746c0fc846095aba894ee68f4d80b72949008f39,archived_input_copy
ASSET_b46bbe833a07f1d2bf32,releases/0.2.0/input_snapshot/research/receptor_expansion/notes.md,893,transparent path/extension rule; documentary snapshots are not biological raw measurements,documentation_or_protocol,AFILE_692a24081b152f6ec3,md,research/receptor_expansion/notes.md,atlas/releases/0.2.0/input_snapshot/research/receptor_expansion/notes.md,b46bbe833a07f1d2bf327e1b8cb78ed35c6a075417ed6e70489e1ce17021b51f,archived_input_copy
ASSET_17711c36e7c4ab21b6ef,releases/0.2.0/input_snapshot/research/receptor_expansion/pack.json,72447,transparent path/extension rule; documentary snapshots are not biological raw measurements,curated_evidence_extraction,AFILE_c9fe0f0270fe604b96,json,research/receptor_expansion/pack.json,atlas/releases/0.2.0/input_snapshot/research/receptor_expansion/pack.json,17711c36e7c4ab21b6efd295dea8e65d793cd30e9ef7517a05655489cb774ca1,archived_input_copy
ASSET_851f4865b3b43339a909,releases/0.2.0/input_snapshot/research/receptor_expansion/run.json,967,transparent path/extension rule; documentary snapshots are not biological raw measurements,structured_curation_or_provenance,AFILE_a1e4a96db14cec0597,json,research/receptor_expansion/run.json,atlas/releases/0.2.0/input_snapshot/research/receptor_expansion/run.json,851f4865b3b43339a90952eaaf0bcfc1828c8bc1a1ef2e6d9c59f205efff85d3,archived_input_copy
ASSET_995cb1955e52dae17185,releases/0.2.0/input_snapshot/research/receptor_expansion/screening.json,60639,transparent path/extension rule; documentary snapshots are not biological raw measurements,structured_curation_or_provenance,AFILE_52b3332bcadff02a9d,json,research/receptor_expansion/screening.json,atlas/releases/0.2.0/input_snapshot/research/receptor_expansion/screening.json,995cb1955e52dae1718514afa0808e520010282ef26a128eec6cc14b6d670378,archived_input_copy
ASSET_4b4b4601986daba61a33,releases/0.2.0/input_snapshot/research/receptor_expansion/snapshots/root_full_sources.json,26080,transparent path/extension rule; documentary snapshots are not biological raw measurements,documentary_or_repository_source_snapshot,AFILE_1d17eb315e0e917176,json,research/receptor_expansion/snapshots/root_full_sources.json,atlas/releases/0.2.0/input_snapshot/research/receptor_expansion/snapshots/root_full_sources.json,4b4b4601986daba61a336ebf3a6a763f2770456dbbf749ac9c76a05254abbbf7,archived_input_copy
ASSET_d3b985ddc0e259257c6d,releases/0.2.0/input_snapshot/research/receptor_expansion/snapshots/root_il12_candidates.json,31040,transparent path/extension rule; documentary snapshots are not biological raw measurements,documentary_or_repository_source_snapshot,AFILE_6f6896c3a3c33295db,json,research/receptor_expansion/snapshots/root_il12_candidates.json,atlas/releases/0.2.0/input_snapshot/research/receptor_expansion/snapshots/root_il12_candidates.json,d3b985ddc0e259257c6d8b931eed03d02515285e91c809d5a526670a32336259,archived_input_copy
ASSET_5c397f66d393b6d80c36,releases/0.2.0/input_snapshot/research/receptor_expansion/snapshots/root_il12_full.json,29570,transparent path/extension rule; documentary snapshots are not biological raw measurements,documentary_or_repository_source_snapshot,AFILE_d9cae8515e92ce44d9,json,research/receptor_expansion/snapshots/root_il12_full.json,atlas/releases/0.2.0/input_snapshot/research/receptor_expansion/snapshots/root_il12_full.json,5c397f66d393b6d80c36fb74eccca1480b1a68961854ee3bb49800a81120fe7c,archived_input_copy
ASSET_321f8d897377b06bad61,releases/0.2.0/input_snapshot/research/receptor_expansion/snapshots/root_il1_full.json,31882,transparent path/extension rule; documentary snapshots are not biological raw measurements,documentary_or_repository_source_snapshot,AFILE_0fd8b7634693a5a988,json,research/receptor_expansion/snapshots/root_il1_full.json,atlas/releases/0.2.0/input_snapshot/research/receptor_expansion/snapshots/root_il1_full.json,321f8d897377b06bad61a6ab1c5b1b314d8bb384d9ff57f119f8ce41294a5bf3,archived_input_copy
ASSET_3e3b32826dea23c9e7b7,releases/0.2.0/input_snapshot/research/receptor_expansion/snapshots/root_lta_full.json,30994,transparent path/extension rule; documentary snapshots are not biological raw measurements,documentary_or_repository_source_snapshot,AFILE_e6f5a4c34338fe5e0d,json,research/receptor_expansion/snapshots/root_lta_full.json,atlas/releases/0.2.0/input_snapshot/research/receptor_expansion/snapshots/root_lta_full.json,3e3b32826dea23c9e7b718e126c3ff0938fc46a788ed675154c2c000e67176e6,archived_input_copy
ASSET_72a7f7b4a59cf4393893,releases/0.2.0/input_snapshot/research/receptor_expansion/snapshots/root_search1.json,32193,transparent path/extension rule; documentary snapshots are not biological raw measurements,documentary_or_repository_source_snapshot,AFILE_ad87f469a0ff80b7fa,json,research/receptor_expansion/snapshots/root_search1.json,atlas/releases/0.2.0/input_snapshot/research/receptor_expansion/snapshots/root_search1.json,72a7f7b4a59cf43938933d5ea6b4630c62e02b40ce9d381161065f0195c8c5cc,archived_input_copy
ASSET_8b38c9ef884727b58502,releases/0.2.0/input_snapshot/research/receptor_expansion/snapshots/root_search2.json,29692,transparent path/extension rule; documentary snapshots are not biological raw measurements,documentary_or_repository_source_snapshot,AFILE_18538b770024d1a0d8,json,research/receptor_expansion/snapshots/root_search2.json,atlas/releases/0.2.0/input_snapshot/research/receptor_expansion/snapshots/root_search2.json,8b38c9ef884727b58502763330f3d131cc3dcf3e9bdf7f48d1fbbee50dcedc76,archived_input_copy
ASSET_2efc4ce2ae19e59ae129,releases/0.2.0/input_snapshot/research/receptor_expansion/snapshots/root_search3.json,28897,transparent path/extension rule; documentary snapshots are not biological raw measurements,documentary_or_repository_source_snapshot,AFILE_c3f2daf97fea522e94,json,research/receptor_expansion/snapshots/root_search3.json,atlas/releases/0.2.0/input_snapshot/research/receptor_expansion/snapshots/root_search3.json,2efc4ce2ae19e59ae1298184570a38e6b3a29dee06dc0d0e2e4d17102f1ab9e9,archived_input_copy
ASSET_ccfcd43e5006ee92b92f,releases/0.2.0/input_snapshot/research/receptor_expansion/snapshots/root_search4.json,32749,transparent path/extension rule; documentary snapshots are not biological raw measurements,documentary_or_repository_source_snapshot,AFILE_4e51ac37130178ff00,json,research/receptor_expansion/snapshots/root_search4.json,atlas/releases/0.2.0/input_snapshot/research/receptor_expansion/snapshots/root_search4.json,ccfcd43e5006ee92b92f23b75a4091bff9933ad10f7be1568aa0ac806c9a5039,archived_input_copy
ASSET_6366c18e59f58ab2d84a,releases/0.2.0/input_snapshot/research/receptor_expansion/snapshots/root_search5.json,32082,transparent path/extension rule; documentary snapshots are not biological raw measurements,documentary_or_repository_source_snapshot,AFILE_cac824d216c4a4e040,json,research/receptor_expansion/snapshots/root_search5.json,atlas/releases/0.2.0/input_snapshot/research/receptor_expansion/snapshots/root_search5.json,6366c18e59f58ab2d84acdae240055edf0a7751696cd64b65ea3c108987dfa4b,archived_input_copy
ASSET_4f78e219149fac2eb631,releases/0.2.0/input_snapshot/research/receptor_expansion/snapshots/root_selected_methods.json,28037,transparent path/extension rule; documentary snapshots are not biological raw measurements,documentary_or_repository_source_snapshot,AFILE_0e0068dcc9c97f49f7,json,research/receptor_expansion/snapshots/root_selected_methods.json,atlas/releases/0.2.0/input_snapshot/research/receptor_expansion/snapshots/root_selected_methods.json,4f78e219149fac2eb6311a833295545f06aa4afdb76428ac0ca16faf155f67d5,archived_input_copy
ASSET_8894dfbd1d0618f6c63d,releases/0.2.0/input_snapshot/research/receptor_expansion/snapshots/xre_extract5.json,29194,transparent path/extension rule; documentary snapshots are not biological raw measurements,documentary_or_repository_source_snapshot,AFILE_ca895f91d4bb1312eb,json,research/receptor_expansion/snapshots/xre_extract5.json,atlas/releases/0.2.0/input_snapshot/research/receptor_expansion/snapshots/xre_extract5.json,8894dfbd1d0618f6c63dce3707bcb0fea37886551837d37828bbf7d65c018b4d,archived_input_copy
ASSET_a7cdcf1262afc421e3da,releases/0.2.0/input_snapshot/research/receptor_expansion/snapshots/xre_open4.json,11097,transparent path/extension rule; documentary snapshots are not biological raw measurements,documentary_or_repository_source_snapshot,AFILE_d844791f1ea4f30279,json,research/receptor_expansion/snapshots/xre_open4.json,atlas/releases/0.2.0/input_snapshot/research/receptor_expansion/snapshots/xre_open4.json,a7cdcf1262afc421e3da90d5c05adfbd3742f28619db0b66fdb8e29aef66d3aa,archived_input_copy
ASSET_a982c7934c601744abfd,releases/0.2.0/input_snapshot/research/receptor_expansion/snapshots/xre_search1.json,31263,transparent path/extension rule; documentary snapshots are not biological raw measurements,documentary_or_repository_source_snapshot,AFILE_53ca116504f5fda72d,json,research/receptor_expansion/snapshots/xre_search1.json,atlas/releases/0.2.0/input_snapshot/research/receptor_expansion/snapshots/xre_search1.json,a982c7934c601744abfde3e9e202f19b44579f5b1cae4881ae28232de8b2b426,archived_input_copy
ASSET_13d75a13349dcfadd610,releases/0.2.0/input_snapshot/research/receptor_expansion/snapshots/xre_search2.json,32502,transparent path/extension rule; documentary snapshots are not biological raw measurements,documentary_or_repository_source_snapshot,AFILE_eb097959de564608e5,json,research/receptor_expansion/snapshots/xre_search2.json,atlas/releases/0.2.0/input_snapshot/research/receptor_expansion/snapshots/xre_search2.json,13d75a13349dcfadd610dc3cf228ccb8f8a43c350a678aa1b5b653635c42c21d,archived_input_copy
ASSET_ccd83038c6bdab477829,releases/0.2.0/input_snapshot/research/receptor_expansion/snapshots/xre_searchopen3.json,31328,transparent path/extension rule; documentary snapshots are not biological raw measurements,documentary_or_repository_source_snapshot,AFILE_101f092b9a92136c70,json,research/receptor_expansion/snapshots/xre_searchopen3.json,atlas/releases/0.2.0/input_snapshot/research/receptor_expansion/snapshots/xre_searchopen3.json,ccd83038c6bdab4778293505999577cc43d15b65da91d68d9c2f6f33ad72b9b6,archived_input_copy
ASSET_b8ab56950ca417e0a598,releases/0.2.0/input_snapshot/research/receptor_review_response_0.2.json,4659,transparent path/extension rule; documentary snapshots are not biological raw measurements,structured_curation_or_provenance,AFILE_db7ca5f94b5a50629c,json,research/receptor_review_response_0.2.json,atlas/releases/0.2.0/input_snapshot/research/receptor_review_response_0.2.json,b8ab56950ca417e0a598ace136494e5cb4e57c3d5fe76eb389d2b1bf5b251689,archived_input_copy
ASSET_747e7940b91a392576b0,releases/0.2.0/input_snapshot/research/references/alias_plan.json,2087,transparent path/extension rule; documentary snapshots are not biological raw measurements,resource_metadata_snapshot,AFILE_d37ebf654c90adfb09,json,research/references/alias_plan.json,atlas/releases/0.2.0/input_snapshot/research/references/alias_plan.json,747e7940b91a392576b00169575940b00dd871d1aa96fc4bb35ae309dc440055,archived_input_copy
ASSET_41e37ff9d03076e1f11b,releases/0.2.0/input_snapshot/research/references/pubmed_A.json,5905,transparent path/extension rule; documentary snapshots are not biological raw measurements,resource_metadata_snapshot,AFILE_c9c4e4e5988452dac5,json,research/references/pubmed_A.json,atlas/releases/0.2.0/input_snapshot/research/references/pubmed_A.json,41e37ff9d03076e1f11bd00625ed9e98b4bf83d246600027f312ac37038c5cc4,archived_input_copy
ASSET_fafe820a26fdfbf8cee7,releases/0.2.0/input_snapshot/research/references/pubmed_A.request.json,453,transparent path/extension rule; documentary snapshots are not biological raw measurements,resource_metadata_snapshot,AFILE_261ae13d026a6f0490,json,research/references/pubmed_A.request.json,atlas/releases/0.2.0/input_snapshot/research/references/pubmed_A.request.json,fafe820a26fdfbf8cee759c4742248942476c2dcfc62753eb24b5d262ac77fb1,archived_input_copy
ASSET_4527e7fd61593b8edbc2,releases/0.2.0/input_snapshot/research/references/pubmed_A.response.json,418,transparent path/extension rule; documentary snapshots are not biological raw measurements,resource_metadata_snapshot,AFILE_685a5d63d327cc79c9,json,research/references/pubmed_A.response.json,atlas/releases/0.2.0/input_snapshot/research/references/pubmed_A.response.json,4527e7fd61593b8edbc21feb196af911e54ae3b0699e6cf10a36df53c82a5c75,archived_input_copy
ASSET_0ff698447090cbb54812,releases/0.2.0/input_snapshot/research/references/pubmed_B.json,3071,transparent path/extension rule; documentary snapshots are not biological raw measurements,resource_metadata_snapshot,AFILE_6f213d8001a8d1b9e9,json,research/references/pubmed_B.json,atlas/releases/0.2.0/input_snapshot/research/references/pubmed_B.json,0ff698447090cbb548129c5d9a6a0711f2bab4f82487d151987b5520e32586fa,archived_input_copy
ASSET_031a2b3db027ceae20a3,releases/0.2.0/input_snapshot/research/references/pubmed_B.request.json,458,transparent path/extension rule; documentary snapshots are not biological raw measurements,resource_metadata_snapshot,AFILE_810afc007428b1ac47,json,research/references/pubmed_B.request.json,atlas/releases/0.2.0/input_snapshot/research/references/pubmed_B.request.json,031a2b3db027ceae20a3e30a74fec4f7316cebffb4384ac040825927b5ed68d3,archived_input_copy
ASSET_1e374117069b8b13f12a,releases/0.2.0/input_snapshot/research/references/pubmed_B.response.json,418,transparent path/extension rule; documentary snapshots are not biological raw measurements,resource_metadata_snapshot,AFILE_05aca6e949467244da,json,research/references/pubmed_B.response.json,atlas/releases/0.2.0/input_snapshot/research/references/pubmed_B.response.json,1e374117069b8b13f12a7c2cbb30f3e32b0db0ed92242b06a35ac2c90ae3978b,archived_input_copy
ASSET_96d1b0810aba31ce6826,releases/0.2.0/input_snapshot/research/references/pubmed_C.json,3831,transparent path/extension rule; documentary snapshots are not biological raw measurements,resource_metadata_snapshot,AFILE_1e46268f67b2681b13,json,research/references/pubmed_C.json,atlas/releases/0.2.0/input_snapshot/research/references/pubmed_C.json,96d1b0810aba31ce6826c1ae206605ac304f52ea4ede08bd045b36392c520948,archived_input_copy
ASSET_ad95b28cf3503842dc5d,releases/0.2.0/input_snapshot/research/references/pubmed_C.request.json,443,transparent path/extension rule; documentary snapshots are not biological raw measurements,resource_metadata_snapshot,AFILE_270b4bafa4ae91c2d1,json,research/references/pubmed_C.request.json,atlas/releases/0.2.0/input_snapshot/research/references/pubmed_C.request.json,ad95b28cf3503842dc5d017bf1c755867475a9b436b6c64d56db896d875f88dd,archived_input_copy
ASSET_568a6ee90016e161f719,releases/0.2.0/input_snapshot/research/references/pubmed_C.response.json,418,transparent path/extension rule; documentary snapshots are not biological raw measurements,resource_metadata_snapshot,AFILE_236f476a9adc377e89,json,research/references/pubmed_C.response.json,atlas/releases/0.2.0/input_snapshot/research/references/pubmed_C.response.json,568a6ee90016e161f719638f1760c3d4adc008936bb565fd76038b767cfc2b94,archived_input_copy
ASSET_39d227a53722a16d0111,releases/0.2.0/input_snapshot/research/references/pubmed_D.json,3918,transparent path/extension rule; documentary snapshots are not biological raw measurements,resource_metadata_snapshot,AFILE_c2a07a55289d83b70c,json,research/references/pubmed_D.json,atlas/releases/0.2.0/input_snapshot/research/references/pubmed_D.json,39d227a53722a16d011156b139a327f65452526c211be6184a6895204f4a3085,archived_input_copy
ASSET_5880df97938eec4c6ae9,releases/0.2.0/input_snapshot/research/references/pubmed_D.request.json,451,transparent path/extension rule; documentary snapshots are not biological raw measurements,resource_metadata_snapshot,AFILE_476cab3441ec8160dd,json,research/references/pubmed_D.request.json,atlas/releases/0.2.0/input_snapshot/research/references/pubmed_D.request.json,5880df97938eec4c6ae94c9fbf53423b9f58493267644a22ca81ea745698aa0a,archived_input_copy
ASSET_063311ebfdb56a93d38c,releases/0.2.0/input_snapshot/research/references/pubmed_D.response.json,418,transparent path/extension rule; documentary snapshots are not biological raw measurements,resource_metadata_snapshot,AFILE_663d96b3dd3e1500d1,json,research/references/pubmed_D.response.json,atlas/releases/0.2.0/input_snapshot/research/references/pubmed_D.response.json,063311ebfdb56a93d38c84c82fd10e5e33c871358858464f06266396927bc69e,archived_input_copy
ASSET_24e17b583d4e6655f47e,releases/0.2.0/input_snapshot/research/references/pubmed_entity_CCL11.json,3159,transparent path/extension rule; documentary snapshots are not biological raw measurements,resource_metadata_snapshot,AFILE_1ad80af8a81e4500ea,json,research/references/pubmed_entity_CCL11.json,atlas/releases/0.2.0/input_snapshot/research/references/pubmed_entity_CCL11.json,24e17b583d4e6655f47eac0f16dbeb790198a6df52467a5fb5c9b8821fb30b0e,archived_input_copy
ASSET_361372c416e29737d395,releases/0.2.0/input_snapshot/research/references/pubmed_entity_CCL11.request.json,461,transparent path/extension rule; documentary snapshots are not biological raw measurements,resource_metadata_snapshot,AFILE_ab98c7e8f1144d340b,json,research/references/pubmed_entity_CCL11.request.json,atlas/releases/0.2.0/input_snapshot/research/references/pubmed_entity_CCL11.request.json,361372c416e29737d395e46ec7cc2949f9bea649f6663acb2378b5a0502a816c,archived_input_copy
ASSET_2e3e51a18ac38e16743f,releases/0.2.0/input_snapshot/research/references/pubmed_entity_CCL11.response.json,429,transparent path/extension rule; documentary snapshots are not biological raw measurements,resource_metadata_snapshot,AFILE_b9c1f701d3cb0b90b6,json,research/references/pubmed_entity_CCL11.response.json,atlas/releases/0.2.0/input_snapshot/research/references/pubmed_entity_CCL11.response.json,2e3e51a18ac38e16743ff7a8f2c256b79f9cea6a30a53996f1d0f5bf8183ac28,archived_input_copy
ASSET_215499a646124280db1e,releases/0.2.0/input_snapshot/research/references/pubmed_entity_CCL13.json,3159,transparent path/extension rule; documentary snapshots are not biological raw measurements,resource_metadata_snapshot,AFILE_2bc9f4bb703332bd33,json,research/references/pubmed_entity_CCL13.json,atlas/releases/0.2.0/input_snapshot/research/references/pubmed_entity_CCL13.json,215499a646124280db1e15873579f71e31af3ce6253d9600c36da1fca28612b4,archived_input_copy
ASSET_5a181bf5254b7b92a488,releases/0.2.0/input_snapshot/research/references/pubmed_entity_CCL13.request.json,461,transparent path/extension rule; documentary snapshots are not biological raw measurements,resource_metadata_snapshot,AFILE_1ee2d72f54b1389d2c,json,research/references/pubmed_entity_CCL13.request.json,atlas/releases/0.2.0/input_snapshot/research/references/pubmed_entity_CCL13.request.json,5a181bf5254b7b92a488cfb9c1a5077bc05b9f76ef0d7b6f2a4a3dd1c404c76f,archived_input_copy
ASSET_f93ff17a5492e6c1e18c,releases/0.2.0/input_snapshot/research/references/pubmed_entity_CCL13.response.json,429,transparent path/extension rule; documentary snapshots are not biological raw measurements,resource_metadata_snapshot,AFILE_5384ac82194a0d582d,json,research/references/pubmed_entity_CCL13.response.json,atlas/releases/0.2.0/input_snapshot/research/references/pubmed_entity_CCL13.response.json,f93ff17a5492e6c1e18c02969251d1553a3ab56093c7b70ffedce832e5f3588f,archived_input_copy
ASSET_140443c913f2a4815107,releases/0.2.0/input_snapshot/research/references/pubmed_entity_CCL17.json,3159,transparent path/extension rule; documentary snapshots are not biological raw measurements,resource_metadata_snapshot,AFILE_6e19deb0467a352e3f,json,research/references/pubmed_entity_CCL17.json,atlas/releases/0.2.0/input_snapshot/research/references/pubmed_entity_CCL17.json,140443c913f2a4815107587f9b0363849bcabb4f1bbf3bd809e1517fa665032a,archived_input_copy
ASSET_17f3183d7edf5876f9c8,releases/0.2.0/input_snapshot/research/references/pubmed_entity_CCL17.request.json,461,transparent path/extension rule; documentary snapshots are not biological raw measurements,resource_metadata_snapshot,AFILE_fa8a2a686f1ef2fdbc,json,research/references/pubmed_entity_CCL17.request.json,atlas/releases/0.2.0/input_snapshot/research/references/pubmed_entity_CCL17.request.json,17f3183d7edf5876f9c8cd5fd5d1d1d739b06495348cb1b6bba2c2055578f99d,archived_input_copy
ASSET_68bd9e36d7100670642f,releases/0.2.0/input_snapshot/research/references/pubmed_entity_CCL17.response.json,429,transparent path/extension rule; documentary snapshots are not biological raw measurements,resource_metadata_snapshot,AFILE_35c0cffb46faeb7c5d,json,research/references/pubmed_entity_CCL17.response.json,atlas/releases/0.2.0/input_snapshot/research/references/pubmed_entity_CCL17.response.json,68bd9e36d7100670642f5d1ed681acb577b36ba3dcd06c5415d5d87f63a55dec,archived_input_copy
ASSET_ff4687359394dbb5dfe8,releases/0.2.0/input_snapshot/research/references/pubmed_entity_CCL2.json,3159,transparent path/extension rule; documentary snapshots are not biological raw measurements,resource_metadata_snapshot,AFILE_649b9f056820ce974a,json,research/references/pubmed_entity_CCL2.json,atlas/releases/0.2.0/input_snapshot/research/references/pubmed_entity_CCL2.json,ff4687359394dbb5dfe89162894c052bf3ac6f761f64bd82ae4f8101f3a46be1,archived_input_copy
ASSET_1b21ba0959b7975b9983,releases/0.2.0/input_snapshot/research/references/pubmed_entity_CCL2.request.json,459,transparent path/extension rule; documentary snapshots are not biological raw measurements,resource_metadata_snapshot,AFILE_ddc2dedc7384bc3686,json,research/references/pubmed_entity_CCL2.request.json,atlas/releases/0.2.0/input_snapshot/research/references/pubmed_entity_CCL2.request.json,1b21ba0959b7975b9983a74708dac38e613847b04a012fa5d67baa6920781700,archived_input_copy
ASSET_9c11e2c149c88996422b,releases/0.2.0/input_snapshot/research/references/pubmed_entity_CCL2.response.json,428,transparent path/extension rule; documentary snapshots are not biological raw measurements,resource_metadata_snapshot,AFILE_57a27c972a182aacdb,json,research/references/pubmed_entity_CCL2.response.json,atlas/releases/0.2.0/input_snapshot/research/references/pubmed_entity_CCL2.response.json,9c11e2c149c88996422b48c502b3bac61c0619e5d7c7b277a3168d4e0946a8c9,archived_input_copy
ASSET_75d9d6700180a7b57bce,releases/0.2.0/input_snapshot/research/references/pubmed_entity_CCL22.json,3159,transparent path/extension rule; documentary snapshots are not biological raw measurements,resource_metadata_snapshot,AFILE_f84e121e2c4d01a802,json,research/references/pubmed_entity_CCL22.json,atlas/releases/0.2.0/input_snapshot/research/references/pubmed_entity_CCL22.json,75d9d6700180a7b57bce0dd5b13fc4d7bfc067dff06454446cdde4056139dd90,archived_input_copy
ASSET_08a1a9589b8395ea07c5,releases/0.2.0/input_snapshot/research/references/pubmed_entity_CCL22.request.json,461,transparent path/extension rule; documentary snapshots are not biological raw measurements,resource_metadata_snapshot,AFILE_ae5c69ca97706eabb2,json,research/references/pubmed_entity_CCL22.request.json,atlas/releases/0.2.0/input_snapshot/research/references/pubmed_entity_CCL22.request.json,08a1a9589b8395ea07c53cb1b2700b8e4bdefffb240223aaa70616657f326d33,archived_input_copy
ASSET_2cb10e1f0b4b4e7f0fca,releases/0.2.0/input_snapshot/research/references/pubmed_entity_CCL22.response.json,429,transparent path/extension rule; documentary snapshots are not biological raw measurements,resource_metadata_snapshot,AFILE_2761d523fee23b36c6,json,research/references/pubmed_entity_CCL22.response.json,atlas/releases/0.2.0/input_snapshot/research/references/pubmed_entity_CCL22.response.json,2cb10e1f0b4b4e7f0fca4552f5539ef8046958c3f733197dfc188cb66f155ef3,archived_input_copy
ASSET_eb70a6b50b5028bf1bf3,releases/0.2.0/input_snapshot/research/references/pubmed_entity_CCL26.json,3159,transparent path/extension rule; documentary snapshots are not biological raw measurements,resource_metadata_snapshot,AFILE_71000e67327db4076c,json,research/references/pubmed_entity_CCL26.json,atlas/releases/0.2.0/input_snapshot/research/references/pubmed_entity_CCL26.json,eb70a6b50b5028bf1bf3f204f8b82712f1584e1f164cb7251a9c33befef04720,archived_input_copy
ASSET_14120474689a8885f064,releases/0.2.0/input_snapshot/research/references/pubmed_entity_CCL26.request.json,461,transparent path/extension rule; documentary snapshots are not biological raw measurements,resource_metadata_snapshot,AFILE_9839e7595a0f013a50,json,research/references/pubmed_entity_CCL26.request.json,atlas/releases/0.2.0/input_snapshot/research/references/pubmed_entity_CCL26.request.json,14120474689a8885f064c362130c37678c15d2d5b450021971f564330f0585b3,archived_input_copy
ASSET_734a2939c74bc2b99447,releases/0.2.0/input_snapshot/research/references/pubmed_entity_CCL26.response.json,429,transparent path/extension rule; documentary snapshots are not biological raw measurements,resource_metadata_snapshot,AFILE_2c9e0de0899cb1ec62,json,research/references/pubmed_entity_CCL26.response.json,atlas/releases/0.2.0/input_snapshot/research/references/pubmed_entity_CCL26.response.json,734a2939c74bc2b9944730c6a5997e4cb7fd6da5e64f1f5f4c89aa3f44e4f167,archived_input_copy
ASSET_bb5926d08d04a41ca17b,releases/0.2.0/input_snapshot/research/references/pubmed_entity_CCL3.json,3159,transparent path/extension rule; documentary snapshots are not biological raw measurements,resource_metadata_snapshot,AFILE_b532ea3c7487436bf6,json,research/references/pubmed_entity_CCL3.json,atlas/releases/0.2.0/input_snapshot/research/references/pubmed_entity_CCL3.json,bb5926d08d04a41ca17be23fccee4c43814f8974fc2c6f47a34e86de4b5fa6c5,archived_input_copy
ASSET_6e638a0e09cf073f631f,releases/0.2.0/input_snapshot/research/references/pubmed_entity_CCL3.request.json,459,transparent path/extension rule; documentary snapshots are not biological raw measurements,resource_metadata_snapshot,AFILE_ab363f880455186eef,json,research/references/pubmed_entity_CCL3.request.json,atlas/releases/0.2.0/input_snapshot/research/references/pubmed_entity_CCL3.request.json,6e638a0e09cf073f631f4da88a80706749ff929849c302e24bd09ea0daa18cf7,archived_input_copy
ASSET_732426a9f0549c5cb485,releases/0.2.0/input_snapshot/research/references/pubmed_entity_CCL3.response.json,428,transparent path/extension rule; documentary snapshots are not biological raw measurements,resource_metadata_snapshot,AFILE_b25a002767da428d55,json,research/references/pubmed_entity_CCL3.response.json,atlas/releases/0.2.0/input_snapshot/research/references/pubmed_entity_CCL3.response.json,732426a9f0549c5cb4855ee94fb22cf3e040e38c1ceaa0bead96bfac5f6bd1f6,archived_input_copy
ASSET_187d964bded13b76955a,releases/0.2.0/input_snapshot/research/references/pubmed_entity_CCL4.json,3159,transparent path/extension rule; documentary snapshots are not biological raw measurements,resource_metadata_snapshot,AFILE_0a5fb4f2e6072384a1,json,research/references/pubmed_entity_CCL4.json,atlas/releases/0.2.0/input_snapshot/research/references/pubmed_entity_CCL4.json,187d964bded13b76955acceb6482e477539949eee2bb9db3fa670d675b2e3469,archived_input_copy
ASSET_0b8585ff6d0295ceee5a,releases/0.2.0/input_snapshot/research/references/pubmed_entity_CCL4.request.json,459,transparent path/extension rule; documentary snapshots are not biological raw measurements,resource_metadata_snapshot,AFILE_683a04191a456a03e9,json,research/references/pubmed_entity_CCL4.request.json,atlas/releases/0.2.0/input_snapshot/research/references/pubmed_entity_CCL4.request.json,0b8585ff6d0295ceee5aef0f0ee34a6dfbe4ba9ee445847e4dfe2e189ea85915,archived_input_copy
ASSET_0cab6b24d74c242ed9b1,releases/0.2.0/input_snapshot/research/references/pubmed_entity_CCL4.response.json,428,transparent path/extension rule; documentary snapshots are not biological raw measurements,resource_metadata_snapshot,AFILE_22531949f4d30f8cde,json,research/references/pubmed_entity_CCL4.response.json,atlas/releases/0.2.0/input_snapshot/research/references/pubmed_entity_CCL4.response.json,0cab6b24d74c242ed9b10249cc5b5e1352598bf478bf0d4a77f5a61e32c25458,archived_input_copy
ASSET_8b05b85ecdf4de960581,releases/0.2.0/input_snapshot/research/references/pubmed_entity_CSF2.json,3158,transparent path/extension rule; documentary snapshots are not biological raw measurements,resource_metadata_snapshot,AFILE_103ca148e64786a278,json,research/references/pubmed_entity_CSF2.json,atlas/releases/0.2.0/input_snapshot/research/references/pubmed_entity_CSF2.json,8b05b85ecdf4de9605810f5d2b4aebbea6f45ac32614d1165cd49287e69b98db,archived_input_copy
ASSET_bd134c49d906875ec6a3,releases/0.2.0/input_snapshot/research/references/pubmed_entity_CSF2.request.json,459,transparent path/extension rule; documentary snapshots are not biological raw measurements,resource_metadata_snapshot,AFILE_8b9b955ec7802fd74e,json,research/references/pubmed_entity_CSF2.request.json,atlas/releases/0.2.0/input_snapshot/research/references/pubmed_entity_CSF2.request.json,bd134c49d906875ec6a388fb959fcecaa08e6e787f1730d73237912501b0022d,archived_input_copy
ASSET_884c211cd551396b0c5e,releases/0.2.0/input_snapshot/research/references/pubmed_entity_CSF2.response.json,428,transparent path/extension rule; documentary snapshots are not biological raw measurements,resource_metadata_snapshot,AFILE_db07c1993eeaea1ddf,json,research/references/pubmed_entity_CSF2.response.json,atlas/releases/0.2.0/input_snapshot/research/references/pubmed_entity_CSF2.response.json,884c211cd551396b0c5ea39fdbba721bac6f162fe0f9bf745ddd263b8bace4b8,archived_input_copy
ASSET_26bedebaa5a811f98eb4,releases/0.2.0/input_snapshot/research/references/pubmed_entity_CXCL10.json,3161,transparent path/extension rule; documentary snapshots are not biological raw measurements,resource_metadata_snapshot,AFILE_d9c26e8a98ac0b5212,json,research/references/pubmed_entity_CXCL10.json,atlas/releases/0.2.0/input_snapshot/research/references/pubmed_entity_CXCL10.json,26bedebaa5a811f98eb4f9ccc4ce2d20e183d796a8046f27af603b2232b5afa2,archived_input_copy
ASSET_3081eb8522d2a373e254,releases/0.2.0/input_snapshot/research/references/pubmed_entity_CXCL10.request.json,463,transparent path/extension rule; documentary snapshots are not biological raw measurements,resource_metadata_snapshot,AFILE_e151f66cdb99f2be22,json,research/references/pubmed_entity_CXCL10.request.json,atlas/releases/0.2.0/input_snapshot/research/references/pubmed_entity_CXCL10.request.json,3081eb8522d2a373e2549b3b6f39f26b2b436cda4bc8be8e5647ef75b8b6c29e,archived_input_copy
ASSET_30aa69254c52cc38e0d3,releases/0.2.0/input_snapshot/research/references/pubmed_entity_CXCL10.response.json,430,transparent path/extension rule; documentary snapshots are not biological raw measurements,resource_metadata_snapshot,AFILE_850631693d2c7c19b5,json,research/references/pubmed_entity_CXCL10.response.json,atlas/releases/0.2.0/input_snapshot/research/references/pubmed_entity_CXCL10.response.json,30aa69254c52cc38e0d3c658ca148fd215e5e9a2d769a8e22f0117382f90efd4,archived_input_copy
ASSET_7bfc9c46a8435f2a0606,releases/0.2.0/input_snapshot/research/references/pubmed_entity_CXCL8.json,3160,transparent path/extension rule; documentary snapshots are not biological raw measurements,resource_metadata_snapshot,AFILE_ebc25c2e822207469b,json,research/references/pubmed_entity_CXCL8.json,atlas/releases/0.2.0/input_snapshot/research/references/pubmed_entity_CXCL8.json,7bfc9c46a8435f2a06064a0258fc9803e0f31a03dd9e254a02cb15c5c8fe0b59,archived_input_copy
ASSET_8ad15e8615a099bacba6,releases/0.2.0/input_snapshot/research/references/pubmed_entity_CXCL8.request.json,461,transparent path/extension rule; documentary snapshots are not biological raw measurements,resource_metadata_snapshot,AFILE_30d567b22a195849e0,json,research/references/pubmed_entity_CXCL8.request.json,atlas/releases/0.2.0/input_snapshot/research/references/pubmed_entity_CXCL8.request.json,8ad15e8615a099bacba68a8f87ec50da79582cc24283131c45dc7fc36f89a211,archived_input_copy
ASSET_786de2f45ff09b3cc8ea,releases/0.2.0/input_snapshot/research/references/pubmed_entity_CXCL8.response.json,429,transparent path/extension rule; documentary snapshots are not biological raw measurements,resource_metadata_snapshot,AFILE_831b8ea0dd2e10a1fa,json,research/references/pubmed_entity_CXCL8.response.json,atlas/releases/0.2.0/input_snapshot/research/references/pubmed_entity_CXCL8.response.json,786de2f45ff09b3cc8ea6d7bf2d24412095b837c5851b7400d7cff81576b1fc6,archived_input_copy
ASSET_0fc3f99eaa63c85a6380,releases/0.2.0/input_snapshot/research/references/pubmed_entity_IFNG.json,3159,transparent path/extension rule; documentary snapshots are not biological raw measurements,resource_metadata_snapshot,AFILE_74b2972c54eb7f8e86,json,research/references/pubmed_entity_IFNG.json,atlas/releases/0.2.0/input_snapshot/research/references/pubmed_entity_IFNG.json,0fc3f99eaa63c85a6380fc1b42ba609e2e14af5cb68748f77afb25ebba077e21,archived_input_copy
ASSET_a7c49c11f5b175b1ef9f,releases/0.2.0/input_snapshot/research/references/pubmed_entity_IFNG.request.json,459,transparent path/extension rule; documentary snapshots are not biological raw measurements,resource_metadata_snapshot,AFILE_8f9537a1947a281266,json,research/references/pubmed_entity_IFNG.request.json,atlas/releases/0.2.0/input_snapshot/research/references/pubmed_entity_IFNG.request.json,a7c49c11f5b175b1ef9f75f0581cbc4daadf3d54c515e647a0d163989c5fbeb3,archived_input_copy
ASSET_6c5027694e783db980df,releases/0.2.0/input_snapshot/research/references/pubmed_entity_IFNG.response.json,428,transparent path/extension rule; documentary snapshots are not biological raw measurements,resource_metadata_snapshot,AFILE_e4cd400d4181b3f223,json,research/references/pubmed_entity_IFNG.response.json,atlas/releases/0.2.0/input_snapshot/research/references/pubmed_entity_IFNG.response.json,6c5027694e783db980df0a25a11e57c3dbe9324c50e557f52b5b3e63ce7158ec,archived_input_copy
ASSET_cd2083b32799520db951,releases/0.2.0/input_snapshot/research/references/pubmed_entity_IL10.json,3160,transparent path/extension rule; documentary snapshots are not biological raw measurements,resource_metadata_snapshot,AFILE_ab11acc5f3916e80d9,json,research/references/pubmed_entity_IL10.json,atlas/releases/0.2.0/input_snapshot/research/references/pubmed_entity_IL10.json,cd2083b32799520db9512d73a67037469b6f7edd25c57d3e71c4ce17f174ef03,archived_input_copy
ASSET_deb57f2cfe84002047fc,releases/0.2.0/input_snapshot/research/references/pubmed_entity_IL10.request.json,459,transparent path/extension rule; documentary snapshots are not biological raw measurements,resource_metadata_snapshot,AFILE_8f6efd03036890aa68,json,research/references/pubmed_entity_IL10.request.json,atlas/releases/0.2.0/input_snapshot/research/references/pubmed_entity_IL10.request.json,deb57f2cfe84002047fc4b307d4603ba9010c2f41be91cd2948e4507584d30d0,archived_input_copy
ASSET_a5fde7ccbeed5a41c67e,releases/0.2.0/input_snapshot/research/references/pubmed_entity_IL10.response.json,428,transparent path/extension rule; documentary snapshots are not biological raw measurements,resource_metadata_snapshot,AFILE_a20a101c31a184c484,json,research/references/pubmed_entity_IL10.response.json,atlas/releases/0.2.0/input_snapshot/research/references/pubmed_entity_IL10.response.json,a5fde7ccbeed5a41c67e399f7794f353b958fda516daba97de81a527aad31e30,archived_input_copy
ASSET_6d83a023edd54ee9e31d,releases/0.2.0/input_snapshot/research/references/pubmed_entity_IL12A.json,3159,transparent path/extension rule; documentary snapshots are not biological raw measurements,resource_metadata_snapshot,AFILE_5acc23d7dc558ab2cd,json,research/references/pubmed_entity_IL12A.json,atlas/releases/0.2.0/input_snapshot/research/references/pubmed_entity_IL12A.json,6d83a023edd54ee9e31d21af27cc08132b0041a49c2953d93e3bada819808cbe,archived_input_copy
ASSET_0a23e9c86cfd35bddf22,releases/0.2.0/input_snapshot/research/references/pubmed_entity_IL12A.request.json,461,transparent path/extension rule; documentary snapshots are not biological raw measurements,resource_metadata_snapshot,AFILE_1b637aab63ac714c96,json,research/references/pubmed_entity_IL12A.request.json,atlas/releases/0.2.0/input_snapshot/research/references/pubmed_entity_IL12A.request.json,0a23e9c86cfd35bddf220b26fa0ff3522d011a65cfdd775a1813833294a67fe7,archived_input_copy
ASSET_70cfcff9063ab32ebabc,releases/0.2.0/input_snapshot/research/references/pubmed_entity_IL12A.response.json,429,transparent path/extension rule; documentary snapshots are not biological raw measurements,resource_metadata_snapshot,AFILE_34fcc247a5f1358267,json,research/references/pubmed_entity_IL12A.response.json,atlas/releases/0.2.0/input_snapshot/research/references/pubmed_entity_IL12A.response.json,70cfcff9063ab32ebabc8bbf5819f7a7effc9e60cd768d54ba5e7a1cdba577c9,archived_input_copy
ASSET_0a53a1872efc6f884b91,releases/0.2.0/input_snapshot/research/references/pubmed_entity_IL12B.json,3159,transparent path/extension rule; documentary snapshots are not biological raw measurements,resource_metadata_snapshot,AFILE_5284212ad4d8b2a39e,json,research/references/pubmed_entity_IL12B.json,atlas/releases/0.2.0/input_snapshot/research/references/pubmed_entity_IL12B.json,0a53a1872efc6f884b91f125743057c7ea60e7073f0907c1f0902d10d3a7616e,archived_input_copy
ASSET_600bf7563f63cfaefcaf,releases/0.2.0/input_snapshot/research/references/pubmed_entity_IL12B.request.json,461,transparent path/extension rule; documentary snapshots are not biological raw measurements,resource_metadata_snapshot,AFILE_f50e3c37e5d8bc4d41,json,research/references/pubmed_entity_IL12B.request.json,atlas/releases/0.2.0/input_snapshot/research/references/pubmed_entity_IL12B.request.json,600bf7563f63cfaefcaf475b8e0991f07a126cfb2f906393eaee8315ea84d871,archived_input_copy
ASSET_3bf42438e3bc9b1a5f04,releases/0.2.0/input_snapshot/research/references/pubmed_entity_IL12B.response.json,429,transparent path/extension rule; documentary snapshots are not biological raw measurements,resource_metadata_snapshot,AFILE_ab2dc64c20a61f5596,json,research/references/pubmed_entity_IL12B.response.json,atlas/releases/0.2.0/input_snapshot/research/references/pubmed_entity_IL12B.response.json,3bf42438e3bc9b1a5f04e565767eea986f7af82babf7208852de241cadd6953e,archived_input_copy
ASSET_30ddb4085c7ee30d0f94,releases/0.2.0/input_snapshot/research/references/pubmed_entity_IL13.json,3159,transparent path/extension rule; documentary snapshots are not biological raw measurements,resource_metadata_snapshot,AFILE_524549fb858397ca00,json,research/references/pubmed_entity_IL13.json,atlas/releases/0.2.0/input_snapshot/research/references/pubmed_entity_IL13.json,30ddb4085c7ee30d0f940cf7577e92d6c16485ad352647d7cab065fbb5e9dfc7,archived_input_copy
ASSET_180e57bedffffb284cf7,releases/0.2.0/input_snapshot/research/references/pubmed_entity_IL13.request.json,459,transparent path/extension rule; documentary snapshots are not biological raw measurements,resource_metadata_snapshot,AFILE_a40a00faf8dbcd1180,json,research/references/pubmed_entity_IL13.request.json,atlas/releases/0.2.0/input_snapshot/research/references/pubmed_entity_IL13.request.json,180e57bedffffb284cf798371fe56f14a8faa75b8284cc91c8beb3f74cfb6501,archived_input_copy
ASSET_3d660da31a5fd38af5d9,releases/0.2.0/input_snapshot/research/references/pubmed_entity_IL13.response.json,428,transparent path/extension rule; documentary snapshots are not biological raw measurements,resource_metadata_snapshot,AFILE_1ccb95d4cade22c77b,json,research/references/pubmed_entity_IL13.response.json,atlas/releases/0.2.0/input_snapshot/research/references/pubmed_entity_IL13.response.json,3d660da31a5fd38af5d94ddd6a44d18cda64caf992868684e455b86520b5f7f0,archived_input_copy
ASSET_a53eb40084125f82f235,releases/0.2.0/input_snapshot/research/references/pubmed_entity_IL15.json,3159,transparent path/extension rule; documentary snapshots are not biological raw measurements,resource_metadata_snapshot,AFILE_b521bfecfc94db6604,json,research/references/pubmed_entity_IL15.json,atlas/releases/0.2.0/input_snapshot/research/references/pubmed_entity_IL15.json,a53eb40084125f82f2356add74c8ef0675f4d7a34b18ff968e91ea9fcc5d07f8,archived_input_copy
ASSET_7f66779ed1099c6cadea,releases/0.2.0/input_snapshot/research/references/pubmed_entity_IL15.request.json,459,transparent path/extension rule; documentary snapshots are not biological raw measurements,resource_metadata_snapshot,AFILE_feca04d04a2a272328,json,research/references/pubmed_entity_IL15.request.json,atlas/releases/0.2.0/input_snapshot/research/references/pubmed_entity_IL15.request.json,7f66779ed1099c6cadead3c8e629813455384452e5fcbfcf277e2a5a4fdebef8,archived_input_copy
ASSET_8cbd85dad510fc02492a,releases/0.2.0/input_snapshot/research/references/pubmed_entity_IL15.response.json,428,transparent path/extension rule; documentary snapshots are not biological raw measurements,resource_metadata_snapshot,AFILE_ed96198691c47d0cd0,json,research/references/pubmed_entity_IL15.response.json,atlas/releases/0.2.0/input_snapshot/research/references/pubmed_entity_IL15.response.json,8cbd85dad510fc02492a82b6592ab5a3b66f259ff46ebed08c1006cdc5876935,archived_input_copy
ASSET_41799610c7a38f190eab,releases/0.2.0/input_snapshot/research/references/pubmed_entity_IL16.json,3157,transparent path/extension rule; documentary snapshots are not biological raw measurements,resource_metadata_snapshot,AFILE_043f2d5510f948aea7,json,research/references/pubmed_entity_IL16.json,atlas/releases/0.2.0/input_snapshot/research/references/pubmed_entity_IL16.json,41799610c7a38f190eabf950a4cd8e04a6740c477fa3dbe4fd84511477a9fa50,archived_input_copy
ASSET_29ce63250295d5087424,releases/0.2.0/input_snapshot/research/references/pubmed_entity_IL16.request.json,459,transparent path/extension rule; documentary snapshots are not biological raw measurements,resource_metadata_snapshot,AFILE_5531d3632c2802a931,json,research/references/pubmed_entity_IL16.request.json,atlas/releases/0.2.0/input_snapshot/research/references/pubmed_entity_IL16.request.json,29ce63250295d5087424c737e2b50ce8f1807482bc8aff9bffd62572826fac96,archived_input_copy
ASSET_b81ea3f49e8b2f2c4701,releases/0.2.0/input_snapshot/research/references/pubmed_entity_IL16.response.json,427,transparent path/extension rule; documentary snapshots are not biological raw measurements,resource_metadata_snapshot,AFILE_9369e552d1104cc772,json,research/references/pubmed_entity_IL16.response.json,atlas/releases/0.2.0/input_snapshot/research/references/pubmed_entity_IL16.response.json,b81ea3f49e8b2f2c4701218e73080f0ffcbb686d543451e7520d95c891746083,archived_input_copy
ASSET_60d3bf4bbf487f15b2c9,releases/0.2.0/input_snapshot/research/references/pubmed_entity_IL17A.json,3160,transparent path/extension rule; documentary snapshots are not biological raw measurements,resource_metadata_snapshot,AFILE_6d889dfbd78a7abb34,json,research/references/pubmed_entity_IL17A.json,atlas/releases/0.2.0/input_snapshot/research/references/pubmed_entity_IL17A.json,60d3bf4bbf487f15b2c9e717ecae1054e0d46bb75d6af9f0c036a57551693006,archived_input_copy
ASSET_a5939fd4359e576135fb,releases/0.2.0/input_snapshot/research/references/pubmed_entity_IL17A.request.json,461,transparent path/extension rule; documentary snapshots are not biological raw measurements,resource_metadata_snapshot,AFILE_c1257ba69c8e9db41a,json,research/references/pubmed_entity_IL17A.request.json,atlas/releases/0.2.0/input_snapshot/research/references/pubmed_entity_IL17A.request.json,a5939fd4359e576135fb31f636d081d84afdadda497b76a2925b3a09d7017c2f,archived_input_copy
ASSET_c7dd1478c81b179347a4,releases/0.2.0/input_snapshot/research/references/pubmed_entity_IL17A.response.json,429,transparent path/extension rule; documentary snapshots are not biological raw measurements,resource_metadata_snapshot,AFILE_8aa143431d0afb22aa,json,research/references/pubmed_entity_IL17A.response.json,atlas/releases/0.2.0/input_snapshot/research/references/pubmed_entity_IL17A.response.json,c7dd1478c81b179347a478c56ff495d669eb0b286b14349f5c8099055b516d1c,archived_input_copy
ASSET_473f8bc0d92379b0d291,releases/0.2.0/input_snapshot/research/references/pubmed_entity_IL1A.json,3158,transparent path/extension rule; documentary snapshots are not biological raw measurements,resource_metadata_snapshot,AFILE_9a01714d2cc07f88a2,json,research/references/pubmed_entity_IL1A.json,atlas/releases/0.2.0/input_snapshot/research/references/pubmed_entity_IL1A.json,473f8bc0d92379b0d291637002a68e6caeb84e2915740b4929c3284cd7b0ab8d,archived_input_copy
ASSET_92250c2274f3adc99f33,releases/0.2.0/input_snapshot/research/references/pubmed_entity_IL1A.request.json,459,transparent path/extension rule; documentary snapshots are not biological raw measurements,resource_metadata_snapshot,AFILE_8595a7e3fb77720920,json,research/references/pubmed_entity_IL1A.request.json,atlas/releases/0.2.0/input_snapshot/research/references/pubmed_entity_IL1A.request.json,92250c2274f3adc99f33c9d17590e582c7cad889843a0fc9a7abfd42febb2279,archived_input_copy
ASSET_b5371146e202b73a122b,releases/0.2.0/input_snapshot/research/references/pubmed_entity_IL1A.response.json,428,transparent path/extension rule; documentary snapshots are not biological raw measurements,resource_metadata_snapshot,AFILE_402e599e02b591522f,json,research/references/pubmed_entity_IL1A.response.json,atlas/releases/0.2.0/input_snapshot/research/references/pubmed_entity_IL1A.response.json,b5371146e202b73a122b8759b408ed654306deb0d15b79c8a400ac51bdffd98b,archived_input_copy
ASSET_4156342e0ce3a386f27d,releases/0.2.0/input_snapshot/research/references/pubmed_entity_IL1B.json,3159,transparent path/extension rule; documentary snapshots are not biological raw measurements,resource_metadata_snapshot,AFILE_74d09aeee8309502e3,json,research/references/pubmed_entity_IL1B.json,atlas/releases/0.2.0/input_snapshot/research/references/pubmed_entity_IL1B.json,4156342e0ce3a386f27d876e45489cf0890d1e245d83d67e3bde4e610677fe7e,archived_input_copy
ASSET_d22720216e50c7fc3b7e,releases/0.2.0/input_snapshot/research/references/pubmed_entity_IL1B.request.json,459,transparent path/extension rule; documentary snapshots are not biological raw measurements,resource_metadata_snapshot,AFILE_fdbcfc3f86526338cc,json,research/references/pubmed_entity_IL1B.request.json,atlas/releases/0.2.0/input_snapshot/research/references/pubmed_entity_IL1B.request.json,d22720216e50c7fc3b7e9e346be19a98025b7c1e8b36fd243485126abfbd73e9,archived_input_copy
ASSET_a0af1ebcfce8c3508105,releases/0.2.0/input_snapshot/research/references/pubmed_entity_IL1B.response.json,428,transparent path/extension rule; documentary snapshots are not biological raw measurements,resource_metadata_snapshot,AFILE_c3d78c36954ed76b72,json,research/references/pubmed_entity_IL1B.response.json,atlas/releases/0.2.0/input_snapshot/research/references/pubmed_entity_IL1B.response.json,a0af1ebcfce8c35081059bc083cb761cd3fad5e5e34412848bb3de883c0d1e21,archived_input_copy
ASSET_20d6c9e68d16c2531d20,releases/0.2.0/input_snapshot/research/references/pubmed_entity_IL2.json,3159,transparent path/extension rule; documentary snapshots are not biological raw measurements,resource_metadata_snapshot,AFILE_d0a625bf15aa6daeee,json,research/references/pubmed_entity_IL2.json,atlas/releases/0.2.0/input_snapshot/research/references/pubmed_entity_IL2.json,20d6c9e68d16c2531d206f48857dc349a3af308b01092243a6f3f177d8b44657,archived_input_copy
ASSET_5d328e302b350c3c1dcd,releases/0.2.0/input_snapshot/research/references/pubmed_entity_IL2.request.json,457,transparent path/extension rule; documentary snapshots are not biological raw measurements,resource_metadata_snapshot,AFILE_9d4457d07a43ece571,json,research/references/pubmed_entity_IL2.request.json,atlas/releases/0.2.0/input_snapshot/research/references/pubmed_entity_IL2.request.json,5d328e302b350c3c1dcd2156fd4defd8f820d9b5fb21c29083754c3353c70b8b,archived_input_copy
ASSET_758339c9d49aad8011f6,releases/0.2.0/input_snapshot/research/references/pubmed_entity_IL2.response.json,427,transparent path/extension rule; documentary snapshots are not biological raw measurements,resource_metadata_snapshot,AFILE_93e29aaa2b5c7df1db,json,research/references/pubmed_entity_IL2.response.json,atlas/releases/0.2.0/input_snapshot/research/references/pubmed_entity_IL2.response.json,758339c9d49aad8011f63f522e5c315db516275fe3485f8f48131294ab8ff299,archived_input_copy
ASSET_5ac0a90f90c011e9187e,releases/0.2.0/input_snapshot/research/references/pubmed_entity_IL4.json,3158,transparent path/extension rule; documentary snapshots are not biological raw measurements,resource_metadata_snapshot,AFILE_09301253151d9b18b5,json,research/references/pubmed_entity_IL4.json,atlas/releases/0.2.0/input_snapshot/research/references/pubmed_entity_IL4.json,5ac0a90f90c011e9187e8d50453a7f708e8cb85d7138187fbe98ea41e57aa014,archived_input_copy
ASSET_66a6defec26e0f20325f,releases/0.2.0/input_snapshot/research/references/pubmed_entity_IL4.request.json,457,transparent path/extension rule; documentary snapshots are not biological raw measurements,resource_metadata_snapshot,AFILE_b59a2ebf242b8d8898,json,research/references/pubmed_entity_IL4.request.json,atlas/releases/0.2.0/input_snapshot/research/references/pubmed_entity_IL4.request.json,66a6defec26e0f20325f6af77214deb1d5a181a135402e55557440c3abe44a76,archived_input_copy
ASSET_961907198211f5b95ea4,releases/0.2.0/input_snapshot/research/references/pubmed_entity_IL4.response.json,427,transparent path/extension rule; documentary snapshots are not biological raw measurements,resource_metadata_snapshot,AFILE_e1134c21dfd574f308,json,research/references/pubmed_entity_IL4.response.json,atlas/releases/0.2.0/input_snapshot/research/references/pubmed_entity_IL4.response.json,961907198211f5b95ea493c38f9d8d6e562bedd0f07f69b11ee9fd5339e8bee7,archived_input_copy
ASSET_b0c7ea6b353dbe808f1d,releases/0.2.0/input_snapshot/research/references/pubmed_entity_IL5.json,3158,transparent path/extension rule; documentary snapshots are not biological raw measurements,resource_metadata_snapshot,AFILE_c3c8be0a874a5e06ce,json,research/references/pubmed_entity_IL5.json,atlas/releases/0.2.0/input_snapshot/research/references/pubmed_entity_IL5.json,b0c7ea6b353dbe808f1d1d210baddd3edcf6bd69a0383d823f777d8d0d6c04e7,archived_input_copy
ASSET_75339320d47c756959dc,releases/0.2.0/input_snapshot/research/references/pubmed_entity_IL5.request.json,457,transparent path/extension rule; documentary snapshots are not biological raw measurements,resource_metadata_snapshot,AFILE_c792ddda82caf96030,json,research/references/pubmed_entity_IL5.request.json,atlas/releases/0.2.0/input_snapshot/research/references/pubmed_entity_IL5.request.json,75339320d47c756959dc1e52b87decdea02cceef1c8f0fff03fd28bc36c9aacd,archived_input_copy
ASSET_6d71bba44d1b231b084d,releases/0.2.0/input_snapshot/research/references/pubmed_entity_IL5.response.json,427,transparent path/extension rule; documentary snapshots are not biological raw measurements,resource_metadata_snapshot,AFILE_61f4099684108850f6,json,research/references/pubmed_entity_IL5.response.json,atlas/releases/0.2.0/input_snapshot/research/references/pubmed_entity_IL5.response.json,6d71bba44d1b231b084d1f1563573a6c239626bdcec048d14ef4685a4533edb6,archived_input_copy
ASSET_06c430d2cf91fa93585f,releases/0.2.0/input_snapshot/research/references/pubmed_entity_IL6.json,3159,transparent path/extension rule; documentary snapshots are not biological raw measurements,resource_metadata_snapshot,AFILE_a33c1006d029b5cc45,json,research/references/pubmed_entity_IL6.json,atlas/releases/0.2.0/input_snapshot/research/references/pubmed_entity_IL6.json,06c430d2cf91fa93585f69cc4122f4d3ac63001fb03c29dd4da7a91883375e19,archived_input_copy
ASSET_fede4f2d86fbc45eec5b,releases/0.2.0/input_snapshot/research/references/pubmed_entity_IL6.request.json,457,transparent path/extension rule; documentary snapshots are not biological raw measurements,resource_metadata_snapshot,AFILE_d7e068e6b3d09d105d,json,research/references/pubmed_entity_IL6.request.json,atlas/releases/0.2.0/input_snapshot/research/references/pubmed_entity_IL6.request.json,fede4f2d86fbc45eec5b0271591b992fc646c2dce9aace66ea278460e25a882f,archived_input_copy
ASSET_ff88fc5ac3df45d2e672,releases/0.2.0/input_snapshot/research/references/pubmed_entity_IL6.response.json,427,transparent path/extension rule; documentary snapshots are not biological raw measurements,resource_metadata_snapshot,AFILE_ec43ec5b16973db94a,json,research/references/pubmed_entity_IL6.response.json,atlas/releases/0.2.0/input_snapshot/research/references/pubmed_entity_IL6.response.json,ff88fc5ac3df45d2e6727cb2772b7fac07991035925e48717ffbd67433bea6c4,archived_input_copy
ASSET_3b69d48ce815a6269486,releases/0.2.0/input_snapshot/research/references/pubmed_entity_IL7.json,3158,transparent path/extension rule; documentary snapshots are not biological raw measurements,resource_metadata_snapshot,AFILE_bc105be8f5831bcfd4,json,research/references/pubmed_entity_IL7.json,atlas/releases/0.2.0/input_snapshot/research/references/pubmed_entity_IL7.json,3b69d48ce815a626948673456665eb48fa241945071d7c58fea3b1ea2f449a29,archived_input_copy
ASSET_4530ec14b02544c877c3,releases/0.2.0/input_snapshot/research/references/pubmed_entity_IL7.request.json,457,transparent path/extension rule; documentary snapshots are not biological raw measurements,resource_metadata_snapshot,AFILE_b8c779d3a5e9d74386,json,research/references/pubmed_entity_IL7.request.json,atlas/releases/0.2.0/input_snapshot/research/references/pubmed_entity_IL7.request.json,4530ec14b02544c877c3720933911734f9e4bedf6fb581ea59e97d288d84dcc6,archived_input_copy
ASSET_714f3332a8c38a548c96,releases/0.2.0/input_snapshot/research/references/pubmed_entity_IL7.response.json,427,transparent path/extension rule; documentary snapshots are not biological raw measurements,resource_metadata_snapshot,AFILE_bdc7871b54879d1caf,json,research/references/pubmed_entity_IL7.response.json,atlas/releases/0.2.0/input_snapshot/research/references/pubmed_entity_IL7.response.json,714f3332a8c38a548c96eca66eabf1cf47c83bcc9e6ef1043604e1c27ab67c7f,archived_input_copy
ASSET_6e7c03a7e8a34d5796e7,releases/0.2.0/input_snapshot/research/references/pubmed_entity_LTA.json,3157,transparent path/extension rule; documentary snapshots are not biological raw measurements,resource_metadata_snapshot,AFILE_69ab5981cf11f3a67c,json,research/references/pubmed_entity_LTA.json,atlas/releases/0.2.0/input_snapshot/research/references/pubmed_entity_LTA.json,6e7c03a7e8a34d5796e7fdc42dcd4c9ce1eddd8c18808aaecccc1a96d8918fed,archived_input_copy
ASSET_c35ed814e7fee5cd6680,releases/0.2.0/input_snapshot/research/references/pubmed_entity_LTA.request.json,457,transparent path/extension rule; documentary snapshots are not biological raw measurements,resource_metadata_snapshot,AFILE_26ae879bd02d305de4,json,research/references/pubmed_entity_LTA.request.json,atlas/releases/0.2.0/input_snapshot/research/references/pubmed_entity_LTA.request.json,c35ed814e7fee5cd6680d4520178ca2a7fe69c96c38be0dddaea30fbf736da28,archived_input_copy
ASSET_dd5eea4a9ed8a81315ae,releases/0.2.0/input_snapshot/research/references/pubmed_entity_LTA.response.json,427,transparent path/extension rule; documentary snapshots are not biological raw measurements,resource_metadata_snapshot,AFILE_eb2dfc7c2a7c11390b,json,research/references/pubmed_entity_LTA.response.json,atlas/releases/0.2.0/input_snapshot/research/references/pubmed_entity_LTA.response.json,dd5eea4a9ed8a81315aedb1429255c3cc993a62b1a0fda609e345fa72be34942,archived_input_copy
ASSET_471cda6d60f538e95dc4,releases/0.2.0/input_snapshot/research/references/pubmed_entity_TNF.json,3159,transparent path/extension rule; documentary snapshots are not biological raw measurements,resource_metadata_snapshot,AFILE_038db6378a471b2984,json,research/references/pubmed_entity_TNF.json,atlas/releases/0.2.0/input_snapshot/research/references/pubmed_entity_TNF.json,471cda6d60f538e95dc4ea0548341cfc01ba1c05dab3d1fba886b70833ff2311,archived_input_copy
ASSET_d9390a7dc1fc88c75abb,releases/0.2.0/input_snapshot/research/references/pubmed_entity_TNF.request.json,457,transparent path/extension rule; documentary snapshots are not biological raw measurements,resource_metadata_snapshot,AFILE_6aa2070694b0564995,json,research/references/pubmed_entity_TNF.request.json,atlas/releases/0.2.0/input_snapshot/research/references/pubmed_entity_TNF.request.json,d9390a7dc1fc88c75abb30aeef0c180b31391e0ebef49d1a1e9f07661cb07d4b,archived_input_copy
ASSET_4dad62f3e607d969bc62,releases/0.2.0/input_snapshot/research/references/pubmed_entity_TNF.response.json,427,transparent path/extension rule; documentary snapshots are not biological raw measurements,resource_metadata_snapshot,AFILE_b008003bb10676d38d,json,research/references/pubmed_entity_TNF.response.json,atlas/releases/0.2.0/input_snapshot/research/references/pubmed_entity_TNF.response.json,4dad62f3e607d969bc62f1fb2799723205b9b8307c2881021ac92a5032aaad87,archived_input_copy
ASSET_8f70bb43c84fc4111aa3,releases/0.2.0/input_snapshot/research/references/pubmed_entity_VEGFA.json,3160,transparent path/extension rule; documentary snapshots are not biological raw measurements,resource_metadata_snapshot,AFILE_cb2b5cbddcbbaab0c2,json,research/references/pubmed_entity_VEGFA.json,atlas/releases/0.2.0/input_snapshot/research/references/pubmed_entity_VEGFA.json,8f70bb43c84fc4111aa3c4788aa24fdd93daacfcfebd780a717c0dce02a41345,archived_input_copy
ASSET_0c313e82c516ac607af8,releases/0.2.0/input_snapshot/research/references/pubmed_entity_VEGFA.request.json,461,transparent path/extension rule; documentary snapshots are not biological raw measurements,resource_metadata_snapshot,AFILE_dbaaa24199112fff79,json,research/references/pubmed_entity_VEGFA.request.json,atlas/releases/0.2.0/input_snapshot/research/references/pubmed_entity_VEGFA.request.json,0c313e82c516ac607af805b23de6fc8bad3fe5885e33a456c4b99b60ff2a3f08,archived_input_copy
ASSET_a27783324b6b98383cb5,releases/0.2.0/input_snapshot/research/references/pubmed_entity_VEGFA.response.json,429,transparent path/extension rule; documentary snapshots are not biological raw measurements,resource_metadata_snapshot,AFILE_f1e16365ee673eb8a5,json,research/references/pubmed_entity_VEGFA.response.json,atlas/releases/0.2.0/input_snapshot/research/references/pubmed_entity_VEGFA.response.json,a27783324b6b98383cb55d80ccc5476736ae2cba1914a35b4d0637b4537542a4,archived_input_copy
ASSET_511207a03fe6f8a2d8e0,releases/0.2.0/input_snapshot/research/references/resource_01.html,64810,transparent path/extension rule; documentary snapshots are not biological raw measurements,other_artifact,AFILE_7d936dba469c622754,html,research/references/resource_01.html,atlas/releases/0.2.0/input_snapshot/research/references/resource_01.html,511207a03fe6f8a2d8e02c4bda8d85a68cbaae5609ec4023b2ae632021ef9231,archived_input_copy
ASSET_9f759d28535cb6639733,releases/0.2.0/input_snapshot/research/references/resource_02.html,12509,transparent path/extension rule; documentary snapshots are not biological raw measurements,other_artifact,AFILE_5fec47112ad6dc17a4,html,research/references/resource_02.html,atlas/releases/0.2.0/input_snapshot/research/references/resource_02.html,9f759d28535cb6639733ea1d8de8ff59e244bb979e0b8ddda5948bd71ef8ea45,archived_input_copy
ASSET_b3d2c99b8dd47fcc8f84,releases/0.2.0/input_snapshot/research/references/resource_03.html,28315,transparent path/extension rule; documentary snapshots are not biological raw measurements,other_artifact,AFILE_780f03ec9d96d002a0,html,research/references/resource_03.html,atlas/releases/0.2.0/input_snapshot/research/references/resource_03.html,b3d2c99b8dd47fcc8f8443c81c687ceb2bc24a9f24d3aa1fd9c93e6f48a43831,archived_input_copy
ASSET_407c216919d76e93c207,releases/0.2.0/input_snapshot/research/references/resource_04.html,94459,transparent path/extension rule; documentary snapshots are not biological raw measurements,other_artifact,AFILE_581365837103344d56,html,research/references/resource_04.html,atlas/releases/0.2.0/input_snapshot/research/references/resource_04.html,407c216919d76e93c20766b1b118a2b42f2e972eed88da53cf8a65173fad9637,archived_input_copy
ASSET_73543cbf5f0339a3a0fe,releases/0.2.0/input_snapshot/research/references/resource_06.html,19715,transparent path/extension rule; documentary snapshots are not biological raw measurements,other_artifact,AFILE_29412aedca2db330a9,html,research/references/resource_06.html,atlas/releases/0.2.0/input_snapshot/research/references/resource_06.html,73543cbf5f0339a3a0fe272f5ef2e59b18feccec644a28578776e4f82e594a91,archived_input_copy
ASSET_4184d91c72132b407ef1,releases/0.2.0/input_snapshot/research/references/resource_07.html,13728,transparent path/extension rule; documentary snapshots are not biological raw measurements,other_artifact,AFILE_95703da909d533163d,html,research/references/resource_07.html,atlas/releases/0.2.0/input_snapshot/research/references/resource_07.html,4184d91c72132b407ef17a7914250a9f9b0ac7481a81aecae852d0cb7c154fe3,archived_input_copy
ASSET_4e1380746cec86eca3a6,releases/0.2.0/input_snapshot/research/references/resource_08.html,8757,transparent path/extension rule; documentary snapshots are not biological raw measurements,other_artifact,AFILE_3e63452fd4f8398279,html,research/references/resource_08.html,atlas/releases/0.2.0/input_snapshot/research/references/resource_08.html,4e1380746cec86eca3a6c5dd3e65fbeab58a2d8758539a6ea4dc2c98c5a88f0f,archived_input_copy
ASSET_0f49da29417cae73bf86,releases/0.2.0/input_snapshot/research/references/resource_09.html,14374,transparent path/extension rule; documentary snapshots are not biological raw measurements,other_artifact,AFILE_b2a22a8e4399546137,html,research/references/resource_09.html,atlas/releases/0.2.0/input_snapshot/research/references/resource_09.html,0f49da29417cae73bf867332e049b2286c38424d2c26977f7e1384dfb09a350d,archived_input_copy
ASSET_13ceafe512d6f8dc557b,releases/0.2.0/input_snapshot/research/references/resource_10.html,11444,transparent path/extension rule; documentary snapshots are not biological raw measurements,other_artifact,AFILE_4b96c0b2ed87f516e9,html,research/references/resource_10.html,atlas/releases/0.2.0/input_snapshot/research/references/resource_10.html,13ceafe512d6f8dc557bd48b13394fabeab743acd832068c4ee58d86b6eb88b3,archived_input_copy
ASSET_bffdedbde05ae0788290,releases/0.2.0/input_snapshot/research/references/resource_11.html,207097,transparent path/extension rule; documentary snapshots are not biological raw measurements,other_artifact,AFILE_c1a0120de93ba28f92,html,research/references/resource_11.html,atlas/releases/0.2.0/input_snapshot/research/references/resource_11.html,bffdedbde05ae0788290da20a8eaa43b4aa926f341f0728b773cc376d8e75c86,archived_input_copy
ASSET_c5d8d124691dc870f34d,releases/0.2.0/input_snapshot/research/references/resource_12.html,181473,transparent path/extension rule; documentary snapshots are not biological raw measurements,other_artifact,AFILE_8b2d82167291684dc8,html,research/references/resource_12.html,atlas/releases/0.2.0/input_snapshot/research/references/resource_12.html,c5d8d124691dc870f34d7ce74e77a4b047fccc8b76249c6489c5e29456f29b9e,archived_input_copy
ASSET_b6d3907cdd632f5683ee,releases/0.2.0/input_snapshot/research/references/resource_13.html,224754,transparent path/extension rule; documentary snapshots are not biological raw measurements,other_artifact,AFILE_a873e9f04b4c95bd07,html,research/references/resource_13.html,atlas/releases/0.2.0/input_snapshot/research/references/resource_13.html,b6d3907cdd632f5683eedc24a3d58dcce48872aab0d786a25401bcea9361f86b,archived_input_copy
ASSET_7e6c4ef019bf27d8cb9a,releases/0.2.0/input_snapshot/research/references/resource_14.html,204430,transparent path/extension rule; documentary snapshots are not biological raw measurements,other_artifact,AFILE_680fda694c2a57052c,html,research/references/resource_14.html,atlas/releases/0.2.0/input_snapshot/research/references/resource_14.html,7e6c4ef019bf27d8cb9a9629b9c5d42b693e665b7ecab045de42240a2fac559a,archived_input_copy
ASSET_cda8f7e324124dbe19fd,releases/0.2.0/input_snapshot/research/references/resource_15.html,21263,transparent path/extension rule; documentary snapshots are not biological raw measurements,other_artifact,AFILE_6de90138972d4aa585,html,research/references/resource_15.html,atlas/releases/0.2.0/input_snapshot/research/references/resource_15.html,cda8f7e324124dbe19fd1d8f88e8b9c943bde9401e736dcbbd0c796f0bb18731,archived_input_copy
ASSET_2ad2677117c93b148ae0,releases/0.2.0/input_snapshot/research/references/resource_16.html,18132,transparent path/extension rule; documentary snapshots are not biological raw measurements,other_artifact,AFILE_63e16f432780f20236,html,research/references/resource_16.html,atlas/releases/0.2.0/input_snapshot/research/references/resource_16.html,2ad2677117c93b148ae0dcdebe064633fbe1da4309b7b48a51c8e277fe1fa251,archived_input_copy
ASSET_fd2cb3ca8404a66d0548,releases/0.2.0/input_snapshot/research/references/resource_17.html,17538,transparent path/extension rule; documentary snapshots are not biological raw measurements,other_artifact,AFILE_d8a9476e0b48d502a4,html,research/references/resource_17.html,atlas/releases/0.2.0/input_snapshot/research/references/resource_17.html,fd2cb3ca8404a66d05485772912d96255cc7f73f95c6dd10e9bc20bfa3f64af5,archived_input_copy
ASSET_8a3ba035dc6cda9acafe,releases/0.2.0/input_snapshot/research/references/resource_19.html,34083,transparent path/extension rule; documentary snapshots are not biological raw measurements,other_artifact,AFILE_103eb5cea0aae1d227,html,research/references/resource_19.html,atlas/releases/0.2.0/input_snapshot/research/references/resource_19.html,8a3ba035dc6cda9acafe552c2af2b0571221def0601a5a387a22d207b567c850,archived_input_copy
ASSET_8ad515e1f6d2f397eb90,releases/0.2.0/input_snapshot/research/references/resource_20.html,7474,transparent path/extension rule; documentary snapshots are not biological raw measurements,other_artifact,AFILE_0f9e6c6755b19b0676,html,research/references/resource_20.html,atlas/releases/0.2.0/input_snapshot/research/references/resource_20.html,8ad515e1f6d2f397eb905a8c1566494aaaa3e19f7e692c683d3f6648b8645f77,archived_input_copy
ASSET_aa9c2044fcadce3637f7,releases/0.2.0/input_snapshot/research/references/resource_21.html,9237,transparent path/extension rule; documentary snapshots are not biological raw measurements,other_artifact,AFILE_bea9a02c82fb7e10dd,html,research/references/resource_21.html,atlas/releases/0.2.0/input_snapshot/research/references/resource_21.html,aa9c2044fcadce3637f78c43798812a3ef830b0415cf674b8672b349f8b660f9,archived_input_copy
ASSET_5e0cb3553ee8959f280e,releases/0.2.0/input_snapshot/research/references/resource_22.html,6450,transparent path/extension rule; documentary snapshots are not biological raw measurements,other_artifact,AFILE_5d39c6d5efd1843c35,html,research/references/resource_22.html,atlas/releases/0.2.0/input_snapshot/research/references/resource_22.html,5e0cb3553ee8959f280e8fd7da240434e03a885ca8108dde4e20022767c98a5a,archived_input_copy
ASSET_7ae0b9b85f8737c419b0,releases/0.2.0/input_snapshot/research/references/resource_23.html,6612,transparent path/extension rule; documentary snapshots are not biological raw measurements,other_artifact,AFILE_c1a0b209bd6ffcc00b,html,research/references/resource_23.html,atlas/releases/0.2.0/input_snapshot/research/references/resource_23.html,7ae0b9b85f8737c419b00282de2ac4106165dca2f48e7ef9ce6284e32b9be0fc,archived_input_copy
ASSET_cc79d8951673d79435be,releases/0.2.0/input_snapshot/research/references/resource_registry.json,12630,transparent path/extension rule; documentary snapshots are not biological raw measurements,resource_metadata_snapshot,AFILE_38c026d5ebd9beef4f,json,research/references/resource_registry.json,atlas/releases/0.2.0/input_snapshot/research/references/resource_registry.json,cc79d8951673d79435be85d55612c0aeb5a64110d232eee3a709ce11302a2a83,archived_input_copy
ASSET_c766bbe8727bd126588c,releases/0.2.0/input_snapshot/research/references/search_registry.json,28950,transparent path/extension rule; documentary snapshots are not biological raw measurements,resource_metadata_snapshot,AFILE_71e0d100b102007790,json,research/references/search_registry.json,atlas/releases/0.2.0/input_snapshot/research/references/search_registry.json,c766bbe8727bd126588cc440a4404fb99b33c09250fff65f76d9b6fcec5aa171,archived_input_copy
ASSET_e6a6bc43ad1949904efb,releases/0.2.0/input_snapshot/research/references/uniprot_CCL11.json,73311,transparent path/extension rule; documentary snapshots are not biological raw measurements,resource_metadata_snapshot,AFILE_bf0fc7c21828cb1fa6,json,research/references/uniprot_CCL11.json,atlas/releases/0.2.0/input_snapshot/research/references/uniprot_CCL11.json,e6a6bc43ad1949904efb185cb3ba96d5ed3e6a413be735617d837fe3ca79e901,archived_input_copy
ASSET_fae34fbf452e819bd85d,releases/0.2.0/input_snapshot/research/references/uniprot_CCL11.request.json,340,transparent path/extension rule; documentary snapshots are not biological raw measurements,resource_metadata_snapshot,AFILE_06169e4dd884b26338,json,research/references/uniprot_CCL11.request.json,atlas/releases/0.2.0/input_snapshot/research/references/uniprot_CCL11.request.json,fae34fbf452e819bd85dec39e7a36cc8f186ab26c7db176c5859ba3aef441d35,archived_input_copy
ASSET_968e7a3e9615509a993b,releases/0.2.0/input_snapshot/research/references/uniprot_CCL11.response.json,994,transparent path/extension rule; documentary snapshots are not biological raw measurements,resource_metadata_snapshot,AFILE_83497cd59b955351e7,json,research/references/uniprot_CCL11.response.json,atlas/releases/0.2.0/input_snapshot/research/references/uniprot_CCL11.response.json,968e7a3e9615509a993ba5140566a0210d83ed26338f663774f1c78842852b31,archived_input_copy
ASSET_fcbf90dfe2f8a72bf34e,releases/0.2.0/input_snapshot/research/references/uniprot_CCL13.json,65814,transparent path/extension rule; documentary snapshots are not biological raw measurements,resource_metadata_snapshot,AFILE_59606ce8cfbb83f8d4,json,research/references/uniprot_CCL13.json,atlas/releases/0.2.0/input_snapshot/research/references/uniprot_CCL13.json,fcbf90dfe2f8a72bf34e0f461e00bec4e0570578ffddf5a809db23241157b63e,archived_input_copy
ASSET_649d001f51ed3499297d,releases/0.2.0/input_snapshot/research/references/uniprot_CCL13.request.json,340,transparent path/extension rule; documentary snapshots are not biological raw measurements,resource_metadata_snapshot,AFILE_0400c13d862d61bd7b,json,research/references/uniprot_CCL13.request.json,atlas/releases/0.2.0/input_snapshot/research/references/uniprot_CCL13.request.json,649d001f51ed3499297d6ff62b47ac660583b8801e95c9d74eccd39e91e8a504,archived_input_copy
ASSET_ce13a37b6e48cc3350e1,releases/0.2.0/input_snapshot/research/references/uniprot_CCL13.response.json,1003,transparent path/extension rule; documentary snapshots are not biological raw measurements,resource_metadata_snapshot,AFILE_02ea689f543ce62bd5,json,research/references/uniprot_CCL13.response.json,atlas/releases/0.2.0/input_snapshot/research/references/uniprot_CCL13.response.json,ce13a37b6e48cc3350e10d89797cc3dfdd5000c5eff104fc2aa9f5ccafac6b46,archived_input_copy
ASSET_91be4ae1029f2f7fda07,releases/0.2.0/input_snapshot/research/references/uniprot_CCL17.json,62542,transparent path/extension rule; documentary snapshots are not biological raw measurements,resource_metadata_snapshot,AFILE_cb1e1bb7af54448f87,json,research/references/uniprot_CCL17.json,atlas/releases/0.2.0/input_snapshot/research/references/uniprot_CCL17.json,91be4ae1029f2f7fda075cd3d71ec7d8c3ccd7e6e9ae67a8008458b91571305e,archived_input_copy
ASSET_2bb7e042b4a5f0689820,releases/0.2.0/input_snapshot/research/references/uniprot_CCL17.request.json,340,transparent path/extension rule; documentary snapshots are not biological raw measurements,resource_metadata_snapshot,AFILE_968e43ea31acd109f0,json,research/references/uniprot_CCL17.request.json,atlas/releases/0.2.0/input_snapshot/research/references/uniprot_CCL17.request.json,2bb7e042b4a5f068982016cf3b035ea195ef1a40d51958fc8ed49be4a5d9c29a,archived_input_copy
ASSET_3a7b1bf1e2692b7ad43d,releases/0.2.0/input_snapshot/research/references/uniprot_CCL17.response.json,984,transparent path/extension rule; documentary snapshots are not biological raw measurements,resource_metadata_snapshot,AFILE_a1665b984fa7b17c44,json,research/references/uniprot_CCL17.response.json,atlas/releases/0.2.0/input_snapshot/research/references/uniprot_CCL17.response.json,3a7b1bf1e2692b7ad43da179ffc497982c5512ba4f074f82e94453392e390b57,archived_input_copy
ASSET_af5e39a492bb231b9c57,releases/0.2.0/input_snapshot/research/references/uniprot_CCL2.json,146464,transparent path/extension rule; documentary snapshots are not biological raw measurements,resource_metadata_snapshot,AFILE_67c1335609611208f9,json,research/references/uniprot_CCL2.json,atlas/releases/0.2.0/input_snapshot/research/references/uniprot_CCL2.json,af5e39a492bb231b9c574b15072f1571637445068dae3843d2268a4653f02730,archived_input_copy
ASSET_382ae624756f1a6ebd12,releases/0.2.0/input_snapshot/research/references/uniprot_CCL2.request.json,338,transparent path/extension rule; documentary snapshots are not biological raw measurements,resource_metadata_snapshot,AFILE_9e2f44c6f9df3f1e1e,json,research/references/uniprot_CCL2.request.json,atlas/releases/0.2.0/input_snapshot/research/references/uniprot_CCL2.request.json,382ae624756f1a6ebd12743e8bfddf45f2f92f192ba7900230ae788997436e7e,archived_input_copy
ASSET_32757b3c5497bbb4940f,releases/0.2.0/input_snapshot/research/references/uniprot_CCL2.response.json,982,transparent path/extension rule; documentary snapshots are not biological raw measurements,resource_metadata_snapshot,AFILE_16a50455dca9723ab4,json,research/references/uniprot_CCL2.response.json,atlas/releases/0.2.0/input_snapshot/research/references/uniprot_CCL2.response.json,32757b3c5497bbb4940f982ef79cb5f1659d0226284eff53ef22d9132483bf87,archived_input_copy
ASSET_cbd6c304448f3d236dde,releases/0.2.0/input_snapshot/research/references/uniprot_CCL22.json,59340,transparent path/extension rule; documentary snapshots are not biological raw measurements,resource_metadata_snapshot,AFILE_c0a4b609991e946698,json,research/references/uniprot_CCL22.json,atlas/releases/0.2.0/input_snapshot/research/references/uniprot_CCL22.json,cbd6c304448f3d236ddefa0726c93c66b5a45392ba11605cdfb380f10cd8a514,archived_input_copy
ASSET_66839f8fde82888c4789,releases/0.2.0/input_snapshot/research/references/uniprot_CCL22.request.json,340,transparent path/extension rule; documentary snapshots are not biological raw measurements,resource_metadata_snapshot,AFILE_886d3d43a144721d11,json,research/references/uniprot_CCL22.request.json,atlas/releases/0.2.0/input_snapshot/research/references/uniprot_CCL22.request.json,66839f8fde82888c4789ee0bba6a5b6ff0a7b420dfdad4231e1641e3c96317f9,archived_input_copy
ASSET_48958ddd5890a0488556,releases/0.2.0/input_snapshot/research/references/uniprot_CCL22.response.json,1003,transparent path/extension rule; documentary snapshots are not biological raw measurements,resource_metadata_snapshot,AFILE_d4d4b840ab5840c011,json,research/references/uniprot_CCL22.response.json,atlas/releases/0.2.0/input_snapshot/research/references/uniprot_CCL22.response.json,48958ddd5890a048855670f7e5cc1544a81a7017c871b2eefc1a518f4c48c691,archived_input_copy
ASSET_b32ba4aa8389ec5988c4,releases/0.2.0/input_snapshot/research/references/uniprot_CCL26.fallback.json,298,transparent path/extension rule; documentary snapshots are not biological raw measurements,resource_metadata_snapshot,AFILE_9c6356d0cd5394fbdd,json,research/references/uniprot_CCL26.fallback.json,atlas/releases/0.2.0/input_snapshot/research/references/uniprot_CCL26.fallback.json,b32ba4aa8389ec5988c4444b9c2cad878a5eb9a395bfd919bdb0bbb0e50c4dfc,archived_input_copy
ASSET_77d1b55e180906f46407,releases/0.2.0/input_snapshot/research/references/uniprot_CCL26.json,71210,transparent path/extension rule; documentary snapshots are not biological raw measurements,resource_metadata_snapshot,AFILE_8dfc0adeba97e4e6d5,json,research/references/uniprot_CCL26.json,atlas/releases/0.2.0/input_snapshot/research/references/uniprot_CCL26.json,77d1b55e180906f46407c713bf0919f1790fc6898249b6548e5aa8ef182fc5ba,archived_input_copy
ASSET_8884a1bc79460a25b97d,releases/0.2.0/input_snapshot/research/references/uniprot_CCL26.request.json,340,transparent path/extension rule; documentary snapshots are not biological raw measurements,resource_metadata_snapshot,AFILE_d55e09e8137e497ad2,json,research/references/uniprot_CCL26.request.json,atlas/releases/0.2.0/input_snapshot/research/references/uniprot_CCL26.request.json,8884a1bc79460a25b97d90cd7a1383c4c809fb788a9843e929170e23ce91e9fb,archived_input_copy
ASSET_ad48f4a00c5d42a37f48,releases/0.2.0/input_snapshot/research/references/uniprot_CCL26.response.json,984,transparent path/extension rule; documentary snapshots are not biological raw measurements,resource_metadata_snapshot,AFILE_dff25148da3406d3a1,json,research/references/uniprot_CCL26.response.json,atlas/releases/0.2.0/input_snapshot/research/references/uniprot_CCL26.response.json,ad48f4a00c5d42a37f48d1682fd6b78d99cc7b279c417674388c1a656e0b4189,archived_input_copy
ASSET_f60c8beadec02ecd90cc,releases/0.2.0/input_snapshot/research/references/uniprot_CCL3.json,103914,transparent path/extension rule; documentary snapshots are not biological raw measurements,resource_metadata_snapshot,AFILE_43c903a8c88cdee101,json,research/references/uniprot_CCL3.json,atlas/releases/0.2.0/input_snapshot/research/references/uniprot_CCL3.json,f60c8beadec02ecd90cc38521bf90bc45cb631c3d5926386a9f29d05b4b53576,archived_input_copy
ASSET_abc50aa18182f2eab7ad,releases/0.2.0/input_snapshot/research/references/uniprot_CCL3.request.json,338,transparent path/extension rule; documentary snapshots are not biological raw measurements,resource_metadata_snapshot,AFILE_4ecc90886e1d51311c,json,research/references/uniprot_CCL3.request.json,atlas/releases/0.2.0/input_snapshot/research/references/uniprot_CCL3.request.json,abc50aa18182f2eab7add423c99ce25247c9b03f291d704014eff1a0d4300bec,archived_input_copy
ASSET_d298dcef503158bbffba,releases/0.2.0/input_snapshot/research/references/uniprot_CCL3.response.json,1026,transparent path/extension rule; documentary snapshots are not biological raw measurements,resource_metadata_snapshot,AFILE_a1cdb5ceeb05e7b06f,json,research/references/uniprot_CCL3.response.json,atlas/releases/0.2.0/input_snapshot/research/references/uniprot_CCL3.response.json,d298dcef503158bbffbafc91ff3ed4ba57c4cba3faf1403624edfb0baf8ab16c,archived_input_copy
ASSET_bb90d278544edf2ecbd3,releases/0.2.0/input_snapshot/research/references/uniprot_CCL4.json,91612,transparent path/extension rule; documentary snapshots are not biological raw measurements,resource_metadata_snapshot,AFILE_cab2ba45fc90e4f7de,json,research/references/uniprot_CCL4.json,atlas/releases/0.2.0/input_snapshot/research/references/uniprot_CCL4.json,bb90d278544edf2ecbd3b263495635f193f9c0b8592d2361835506e8720686de,archived_input_copy
ASSET_9ff025ce91338f480d7d,releases/0.2.0/input_snapshot/research/references/uniprot_CCL4.request.json,338,transparent path/extension rule; documentary snapshots are not biological raw measurements,resource_metadata_snapshot,AFILE_84ce13109bd3fe8fa7,json,research/references/uniprot_CCL4.request.json,atlas/releases/0.2.0/input_snapshot/research/references/uniprot_CCL4.request.json,9ff025ce91338f480d7d961cf6518b4e9b04717f8836b9242c291ab9997ae646,archived_input_copy
ASSET_4a2af9bca8a7999acf13,releases/0.2.0/input_snapshot/research/references/uniprot_CCL4.response.json,1021,transparent path/extension rule; documentary snapshots are not biological raw measurements,resource_metadata_snapshot,AFILE_46dd414efb00c091ee,json,research/references/uniprot_CCL4.response.json,atlas/releases/0.2.0/input_snapshot/research/references/uniprot_CCL4.response.json,4a2af9bca8a7999acf1342ca8760c88570663585e9d63c7994fe5820dda539c6,archived_input_copy
ASSET_59983f09e79dca047925,releases/0.2.0/input_snapshot/research/references/uniprot_CSF2.json,87006,transparent path/extension rule; documentary snapshots are not biological raw measurements,resource_metadata_snapshot,AFILE_1e0861deb4e1659cd8,json,research/references/uniprot_CSF2.json,atlas/releases/0.2.0/input_snapshot/research/references/uniprot_CSF2.json,59983f09e79dca0479258b562b5c0481124dc92c9bbb71c69497ce09c8430a81,archived_input_copy
ASSET_2cc04e30be635e676be1,releases/0.2.0/input_snapshot/research/references/uniprot_CSF2.request.json,338,transparent path/extension rule; documentary snapshots are not biological raw measurements,resource_metadata_snapshot,AFILE_72e1df758c50934f36,json,research/references/uniprot_CSF2.request.json,atlas/releases/0.2.0/input_snapshot/research/references/uniprot_CSF2.request.json,2cc04e30be635e676be1f6ecfc2998dadc205cc090ef02b7b9f2b4eb2145a932,archived_input_copy
ASSET_fc38c73b996541e7ef70,releases/0.2.0/input_snapshot/research/references/uniprot_CSF2.response.json,992,transparent path/extension rule; documentary snapshots are not biological raw measurements,resource_metadata_snapshot,AFILE_b57a7daa371f2944fc,json,research/references/uniprot_CSF2.response.json,atlas/releases/0.2.0/input_snapshot/research/references/uniprot_CSF2.response.json,fc38c73b996541e7ef705ca1e93763d3c96b87ea2e7f7d915aab2e5a759b96fa,archived_input_copy
ASSET_981ca215a3471f7b987e,releases/0.2.0/input_snapshot/research/references/uniprot_CXCL10.json,86398,transparent path/extension rule; documentary snapshots are not biological raw measurements,resource_metadata_snapshot,AFILE_fd3412885893c2a9a9,json,research/references/uniprot_CXCL10.json,atlas/releases/0.2.0/input_snapshot/research/references/uniprot_CXCL10.json,981ca215a3471f7b987ef9ed2e5368f93434400d791a379a9c23c82fd06d3aec,archived_input_copy
ASSET_2179fcc52a7e5c0a6860,releases/0.2.0/input_snapshot/research/references/uniprot_CXCL10.request.json,342,transparent path/extension rule; documentary snapshots are not biological raw measurements,resource_metadata_snapshot,AFILE_49e305ed025467cf65,json,research/references/uniprot_CXCL10.request.json,atlas/releases/0.2.0/input_snapshot/research/references/uniprot_CXCL10.request.json,2179fcc52a7e5c0a68605b7cd88998741bd6ddbd1f0618f2c9341294ecba7a93,archived_input_copy
ASSET_dd9d2c1f03d3ae96323d,releases/0.2.0/input_snapshot/research/references/uniprot_CXCL10.response.json,994,transparent path/extension rule; documentary snapshots are not biological raw measurements,resource_metadata_snapshot,AFILE_52e927cb40ed085b92,json,research/references/uniprot_CXCL10.response.json,atlas/releases/0.2.0/input_snapshot/research/references/uniprot_CXCL10.response.json,dd9d2c1f03d3ae96323d07e9772383f691693cf28c349e4251dbb0cc1cf54758,archived_input_copy
ASSET_19da5514a81bf17c3680,releases/0.2.0/input_snapshot/research/references/uniprot_CXCL8.json,152008,transparent path/extension rule; documentary snapshots are not biological raw measurements,resource_metadata_snapshot,AFILE_f866473ce6be86434f,json,research/references/uniprot_CXCL8.json,atlas/releases/0.2.0/input_snapshot/research/references/uniprot_CXCL8.json,19da5514a81bf17c3680e117d4e49f86d192fc54826fb022de4d7304b9d81d5d,archived_input_copy
ASSET_00622fb5574fec4d9d11,releases/0.2.0/input_snapshot/research/references/uniprot_CXCL8.request.json,340,transparent path/extension rule; documentary snapshots are not biological raw measurements,resource_metadata_snapshot,AFILE_8f890e6320f93a2f13,json,research/references/uniprot_CXCL8.request.json,atlas/releases/0.2.0/input_snapshot/research/references/uniprot_CXCL8.request.json,00622fb5574fec4d9d11d95ff0029d73179a58a24a1cb70cda068c196540f44a,archived_input_copy
ASSET_87ff344a4a29d838682b,releases/0.2.0/input_snapshot/research/references/uniprot_CXCL8.response.json,1071,transparent path/extension rule; documentary snapshots are not biological raw measurements,resource_metadata_snapshot,AFILE_563f78339278eac754,json,research/references/uniprot_CXCL8.response.json,atlas/releases/0.2.0/input_snapshot/research/references/uniprot_CXCL8.response.json,87ff344a4a29d838682bf9d01dfbe29f6ee3c2344e07cb0c5f7499b7d8f829d4,archived_input_copy
ASSET_9d276b5007880b6ba39d,releases/0.2.0/input_snapshot/research/references/uniprot_IFNG.json,116791,transparent path/extension rule; documentary snapshots are not biological raw measurements,resource_metadata_snapshot,AFILE_90b0533c338bd3d115,json,research/references/uniprot_IFNG.json,atlas/releases/0.2.0/input_snapshot/research/references/uniprot_IFNG.json,9d276b5007880b6ba39d35194c87745c3f60f2bc2793468062e88328f3e5b205,archived_input_copy
ASSET_77967ecb30f3a4922b43,releases/0.2.0/input_snapshot/research/references/uniprot_IFNG.request.json,338,transparent path/extension rule; documentary snapshots are not biological raw measurements,resource_metadata_snapshot,AFILE_ebf8abec68839f0b21,json,research/references/uniprot_IFNG.request.json,atlas/releases/0.2.0/input_snapshot/research/references/uniprot_IFNG.request.json,77967ecb30f3a4922b4358f807847b1af4402bce109debfb98a13f67d78f879f,archived_input_copy
ASSET_826d5c1b147be010ad9b,releases/0.2.0/input_snapshot/research/references/uniprot_IFNG.response.json,982,transparent path/extension rule; documentary snapshots are not biological raw measurements,resource_metadata_snapshot,AFILE_2462f35d28f578bd93,json,research/references/uniprot_IFNG.response.json,atlas/releases/0.2.0/input_snapshot/research/references/uniprot_IFNG.response.json,826d5c1b147be010ad9b06cdd3f638548f05350b5c3ebc01c1772b1aa51202ff,archived_input_copy
ASSET_fd6bde5be61aa73ba6aa,releases/0.2.0/input_snapshot/research/references/uniprot_IL10.json,108223,transparent path/extension rule; documentary snapshots are not biological raw measurements,resource_metadata_snapshot,AFILE_5b375f0891af437511,json,research/references/uniprot_IL10.json,atlas/releases/0.2.0/input_snapshot/research/references/uniprot_IL10.json,fd6bde5be61aa73ba6aac09bcff9fc92036b580367c09f9969b725174b649b1e,archived_input_copy
ASSET_f661fb9b54a777ac800d,releases/0.2.0/input_snapshot/research/references/uniprot_IL10.request.json,338,transparent path/extension rule; documentary snapshots are not biological raw measurements,resource_metadata_snapshot,AFILE_773ac8b75fa3098e85,json,research/references/uniprot_IL10.request.json,atlas/releases/0.2.0/input_snapshot/research/references/uniprot_IL10.request.json,f661fb9b54a777ac800d9f665a13fd78e3f51f0b52d05fa311698f5953389014,archived_input_copy
ASSET_0e631125c45b685691d7,releases/0.2.0/input_snapshot/research/references/uniprot_IL10.response.json,1007,transparent path/extension rule; documentary snapshots are not biological raw measurements,resource_metadata_snapshot,AFILE_f3a837af37d2de96e9,json,research/references/uniprot_IL10.response.json,atlas/releases/0.2.0/input_snapshot/research/references/uniprot_IL10.response.json,0e631125c45b685691d7595b284a7caa0e596f4c0133f56cdbf13e1ddfa034a7,archived_input_copy
ASSET_ce089ec46e6ee82b91bd,releases/0.2.0/input_snapshot/research/references/uniprot_IL12A.json,85657,transparent path/extension rule; documentary snapshots are not biological raw measurements,resource_metadata_snapshot,AFILE_badb24638588902a29,json,research/references/uniprot_IL12A.json,atlas/releases/0.2.0/input_snapshot/research/references/uniprot_IL12A.json,ce089ec46e6ee82b91bdf4a3f8e1263c83baaeb28081dd8eaed5ffd1b959a022,archived_input_copy
ASSET_f38d7cbabbba0afadaa9,releases/0.2.0/input_snapshot/research/references/uniprot_IL12A.request.json,340,transparent path/extension rule; documentary snapshots are not biological raw measurements,resource_metadata_snapshot,AFILE_47df3333e6c09a119b,json,research/references/uniprot_IL12A.request.json,atlas/releases/0.2.0/input_snapshot/research/references/uniprot_IL12A.request.json,f38d7cbabbba0afadaa9ce86024907018b736942b4ece63c11f722e1114f2d52,archived_input_copy
ASSET_3220d687dd119fb2b4f9,releases/0.2.0/input_snapshot/research/references/uniprot_IL12A.response.json,974,transparent path/extension rule; documentary snapshots are not biological raw measurements,resource_metadata_snapshot,AFILE_bfa8edb74c141639ae,json,research/references/uniprot_IL12A.response.json,atlas/releases/0.2.0/input_snapshot/research/references/uniprot_IL12A.response.json,3220d687dd119fb2b4f94338f90980cc8c12e67cb15a444e4f4e476b8575cecf,archived_input_copy
ASSET_aefe8f13ba48952f0d15,releases/0.2.0/input_snapshot/research/references/uniprot_IL12B.json,131187,transparent path/extension rule; documentary snapshots are not biological raw measurements,resource_metadata_snapshot,AFILE_4edcb4bf8fbe31ba03,json,research/references/uniprot_IL12B.json,atlas/releases/0.2.0/input_snapshot/research/references/uniprot_IL12B.json,aefe8f13ba48952f0d1548e466bd3143647a8f9eadf1f722e070a8be5c9b5b18,archived_input_copy
ASSET_d4ef11bf582c7ac00674,releases/0.2.0/input_snapshot/research/references/uniprot_IL12B.request.json,340,transparent path/extension rule; documentary snapshots are not biological raw measurements,resource_metadata_snapshot,AFILE_c9b68976941167e3eb,json,research/references/uniprot_IL12B.request.json,atlas/releases/0.2.0/input_snapshot/research/references/uniprot_IL12B.request.json,d4ef11bf582c7ac00674d2d0fcd605f455609ef3a19aeddda565d5d039bac895,archived_input_copy
ASSET_e47886b0d8a9929a8260,releases/0.2.0/input_snapshot/research/references/uniprot_IL12B.response.json,1023,transparent path/extension rule; documentary snapshots are not biological raw measurements,resource_metadata_snapshot,AFILE_ab3032a92ca0f24336,json,research/references/uniprot_IL12B.response.json,atlas/releases/0.2.0/input_snapshot/research/references/uniprot_IL12B.response.json,e47886b0d8a9929a8260610b76edc4f6accf03d02ec10b8f73e151cc37d9d28a,archived_input_copy
ASSET_3664589414d41a843764,releases/0.2.0/input_snapshot/research/references/uniprot_IL13.json,104385,transparent path/extension rule; documentary snapshots are not biological raw measurements,resource_metadata_snapshot,AFILE_a8832d9423dd53262b,json,research/references/uniprot_IL13.json,atlas/releases/0.2.0/input_snapshot/research/references/uniprot_IL13.json,3664589414d41a843764556324da2a279cdd2ed1a7097b007e92d282366c1306,archived_input_copy
ASSET_ea65d07e1684f0a53cac,releases/0.2.0/input_snapshot/research/references/uniprot_IL13.request.json,338,transparent path/extension rule; documentary snapshots are not biological raw measurements,resource_metadata_snapshot,AFILE_3767f4d8d2eb81fe34,json,research/references/uniprot_IL13.request.json,atlas/releases/0.2.0/input_snapshot/research/references/uniprot_IL13.request.json,ea65d07e1684f0a53cacbda7b3c5b44c4baf03c6f1e433a326efb4c5bf594f06,archived_input_copy
ASSET_dec6b22ee436a294669c,releases/0.2.0/input_snapshot/research/references/uniprot_IL13.response.json,965,transparent path/extension rule; documentary snapshots are not biological raw measurements,resource_metadata_snapshot,AFILE_819f7ff04ca329b89e,json,research/references/uniprot_IL13.response.json,atlas/releases/0.2.0/input_snapshot/research/references/uniprot_IL13.response.json,dec6b22ee436a294669cdc1e20663983ebf78edb1d5d8b1873ddd3f8af62ebcb,archived_input_copy
ASSET_a682b20afa52bfb33d35,releases/0.2.0/input_snapshot/research/references/uniprot_IL15.json,104103,transparent path/extension rule; documentary snapshots are not biological raw measurements,resource_metadata_snapshot,AFILE_f183e4057929c2da80,json,research/references/uniprot_IL15.json,atlas/releases/0.2.0/input_snapshot/research/references/uniprot_IL15.json,a682b20afa52bfb33d35f98a5f30fa3cbaa2dac4da49acdd9bc67d2f31600c75,archived_input_copy
ASSET_dbf3ae371de6bcc59d7d,releases/0.2.0/input_snapshot/research/references/uniprot_IL15.request.json,338,transparent path/extension rule; documentary snapshots are not biological raw measurements,resource_metadata_snapshot,AFILE_cf01e802ef3ce13c56,json,research/references/uniprot_IL15.request.json,atlas/releases/0.2.0/input_snapshot/research/references/uniprot_IL15.request.json,dbf3ae371de6bcc59d7db726f1d8334354ba965bb5f39db31be158b9ace077a5,archived_input_copy
ASSET_e12984c10ab56dcdbd7c,releases/0.2.0/input_snapshot/research/references/uniprot_IL15.response.json,1005,transparent path/extension rule; documentary snapshots are not biological raw measurements,resource_metadata_snapshot,AFILE_888e7861ef99a90e68,json,research/references/uniprot_IL15.response.json,atlas/releases/0.2.0/input_snapshot/research/references/uniprot_IL15.response.json,e12984c10ab56dcdbd7c6ffddadb9c06cf1d5f97e5877030a3c9860b17fe59a4,archived_input_copy
ASSET_787cb9ed6c0d5736719e,releases/0.2.0/input_snapshot/research/references/uniprot_IL16.json,330535,transparent path/extension rule; documentary snapshots are not biological raw measurements,resource_metadata_snapshot,AFILE_37a7cb0513dcf7a79a,json,research/references/uniprot_IL16.json,atlas/releases/0.2.0/input_snapshot/research/references/uniprot_IL16.json,787cb9ed6c0d5736719e08f5ad3cd7823cf1f13060e4bccb0b2c36a564d44fe0,archived_input_copy
ASSET_f54590c1496b7c95e7e9,releases/0.2.0/input_snapshot/research/references/uniprot_IL16.request.json,338,transparent path/extension rule; documentary snapshots are not biological raw measurements,resource_metadata_snapshot,AFILE_33ed212b887e7bb627,json,research/references/uniprot_IL16.request.json,atlas/releases/0.2.0/input_snapshot/research/references/uniprot_IL16.request.json,f54590c1496b7c95e7e9a906f52eee61bf3bb8b098bea4e2458624dfca2592c0,archived_input_copy
ASSET_29751923ec6c0ac52d67,releases/0.2.0/input_snapshot/research/references/uniprot_IL16.response.json,1023,transparent path/extension rule; documentary snapshots are not biological raw measurements,resource_metadata_snapshot,AFILE_f465ff5d3ee963b5c0,json,research/references/uniprot_IL16.response.json,atlas/releases/0.2.0/input_snapshot/research/references/uniprot_IL16.response.json,29751923ec6c0ac52d67d42bd0e0c32ad51334231ef6e1e306043a8d4652f565,archived_input_copy
ASSET_b475356a182537e37171,releases/0.2.0/input_snapshot/research/references/uniprot_IL17A.json,124224,transparent path/extension rule; documentary snapshots are not biological raw measurements,resource_metadata_snapshot,AFILE_f69a277491cea89849,json,research/references/uniprot_IL17A.json,atlas/releases/0.2.0/input_snapshot/research/references/uniprot_IL17A.json,b475356a182537e3717192dd12b849b0ef559d1e61fe2cd60322ae54c7348e23,archived_input_copy
ASSET_cceebb4396ecc3cf6b41,releases/0.2.0/input_snapshot/research/references/uniprot_IL17A.request.json,340,transparent path/extension rule; documentary snapshots are not biological raw measurements,resource_metadata_snapshot,AFILE_4c3e937f1607c9bb28,json,research/references/uniprot_IL17A.request.json,atlas/releases/0.2.0/input_snapshot/research/references/uniprot_IL17A.request.json,cceebb4396ecc3cf6b41b2449c0194d72fcd5fcd81dd0f9ab77dfa43450a0dfd,archived_input_copy
ASSET_c0335180f329bc02b063,releases/0.2.0/input_snapshot/research/references/uniprot_IL17A.response.json,973,transparent path/extension rule; documentary snapshots are not biological raw measurements,resource_metadata_snapshot,AFILE_37de3a2d2d1b535e96,json,research/references/uniprot_IL17A.response.json,atlas/releases/0.2.0/input_snapshot/research/references/uniprot_IL17A.response.json,c0335180f329bc02b0633a0b1ad0c70766433c34a46fada96844375d426e2d77,archived_input_copy
ASSET_9fc3a121a644741a9d7f,releases/0.2.0/input_snapshot/research/references/uniprot_IL1A.json,120023,transparent path/extension rule; documentary snapshots are not biological raw measurements,resource_metadata_snapshot,AFILE_7aa89852d63bf948a4,json,research/references/uniprot_IL1A.json,atlas/releases/0.2.0/input_snapshot/research/references/uniprot_IL1A.json,9fc3a121a644741a9d7ffd41844dab9e556c2821ded130273979b51e6855140b,archived_input_copy
ASSET_64e3c3ce3c17de7e968a,releases/0.2.0/input_snapshot/research/references/uniprot_IL1A.request.json,338,transparent path/extension rule; documentary snapshots are not biological raw measurements,resource_metadata_snapshot,AFILE_10a6e660e7d8799086,json,research/references/uniprot_IL1A.request.json,atlas/releases/0.2.0/input_snapshot/research/references/uniprot_IL1A.request.json,64e3c3ce3c17de7e968acd41958706b2450ee8065378d9af0a448360f6c7828a,archived_input_copy
ASSET_06fdb501b28789be5c39,releases/0.2.0/input_snapshot/research/references/uniprot_IL1A.response.json,982,transparent path/extension rule; documentary snapshots are not biological raw measurements,resource_metadata_snapshot,AFILE_e3c9cb725ba4119f23,json,research/references/uniprot_IL1A.response.json,atlas/releases/0.2.0/input_snapshot/research/references/uniprot_IL1A.response.json,06fdb501b28789be5c39fc677d8afadce27be5588490c63884071ee7746ff075,archived_input_copy
ASSET_80677a941288d75bfa94,releases/0.2.0/input_snapshot/research/references/uniprot_IL1B.json,213502,transparent path/extension rule; documentary snapshots are not biological raw measurements,resource_metadata_snapshot,AFILE_92691915db1a024bf2,json,research/references/uniprot_IL1B.json,atlas/releases/0.2.0/input_snapshot/research/references/uniprot_IL1B.json,80677a941288d75bfa9451844eff7a9ed29b1dc718bf7658ab8d7470ac3a89a4,archived_input_copy
ASSET_1e48c5ffad6e5e7fd89c,releases/0.2.0/input_snapshot/research/references/uniprot_IL1B.request.json,338,transparent path/extension rule; documentary snapshots are not biological raw measurements,resource_metadata_snapshot,AFILE_b1d355d513f995b67c,json,research/references/uniprot_IL1B.request.json,atlas/releases/0.2.0/input_snapshot/research/references/uniprot_IL1B.request.json,1e48c5ffad6e5e7fd89c356e6455519a0cc983ba260510029e296bb45378ce0c,archived_input_copy
ASSET_b76decb50df3147f0fa3,releases/0.2.0/input_snapshot/research/references/uniprot_IL1B.response.json,1022,transparent path/extension rule; documentary snapshots are not biological raw measurements,resource_metadata_snapshot,AFILE_23b84c880cacdf08f8,json,research/references/uniprot_IL1B.response.json,atlas/releases/0.2.0/input_snapshot/research/references/uniprot_IL1B.response.json,b76decb50df3147f0fa3240601134822256ac59dfaff7f86f6812c66c28ea5c3,archived_input_copy
ASSET_11b4c9dfb95dcf90ba6f,releases/0.2.0/input_snapshot/research/references/uniprot_IL2.json,118765,transparent path/extension rule; documentary snapshots are not biological raw measurements,resource_metadata_snapshot,AFILE_ed7b0cd6e6517f3e5c,json,research/references/uniprot_IL2.json,atlas/releases/0.2.0/input_snapshot/research/references/uniprot_IL2.json,11b4c9dfb95dcf90ba6f3abafdab2ef3290293eca78158c748d50152ea456f14,archived_input_copy
ASSET_2ab2019a360d048f240f,releases/0.2.0/input_snapshot/research/references/uniprot_IL2.request.json,336,transparent path/extension rule; documentary snapshots are not biological raw measurements,resource_metadata_snapshot,AFILE_e7f88189ed18385c62,json,research/references/uniprot_IL2.request.json,atlas/releases/0.2.0/input_snapshot/research/references/uniprot_IL2.request.json,2ab2019a360d048f240f4552601114f5ec26ad6f20ffa6c3efd09ed66282178d,archived_input_copy
ASSET_b99b1fc1be9dcc322e24,releases/0.2.0/input_snapshot/research/references/uniprot_IL2.response.json,989,transparent path/extension rule; documentary snapshots are not biological raw measurements,resource_metadata_snapshot,AFILE_9a802a31be420b0f3d,json,research/references/uniprot_IL2.response.json,atlas/releases/0.2.0/input_snapshot/research/references/uniprot_IL2.response.json,b99b1fc1be9dcc322e249c44f329bcf139e9bf9ea5d3b46aef0cd3564749587b,archived_input_copy
ASSET_d356080c4ed94add51e6,releases/0.2.0/input_snapshot/research/references/uniprot_IL4.json,116062,transparent path/extension rule; documentary snapshots are not biological raw measurements,resource_metadata_snapshot,AFILE_1f9d7abaadd6cec9a1,json,research/references/uniprot_IL4.json,atlas/releases/0.2.0/input_snapshot/research/references/uniprot_IL4.json,d356080c4ed94add51e600bb3a563628a9dc099bedf5c3d95372da7b290ab2cf,archived_input_copy
ASSET_bac7175f60ce778345b3,releases/0.2.0/input_snapshot/research/references/uniprot_IL4.request.json,336,transparent path/extension rule; documentary snapshots are not biological raw measurements,resource_metadata_snapshot,AFILE_bf6948e051c935f875,json,research/references/uniprot_IL4.request.json,atlas/releases/0.2.0/input_snapshot/research/references/uniprot_IL4.request.json,bac7175f60ce778345b30e800f08e052f7fe4da7021c18932903564c790088b6,archived_input_copy
ASSET_b81885e7b7e5379c2dfe,releases/0.2.0/input_snapshot/research/references/uniprot_IL4.response.json,980,transparent path/extension rule; documentary snapshots are not biological raw measurements,resource_metadata_snapshot,AFILE_08c617b830df9102d9,json,research/references/uniprot_IL4.response.json,atlas/releases/0.2.0/input_snapshot/research/references/uniprot_IL4.response.json,b81885e7b7e5379c2dfea1045ebc7d02d1ae52df4d73d360c6df9adbd251cfcd,archived_input_copy
ASSET_60d57a8bcd962eb40fb7,releases/0.2.0/input_snapshot/research/references/uniprot_IL5.json,73539,transparent path/extension rule; documentary snapshots are not biological raw measurements,resource_metadata_snapshot,AFILE_46b3e1f4286310bbd7,json,research/references/uniprot_IL5.json,atlas/releases/0.2.0/input_snapshot/research/references/uniprot_IL5.json,60d57a8bcd962eb40fb7343e4cde9ee004ebd1da4e5976b9b031f087305dc5b1,archived_input_copy
ASSET_21d453c7168260f90bd5,releases/0.2.0/input_snapshot/research/references/uniprot_IL5.request.json,336,transparent path/extension rule; documentary snapshots are not biological raw measurements,resource_metadata_snapshot,AFILE_7b2bd0acf6dd62c7d4,json,research/references/uniprot_IL5.request.json,atlas/releases/0.2.0/input_snapshot/research/references/uniprot_IL5.request.json,21d453c7168260f90bd5ca5a95f5b6b7afbe7a4f304c660f0da871b3f58f26ae,archived_input_copy
ASSET_e1500ac4b76ed5d9a2a6,releases/0.2.0/input_snapshot/research/references/uniprot_IL5.response.json,970,transparent path/extension rule; documentary snapshots are not biological raw measurements,resource_metadata_snapshot,AFILE_aaefa8c4cfa5e6a127,json,research/references/uniprot_IL5.response.json,atlas/releases/0.2.0/input_snapshot/research/references/uniprot_IL5.response.json,e1500ac4b76ed5d9a2a682446d54b1f30eb4cf22ac969096bcdabdbcdfc03844,archived_input_copy
ASSET_6fb15320a443a455a08f,releases/0.2.0/input_snapshot/research/references/uniprot_IL6.json,171291,transparent path/extension rule; documentary snapshots are not biological raw measurements,resource_metadata_snapshot,AFILE_0528a126a33aebd4f9,json,research/references/uniprot_IL6.json,atlas/releases/0.2.0/input_snapshot/research/references/uniprot_IL6.json,6fb15320a443a455a08fe049b9a077f539a106072baac06b1f448de35b381a39,archived_input_copy
ASSET_2726cf4539ee6cb674e1,releases/0.2.0/input_snapshot/research/references/uniprot_IL6.request.json,336,transparent path/extension rule; documentary snapshots are not biological raw measurements,resource_metadata_snapshot,AFILE_533f1a717c1c39a46c,json,research/references/uniprot_IL6.request.json,atlas/releases/0.2.0/input_snapshot/research/references/uniprot_IL6.request.json,2726cf4539ee6cb674e1bf89df99a13f6aefad6f351cc7d6762874b955f8e838,archived_input_copy
ASSET_ba67a15bf0527e9e1419,releases/0.2.0/input_snapshot/research/references/uniprot_IL6.response.json,990,transparent path/extension rule; documentary snapshots are not biological raw measurements,resource_metadata_snapshot,AFILE_8127313832fd2fe01e,json,research/references/uniprot_IL6.response.json,atlas/releases/0.2.0/input_snapshot/research/references/uniprot_IL6.response.json,ba67a15bf0527e9e1419233ddb7c177ce9e4dcd6e248002ed2e48a8e00be5b23,archived_input_copy
ASSET_26f432747e41c5c72566,releases/0.2.0/input_snapshot/research/references/uniprot_IL7.json,76089,transparent path/extension rule; documentary snapshots are not biological raw measurements,resource_metadata_snapshot,AFILE_965fe8347e30f67946,json,research/references/uniprot_IL7.json,atlas/releases/0.2.0/input_snapshot/research/references/uniprot_IL7.json,26f432747e41c5c725665d514634018aab2fd66b119cefc5262e607fe27404d9,archived_input_copy
ASSET_ea18bf9c3f8225a7fb5f,releases/0.2.0/input_snapshot/research/references/uniprot_IL7.request.json,336,transparent path/extension rule; documentary snapshots are not biological raw measurements,resource_metadata_snapshot,AFILE_ddbd0a07311232cdae,json,research/references/uniprot_IL7.request.json,atlas/releases/0.2.0/input_snapshot/research/references/uniprot_IL7.request.json,ea18bf9c3f8225a7fb5fc5432af9120c90bc512d71af3bbd10c61730182349bf,archived_input_copy
ASSET_3a267746bcc4d4efeb4a,releases/0.2.0/input_snapshot/research/references/uniprot_IL7.response.json,963,transparent path/extension rule; documentary snapshots are not biological raw measurements,resource_metadata_snapshot,AFILE_1c1d5f0dd663b44306,json,research/references/uniprot_IL7.response.json,atlas/releases/0.2.0/input_snapshot/research/references/uniprot_IL7.response.json,3a267746bcc4d4efeb4a4154ecfe049e7afa8ce152d4af1f6fc7643992ec76b5,archived_input_copy
ASSET_37c513b236b9a61bcc78,releases/0.2.0/input_snapshot/research/references/uniprot_LTA.json,91387,transparent path/extension rule; documentary snapshots are not biological raw measurements,resource_metadata_snapshot,AFILE_c9d5d355dc485dc3a5,json,research/references/uniprot_LTA.json,atlas/releases/0.2.0/input_snapshot/research/references/uniprot_LTA.json,37c513b236b9a61bcc7835f974add2d051f2191f4d3a1b1ebb10f7181b98a69f,archived_input_copy
ASSET_337707ad7d252f102728,releases/0.2.0/input_snapshot/research/references/uniprot_LTA.request.json,336,transparent path/extension rule; documentary snapshots are not biological raw measurements,resource_metadata_snapshot,AFILE_dcfee66c660700ee54,json,research/references/uniprot_LTA.request.json,atlas/releases/0.2.0/input_snapshot/research/references/uniprot_LTA.request.json,337707ad7d252f1027287dbf3d8568620a4a9dc1f4b6ae70060347fd73b144f0,archived_input_copy
ASSET_836c50cfeb559a779bba,releases/0.2.0/input_snapshot/research/references/uniprot_LTA.response.json,981,transparent path/extension rule; documentary snapshots are not biological raw measurements,resource_metadata_snapshot,AFILE_382e412c3e31f4a33a,json,research/references/uniprot_LTA.response.json,atlas/releases/0.2.0/input_snapshot/research/references/uniprot_LTA.response.json,836c50cfeb559a779bba5092cb3b207013cfeb10a4c755ee2559065900dcfe61,archived_input_copy
ASSET_e0ff0ba226d6d35a9fff,releases/0.2.0/input_snapshot/research/references/uniprot_TNF.json,262771,transparent path/extension rule; documentary snapshots are not biological raw measurements,resource_metadata_snapshot,AFILE_ed2f6e237521644d78,json,research/references/uniprot_TNF.json,atlas/releases/0.2.0/input_snapshot/research/references/uniprot_TNF.json,e0ff0ba226d6d35a9fff2f24366edb2f7bf6bba1c8e6ae18c907f8463b2623f7,archived_input_copy
ASSET_1da53522b6738cc4b183,releases/0.2.0/input_snapshot/research/references/uniprot_TNF.request.json,336,transparent path/extension rule; documentary snapshots are not biological raw measurements,resource_metadata_snapshot,AFILE_516e12504a524b1d9e,json,research/references/uniprot_TNF.request.json,atlas/releases/0.2.0/input_snapshot/research/references/uniprot_TNF.request.json,1da53522b6738cc4b183a70f4e693048bd4ea2cd8d1f049271e4bcb930537a42,archived_input_copy
ASSET_50a102bda6102765009e,releases/0.2.0/input_snapshot/research/references/uniprot_TNF.response.json,1010,transparent path/extension rule; documentary snapshots are not biological raw measurements,resource_metadata_snapshot,AFILE_9956f8262e9e3fe24d,json,research/references/uniprot_TNF.response.json,atlas/releases/0.2.0/input_snapshot/research/references/uniprot_TNF.response.json,50a102bda6102765009eb0c58040ea254934289f607dbd4be232399ef545cb26,archived_input_copy
ASSET_64143d4a8be940508a41,releases/0.2.0/input_snapshot/research/references/uniprot_VEGFA.json,276897,transparent path/extension rule; documentary snapshots are not biological raw measurements,resource_metadata_snapshot,AFILE_d20e38f5af8ef886dd,json,research/references/uniprot_VEGFA.json,atlas/releases/0.2.0/input_snapshot/research/references/uniprot_VEGFA.json,64143d4a8be940508a41a64616aa5f24d96b12c5538fb514424d9606a2adc6c3,archived_input_copy
ASSET_94186762428301e000a5,releases/0.2.0/input_snapshot/research/references/uniprot_VEGFA.request.json,340,transparent path/extension rule; documentary snapshots are not biological raw measurements,resource_metadata_snapshot,AFILE_798539d44a66c7f006,json,research/references/uniprot_VEGFA.request.json,atlas/releases/0.2.0/input_snapshot/research/references/uniprot_VEGFA.request.json,94186762428301e000a558c71c029d852c6c2428e63faa39bd73904b20f16cda,archived_input_copy
ASSET_e340608c082a9276ee41,releases/0.2.0/input_snapshot/research/references/uniprot_VEGFA.response.json,1101,transparent path/extension rule; documentary snapshots are not biological raw measurements,resource_metadata_snapshot,AFILE_485299dc33b0327257,json,research/references/uniprot_VEGFA.response.json,atlas/releases/0.2.0/input_snapshot/research/references/uniprot_VEGFA.response.json,e340608c082a9276ee41ca4969f41e6ab27e523e5310b3009836ca77971a38c5,archived_input_copy
ASSET_575764c960c7fc67b099,releases/0.2.0/input_snapshot/research/review_chemokine_0.2.json,10736,transparent path/extension rule; documentary snapshots are not biological raw measurements,structured_curation_or_provenance,AFILE_48724dda7acf9764a6,json,research/review_chemokine_0.2.json,atlas/releases/0.2.0/input_snapshot/research/review_chemokine_0.2.json,575764c960c7fc67b0991f86a473fe187dbc3a7e6fadda272f8e188a010f4226,archived_input_copy
ASSET_5cc9f34a18cd8534f714,releases/0.2.0/input_snapshot/research/review_chemokine_0.2_final_recheck.json,18688,transparent path/extension rule; documentary snapshots are not biological raw measurements,structured_curation_or_provenance,AFILE_7b0030eb53baa6d16b,json,research/review_chemokine_0.2_final_recheck.json,atlas/releases/0.2.0/input_snapshot/research/review_chemokine_0.2_final_recheck.json,5cc9f34a18cd8534f714c65d0d80eee186c7e9de8dc3e7a63390d25aa6677f66,archived_input_copy
ASSET_271adf3241d3c3721f91,releases/0.2.0/input_snapshot/research/review_chemokine_0.2_recheck.json,10798,transparent path/extension rule; documentary snapshots are not biological raw measurements,structured_curation_or_provenance,AFILE_0e04ac3a970452b38d,json,research/review_chemokine_0.2_recheck.json,atlas/releases/0.2.0/input_snapshot/research/review_chemokine_0.2_recheck.json,271adf3241d3c3721f91e2f95489fe7564bc9f43e372d8c6aa6cf6593bf8639f,archived_input_copy
ASSET_f3cbf5907936d36c0a25,releases/0.2.0/input_snapshot/research/review_curations_0.2.json,9100,transparent path/extension rule; documentary snapshots are not biological raw measurements,structured_curation_or_provenance,AFILE_a0ce4e5baf457dff8d,json,research/review_curations_0.2.json,atlas/releases/0.2.0/input_snapshot/research/review_curations_0.2.json,f3cbf5907936d36c0a255bf926ecda2028e479247b45123c4d4c5d0587ceccac,archived_input_copy
ASSET_f526336a026170742eed,releases/0.2.0/input_snapshot/research/review_cytokine.json,10075,transparent path/extension rule; documentary snapshots are not biological raw measurements,structured_curation_or_provenance,AFILE_6dda399eb28f6cc0ae,json,research/review_cytokine.json,atlas/releases/0.2.0/input_snapshot/research/review_cytokine.json,f526336a026170742eed03c25e81f28a9bc98774cce7c5f820a4fa9f68bed09a,archived_input_copy
ASSET_d092e1e7166dda5a7cbd,releases/0.2.0/input_snapshot/research/review_cytokine_0.2.json,11248,transparent path/extension rule; documentary snapshots are not biological raw measurements,structured_curation_or_provenance,AFILE_c8e5d5df546c2d3fa5,json,research/review_cytokine_0.2.json,atlas/releases/0.2.0/input_snapshot/research/review_cytokine_0.2.json,d092e1e7166dda5a7cbd91c6a2f38e5fb0acf9f7734368bea0a6f89969782071,archived_input_copy
ASSET_eff01477aa7ce0d38648,releases/0.2.0/input_snapshot/research/review_implementation.json,12569,transparent path/extension rule; documentary snapshots are not biological raw measurements,structured_curation_or_provenance,AFILE_2b1a9390a17024f0bf,json,research/review_implementation.json,atlas/releases/0.2.0/input_snapshot/research/review_implementation.json,eff01477aa7ce0d386481c336b9f53dfc43e172c66e96654a77b2098380589d8,archived_input_copy
ASSET_14e84dfb0fbd1a398a38,releases/0.2.0/input_snapshot/research/review_implementation_0.2.json,11659,transparent path/extension rule; documentary snapshots are not biological raw measurements,structured_curation_or_provenance,AFILE_678b078671b8150a8f,json,research/review_implementation_0.2.json,atlas/releases/0.2.0/input_snapshot/research/review_implementation_0.2.json,14e84dfb0fbd1a398a384863068fddffc429bcc87ab5b6ff0508468f9b5b9be0,archived_input_copy
ASSET_6178648fa2dcfa1c2b1b,releases/0.2.0/input_snapshot/research/review_multiomic.json,12303,transparent path/extension rule; documentary snapshots are not biological raw measurements,structured_curation_or_provenance,AFILE_2ec347c21c898891c7,json,research/review_multiomic.json,atlas/releases/0.2.0/input_snapshot/research/review_multiomic.json,6178648fa2dcfa1c2b1b33d2f95c453e968ccc5977530c2676a6b782d8b7e545,archived_input_copy
ASSET_e563b8372a4ca57c6629,releases/0.2.0/input_snapshot/research/review_proteomic_curations_0.2.json,23277,transparent path/extension rule; documentary snapshots are not biological raw measurements,structured_curation_or_provenance,AFILE_d1f8e6413fac9f83e5,json,research/review_proteomic_curations_0.2.json,atlas/releases/0.2.0/input_snapshot/research/review_proteomic_curations_0.2.json,e563b8372a4ca57c6629e0518dbac3bf18e2ffa676838bf0295afeae2234e4c5,archived_input_copy
ASSET_3e55d031479d526283f2,releases/0.2.0/input_snapshot/research/review_receptor_0.2.json,12390,transparent path/extension rule; documentary snapshots are not biological raw measurements,structured_curation_or_provenance,AFILE_715a8cd7cca74d4e73,json,research/review_receptor_0.2.json,atlas/releases/0.2.0/input_snapshot/research/review_receptor_0.2.json,3e55d031479d526283f23c5b05617d57414a995df6813673382da6d3ded6f66c,archived_input_copy
ASSET_4dfe9ddb31703e42590f,releases/0.2.0/input_snapshot/scripts/annotate_scoring.py,2148,transparent path/extension rule; documentary snapshots are not biological raw measurements,code_or_environment_specification,AFILE_e40ac841d15f99adf3,py,scripts/annotate_scoring.py,atlas/releases/0.2.0/input_snapshot/scripts/annotate_scoring.py,4dfe9ddb31703e42590f13e2e7c5794f67d448c66a8bdd6ccf5e53921a4a17c7,archived_input_copy
ASSET_4e60ac7ef9da7e249138,releases/0.2.0/input_snapshot/scripts/kb.py,59718,transparent path/extension rule; documentary snapshots are not biological raw measurements,code_or_environment_specification,AFILE_8f51e4d229d338d5df,py,scripts/kb.py,atlas/releases/0.2.0/input_snapshot/scripts/kb.py,4e60ac7ef9da7e2491387f9625b3efc3c8c0cfd31a5cbab02161dd702ae57bb7,archived_input_copy
ASSET_1e2f9569aa5cd27c93e3,releases/0.2.0/input_snapshot/scripts/retrieve_fulltext_followup.py,1469,transparent path/extension rule; documentary snapshots are not biological raw measurements,code_or_environment_specification,AFILE_c06d30d548ff50be7c,py,scripts/retrieve_fulltext_followup.py,atlas/releases/0.2.0/input_snapshot/scripts/retrieve_fulltext_followup.py,1e2f9569aa5cd27c93e3cbc24684878dc40aece3a57d9c9419c58e8a7f0fcfdd,archived_input_copy
ASSET_ed9449638e61a8664379,releases/0.2.0/input_snapshot/scripts/retrieve_references.py,9377,transparent path/extension rule; documentary snapshots are not biological raw measurements,code_or_environment_specification,AFILE_a87734d4b7eed934c6,py,scripts/retrieve_references.py,atlas/releases/0.2.0/input_snapshot/scripts/retrieve_references.py,ed9449638e61a8664379b86ee44c70b29c7e887b888f6aea7365b7319905535d,archived_input_copy
ASSET_2bdb501bfa0d6321c279,releases/0.2.0/input_snapshot/scripts/sanitize_snapshots.py,2970,transparent path/extension rule; documentary snapshots are not biological raw measurements,code_or_environment_specification,AFILE_9080f49bef65d6ecdf,py,scripts/sanitize_snapshots.py,atlas/releases/0.2.0/input_snapshot/scripts/sanitize_snapshots.py,2bdb501bfa0d6321c2799ab144f480ea24660091aef7335e9636cd4422e64e3b,archived_input_copy
ASSET_580a76d6d381fc14cd03,releases/0.2.0/input_snapshot/scripts/scoring_rules.py,1808,transparent path/extension rule; documentary snapshots are not biological raw measurements,code_or_environment_specification,AFILE_7e495c29ea6422bfb6,py,scripts/scoring_rules.py,atlas/releases/0.2.0/input_snapshot/scripts/scoring_rules.py,580a76d6d381fc14cd035e8b8775972d8b4410a4c1abd849cdc4756f0908372e,archived_input_copy
ASSET_4a20b753a6fdb16ac133,releases/0.2.0/input_snapshot/scripts/write_release_report.py,9237,transparent path/extension rule; documentary snapshots are not biological raw measurements,code_or_environment_specification,AFILE_9d8c1b651bce7c6a93,py,scripts/write_release_report.py,atlas/releases/0.2.0/input_snapshot/scripts/write_release_report.py,4a20b753a6fdb16ac133d7fdbb71b2c8e68337b8ad2eb52f4bcd3d510b123c6c,archived_input_copy
ASSET_6e5dfd55372aa5fff5f4,releases/0.2.0/input_snapshot/scripts/write_status.py,8020,transparent path/extension rule; documentary snapshots are not biological raw measurements,code_or_environment_specification,AFILE_c53284c38efb5731df,py,scripts/write_status.py,atlas/releases/0.2.0/input_snapshot/scripts/write_status.py,6e5dfd55372aa5fff5f451421b1678c43ad4d13bb9af700e44503e6216ce4090,archived_input_copy
ASSET_bbfafee7fc594291a49a,releases/0.2.0/input_snapshot/tests/test_kb.py,9730,transparent path/extension rule; documentary snapshots are not biological raw measurements,code_or_environment_specification,AFILE_df21a707f1cd5c93cc,py,tests/test_kb.py,atlas/releases/0.2.0/input_snapshot/tests/test_kb.py,bbfafee7fc594291a49a0cff12b9d63ee69038a7937e59923639c9da5bfd2907,archived_input_copy
ASSET_cef4a9ecac01e374653a,releases/0.2.0/input_snapshot/tests/test_release_lifecycle.py,5976,transparent path/extension rule; documentary snapshots are not biological raw measurements,code_or_environment_specification,AFILE_bc4be75855065f9f32,py,tests/test_release_lifecycle.py,atlas/releases/0.2.0/input_snapshot/tests/test_release_lifecycle.py,cef4a9ecac01e374653aecc7fb1e11bc7a2f20779e992dfe9a596e22499ac731,archived_input_copy
ASSET_7ddb55820560ced697f3,releases/0.2.0/input_snapshot/tests/test_review_integrity.py,17903,transparent path/extension rule; documentary snapshots are not biological raw measurements,code_or_environment_specification,AFILE_85c0ade63c641a976b,py,tests/test_review_integrity.py,atlas/releases/0.2.0/input_snapshot/tests/test_review_integrity.py,7ddb55820560ced697f3956fbe4245f1a50a102b3148917e428063b8a57fe1e8,archived_input_copy
ASSET_5bf17cb7fd8544e48ae0,releases/0.2.0/input_snapshot/tests/test_snapshot_security.py,1687,transparent path/extension rule; documentary snapshots are not biological raw measurements,code_or_environment_specification,AFILE_ea66fef4ddf5d7b1f9,py,tests/test_snapshot_security.py,atlas/releases/0.2.0/input_snapshot/tests/test_snapshot_security.py,5bf17cb7fd8544e48ae00756d217519937f6b3ee616c3ba92383ac30b53f6db2,archived_input_copy
ASSET_df6292ebae9acdce18bc,releases/0.2.0/instruction_versions.csv,1582,transparent path/extension rule; documentary snapshots are not biological raw measurements,derived_atlas_table_or_database,AFILE_f5c941bde9d33ff2a1,csv,releases/0.2.0/instruction_versions.csv,atlas/releases/0.2.0/instruction_versions.csv,df6292ebae9acdce18bc8055114992eac4e9dc652a76343bd70d19893784eba3,frozen_release_output
ASSET_e30a31b7ea724cdf207d,releases/0.2.0/journal_metrics.csv,79,transparent path/extension rule; documentary snapshots are not biological raw measurements,derived_atlas_table_or_database,AFILE_5218978f022072b1a4,csv,releases/0.2.0/journal_metrics.csv,atlas/releases/0.2.0/journal_metrics.csv,e30a31b7ea724cdf207d23681cd33110d18d2d71ed94cbcf32fe9e542a05db5a,frozen_release_output
ASSET_05a1fa0c53763995cd6d,releases/0.2.0/manifest.json,118524,transparent path/extension rule; documentary snapshots are not biological raw measurements,structured_curation_or_provenance,AFILE_19843b6e350711ec24,json,releases/0.2.0/manifest.json,atlas/releases/0.2.0/manifest.json,05a1fa0c53763995cd6dc7f9ee020045920eb5d7b9aabaa9b26082a7f12d6dd0,frozen_release_output
ASSET_a04aec3ec151e0ddf9c6,releases/0.2.0/materialized_paths.csv,62,transparent path/extension rule; documentary snapshots are not biological raw measurements,derived_atlas_table_or_database,AFILE_0e699832f7a48bb0aa,csv,releases/0.2.0/materialized_paths.csv,atlas/releases/0.2.0/materialized_paths.csv,a04aec3ec151e0ddf9c663a230e54453a4193ad0333286d75630c9aafa7dd55e,frozen_release_output
ASSET_c7e7f09fd2441c9fc2bc,releases/0.2.0/molecular_qtls.csv,1284,transparent path/extension rule; documentary snapshots are not biological raw measurements,derived_atlas_table_or_database,AFILE_370dabc66d471da665,csv,releases/0.2.0/molecular_qtls.csv,atlas/releases/0.2.0/molecular_qtls.csv,c7e7f09fd2441c9fc2bcc4da2048d019651d664f4bd3b87b0c93860502b1286f,frozen_release_output
ASSET_732fb1fd8963305b4b4a,releases/0.2.0/multiomic_links.csv,10607,transparent path/extension rule; documentary snapshots are not biological raw measurements,derived_atlas_table_or_database,AFILE_3f3ebab72b40bae876,csv,releases/0.2.0/multiomic_links.csv,atlas/releases/0.2.0/multiomic_links.csv,732fb1fd8963305b4b4a37ffccec28759219900be656657d11255cde3e7410e3,frozen_release_output
ASSET_551d7e8f3a8c5c1c3e77,releases/0.2.0/prior_changes.csv,137393,transparent path/extension rule; documentary snapshots are not biological raw measurements,derived_atlas_table_or_database,AFILE_977925182348bf24ae,csv,releases/0.2.0/prior_changes.csv,atlas/releases/0.2.0/prior_changes.csv,551d7e8f3a8c5c1c3e77e9bd8750d1242a9bab3accdc9cb0289f41b0f2965666,frozen_release_output
ASSET_7a11a84a2edee66c5ff0,releases/0.2.0/prior_parameters.csv,304971,transparent path/extension rule; documentary snapshots are not biological raw measurements,derived_atlas_table_or_database,AFILE_2407b29188e1ad6a27,csv,releases/0.2.0/prior_parameters.csv,atlas/releases/0.2.0/prior_parameters.csv,7a11a84a2edee66c5ff03262e4c51707fe2e01d047ad32c97041bdd5e1371a49,frozen_release_output
ASSET_92694222cd0594576cd5,releases/0.2.0/protein_modifications.csv,934,transparent path/extension rule; documentary snapshots are not biological raw measurements,derived_atlas_table_or_database,AFILE_0088a4e602b6ed569d,csv,releases/0.2.0/protein_modifications.csv,atlas/releases/0.2.0/protein_modifications.csv,92694222cd0594576cd54a1de6356bc48ca3b4eaf655354f12f7ce4155c2deb1,frozen_release_output
ASSET_52a261c0f51ec51619ba,releases/0.2.0/proteomic_observations.csv,25591,transparent path/extension rule; documentary snapshots are not biological raw measurements,derived_atlas_table_or_database,AFILE_564b99b09869c47865,csv,releases/0.2.0/proteomic_observations.csv,atlas/releases/0.2.0/proteomic_observations.csv,52a261c0f51ec51619bad6f7ccba1847cf9b5fa4c13890d955b79ad1fa83c51b,frozen_release_output
ASSET_93bfd4b6e4bb5e3b59b2,releases/0.2.0/protocol_instruction_manifest.json,2695,transparent path/extension rule; documentary snapshots are not biological raw measurements,structured_curation_or_provenance,AFILE_8ce647682fe11f8ffd,json,releases/0.2.0/protocol_instruction_manifest.json,atlas/releases/0.2.0/protocol_instruction_manifest.json,93bfd4b6e4bb5e3b59b2d032ed0434e1e14c8fa205eb660168deb67ee00312d4,frozen_release_output
ASSET_27cccb7b76ded05a568f,releases/0.2.0/provenance_manifest.json,336689,transparent path/extension rule; documentary snapshots are not biological raw measurements,structured_curation_or_provenance,AFILE_8a5e7e190f5816bb44,json,releases/0.2.0/provenance_manifest.json,atlas/releases/0.2.0/provenance_manifest.json,27cccb7b76ded05a568fba24bb75f0a3b95f486306b6c4f4033e7a4749a8552c,frozen_release_output
ASSET_d6647b793a307cf1cd69,releases/0.2.0/qc.json,1771,transparent path/extension rule; documentary snapshots are not biological raw measurements,structured_curation_or_provenance,AFILE_d26f60fed721881af0,json,releases/0.2.0/qc.json,atlas/releases/0.2.0/qc.json,d6647b793a307cf1cd69668c82d0065f528433529fdb9cda566338265e4dc460,frozen_release_output
ASSET_568824d2a3d59326ca60,releases/0.2.0/quantitative_results.csv,6222,transparent path/extension rule; documentary snapshots are not biological raw measurements,derived_atlas_table_or_database,AFILE_46713b579d726046dd,csv,releases/0.2.0/quantitative_results.csv,atlas/releases/0.2.0/quantitative_results.csv,568824d2a3d59326ca60ef7c2a6c588bb07912bf62a1b18258ca0a6aa6822f45,frozen_release_output
ASSET_eaed65f4fc6224aa1a7f,releases/0.2.0/regulatory_evidence.csv,325,transparent path/extension rule; documentary snapshots are not biological raw measurements,derived_atlas_table_or_database,AFILE_2473677417aa66c177,csv,releases/0.2.0/regulatory_evidence.csv,atlas/releases/0.2.0/regulatory_evidence.csv,eaed65f4fc6224aa1a7fe27e51c1374ff8e4e4f3cf30b2a65eaff8adf6f2282e,frozen_release_output
ASSET_93aeba07ca9c02a8363a,releases/0.2.0/release_changes.csv,639925,transparent path/extension rule; documentary snapshots are not biological raw measurements,derived_atlas_table_or_database,AFILE_bb963d8bc1ceb2a5e2,csv,releases/0.2.0/release_changes.csv,atlas/releases/0.2.0/release_changes.csv,93aeba07ca9c02a8363a42a9ab1e4c4aad94b705e58be380fd106c7325ac6b8e,frozen_release_output
ASSET_e41ab2607912c50f08b6,releases/0.2.0/reproduction_check.json,778,transparent path/extension rule; documentary snapshots are not biological raw measurements,structured_curation_or_provenance,AFILE_7ab227028ae67ddf58,json,releases/0.2.0/reproduction_check.json,atlas/releases/0.2.0/reproduction_check.json,e41ab2607912c50f08b6b3920a94dd0a92c5d6d2f22f0270bf661325f88e6dca,frozen_release_output
ASSET_c070f415c6b0c0be6e64,releases/0.2.0/samples.csv,58,transparent path/extension rule; documentary snapshots are not biological raw measurements,derived_atlas_table_or_database,AFILE_eb69e7c6cec82682c4,csv,releases/0.2.0/samples.csv,atlas/releases/0.2.0/samples.csv,c070f415c6b0c0be6e64cc4420051c34a42b1f498f316de8e4974e0c803bbf76,frozen_release_output
ASSET_73b74fe02b75c0b4277d,releases/0.2.0/screening_candidates.csv,151228,transparent path/extension rule; documentary snapshots are not biological raw measurements,derived_atlas_table_or_database,AFILE_0f775df97d880ac048,csv,releases/0.2.0/screening_candidates.csv,atlas/releases/0.2.0/screening_candidates.csv,73b74fe02b75c0b4277d1872ae3c6cf810c0f152617672c6c8887f8625178c0c,frozen_release_output
ASSET_d0286a578563c5ccf4c8,releases/0.2.0/screening_decisions.csv,9432,transparent path/extension rule; documentary snapshots are not biological raw measurements,derived_atlas_table_or_database,AFILE_d4d0b6a847fb1fbc89,csv,releases/0.2.0/screening_decisions.csv,atlas/releases/0.2.0/screening_decisions.csv,d0286a578563c5ccf4c87501c4ce9d4ebe9810b5204254d452ab6c36980fd277,frozen_release_output
ASSET_47df1406c32e7aebbcd2,releases/0.2.0/search_log.csv,62357,transparent path/extension rule; documentary snapshots are not biological raw measurements,derived_atlas_table_or_database,AFILE_476056fdea9627e1f1,csv,releases/0.2.0/search_log.csv,atlas/releases/0.2.0/search_log.csv,47df1406c32e7aebbcd2742919173018b91611d7cafe0323d5e222be42b1a499,frozen_release_output
ASSET_a02a35d1ebca2bc1cb50,releases/0.2.0/source_manifest.json,448317,transparent path/extension rule; documentary snapshots are not biological raw measurements,structured_curation_or_provenance,AFILE_1ef2a5eaec37c7813a,json,releases/0.2.0/source_manifest.json,atlas/releases/0.2.0/source_manifest.json,a02a35d1ebca2bc1cb506f354dc8db6cb702b5123bac3d841d268fa5c35eef69,frozen_release_output
ASSET_b994c49e6a7906c2cd17,releases/0.2.0/source_registry.csv,68486,transparent path/extension rule; documentary snapshots are not biological raw measurements,derived_atlas_table_or_database,AFILE_42b8a847fa95ef2040,csv,releases/0.2.0/source_registry.csv,atlas/releases/0.2.0/source_registry.csv,b994c49e6a7906c2cd176e544dec55a8af6a629eebc2930ae843946fd06492c3,frozen_release_output
ASSET_8b52eccfbadaf0379912,releases/0.2.0/transcriptional_programs.csv,66,transparent path/extension rule; documentary snapshots are not biological raw measurements,derived_atlas_table_or_database,AFILE_e8dc3754dc23a1085f,csv,releases/0.2.0/transcriptional_programs.csv,atlas/releases/0.2.0/transcriptional_programs.csv,8b52eccfbadaf0379912257ceb9713c4a55541446e3a4b064e0782795230ee26,frozen_release_output
ASSET_0d48173d76eecf9e6a30,releases/0.2.0/transcriptomic_observations.csv,3447,transparent path/extension rule; documentary snapshots are not biological raw measurements,derived_atlas_table_or_database,AFILE_e7b023d8f64b798cdf,csv,releases/0.2.0/transcriptomic_observations.csv,atlas/releases/0.2.0/transcriptomic_observations.csv,0d48173d76eecf9e6a302dfe0e298e7156b4194cc3e3869748b9749e07bcfb63,frozen_release_output
ASSET_b45af6ebcf4c0412eacc,reports/CANDIDATE_0.3.0.md,4100,transparent path/extension rule; documentary snapshots are not biological raw measurements,documentation_or_protocol,AFILE_1cb8ab6e7dd4f5a73f,md,reports/CANDIDATE_0.3.0.md,atlas/reports/CANDIDATE_0.3.0.md,b45af6ebcf4c0412eacc73599c8e10177d101b9ed59fc83b2aa9277e71207ac2,working_input
ASSET_30d4827d086954b828bf,reports/CANDIDATE_REPRODUCTION_0.3.0.json,673,transparent path/extension rule; documentary snapshots are not biological raw measurements,structured_curation_or_provenance,AFILE_49c07d952ae484ca13,json,reports/CANDIDATE_REPRODUCTION_0.3.0.json,atlas/reports/CANDIDATE_REPRODUCTION_0.3.0.json,30d4827d086954b828bfac67cc4d50a6839f75050b9bc6baaa8e62b006c1acd0,working_input
ASSET_175e54451f5cc517c4af,reports/PROJECT_STATUS.md,22738,transparent path/extension rule; documentary snapshots are not biological raw measurements,documentation_or_protocol,AFILE_f9b1c4b709e958b9cd,md,reports/PROJECT_STATUS.md,atlas/reports/PROJECT_STATUS.md,175e54451f5cc517c4afe5cb7eb0f01163858d8e85653b93100f3cee8cf84e08,working_input
ASSET_66b502ad0497e55228a5,reports/RELEASE_0.2.0.md,6844,transparent path/extension rule; documentary snapshots are not biological raw measurements,documentation_or_protocol,AFILE_43cc0584e77d04faa8,md,reports/RELEASE_0.2.0.md,atlas/reports/RELEASE_0.2.0.md,66b502ad0497e55228a5a91fb6e6f3f0acf429c1b30d81fee30a732f34b9dfdf,working_input
ASSET_203f375dd87aa59f2e01,reports/RESEARCH_SYNTHESIS.md,18960,transparent path/extension rule; documentary snapshots are not biological raw measurements,documentation_or_protocol,AFILE_bf3a8ede6f857a8c83,md,reports/RESEARCH_SYNTHESIS.md,atlas/reports/RESEARCH_SYNTHESIS.md,203f375dd87aa59f2e01095420de1d40db0716dfd30a560874ced6eb6279c4fa,working_input
ASSET_240880d92120659af472,reports/SECURITY_ALERT_2026-09-13.md,2404,transparent path/extension rule; documentary snapshots are not biological raw measurements,documentation_or_protocol,AFILE_2e2aa0fc7e0cb3dfc5,md,reports/SECURITY_ALERT_2026-09-13.md,atlas/reports/SECURITY_ALERT_2026-09-13.md,240880d92120659af4725e0ec1f00ede5939382a27d039d630cb5e22d9e1773d,working_input
ASSET_b590ba9aa122415ac6b5,requirements-research.lock,88,transparent path/extension rule; documentary snapshots are not biological raw measurements,code_or_environment_specification,AFILE_c9214ec39e4b26b279,lock,requirements-research.lock,atlas/requirements-research.lock,b590ba9aa122415ac6b551c0f2e07a4abc493ac2b2c41d8537796298a765c972,working_input
ASSET_c0ee2c01270411fcd5c8,requirements-research.txt,17,transparent path/extension rule; documentary snapshots are not biological raw measurements,code_or_environment_specification,AFILE_f99e6810415062a407,txt,requirements-research.txt,atlas/requirements-research.txt,c0ee2c01270411fcd5c8bf8e78d080237c4d1c61ae34d197c935d29cf50a8833,working_input
ASSET_35093d4783a11f83166d,research/EXTRACTION_CONTRACT.md,3770,transparent path/extension rule; documentary snapshots are not biological raw measurements,documentation_or_protocol,AFILE_92c587fa3d51f93df1,md,research/EXTRACTION_CONTRACT.md,atlas/research/EXTRACTION_CONTRACT.md,35093d4783a11f83166d09298343e135a7c9d76c196401d88532e91468ef0f0e,working_input
ASSET_7014d40049727774e9a6,research/EXTRACTION_CONTRACT_0.2.md,3873,transparent path/extension rule; documentary snapshots are not biological raw measurements,documentation_or_protocol,AFILE_bce431a76110cb9ece,md,research/EXTRACTION_CONTRACT_0.2.md,atlas/research/EXTRACTION_CONTRACT_0.2.md,7014d40049727774e9a6baa6dbc95f46aca85140c723c3aab36bfa98ce026767,working_input
ASSET_688a94599ef2530d74d7,research/EXTRACTION_CONTRACT_0.3.md,5188,transparent path/extension rule; documentary snapshots are not biological raw measurements,documentation_or_protocol,AFILE_1d50cb5b1f85268737,md,research/EXTRACTION_CONTRACT_0.3.md,atlas/research/EXTRACTION_CONTRACT_0.3.md,688a94599ef2530d74d76a999e72d20cad2a0198691fd844f64162e8f4f23c5f,working_input
ASSET_a753b6262e3c13eed3f8,research/chemokine_expansion/build_pack.py,31068,transparent path/extension rule; documentary snapshots are not biological raw measurements,code_or_environment_specification,AFILE_cd2b44cf441c484105,py,research/chemokine_expansion/build_pack.py,atlas/research/chemokine_expansion/build_pack.py,a753b6262e3c13eed3f87ad3abe5c4cdb8876ad63668801db71c5782fb0d759a,working_input
ASSET_69e763268ab61c58a38f,research/chemokine_expansion/finalize_pack.py,13856,transparent path/extension rule; documentary snapshots are not biological raw measurements,code_or_environment_specification,AFILE_abea808c689dceca61,py,research/chemokine_expansion/finalize_pack.py,atlas/research/chemokine_expansion/finalize_pack.py,69e763268ab61c58a38f9d7198c27893b992fc4fed7c4e07eabb65b7ea27a92a,working_input
ASSET_9db1d3c090599b53cf90,research/chemokine_expansion/notes.md,9357,transparent path/extension rule; documentary snapshots are not biological raw measurements,documentation_or_protocol,AFILE_93c664d1502b9ff9f5,md,research/chemokine_expansion/notes.md,atlas/research/chemokine_expansion/notes.md,9db1d3c090599b53cf900542b957cc94756f5b2211d7f406281d7d9fa3d7203b,working_input
ASSET_7c93e1ddf84ae4fea6cc,research/chemokine_expansion/pack.json,122425,transparent path/extension rule; documentary snapshots are not biological raw measurements,curated_evidence_extraction,AFILE_691aa635f28457cc3d,json,research/chemokine_expansion/pack.json,atlas/research/chemokine_expansion/pack.json,7c93e1ddf84ae4fea6cc1fbb347d38282a60cdbeba48b161243c6c2dbb5ca081,working_input
ASSET_65d8ebb70570b8dab1f7,research/chemokine_expansion/retrieval_limits.json,968,transparent path/extension rule; documentary snapshots are not biological raw measurements,structured_curation_or_provenance,AFILE_d2f11792b611c03159,json,research/chemokine_expansion/retrieval_limits.json,atlas/research/chemokine_expansion/retrieval_limits.json,65d8ebb70570b8dab1f75aaac6109c63e575f1b3c09445b8e1a68671ae0004a5,working_input
ASSET_1e7c0b68bdb0fc5329d2,research/chemokine_expansion/review_response.json,1967,transparent path/extension rule; documentary snapshots are not biological raw measurements,structured_curation_or_provenance,AFILE_c139233c76d4676995,json,research/chemokine_expansion/review_response.json,atlas/research/chemokine_expansion/review_response.json,1e7c0b68bdb0fc5329d2189ea03ccb99fc71ac880cc900873fb55041b05c352e,working_input
ASSET_468764393c2d4bc7815c,research/chemokine_expansion/run.json,10630,transparent path/extension rule; documentary snapshots are not biological raw measurements,structured_curation_or_provenance,AFILE_0753ffe7127cde5cb3,json,research/chemokine_expansion/run.json,atlas/research/chemokine_expansion/run.json,468764393c2d4bc7815ce8c7fabf6624ebfb085239287805d0b4b4323749dcaa,working_input
ASSET_2dcba516b478b311767a,research/chemokine_expansion/sanitation_audit.json,763,transparent path/extension rule; documentary snapshots are not biological raw measurements,structured_curation_or_provenance,AFILE_41415184b85162f3c9,json,research/chemokine_expansion/sanitation_audit.json,atlas/research/chemokine_expansion/sanitation_audit.json,2dcba516b478b311767a153acb5ba835b7b44888936103e695d287ba09a9b8b6,working_input
ASSET_6aa282ec65bc9a781aef,research/chemokine_expansion/sanitize_local.py,1415,transparent path/extension rule; documentary snapshots are not biological raw measurements,code_or_environment_specification,AFILE_de4558e17a6b94e892,py,research/chemokine_expansion/sanitize_local.py,atlas/research/chemokine_expansion/sanitize_local.py,6aa282ec65bc9a781aef3709f3ded6c0bb9a3393b7d486a4b80876df70992253,working_input
ASSET_0eaaf76fc44bc5dfdfc5,research/chemokine_expansion/screening.json,122124,transparent path/extension rule; documentary snapshots are not biological raw measurements,structured_curation_or_provenance,AFILE_cddf9527855478e270,json,research/chemokine_expansion/screening.json,atlas/research/chemokine_expansion/screening.json,0eaaf76fc44bc5dfdfc57dc199e2a63779d3c8caa8bf8fde44599b96d0d3e3a5,working_input
ASSET_a67f2adc3ad98ca54929,research/chemokine_expansion/snapshots/Agostini2001_chrome.txt,11333,transparent path/extension rule; documentary snapshots are not biological raw measurements,documentary_or_repository_source_snapshot,AFILE_c76d893dfd18772631,txt,research/chemokine_expansion/snapshots/Agostini2001_chrome.txt,atlas/research/chemokine_expansion/snapshots/Agostini2001_chrome.txt,a67f2adc3ad98ca5492909a6ce51ce7acf754730eb58e1fcd262a04e0077416b,working_input
ASSET_e78920682e3c4dbae1c5,research/chemokine_expansion/snapshots/Godiska1997_chrome.txt,7082,transparent path/extension rule; documentary snapshots are not biological raw measurements,documentary_or_repository_source_snapshot,AFILE_031c4a0c33d26caf18,txt,research/chemokine_expansion/snapshots/Godiska1997_chrome.txt,atlas/research/chemokine_expansion/snapshots/Godiska1997_chrome.txt,e78920682e3c4dbae1c53fd441be4347b1b681c57c27e4d9735588fe5df6e5db,working_input
ASSET_db3e82e3879360f1ab9b,research/chemokine_expansion/snapshots/Provost2013_chrome.txt,9508,transparent path/extension rule; documentary snapshots are not biological raw measurements,documentary_or_repository_source_snapshot,AFILE_2ed19a0cb9635f36b7,txt,research/chemokine_expansion/snapshots/Provost2013_chrome.txt,atlas/research/chemokine_expansion/snapshots/Provost2013_chrome.txt,db3e82e3879360f1ab9bc229f9b2f0c4338afe6d2226502fcea0d7dde57bce51,working_input
ASSET_d51cd8c1af55301b05ea,research/chemokine_expansion/snapshots/ScalleyKim2012_chrome.txt,5105,transparent path/extension rule; documentary snapshots are not biological raw measurements,documentary_or_repository_source_snapshot,AFILE_b403095d1d79aa7ed1,txt,research/chemokine_expansion/snapshots/ScalleyKim2012_chrome.txt,atlas/research/chemokine_expansion/snapshots/ScalleyKim2012_chrome.txt,d51cd8c1af55301b05ea981a56e9253281df189c09da41cf274fba0d4b21c5ea,working_input
ASSET_98a580bc653e9a6d9aca,research/chemokine_expansion/snapshots/Viney2014_chrome.txt,7199,transparent path/extension rule; documentary snapshots are not biological raw measurements,documentary_or_repository_source_snapshot,AFILE_a5c6f67c87f8f55f85,txt,research/chemokine_expansion/snapshots/Viney2014_chrome.txt,atlas/research/chemokine_expansion/snapshots/Viney2014_chrome.txt,98a580bc653e9a6d9acac0b081287f7389b81732f331e7118620965fc550a101,working_input
ASSET_2878795f19b69d040deb,research/chemokine_expansion/snapshots/followup_fullmethods1.json,25591,transparent path/extension rule; documentary snapshots are not biological raw measurements,documentary_or_repository_source_snapshot,AFILE_0bca79367bf575dee7,json,research/chemokine_expansion/snapshots/followup_fullmethods1.json,atlas/research/chemokine_expansion/snapshots/followup_fullmethods1.json,2878795f19b69d040debb0a455dc5a71971059d6cd403ace304a1f3c73b4655a,working_input
ASSET_551f721aeb2d04319eb5,research/chemokine_expansion/snapshots/followup_open12.json,1693,transparent path/extension rule; documentary snapshots are not biological raw measurements,documentary_or_repository_source_snapshot,AFILE_c5e854bf30d7996d22,json,research/chemokine_expansion/snapshots/followup_open12.json,atlas/research/chemokine_expansion/snapshots/followup_open12.json,551f721aeb2d04319eb56052086ec05574887f947639c1bb2fc9095133191715,working_input
ASSET_9edd28895238fe12d920,research/chemokine_expansion/snapshots/followup_search10.json,32388,transparent path/extension rule; documentary snapshots are not biological raw measurements,documentary_or_repository_source_snapshot,AFILE_d30fa29b62d5833149,json,research/chemokine_expansion/snapshots/followup_search10.json,atlas/research/chemokine_expansion/snapshots/followup_search10.json,9edd28895238fe12d920addad365f075e93fa5524a22d63ee746d162ce982b48,working_input
ASSET_466836e0da1e41ceec00,research/chemokine_expansion/snapshots/followup_search11.json,28254,transparent path/extension rule; documentary snapshots are not biological raw measurements,documentary_or_repository_source_snapshot,AFILE_87d1effd77b33c1999,json,research/chemokine_expansion/snapshots/followup_search11.json,atlas/research/chemokine_expansion/snapshots/followup_search11.json,466836e0da1e41ceec0050df2a3bae9fc5c3ef28b84dd275c567b4be1fd30eba,working_input
ASSET_02ea4a421085a954f219,research/chemokine_expansion/snapshots/followup_search12.json,31707,transparent path/extension rule; documentary snapshots are not biological raw measurements,documentary_or_repository_source_snapshot,AFILE_bd44e12cfff81f9ec4,json,research/chemokine_expansion/snapshots/followup_search12.json,atlas/research/chemokine_expansion/snapshots/followup_search12.json,02ea4a421085a954f219d439a77dfda1c83e9f0f29a1fcc1d1e2d587bcab71c3,working_input
ASSET_72290df31c19d4a0d96f,research/chemokine_expansion/snapshots/followup_search13.json,31488,transparent path/extension rule; documentary snapshots are not biological raw measurements,documentary_or_repository_source_snapshot,AFILE_c6b4c6f5ca5274276b,json,research/chemokine_expansion/snapshots/followup_search13.json,atlas/research/chemokine_expansion/snapshots/followup_search13.json,72290df31c19d4a0d96fcf8293ba8f7398de2d399416446be20ed826cfaea5d2,working_input
ASSET_62a14479fba117f7abef,research/chemokine_expansion/snapshots/followup_search5.json,31905,transparent path/extension rule; documentary snapshots are not biological raw measurements,documentary_or_repository_source_snapshot,AFILE_af2c7a379b8a9befbd,json,research/chemokine_expansion/snapshots/followup_search5.json,atlas/research/chemokine_expansion/snapshots/followup_search5.json,62a14479fba117f7abefc9da667be3d07bee53544a8beb75a1beba03cad37d01,working_input
ASSET_ad0ba6a5543af65e538f,research/chemokine_expansion/snapshots/followup_search6.json,28409,transparent path/extension rule; documentary snapshots are not biological raw measurements,documentary_or_repository_source_snapshot,AFILE_e57c8d7daea38ebea5,json,research/chemokine_expansion/snapshots/followup_search6.json,atlas/research/chemokine_expansion/snapshots/followup_search6.json,ad0ba6a5543af65e538fae0d05ddb7ead69c1bbc3423a53bd135184371e20dad,working_input
ASSET_e8f330e3389e4413aa53,research/chemokine_expansion/snapshots/followup_search7.json,30779,transparent path/extension rule; documentary snapshots are not biological raw measurements,documentary_or_repository_source_snapshot,AFILE_d0f96979fd205cb677,json,research/chemokine_expansion/snapshots/followup_search7.json,atlas/research/chemokine_expansion/snapshots/followup_search7.json,e8f330e3389e4413aa5389657eb1aadfb9e8f5e3b6e38b07dffc1f0244dc8453,working_input
ASSET_d90445a624cf5562ee6c,research/chemokine_expansion/snapshots/followup_search8.json,30223,transparent path/extension rule; documentary snapshots are not biological raw measurements,documentary_or_repository_source_snapshot,AFILE_13ea54b72053d7e04a,json,research/chemokine_expansion/snapshots/followup_search8.json,atlas/research/chemokine_expansion/snapshots/followup_search8.json,d90445a624cf5562ee6c9ac4f985c3c43cff3ca916dceac7a8dabadf04465b9b,working_input
ASSET_e2637123c75f8a42f7f6,research/chemokine_expansion/snapshots/followup_search9.json,27144,transparent path/extension rule; documentary snapshots are not biological raw measurements,documentary_or_repository_source_snapshot,AFILE_44517b707e4ac192cc,json,research/chemokine_expansion/snapshots/followup_search9.json,atlas/research/chemokine_expansion/snapshots/followup_search9.json,e2637123c75f8a42f7f6b76bbc9fcd56bf1285b7bb22204dc55930bc4df4217d,working_input
ASSET_7d698aacc66a6779732e,research/chemokine_expansion/snapshots/open1.json,30071,transparent path/extension rule; documentary snapshots are not biological raw measurements,documentary_or_repository_source_snapshot,AFILE_0e409f2149b8026496,json,research/chemokine_expansion/snapshots/open1.json,atlas/research/chemokine_expansion/snapshots/open1.json,7d698aacc66a6779732ed19f39161b236edfd167dd490c6271f5a1732b10d2d6,working_input
ASSET_28d940512ca6653c7044,research/chemokine_expansion/snapshots/open2.json,1404,transparent path/extension rule; documentary snapshots are not biological raw measurements,documentary_or_repository_source_snapshot,AFILE_a392d337f6d7579b1e,json,research/chemokine_expansion/snapshots/open2.json,atlas/research/chemokine_expansion/snapshots/open2.json,28d940512ca6653c7044812a4bf68ed81359ef75f0904e523acd93b26fbb5f6e,working_input
ASSET_41d43672588a41471e8f,research/chemokine_expansion/snapshots/open3.json,31711,transparent path/extension rule; documentary snapshots are not biological raw measurements,documentary_or_repository_source_snapshot,AFILE_d2c789f13f5d43509f,json,research/chemokine_expansion/snapshots/open3.json,atlas/research/chemokine_expansion/snapshots/open3.json,41d43672588a41471e8f6feb0e57e4b386a6ae66457f3e374d9313ae5ecb8a28,working_input
ASSET_a3529bddd2533ecc6a69,research/chemokine_expansion/snapshots/postpack_schall_attempt.json,28301,transparent path/extension rule; documentary snapshots are not biological raw measurements,documentary_or_repository_source_snapshot,AFILE_87f2014967c57f7dd3,json,research/chemokine_expansion/snapshots/postpack_schall_attempt.json,atlas/research/chemokine_expansion/snapshots/postpack_schall_attempt.json,a3529bddd2533ecc6a6961ffbcc5b4c6b5beb0ad7e56270bb0cc49e918c411f6,working_input
ASSET_c9f95422a19306c646f0,research/chemokine_expansion/snapshots/search1.json,30527,transparent path/extension rule; documentary snapshots are not biological raw measurements,documentary_or_repository_source_snapshot,AFILE_c93673ba9ffe322d2c,json,research/chemokine_expansion/snapshots/search1.json,atlas/research/chemokine_expansion/snapshots/search1.json,c9f95422a19306c646f0da293128cedb1cc58ea8d2859a9fbd75ddba4beed402,working_input
ASSET_fe2c137425a915383bff,research/chemokine_expansion/snapshots/search2.json,31072,transparent path/extension rule; documentary snapshots are not biological raw measurements,documentary_or_repository_source_snapshot,AFILE_11936695c763c93836,json,research/chemokine_expansion/snapshots/search2.json,atlas/research/chemokine_expansion/snapshots/search2.json,fe2c137425a915383bffe21e4a06b262a6cc6b80f266996cd8b15c9c375c676b,working_input
ASSET_ef3ff143edd890b90064,research/chemokine_expansion/snapshots/search3.json,30738,transparent path/extension rule; documentary snapshots are not biological raw measurements,documentary_or_repository_source_snapshot,AFILE_e21afd826a78d4150b,json,research/chemokine_expansion/snapshots/search3.json,atlas/research/chemokine_expansion/snapshots/search3.json,ef3ff143edd890b90064bc16d8067a10fe3aaaaa36c47cca1b0a45c6f6898e4c,working_input
ASSET_5b17a714ead5aa086d65,research/chemokine_expansion/upgrade_pack.py,32192,transparent path/extension rule; documentary snapshots are not biological raw measurements,code_or_environment_specification,AFILE_7e40c6d84ec7bc54ac,py,research/chemokine_expansion/upgrade_pack.py,atlas/research/chemokine_expansion/upgrade_pack.py,5b17a714ead5aa086d65da32d90417648ac6eeea2bd0cb0b7f14581ff57b8340,working_input
ASSET_526a87078944b19e5118,research/curation_review_response_0.2.json,3928,transparent path/extension rule; documentary snapshots are not biological raw measurements,structured_curation_or_provenance,AFILE_b175c8a044a19d3a74,json,research/curation_review_response_0.2.json,atlas/research/curation_review_response_0.2.json,526a87078944b19e511802712cad9d9ccc4c9b7c40bbe73a4669608544da9430,working_input
ASSET_57a8ad0e62346f7b0f2e,research/cytokine/.gitignore,20,transparent path/extension rule; documentary snapshots are not biological raw measurements,other_artifact,AFILE_481a8df14201b04a0e,text_or_extensionless,research/cytokine/.gitignore,atlas/research/cytokine/.gitignore,57a8ad0e62346f7b0f2e261d59a7b90f1310043424bcb9d229208f183f1940d9,working_input
ASSET_e95c4071e75be7410181,research/cytokine/biorxiv_request.json,261,transparent path/extension rule; documentary snapshots are not biological raw measurements,structured_curation_or_provenance,AFILE_402ee35d1ba2fe5b41,json,research/cytokine/biorxiv_request.json,atlas/research/cytokine/biorxiv_request.json,e95c4071e75be7410181bb1cf1098cc2267704653823fbfdd92b8b3ae91f47e8,working_input
ASSET_52a7f67389ee42d52d4d,research/cytokine/build_pack.py,34331,transparent path/extension rule; documentary snapshots are not biological raw measurements,code_or_environment_specification,AFILE_91340031065ed23362,py,research/cytokine/build_pack.py,atlas/research/cytokine/build_pack.py,52a7f67389ee42d52d4d2d7bd5d0a2d0530e1eef0fdf67544d9fcf925fb76d22,working_input
ASSET_8eef313a70e10ad7f9ae,research/cytokine/notes.md,7100,transparent path/extension rule; documentary snapshots are not biological raw measurements,documentation_or_protocol,AFILE_748fa97c0482de7ff7,md,research/cytokine/notes.md,atlas/research/cytokine/notes.md,8eef313a70e10ad7f9ae90e673b1824cc5b51018dae7689273205055bd36f90c,working_input
ASSET_e270f0cca18d05dcf0a1,research/cytokine/pack.json,81102,transparent path/extension rule; documentary snapshots are not biological raw measurements,curated_evidence_extraction,AFILE_efeaf19f03d198ca13,json,research/cytokine/pack.json,atlas/research/cytokine/pack.json,e270f0cca18d05dcf0a1552d5144c79081b7532d7c76fb6f963e52e6c6d4ca8d,working_input
ASSET_136d851a61e9378362df,research/cytokine/pmc_request.json,284,transparent path/extension rule; documentary snapshots are not biological raw measurements,structured_curation_or_provenance,AFILE_ed4b1d934edfe04f66,json,research/cytokine/pmc_request.json,atlas/research/cytokine/pmc_request.json,136d851a61e9378362df7b1b6d73b14121fdd3916cf6666eab2b73c8cb82efb7,working_input
ASSET_bd8e422b605517a44997,research/cytokine/review_response.json,4709,transparent path/extension rule; documentary snapshots are not biological raw measurements,structured_curation_or_provenance,AFILE_6b5a48c27dbee84650,json,research/cytokine/review_response.json,atlas/research/cytokine/review_response.json,bd8e422b605517a44997a2c55ff304b43f2d72b40f53ed4ffcb64ab4a904c5fb,working_input
ASSET_a4fe7bef469c43256fdd,research/cytokine/run.json,22712,transparent path/extension rule; documentary snapshots are not biological raw measurements,structured_curation_or_provenance,AFILE_0af14bbb2b688d664e,json,research/cytokine/run.json,atlas/research/cytokine/run.json,a4fe7bef469c43256fddff957e7c30ec388aa09503bb2b7334e8e5b45c698dbd,working_input
ASSET_5800341289afa6b8f5b9,research/cytokine/snapshots/PMC10781646.txt,66941,transparent path/extension rule; documentary snapshots are not biological raw measurements,documentary_or_repository_source_snapshot,AFILE_b7d5a8cdfecff953b7,txt,research/cytokine/snapshots/PMC10781646.txt,atlas/research/cytokine/snapshots/PMC10781646.txt,5800341289afa6b8f5b94a8490ad87e58767e2f89a537730c30ca091936eea93,working_input
ASSET_cdeefd81ddec026ccc32,research/cytokine/snapshots/PMC10781646.xml,171779,transparent path/extension rule; documentary snapshots are not biological raw measurements,documentary_or_repository_source_snapshot,AFILE_02df5312d2925145a0,xml,research/cytokine/snapshots/PMC10781646.xml,atlas/research/cytokine/snapshots/PMC10781646.xml,cdeefd81ddec026ccc32292d2ff428312e9331187217f2baf95b73386227a133,working_input
ASSET_9361c53a21f54affb3fe,research/cytokine/snapshots/PMC12776526.txt,82490,transparent path/extension rule; documentary snapshots are not biological raw measurements,documentary_or_repository_source_snapshot,AFILE_0ef96089ca9c7dfe1f,txt,research/cytokine/snapshots/PMC12776526.txt,atlas/research/cytokine/snapshots/PMC12776526.txt,9361c53a21f54affb3fe0450a44cfb1f398c615f707f21300b6076e389098d0e,working_input
ASSET_b5eb7fa311846f14f30d,research/cytokine/snapshots/PMC12776526.xml,191710,transparent path/extension rule; documentary snapshots are not biological raw measurements,documentary_or_repository_source_snapshot,AFILE_4464ba190625a97594,xml,research/cytokine/snapshots/PMC12776526.xml,atlas/research/cytokine/snapshots/PMC12776526.xml,b5eb7fa311846f14f30de12ff62393c3bb13203e3890632dadcc2bffd19430b0,working_input
ASSET_f7993bdc507d40185cee,research/cytokine/snapshots/PMC1810496.xml,6954,transparent path/extension rule; documentary snapshots are not biological raw measurements,documentary_or_repository_source_snapshot,AFILE_2dc344a051f5cac65f,xml,research/cytokine/snapshots/PMC1810496.xml,atlas/research/cytokine/snapshots/PMC1810496.xml,f7993bdc507d40185cee9d442f80352c9cf6acf3699627962bf8f4a6d3cbb661,working_input
ASSET_b8da7ec812a4af73a955,research/cytokine/snapshots/PMC2119001.txt,50280,transparent path/extension rule; documentary snapshots are not biological raw measurements,documentary_or_repository_source_snapshot,AFILE_3b1e6f668e1023441b,txt,research/cytokine/snapshots/PMC2119001.txt,atlas/research/cytokine/snapshots/PMC2119001.txt,b8da7ec812a4af73a955d451f7493b377d021a95385225379c7ca64ea0acf6d6,working_input
ASSET_75a1f66ee0b4bcc57615,research/cytokine/snapshots/PMC2119001.xml,98361,transparent path/extension rule; documentary snapshots are not biological raw measurements,documentary_or_repository_source_snapshot,AFILE_7262eaa8e39fba303c,xml,research/cytokine/snapshots/PMC2119001.xml,atlas/research/cytokine/snapshots/PMC2119001.xml,75a1f66ee0b4bcc5761557e1dc4fe4805791b7022f585d5d67e9e7d97aa30e61,working_input
ASSET_05b8494ee3be3c6863d8,research/cytokine/snapshots/PMC2193232.txt,36337,transparent path/extension rule; documentary snapshots are not biological raw measurements,documentary_or_repository_source_snapshot,AFILE_cc4e3115f9281d21fa,txt,research/cytokine/snapshots/PMC2193232.txt,atlas/research/cytokine/snapshots/PMC2193232.txt,05b8494ee3be3c6863d849ae6816d8495331e2a621c99caa1696b782ccf84d9f,working_input
ASSET_1cafaa4e24ae17897564,research/cytokine/snapshots/PMC2193232.xml,120606,transparent path/extension rule; documentary snapshots are not biological raw measurements,documentary_or_repository_source_snapshot,AFILE_d2ce57907c517d3200,xml,research/cytokine/snapshots/PMC2193232.xml,atlas/research/cytokine/snapshots/PMC2193232.xml,1cafaa4e24ae1789756440cdece1e9670fa0bc6c27f40f7adf9616f69512cc57,working_input
ASSET_623342701f7a90e76c16,research/cytokine/snapshots/PMC534504.xml,9760,transparent path/extension rule; documentary snapshots are not biological raw measurements,documentary_or_repository_source_snapshot,AFILE_526d833fedcb3e0f72,xml,research/cytokine/snapshots/PMC534504.xml,atlas/research/cytokine/snapshots/PMC534504.xml,623342701f7a90e76c163651a779d90bf9dd59131a7992b334fb89fdb11574cb,working_input
ASSET_aad63d5def0b98781389,research/cytokine/snapshots/hcd_biorxiv_api.json,2848,transparent path/extension rule; documentary snapshots are not biological raw measurements,documentary_or_repository_source_snapshot,AFILE_3bd52cf69c57a4a7ad,json,research/cytokine/snapshots/hcd_biorxiv_api.json,atlas/research/cytokine/snapshots/hcd_biorxiv_api.json,aad63d5def0b98781389bdb8f82d01720508fb82cea609cae3ddd055cfae0d1a,working_input
ASSET_8c42a52e3d6a95926fdf,research/cytokine/snapshots/metadata.json,29948,transparent path/extension rule; documentary snapshots are not biological raw measurements,documentary_or_repository_source_snapshot,AFILE_0c9ef44e6efb370970,json,research/cytokine/snapshots/metadata.json,atlas/research/cytokine/snapshots/metadata.json,8c42a52e3d6a95926fdfc894095e161dd2e23d0480a9b76e621f391fae88c988,working_input
ASSET_3b52b42ebbe3ef495120,research/cytokine/snapshots/open1.json,34893,transparent path/extension rule; documentary snapshots are not biological raw measurements,documentary_or_repository_source_snapshot,AFILE_b72f39166ca0a18ae5,json,research/cytokine/snapshots/open1.json,atlas/research/cytokine/snapshots/open1.json,3b52b42ebbe3ef495120b4daa7d388bf60f5fb0fb8a27b60edfaf0016d7c9263,working_input
ASSET_f9514d5acc67bcd4c065,research/cytokine/snapshots/open2.json,33305,transparent path/extension rule; documentary snapshots are not biological raw measurements,documentary_or_repository_source_snapshot,AFILE_adda07481cbddf4396,json,research/cytokine/snapshots/open2.json,atlas/research/cytokine/snapshots/open2.json,f9514d5acc67bcd4c065709c3ad0da971699e1c268100b3b55be3cd1abd6dcc0,working_input
ASSET_d9dc26428e7fdb7e067a,research/cytokine/snapshots/open3.json,32396,transparent path/extension rule; documentary snapshots are not biological raw measurements,documentary_or_repository_source_snapshot,AFILE_50c747705cb6388098,json,research/cytokine/snapshots/open3.json,atlas/research/cytokine/snapshots/open3.json,d9dc26428e7fdb7e067a2d228206337b4b6aba480806b652b8c26392a1f17458,working_input
ASSET_a6d5bae4931439f1e296,research/cytokine/snapshots/open4.json,21175,transparent path/extension rule; documentary snapshots are not biological raw measurements,documentary_or_repository_source_snapshot,AFILE_8c747ba679f9389afd,json,research/cytokine/snapshots/open4.json,atlas/research/cytokine/snapshots/open4.json,a6d5bae4931439f1e296a2bd6e225d5f881dffebb22c168cb4ddc4bd863ed77b,working_input
ASSET_4159833a379adcbd1885,research/cytokine/snapshots/open5.json,1810,transparent path/extension rule; documentary snapshots are not biological raw measurements,documentary_or_repository_source_snapshot,AFILE_00c5ab1fb7a5c88c0f,json,research/cytokine/snapshots/open5.json,atlas/research/cytokine/snapshots/open5.json,4159833a379adcbd188547771cf631d49b1befdc6cbe4737bdd3997e3ff2a515,working_input
ASSET_8d198a3c0e20035dc2ee,research/cytokine/snapshots/open6.json,26767,transparent path/extension rule; documentary snapshots are not biological raw measurements,documentary_or_repository_source_snapshot,AFILE_d17be75d751df67223,json,research/cytokine/snapshots/open6.json,atlas/research/cytokine/snapshots/open6.json,8d198a3c0e20035dc2ee4945dc7d7e9b581c7f54264b674b9f13620187e8706f,working_input
ASSET_d69e2f5591bbb0d719e3,research/cytokine/snapshots/open7.json,29126,transparent path/extension rule; documentary snapshots are not biological raw measurements,documentary_or_repository_source_snapshot,AFILE_5ef53c399484b1fae0,json,research/cytokine/snapshots/open7.json,atlas/research/cytokine/snapshots/open7.json,d69e2f5591bbb0d719e3db4aad2e86b2dd19f2c77052ca1f2b9a6b87856eba42,working_input
ASSET_77d173dcd567817d5140,research/cytokine/snapshots/pmc_fulltext.xml,603781,transparent path/extension rule; documentary snapshots are not biological raw measurements,documentary_or_repository_source_snapshot,AFILE_23949b0ac6868c0ad1,xml,research/cytokine/snapshots/pmc_fulltext.xml,atlas/research/cytokine/snapshots/pmc_fulltext.xml,77d173dcd567817d51400495a3d1b6750790685d43f24e820618f459fd3fcb1f,working_input
ASSET_31daf70acc7364dda08c,research/cytokine/snapshots/search1.json,29035,transparent path/extension rule; documentary snapshots are not biological raw measurements,documentary_or_repository_source_snapshot,AFILE_3a42f567f9e0fa124a,json,research/cytokine/snapshots/search1.json,atlas/research/cytokine/snapshots/search1.json,31daf70acc7364dda08c0a5191aebd61fcca9fe30b522512798eacc9776e83cb,working_input
ASSET_2d9b31e904cc334c9254,research/cytokine/snapshots/search2.json,32784,transparent path/extension rule; documentary snapshots are not biological raw measurements,documentary_or_repository_source_snapshot,AFILE_256f42b4d26ca21517,json,research/cytokine/snapshots/search2.json,atlas/research/cytokine/snapshots/search2.json,2d9b31e904cc334c925419e26a94f278e55d8e56c346be3955c74719e1e7b9de,working_input
ASSET_83f76e61110794713fad,research/cytokine/snapshots/search3.json,29024,transparent path/extension rule; documentary snapshots are not biological raw measurements,documentary_or_repository_source_snapshot,AFILE_adfb7859ed47daffa7,json,research/cytokine/snapshots/search3.json,atlas/research/cytokine/snapshots/search3.json,83f76e61110794713fad05a4147e8c9c4830914b386dddf87388843e758f3aa1,working_input
ASSET_b0d48b1485f731e219a5,research/cytokine/snapshots/search4.json,30475,transparent path/extension rule; documentary snapshots are not biological raw measurements,documentary_or_repository_source_snapshot,AFILE_6807f774b6b6c58b78,json,research/cytokine/snapshots/search4.json,atlas/research/cytokine/snapshots/search4.json,b0d48b1485f731e219a576ee7db7a02ee7c04ca9a9a6c2ea52ddf4e2c287c983,working_input
ASSET_bdf8e1d568c9ed6bdb98,research/cytokine_expansion/build_pack.py,51289,transparent path/extension rule; documentary snapshots are not biological raw measurements,code_or_environment_specification,AFILE_27700a90a7608ccad3,py,research/cytokine_expansion/build_pack.py,atlas/research/cytokine_expansion/build_pack.py,bdf8e1d568c9ed6bdb98d0683a0a7e67206ff6ce4505cfd902c7f1dc14bd5a8d,working_input
ASSET_16cff2111dab66f3fc6a,research/cytokine_expansion/finalize_run.py,8959,transparent path/extension rule; documentary snapshots are not biological raw measurements,code_or_environment_specification,AFILE_f32c57dd3c9d16bea5,py,research/cytokine_expansion/finalize_run.py,atlas/research/cytokine_expansion/finalize_run.py,16cff2111dab66f3fc6a9bf36c2e0f9cc53e3546a1138ff16b331e7ff990f1a8,working_input
ASSET_7b5bdd47c758780f5dd9,research/cytokine_expansion/notes.md,5009,transparent path/extension rule; documentary snapshots are not biological raw measurements,documentation_or_protocol,AFILE_63db25f849c5ba3390,md,research/cytokine_expansion/notes.md,atlas/research/cytokine_expansion/notes.md,7b5bdd47c758780f5dd9b60aa0c42b8d5daae0fcab7ab8b12850f2e795b7f01e,working_input
ASSET_c5e092d0622df616967d,research/cytokine_expansion/pack.json,83883,transparent path/extension rule; documentary snapshots are not biological raw measurements,curated_evidence_extraction,AFILE_b655e3604f4383d2fc,json,research/cytokine_expansion/pack.json,atlas/research/cytokine_expansion/pack.json,c5e092d0622df616967d847dfc3ca0fc53b04f33ad0536d0c254de1f51d59474,working_input
ASSET_78a482dec3df2caed903,research/cytokine_expansion/pmc_request.json,380,transparent path/extension rule; documentary snapshots are not biological raw measurements,structured_curation_or_provenance,AFILE_9bf790911d4de69898,json,research/cytokine_expansion/pmc_request.json,atlas/research/cytokine_expansion/pmc_request.json,78a482dec3df2caed903ee6cb87e4e3a61b2c29b37a2eda9f78a559834c4f845,working_input
ASSET_efc555ac0f5405f9e160,research/cytokine_expansion/retrieval_failure.json,908,transparent path/extension rule; documentary snapshots are not biological raw measurements,structured_curation_or_provenance,AFILE_e38040ea64a128d848,json,research/cytokine_expansion/retrieval_failure.json,atlas/research/cytokine_expansion/retrieval_failure.json,efc555ac0f5405f9e160abf22f775773d341cf77c7b9655f1be298a8e7ced655,working_input
ASSET_5dce2ee609ce95ea9e94,research/cytokine_expansion/run.json,12492,transparent path/extension rule; documentary snapshots are not biological raw measurements,structured_curation_or_provenance,AFILE_e678de90cdb8b7d28f,json,research/cytokine_expansion/run.json,atlas/research/cytokine_expansion/run.json,5dce2ee609ce95ea9e94abba42f2728b8a654ae77bdf3bac0990af41f6e00c5c,working_input
ASSET_3a0ad9a0c1a124fdd513,research/cytokine_expansion/sanitize_audit.json,355,transparent path/extension rule; documentary snapshots are not biological raw measurements,structured_curation_or_provenance,AFILE_a6b3f05c660fa9f9f1,json,research/cytokine_expansion/sanitize_audit.json,atlas/research/cytokine_expansion/sanitize_audit.json,3a0ad9a0c1a124fdd5131b7b9624552bd1419cd01d8b1a37af1c85f29ac3c55d,working_input
ASSET_d89ebac67e5ccbca31c2,research/cytokine_expansion/screening.json,27211,transparent path/extension rule; documentary snapshots are not biological raw measurements,structured_curation_or_provenance,AFILE_cebb55279f638b9933,json,research/cytokine_expansion/screening.json,atlas/research/cytokine_expansion/screening.json,d89ebac67e5ccbca31c2728f47466d997dd4646cbdeb68643d115809d4394935,working_input
ASSET_a257de5e5496e32330ee,research/cytokine_expansion/snapshots/PMC2198963_selected.txt,5209,transparent path/extension rule; documentary snapshots are not biological raw measurements,documentary_or_repository_source_snapshot,AFILE_291fe807382f1608b4,txt,research/cytokine_expansion/snapshots/PMC2198963_selected.txt,atlas/research/cytokine_expansion/snapshots/PMC2198963_selected.txt,a257de5e5496e32330ee6dc4fab139a61df54e0c599dc470bea63e9ea407957b,working_input
ASSET_8743d685793f380d13a8,research/cytokine_expansion/snapshots/PMC2673366_selected.txt,5448,transparent path/extension rule; documentary snapshots are not biological raw measurements,documentary_or_repository_source_snapshot,AFILE_a36b41990310ed70cf,txt,research/cytokine_expansion/snapshots/PMC2673366_selected.txt,atlas/research/cytokine_expansion/snapshots/PMC2673366_selected.txt,8743d685793f380d13a8188302d3c0e81fd2958dfb3bfad5d058a9c3d0b8536b,working_input
ASSET_88996d97ce409e8181e3,research/cytokine_expansion/snapshots/PMC3656131_selected.txt,4307,transparent path/extension rule; documentary snapshots are not biological raw measurements,documentary_or_repository_source_snapshot,AFILE_44ad03907e2cabb939,txt,research/cytokine_expansion/snapshots/PMC3656131_selected.txt,atlas/research/cytokine_expansion/snapshots/PMC3656131_selected.txt,88996d97ce409e8181e32b8ec75f5ead269caabcd2e79452769a95ca1710a9c5,working_input
ASSET_0e96f4a08af8a07a57be,research/cytokine_expansion/snapshots/PMC4465562_survival.txt,3091,transparent path/extension rule; documentary snapshots are not biological raw measurements,documentary_or_repository_source_snapshot,AFILE_5fdf940d54af760ef7,txt,research/cytokine_expansion/snapshots/PMC4465562_survival.txt,atlas/research/cytokine_expansion/snapshots/PMC4465562_survival.txt,0e96f4a08af8a07a57beb330ee899e2e79c6d377ef289ef483dbcc3ce2a013a3,working_input
ASSET_31c3de47536fbbddcfbd,research/cytokine_expansion/snapshots/PMC4709758_selected.txt,3773,transparent path/extension rule; documentary snapshots are not biological raw measurements,documentary_or_repository_source_snapshot,AFILE_b39f3a677e6c188c82,txt,research/cytokine_expansion/snapshots/PMC4709758_selected.txt,atlas/research/cytokine_expansion/snapshots/PMC4709758_selected.txt,31c3de47536fbbddcfbd7576b9778d3fd4ec0a3aa66ae8e9f75456c3d80480eb,working_input
ASSET_4713510a1cf3a6534d06,research/cytokine_expansion/snapshots/PMC5172478_selected.txt,4763,transparent path/extension rule; documentary snapshots are not biological raw measurements,documentary_or_repository_source_snapshot,AFILE_3fd887146334b61f39,txt,research/cytokine_expansion/snapshots/PMC5172478_selected.txt,atlas/research/cytokine_expansion/snapshots/PMC5172478_selected.txt,4713510a1cf3a6534d0694b3dd7ad1f00fddf8012e02b26080cd4f097e9575ca,working_input
ASSET_d9a5bdf7302e77e310d7,research/cytokine_expansion/snapshots/PMC6581624_selected.txt,3489,transparent path/extension rule; documentary snapshots are not biological raw measurements,documentary_or_repository_source_snapshot,AFILE_92a5e28f6445d0abd0,txt,research/cytokine_expansion/snapshots/PMC6581624_selected.txt,atlas/research/cytokine_expansion/snapshots/PMC6581624_selected.txt,d9a5bdf7302e77e310d70c5f64cf23c436fa127c5d1ae4554a4e28dd33c67283,working_input
ASSET_12ba8b0c2948b4072686,research/cytokine_expansion/snapshots/PMC9576869_selected.txt,4494,transparent path/extension rule; documentary snapshots are not biological raw measurements,documentary_or_repository_source_snapshot,AFILE_136780953bb495322e,txt,research/cytokine_expansion/snapshots/PMC9576869_selected.txt,atlas/research/cytokine_expansion/snapshots/PMC9576869_selected.txt,12ba8b0c2948b4072686e7b70fa621bb1a53bdebbc76d0dbc8547a1bd1b8608a,working_input
ASSET_20bcd212cf3860600b2f,research/cytokine_expansion/snapshots/open01.json,30847,transparent path/extension rule; documentary snapshots are not biological raw measurements,documentary_or_repository_source_snapshot,AFILE_29d8876e94b727423d,json,research/cytokine_expansion/snapshots/open01.json,atlas/research/cytokine_expansion/snapshots/open01.json,20bcd212cf3860600b2f07c1cc658ee61b8b68cab6c39e5ef69481b775b9a04f,working_input
ASSET_b13289cd9ca826d481c9,research/cytokine_expansion/snapshots/open02.json,2047,transparent path/extension rule; documentary snapshots are not biological raw measurements,documentary_or_repository_source_snapshot,AFILE_c94ee2cc863b7de5ef,json,research/cytokine_expansion/snapshots/open02.json,atlas/research/cytokine_expansion/snapshots/open02.json,b13289cd9ca826d481c98994df3beb64a20e7232c1b363e76352c4e8c52b6466,working_input
ASSET_53e70d032c8cdf16d510,research/cytokine_expansion/snapshots/open03.json,1281,transparent path/extension rule; documentary snapshots are not biological raw measurements,documentary_or_repository_source_snapshot,AFILE_c18a204af1e2181a17,json,research/cytokine_expansion/snapshots/open03.json,atlas/research/cytokine_expansion/snapshots/open03.json,53e70d032c8cdf16d510402b2dff97679d0a83c70c56e748612d43cc3debe2f3,working_input
ASSET_c190f9e5d70a037730fc,research/cytokine_expansion/snapshots/search01.json,30810,transparent path/extension rule; documentary snapshots are not biological raw measurements,documentary_or_repository_source_snapshot,AFILE_bb07ee0aeb8af8dab1,json,research/cytokine_expansion/snapshots/search01.json,atlas/research/cytokine_expansion/snapshots/search01.json,c190f9e5d70a037730fcfa287ffaa83dcbe492fe94a66b484bb56ae9d1c13d8e,working_input
ASSET_47115e24d5e451dd41bf,research/cytokine_expansion/snapshots/search02.json,31224,transparent path/extension rule; documentary snapshots are not biological raw measurements,documentary_or_repository_source_snapshot,AFILE_37150d5a9a62280d99,json,research/cytokine_expansion/snapshots/search02.json,atlas/research/cytokine_expansion/snapshots/search02.json,47115e24d5e451dd41bf0e159ae53fb4b1f399dc38f390f64426d470f69bf05c,working_input
ASSET_3e7ed8623af854b82584,research/cytokine_expansion/snapshots/search03.json,28360,transparent path/extension rule; documentary snapshots are not biological raw measurements,documentary_or_repository_source_snapshot,AFILE_596ccdaa322b7672cd,json,research/cytokine_expansion/snapshots/search03.json,atlas/research/cytokine_expansion/snapshots/search03.json,3e7ed8623af854b82584d0d0ef32775fd06d74b0b27f8c7ab1f939e4a10e3259,working_input
ASSET_3ae815c113f5e368cc52,research/cytokine_inventory/inventory_manifest.json,2571,transparent path/extension rule; documentary snapshots are not biological raw measurements,structured_curation_or_provenance,AFILE_46b8efb72db846117e,json,research/cytokine_inventory/inventory_manifest.json,atlas/research/cytokine_inventory/inventory_manifest.json,3ae815c113f5e368cc5293495706e49a6aab14754844436c8bacaa747baf9f19,working_input
ASSET_2e01b90cd66ba4e7a5e8,research/cytokine_inventory/notes.md,1465,transparent path/extension rule; documentary snapshots are not biological raw measurements,documentation_or_protocol,AFILE_2eaac62b6127d47cad,md,research/cytokine_inventory/notes.md,atlas/research/cytokine_inventory/notes.md,2e01b90cd66ba4e7a5e8036c07019a2395aeee76d409ab278c0a9ee683c834fd,working_input
ASSET_ec3c61403e02315e7080,research/cytokine_inventory/probe.request.json,490,transparent path/extension rule; documentary snapshots are not biological raw measurements,structured_curation_or_provenance,AFILE_339ad35cf0fcf1f30b,json,research/cytokine_inventory/probe.request.json,atlas/research/cytokine_inventory/probe.request.json,ec3c61403e02315e70809e1c26fe85e568cd4f80cd4113ae3241f0ade66ed009,working_input
ASSET_13844b9caff285273419,research/cytokine_inventory/probe.response.json,3401,transparent path/extension rule; documentary snapshots are not biological raw measurements,structured_curation_or_provenance,AFILE_6dcf75cfe24bc9b471,json,research/cytokine_inventory/probe.response.json,atlas/research/cytokine_inventory/probe.response.json,13844b9caff2852734193c518db93ebb1341f35ec251cda8b657b36920f8e775,working_input
ASSET_073cf007fb2ea8e19543,research/cytokine_inventory/reviewed.request.json,493,transparent path/extension rule; documentary snapshots are not biological raw measurements,structured_curation_or_provenance,AFILE_b3014c3090234740c8,json,research/cytokine_inventory/reviewed.request.json,atlas/research/cytokine_inventory/reviewed.request.json,073cf007fb2ea8e19543f4ac029be79f5f8db0a369867409af613728554e0805,working_input
ASSET_c6d6c365aa2cc4c0dac8,research/cytokine_inventory/reviewed.response.json,329,transparent path/extension rule; documentary snapshots are not biological raw measurements,structured_curation_or_provenance,AFILE_a8446a7ea75fc30692,json,research/cytokine_inventory/reviewed.response.json,atlas/research/cytokine_inventory/reviewed.response.json,c6d6c365aa2cc4c0dac8d7be4b6bc9da370f44213fc1a6e6ed692a02f5854b58,working_input
ASSET_69098421e6675770a999,research/cytokine_inventory/snapshots/uniprot_probe.json,10418,transparent path/extension rule; documentary snapshots are not biological raw measurements,resource_metadata_snapshot,AFILE_8cdf6124a222e31adb,json,research/cytokine_inventory/snapshots/uniprot_probe.json,atlas/research/cytokine_inventory/snapshots/uniprot_probe.json,69098421e6675770a999ecf381f43507f2a7362693efa7f2eae445a7cf700292,working_input
ASSET_27e647ab7eec68643294,research/cytokine_inventory/snapshots/uniprot_reviewed.tsv,142264,transparent path/extension rule; documentary snapshots are not biological raw measurements,resource_metadata_snapshot,AFILE_e906bf86e674d9cb7f,tsv,research/cytokine_inventory/snapshots/uniprot_reviewed.tsv,atlas/research/cytokine_inventory/snapshots/uniprot_reviewed.tsv,27e647ab7eec68643294c2c8815bf8109612fb0196fd4861053951913a888d6c,working_input
ASSET_51186f59c5601c902169,research/cytokine_inventory/snapshots/uniprot_unreviewed.tsv,87337,transparent path/extension rule; documentary snapshots are not biological raw measurements,resource_metadata_snapshot,AFILE_2cdf18f5dcfcb27e81,tsv,research/cytokine_inventory/snapshots/uniprot_unreviewed.tsv,atlas/research/cytokine_inventory/snapshots/uniprot_unreviewed.tsv,51186f59c5601c902169958ce636bd0615785a5191221b57c998ea9c0d892852,working_input
ASSET_6f90cc092242b5a62cc6,research/cytokine_inventory/unreviewed.request.json,496,transparent path/extension rule; documentary snapshots are not biological raw measurements,structured_curation_or_provenance,AFILE_64f69b6b1c2d027068,json,research/cytokine_inventory/unreviewed.request.json,atlas/research/cytokine_inventory/unreviewed.request.json,6f90cc092242b5a62cc6bf3bf91fc9ae0aaad36633466b3a03074cbc5ec2a9d7,working_input
ASSET_58cb838bcc7da82f3606,research/cytokine_inventory/unreviewed.response.json,331,transparent path/extension rule; documentary snapshots are not biological raw measurements,structured_curation_or_provenance,AFILE_fcdd05e915bee7c142,json,research/cytokine_inventory/unreviewed.response.json,atlas/research/cytokine_inventory/unreviewed.response.json,58cb838bcc7da82f3606e2be28c30ca2d499b97788d0865d879f3bb38654f4bc,working_input
ASSET_6a2c63ce2c8fba393f90,research/final_curation_review_response_0.2.json,33165,transparent path/extension rule; documentary snapshots are not biological raw measurements,structured_curation_or_provenance,AFILE_30c883b994458fa39f,json,research/final_curation_review_response_0.2.json,atlas/research/final_curation_review_response_0.2.json,6a2c63ce2c8fba393f90a0894c5cc5fe335aea9d3bfbd6761dd0f2b72f37b0d7,working_input
ASSET_ae29b2bea667a8377842,research/fulltext_followup/G08_Gregory2007_selected_primary.json,21952,transparent path/extension rule; documentary snapshots are not biological raw measurements,structured_curation_or_provenance,AFILE_f3a21a3c554f57bbd5,json,research/fulltext_followup/G08_Gregory2007_selected_primary.json,atlas/research/fulltext_followup/G08_Gregory2007_selected_primary.json,ae29b2bea667a83778423f0c1847678f67402f525336a471a7e0ad53bd455d6a,working_input
ASSET_8e2348c3968eb66097d9,research/fulltext_followup/XCH_S008_Loetscher1996_selected_primary.json,16585,transparent path/extension rule; documentary snapshots are not biological raw measurements,structured_curation_or_provenance,AFILE_f24d6c02e7cda89547,json,research/fulltext_followup/XCH_S008_Loetscher1996_selected_primary.json,atlas/research/fulltext_followup/XCH_S008_Loetscher1996_selected_primary.json,8e2348c3968eb66097d95214eb45d8fdc4946b2f21b3a4a9449b7f97afe8976f,working_input
ASSET_fcb1f34a5d904299c7b0,research/fulltext_followup/XCH_Taub_fulltext_attempts.json,7005,transparent path/extension rule; documentary snapshots are not biological raw measurements,structured_curation_or_provenance,AFILE_b9ba48965d653800a7,json,research/fulltext_followup/XCH_Taub_fulltext_attempts.json,atlas/research/fulltext_followup/XCH_Taub_fulltext_attempts.json,fcb1f34a5d904299c7b0f66518ee7d43deb3eb9cc2cbc2ee7a756a69ae4fca0f,working_input
ASSET_74d4494d3a446ab73cbb,research/fulltext_followup/atlas_followup_paper.json,33457,transparent path/extension rule; documentary snapshots are not biological raw measurements,structured_curation_or_provenance,AFILE_7303f9d0fe37ce98a6,json,research/fulltext_followup/atlas_followup_paper.json,atlas/research/fulltext_followup/atlas_followup_paper.json,74d4494d3a446ab73cbb4d04acac8f5fbf8179803908fa653f2f0292bd0a4800,working_input
ASSET_8d49f2cff939f486ed20,research/fulltext_followup/chrome_NK_DC_passages.json,3644,transparent path/extension rule; documentary snapshots are not biological raw measurements,structured_curation_or_provenance,AFILE_2a955223eb4e96aeac,json,research/fulltext_followup/chrome_NK_DC_passages.json,atlas/research/fulltext_followup/chrome_NK_DC_passages.json,8d49f2cff939f486ed2007014c6af5498c6a1c3bc7ccf671ca8fab16f7f95f10,working_input
ASSET_26caa1f74bb007094bcb,research/fulltext_followup/chrome_STAT3_passages.json,2120,transparent path/extension rule; documentary snapshots are not biological raw measurements,structured_curation_or_provenance,AFILE_bcf66cae0ceb13b910,json,research/fulltext_followup/chrome_STAT3_passages.json,atlas/research/fulltext_followup/chrome_STAT3_passages.json,26caa1f74bb007094bcbe3d026abacebf6086c8edd2d949288f7bc419ed8f3a2,working_input
ASSET_3e9f787fb84b8a3fcfb5,research/fulltext_followup/final_access_checks.json,30995,transparent path/extension rule; documentary snapshots are not biological raw measurements,structured_curation_or_provenance,AFILE_fb31899bd9b30cd64a,json,research/fulltext_followup/final_access_checks.json,atlas/research/fulltext_followup/final_access_checks.json,3e9f787fb84b8a3fcfb52f0a2138dd3f70354088936f3f5de7fffbbb6a98dba1,working_input
ASSET_cfe0351bc71cf4ff9c04,research/fulltext_followup/genomic_curation_proposal.json,8821,transparent path/extension rule; documentary snapshots are not biological raw measurements,structured_curation_or_provenance,AFILE_6f9d8858745289797f,json,research/fulltext_followup/genomic_curation_proposal.json,atlas/research/fulltext_followup/genomic_curation_proposal.json,cfe0351bc71cf4ff9c043df16ac50dc2700fcc6ed635a565219c7a91810e7e78,working_input
ASSET_2ded0580a91295e2783f,research/fulltext_followup/method_passages.json,30155,transparent path/extension rule; documentary snapshots are not biological raw measurements,structured_curation_or_provenance,AFILE_85bb942665806aad1c,json,research/fulltext_followup/method_passages.json,atlas/research/fulltext_followup/method_passages.json,2ded0580a91295e2783fec7131d9ebc1fe174a6a9aaf7d6b316c265a7d8b0418,working_input
ASSET_beb79f96e3966bfcad6f,research/fulltext_followup/notes.md,1643,transparent path/extension rule; documentary snapshots are not biological raw measurements,documentation_or_protocol,AFILE_199b1800c177db25a9,md,research/fulltext_followup/notes.md,atlas/research/fulltext_followup/notes.md,beb79f96e3966bfcad6f20c5563c5a18403b8ee4b32394fed2cff3d9a97d5fd7,working_input
ASSET_fa6f13652911dc5a1008,research/fulltext_followup/proteomic_followup_full.json,20874,transparent path/extension rule; documentary snapshots are not biological raw measurements,structured_curation_or_provenance,AFILE_81e3becaf67cd3b110,json,research/fulltext_followup/proteomic_followup_full.json,atlas/research/fulltext_followup/proteomic_followup_full.json,fa6f13652911dc5a100841b7f9525d1b00e4a03c64e45e5255e32a4aa1297d8e,working_input
ASSET_eb045f5d63885ab3b559,research/fulltext_followup/proteomic_followup_methods.json,34267,transparent path/extension rule; documentary snapshots are not biological raw measurements,structured_curation_or_provenance,AFILE_69075cae0cebc38e60,json,research/fulltext_followup/proteomic_followup_methods.json,atlas/research/fulltext_followup/proteomic_followup_methods.json,eb045f5d63885ab3b55909802a521902a35d174a50b0273e639b7efd91492663,working_input
ASSET_2af6cd9832bc59e7197e,research/fulltext_followup/proteomic_followup_methods2.json,35727,transparent path/extension rule; documentary snapshots are not biological raw measurements,structured_curation_or_provenance,AFILE_c2cd91d569b43bf052,json,research/fulltext_followup/proteomic_followup_methods2.json,atlas/research/fulltext_followup/proteomic_followup_methods2.json,2af6cd9832bc59e7197e67b2ae303fa18af07a00c2c3de92a133e2885c481dc3,working_input
ASSET_18734105ab45417c61a0,research/fulltext_followup/proteomic_followup_open.json,1048,transparent path/extension rule; documentary snapshots are not biological raw measurements,structured_curation_or_provenance,AFILE_c800072055fb06ed41,json,research/fulltext_followup/proteomic_followup_open.json,atlas/research/fulltext_followup/proteomic_followup_open.json,18734105ab45417c61a01a08337f3d710b837047d9302556371afe66b800ad00,working_input
ASSET_64e235fa5e88e0ca831e,research/fulltext_followup/proteomic_followup_search1.json,31401,transparent path/extension rule; documentary snapshots are not biological raw measurements,structured_curation_or_provenance,AFILE_6920309b6e18eb516c,json,research/fulltext_followup/proteomic_followup_search1.json,atlas/research/fulltext_followup/proteomic_followup_search1.json,64e235fa5e88e0ca831e9bf4d0b594b82ac8e806852104dcf31f80ab0ff801e2,working_input
ASSET_10fff0e1e4c4708a1e4c,research/fulltext_followup/proteomic_followup_search2.json,35475,transparent path/extension rule; documentary snapshots are not biological raw measurements,structured_curation_or_provenance,AFILE_1355fb5b71a1840890,json,research/fulltext_followup/proteomic_followup_search2.json,atlas/research/fulltext_followup/proteomic_followup_search2.json,10fff0e1e4c4708a1e4c5a69ac2216e63cc498a81a2a804507261c58408d1ac9,working_input
ASSET_9d8781c0148504a3aeb6,research/fulltext_followup/publisher_open.json,661,transparent path/extension rule; documentary snapshots are not biological raw measurements,structured_curation_or_provenance,AFILE_ce19f53bc134c5f337,json,research/fulltext_followup/publisher_open.json,atlas/research/fulltext_followup/publisher_open.json,9d8781c0148504a3aeb6ce33be94e97a5422ad4d5f639f02dbf50966b43763e5,working_input
ASSET_c58ed1d31cf7c9325d93,research/fulltext_followup/retrieval.json,509,transparent path/extension rule; documentary snapshots are not biological raw measurements,structured_curation_or_provenance,AFILE_86da65264169ba8a37,json,research/fulltext_followup/retrieval.json,atlas/research/fulltext_followup/retrieval.json,c58ed1d31cf7c9325d93a1bb3211132d894df64c28346e4839adc3a131f717b2,working_input
ASSET_6a5848fe4c578f88dea7,research/fulltext_followup/source_passages.json,32286,transparent path/extension rule; documentary snapshots are not biological raw measurements,structured_curation_or_provenance,AFILE_14955fbd8135261213,json,research/fulltext_followup/source_passages.json,atlas/research/fulltext_followup/source_passages.json,6a5848fe4c578f88dea75ff9f12c3356496f4cf97346344b04eb6e4df5a5738a,working_input
ASSET_21c78f3f7aff813eeda7,research/fulltext_followup/web_open.json,1032,transparent path/extension rule; documentary snapshots are not biological raw measurements,structured_curation_or_provenance,AFILE_3fdd3203530583021d,json,research/fulltext_followup/web_open.json,atlas/research/fulltext_followup/web_open.json,21c78f3f7aff813eeda79f64894b962a22a7d3e792e2b56633acf6f904385d41,working_input
ASSET_c5c16d971068920ab8ed,research/genomic/build_pack.py,38388,transparent path/extension rule; documentary snapshots are not biological raw measurements,code_or_environment_specification,AFILE_07eadbe1ec0a4820d1,py,research/genomic/build_pack.py,atlas/research/genomic/build_pack.py,c5c16d971068920ab8ed242c4c43b4ad096e2df814e06db953b0e7bba06bf686,working_input
ASSET_cd2b8db162a50583adad,research/genomic/notes.md,6753,transparent path/extension rule; documentary snapshots are not biological raw measurements,documentation_or_protocol,AFILE_5e744047231c55169f,md,research/genomic/notes.md,atlas/research/genomic/notes.md,cd2b8db162a50583adada1fff37a68232262ef6903f8b2b75c665f62b412bf63,working_input
ASSET_8a1002c03070bb3ba895,research/genomic/pack.json,94092,transparent path/extension rule; documentary snapshots are not biological raw measurements,curated_evidence_extraction,AFILE_cc5957e1949e948f19,json,research/genomic/pack.json,atlas/research/genomic/pack.json,8a1002c03070bb3ba89561f3092056cef2b16eacbc77590c12a5689c396238b6,working_input
ASSET_81926babb2c47084c75b,research/genomic/review_response.json,1244,transparent path/extension rule; documentary snapshots are not biological raw measurements,structured_curation_or_provenance,AFILE_8675d7dd9f9ed668ff,json,research/genomic/review_response.json,atlas/research/genomic/review_response.json,81926babb2c47084c75b09b011a79ba76f5528ca93e0797fafb0d45678cb5ea7,working_input
ASSET_e218fe9d2f370d28fbd3,research/genomic/run.json,3392,transparent path/extension rule; documentary snapshots are not biological raw measurements,structured_curation_or_provenance,AFILE_21abc29ef2a2171a93,json,research/genomic/run.json,atlas/research/genomic/run.json,e218fe9d2f370d28fbd33bef999e207a121f7a2ae219e1538f4772f28e2c4867,working_input
ASSET_ca2b3158a5ede8d44f8d,research/genomic/snapshots/G01_fulltext.html,247423,transparent path/extension rule; documentary snapshots are not biological raw measurements,documentary_or_repository_source_snapshot,AFILE_b85836be576de7edde,html,research/genomic/snapshots/G01_fulltext.html,atlas/research/genomic/snapshots/G01_fulltext.html,ca2b3158a5ede8d44f8def50e8c0ebe859f9744a1eb8f6fa8567d8da77f6ee47,working_input
ASSET_fbbabd48dc54c65150ba,research/genomic/snapshots/G01_fulltext.txt,82083,transparent path/extension rule; documentary snapshots are not biological raw measurements,documentary_or_repository_source_snapshot,AFILE_282b8ff6532c93de0b,txt,research/genomic/snapshots/G01_fulltext.txt,atlas/research/genomic/snapshots/G01_fulltext.txt,fbbabd48dc54c65150ba6a3a2299aa83ed85c8dc399012bfd018d6bb81893fd6,working_input
ASSET_d4efbae49f1d84743f6b,research/genomic/snapshots/G01_open.txt,31912,transparent path/extension rule; documentary snapshots are not biological raw measurements,documentary_or_repository_source_snapshot,AFILE_cca98761c0a9473f87,txt,research/genomic/snapshots/G01_open.txt,atlas/research/genomic/snapshots/G01_open.txt,d4efbae49f1d84743f6be185db85a5536c70e59e499031cd474179a7a648bd11,working_input
ASSET_d9d79f2a8201bf96a7fa,research/genomic/snapshots/G02_fulltext.html,272848,transparent path/extension rule; documentary snapshots are not biological raw measurements,documentary_or_repository_source_snapshot,AFILE_66fc363baecd707273,html,research/genomic/snapshots/G02_fulltext.html,atlas/research/genomic/snapshots/G02_fulltext.html,d9d79f2a8201bf96a7fa80b68ef492f431a922ca879ab2973f9bf6c3a2a639f3,working_input
ASSET_8475690c1c795fff7c98,research/genomic/snapshots/G02_fulltext.txt,90940,transparent path/extension rule; documentary snapshots are not biological raw measurements,documentary_or_repository_source_snapshot,AFILE_87590af186928fecab,txt,research/genomic/snapshots/G02_fulltext.txt,atlas/research/genomic/snapshots/G02_fulltext.txt,8475690c1c795fff7c9880e69a02fad1118593f5959f702e44350d7c9f66be09,working_input
ASSET_374da8796b5882d8cdb3,research/genomic/snapshots/G02_open.txt,421,transparent path/extension rule; documentary snapshots are not biological raw measurements,documentary_or_repository_source_snapshot,AFILE_ab4b52e1d50b3b0fd7,txt,research/genomic/snapshots/G02_open.txt,atlas/research/genomic/snapshots/G02_open.txt,374da8796b5882d8cdb32e9c16db26c6802e916a5c5e81defe8bdbc4d80ec497,working_input
ASSET_313fced2da5b8c22095e,research/genomic/snapshots/G02b_retrieval.txt,442,transparent path/extension rule; documentary snapshots are not biological raw measurements,documentary_or_repository_source_snapshot,AFILE_858d63d7bc7f61688d,txt,research/genomic/snapshots/G02b_retrieval.txt,atlas/research/genomic/snapshots/G02b_retrieval.txt,313fced2da5b8c22095e7e4ba69fee261777f04295e5964ba1707a11b15be9d0,working_input
ASSET_5864589d6cb156b4aab5,research/genomic/snapshots/G02correction_retrieval.txt,25841,transparent path/extension rule; documentary snapshots are not biological raw measurements,documentary_or_repository_source_snapshot,AFILE_91cab6010577b991bb,txt,research/genomic/snapshots/G02correction_retrieval.txt,atlas/research/genomic/snapshots/G02correction_retrieval.txt,5864589d6cb156b4aab5004be1daa53500e90cc4598444ce28aab69fcd1ea3be,working_input
ASSET_6bde78d536f1eb9d88c6,research/genomic/snapshots/G03_fulltext.html,299120,transparent path/extension rule; documentary snapshots are not biological raw measurements,documentary_or_repository_source_snapshot,AFILE_c7ff8422ed6760bb4d,html,research/genomic/snapshots/G03_fulltext.html,atlas/research/genomic/snapshots/G03_fulltext.html,6bde78d536f1eb9d88c669269432b0d59c0e02155d5f02f54fbb7690c5ff1df8,working_input
ASSET_ad8910e5fd1b2e1bb576,research/genomic/snapshots/G03_fulltext.txt,115203,transparent path/extension rule; documentary snapshots are not biological raw measurements,documentary_or_repository_source_snapshot,AFILE_22cc8f64e87c3f02c6,txt,research/genomic/snapshots/G03_fulltext.txt,atlas/research/genomic/snapshots/G03_fulltext.txt,ad8910e5fd1b2e1bb5760547b251254404700ac08f6991e7f0f40c9af9f3b027,working_input
ASSET_50d425c42dfb6c1960bb,research/genomic/snapshots/G03_open.txt,437,transparent path/extension rule; documentary snapshots are not biological raw measurements,documentary_or_repository_source_snapshot,AFILE_6d511e738c0d16478b,txt,research/genomic/snapshots/G03_open.txt,atlas/research/genomic/snapshots/G03_open.txt,50d425c42dfb6c1960bb1afea0943ed8800fc90730ed2efc6692f86e32f36a51,working_input
ASSET_74ddccc82ab1c0f27523,research/genomic/snapshots/G03b_retrieval.txt,250,transparent path/extension rule; documentary snapshots are not biological raw measurements,documentary_or_repository_source_snapshot,AFILE_391a9dd62624f17290,txt,research/genomic/snapshots/G03b_retrieval.txt,atlas/research/genomic/snapshots/G03b_retrieval.txt,74ddccc82ab1c0f27523bd4e698d8426ab184fb1264f88af1463ba27d4df8e07,working_input
ASSET_b00f8fea385ccd45e5f5,research/genomic/snapshots/G04_fulltext.html,293551,transparent path/extension rule; documentary snapshots are not biological raw measurements,documentary_or_repository_source_snapshot,AFILE_35f46d63554ffe09bf,html,research/genomic/snapshots/G04_fulltext.html,atlas/research/genomic/snapshots/G04_fulltext.html,b00f8fea385ccd45e5f52e4dec0e77ba2e8904404c4f9c6003fa846a98976c2e,working_input
ASSET_bea3af30fa10d267347a,research/genomic/snapshots/G04_fulltext.txt,110124,transparent path/extension rule; documentary snapshots are not biological raw measurements,documentary_or_repository_source_snapshot,AFILE_a02fb146fb5ce02dad,txt,research/genomic/snapshots/G04_fulltext.txt,atlas/research/genomic/snapshots/G04_fulltext.txt,bea3af30fa10d267347a9a2401e0b56a8004eb1144fb885f68597c7d5fc03374,working_input
ASSET_84fefacb0d631b7da4bf,research/genomic/snapshots/G04_open.txt,30019,transparent path/extension rule; documentary snapshots are not biological raw measurements,documentary_or_repository_source_snapshot,AFILE_581f701d1c9fb946f7,txt,research/genomic/snapshots/G04_open.txt,atlas/research/genomic/snapshots/G04_open.txt,84fefacb0d631b7da4bfb4b82f8e6d2af37a1b0d76c12da931031bb95c14aa1e,working_input
ASSET_188969120233572f5e81,research/genomic/snapshots/G05_fulltext.html,447609,transparent path/extension rule; documentary snapshots are not biological raw measurements,documentary_or_repository_source_snapshot,AFILE_63332ee0b1639ed47d,html,research/genomic/snapshots/G05_fulltext.html,atlas/research/genomic/snapshots/G05_fulltext.html,188969120233572f5e81a117857db69883c9f3dc74b85b9291a627e7b2fcd135,working_input
ASSET_87a2bc34e00150f79458,research/genomic/snapshots/G05_fulltext.txt,184104,transparent path/extension rule; documentary snapshots are not biological raw measurements,documentary_or_repository_source_snapshot,AFILE_5a67369f215efdacc5,txt,research/genomic/snapshots/G05_fulltext.txt,atlas/research/genomic/snapshots/G05_fulltext.txt,87a2bc34e00150f79458f23efe25c280aecd496b31acc29f9b7624b0dce39da1,working_input
ASSET_99c0394656e6b5bf9251,research/genomic/snapshots/G05_open.txt,442,transparent path/extension rule; documentary snapshots are not biological raw measurements,documentary_or_repository_source_snapshot,AFILE_c855b4d2e03d6b895b,txt,research/genomic/snapshots/G05_open.txt,atlas/research/genomic/snapshots/G05_open.txt,99c0394656e6b5bf925160701b2bc1da21310874bf86bdf7512f5402e0b8357a,working_input
ASSET_710c52feaafafcb234ff,research/genomic/snapshots/G05b_retrieval.txt,388,transparent path/extension rule; documentary snapshots are not biological raw measurements,documentary_or_repository_source_snapshot,AFILE_1150708402b186967c,txt,research/genomic/snapshots/G05b_retrieval.txt,atlas/research/genomic/snapshots/G05b_retrieval.txt,710c52feaafafcb234ffeaa17ae0b244497b449a92c97a0da0f77b7647720c1c,working_input
ASSET_e240beb3f432d6c81f72,research/genomic/snapshots/G05c_retrieval.txt,278,transparent path/extension rule; documentary snapshots are not biological raw measurements,documentary_or_repository_source_snapshot,AFILE_6333c9cb4981174ee4,txt,research/genomic/snapshots/G05c_retrieval.txt,atlas/research/genomic/snapshots/G05c_retrieval.txt,e240beb3f432d6c81f722a8b92d17a34d2b462f5a30576a0686029c472a07dd5,working_input
ASSET_12ff96ede606113d2278,research/genomic/snapshots/G06_open.txt,17940,transparent path/extension rule; documentary snapshots are not biological raw measurements,documentary_or_repository_source_snapshot,AFILE_f5f966c4378f7879bc,txt,research/genomic/snapshots/G06_open.txt,atlas/research/genomic/snapshots/G06_open.txt,12ff96ede606113d227851de616310821525737269843b19b5863385e17f2402,working_input
ASSET_90dec76f49467727354b,research/genomic/snapshots/G07_fulltext.html,259495,transparent path/extension rule; documentary snapshots are not biological raw measurements,documentary_or_repository_source_snapshot,AFILE_facb6d931514720baf,html,research/genomic/snapshots/G07_fulltext.html,atlas/research/genomic/snapshots/G07_fulltext.html,90dec76f49467727354b9ec9f7e3a1689c75a4879fe92702917f4458ffed15b5,working_input
ASSET_1a517413b1e1f32d6bd6,research/genomic/snapshots/G07_fulltext.txt,83060,transparent path/extension rule; documentary snapshots are not biological raw measurements,documentary_or_repository_source_snapshot,AFILE_6500ba515433e5e1fd,txt,research/genomic/snapshots/G07_fulltext.txt,atlas/research/genomic/snapshots/G07_fulltext.txt,1a517413b1e1f32d6bd6079bc63eb39861ea1979f1befac18362ad2286153e18,working_input
ASSET_f4ed1da2486a671657cd,research/genomic/snapshots/G07_open.txt,33475,transparent path/extension rule; documentary snapshots are not biological raw measurements,documentary_or_repository_source_snapshot,AFILE_49cc7b8ad80d6df84a,txt,research/genomic/snapshots/G07_open.txt,atlas/research/genomic/snapshots/G07_open.txt,f4ed1da2486a671657cd22805eaa8bfb84a23ae741f1423e89e819f360258d53,working_input
ASSET_2ca2ed156d83aa7e4542,research/genomic/snapshots/G08_open.txt,17257,transparent path/extension rule; documentary snapshots are not biological raw measurements,documentary_or_repository_source_snapshot,AFILE_079bdf7eef46cf1997,txt,research/genomic/snapshots/G08_open.txt,atlas/research/genomic/snapshots/G08_open.txt,2ca2ed156d83aa7e45425de54fbd1f0b5311e231ced85f63d44418a2ce9d5ebf,working_input
ASSET_2757c6c4e56a14030dc9,research/genomic/snapshots/G09_fulltext.html,216584,transparent path/extension rule; documentary snapshots are not biological raw measurements,documentary_or_repository_source_snapshot,AFILE_b7122e4bf0d238435e,html,research/genomic/snapshots/G09_fulltext.html,atlas/research/genomic/snapshots/G09_fulltext.html,2757c6c4e56a14030dc9f42d38c01dfad94e2d0472e36d013f96f35e697781fb,working_input
ASSET_07839a64b266b604b56f,research/genomic/snapshots/G09_fulltext.txt,56504,transparent path/extension rule; documentary snapshots are not biological raw measurements,documentary_or_repository_source_snapshot,AFILE_f6646e6f595bfee2c5,txt,research/genomic/snapshots/G09_fulltext.txt,atlas/research/genomic/snapshots/G09_fulltext.txt,07839a64b266b604b56f1849f6b3b361adf5c2993bcdd0558b382a9a0facd094,working_input
ASSET_639d82268108ac1cee8d,research/genomic/snapshots/G09_retrieval.txt,442,transparent path/extension rule; documentary snapshots are not biological raw measurements,documentary_or_repository_source_snapshot,AFILE_677d36eda52a641738,txt,research/genomic/snapshots/G09_retrieval.txt,atlas/research/genomic/snapshots/G09_retrieval.txt,639d82268108ac1cee8dcca782a2cb0bc6ecc595bf68c3138dcdda5abee03718,working_input
ASSET_fd9b54e4e1b84f4dc51b,research/genomic/snapshots/G10_fulltext.html,198377,transparent path/extension rule; documentary snapshots are not biological raw measurements,documentary_or_repository_source_snapshot,AFILE_e319708aa7792fe5ac,html,research/genomic/snapshots/G10_fulltext.html,atlas/research/genomic/snapshots/G10_fulltext.html,fd9b54e4e1b84f4dc51b3cd26a3f379f611eced0f5e63d99555bd0b85b454efa,working_input
ASSET_443ce61649e0eb33b31f,research/genomic/snapshots/G10_fulltext.txt,59686,transparent path/extension rule; documentary snapshots are not biological raw measurements,documentary_or_repository_source_snapshot,AFILE_e0ee27d36dfa4359e6,txt,research/genomic/snapshots/G10_fulltext.txt,atlas/research/genomic/snapshots/G10_fulltext.txt,443ce61649e0eb33b31f1780e7f7cf2b2bc1128c4180f07d56a2f2aae5236a66,working_input
ASSET_3cde6c8f23db94a0e831,research/genomic/snapshots/G10_retrieval.txt,419,transparent path/extension rule; documentary snapshots are not biological raw measurements,documentary_or_repository_source_snapshot,AFILE_492a48fda9806a00aa,txt,research/genomic/snapshots/G10_retrieval.txt,atlas/research/genomic/snapshots/G10_retrieval.txt,3cde6c8f23db94a0e83180d816b37c9e52357e611c4ad34ac302ebf3e95769b8,working_input
ASSET_fa11f71cd5029162cc87,research/genomic/snapshots/Gcorrection_supp_retrieval.txt,295,transparent path/extension rule; documentary snapshots are not biological raw measurements,documentary_or_repository_source_snapshot,AFILE_58a815263d4a1530e1,txt,research/genomic/snapshots/Gcorrection_supp_retrieval.txt,atlas/research/genomic/snapshots/Gcorrection_supp_retrieval.txt,fa11f71cd5029162cc874a738c51ec8ed2694f013b2d6f86e4c230f7f7f47d15,working_input
ASSET_b7222d2c52a542e41d1d,research/genomic/snapshots/Gfind6_retrieval.txt,14123,transparent path/extension rule; documentary snapshots are not biological raw measurements,documentary_or_repository_source_snapshot,AFILE_8b63c1028be563c255,txt,research/genomic/snapshots/Gfind6_retrieval.txt,atlas/research/genomic/snapshots/Gfind6_retrieval.txt,b7222d2c52a542e41d1dc0c66df555cfedbe2a67272622aaaa2d6534ef5e1e94,working_input
ASSET_68950a87ab45971eee52,research/genomic/snapshots/Gfollowup5_retrieval.txt,26683,transparent path/extension rule; documentary snapshots are not biological raw measurements,documentary_or_repository_source_snapshot,AFILE_053d72271360128c5c,txt,research/genomic/snapshots/Gfollowup5_retrieval.txt,atlas/research/genomic/snapshots/Gfollowup5_retrieval.txt,68950a87ab45971eee526ea2d70e50df015eed35237f7a9882d807c41f6b4ceb,working_input
ASSET_c2ee108de1f9a82dd9eb,research/genomic/snapshots/Gsearch3_retrieval.txt,29424,transparent path/extension rule; documentary snapshots are not biological raw measurements,documentary_or_repository_source_snapshot,AFILE_7df0e1dec3a248bb91,txt,research/genomic/snapshots/Gsearch3_retrieval.txt,atlas/research/genomic/snapshots/Gsearch3_retrieval.txt,c2ee108de1f9a82dd9eb49b08fa21b2fb13675c5d420f03518edf8ee3dd0d5ce,working_input
ASSET_5ec38ebfaf165ff4306e,research/genomic/snapshots/Gsearch4_retrieval.txt,32629,transparent path/extension rule; documentary snapshots are not biological raw measurements,documentary_or_repository_source_snapshot,AFILE_7a82484cd6f02e6746,txt,research/genomic/snapshots/Gsearch4_retrieval.txt,atlas/research/genomic/snapshots/Gsearch4_retrieval.txt,5ec38ebfaf165ff4306e916279953aec0b3961a381f16316fb012967c592113c,working_input
ASSET_986dcf30bd9d69454cd2,research/genomic/snapshots/Gsearch7_retrieval.txt,35689,transparent path/extension rule; documentary snapshots are not biological raw measurements,documentary_or_repository_source_snapshot,AFILE_29a14ba5e1a1582263,txt,research/genomic/snapshots/Gsearch7_retrieval.txt,atlas/research/genomic/snapshots/Gsearch7_retrieval.txt,986dcf30bd9d69454cd2cb80d7cca67ce6b3374c5ec4aba4c6009db6a02a4126,working_input
ASSET_71e142343d80b14718de,research/genomic/snapshots/search_01.json,33114,transparent path/extension rule; documentary snapshots are not biological raw measurements,documentary_or_repository_source_snapshot,AFILE_98925c71b7059ce536,json,research/genomic/snapshots/search_01.json,atlas/research/genomic/snapshots/search_01.json,71e142343d80b14718de1590ffefdacc31b47783395eb660b8f1c047e82252f5,working_input
ASSET_60d7f54ca2902e9823f6,research/genomic/snapshots/search_02.json,33317,transparent path/extension rule; documentary snapshots are not biological raw measurements,documentary_or_repository_source_snapshot,AFILE_bd3d9c05ef59d905a4,json,research/genomic/snapshots/search_02.json,atlas/research/genomic/snapshots/search_02.json,60d7f54ca2902e9823f68396169d2aba1c19d85da7c99d8a9ad4fd6a6d82e08e,working_input
ASSET_8a4777b86681f90d5ff1,research/implementation_review_additional_sources_0.2.json,4728,transparent path/extension rule; documentary snapshots are not biological raw measurements,structured_curation_or_provenance,AFILE_b0cc5790e2eae3a17f,json,research/implementation_review_additional_sources_0.2.json,atlas/research/implementation_review_additional_sources_0.2.json,8a4777b86681f90d5ff149e58289e70b05bd38872613bd35589d483c1f7d8221,working_input
ASSET_73bf2821b413579736e8,research/implementation_review_display_0.2.json,5307,transparent path/extension rule; documentary snapshots are not biological raw measurements,structured_curation_or_provenance,AFILE_e7d7fb7fdbfcb8ae04,json,research/implementation_review_display_0.2.json,atlas/research/implementation_review_display_0.2.json,73bf2821b413579736e81e6706477994a0dfaf4e0f0d2c4ddd9f2259c8b046de,working_input
ASSET_096cd568db2f7fb39834,research/implementation_review_response.json,17862,transparent path/extension rule; documentary snapshots are not biological raw measurements,structured_curation_or_provenance,AFILE_912227a2bcf8e94c1c,json,research/implementation_review_response.json,atlas/research/implementation_review_response.json,096cd568db2f7fb3983462a72dd4eb25c707fdfa632bb507c0a192666692f70b,working_input
ASSET_710b49fd192ed8004883,research/implementation_review_response_0.2.json,6468,transparent path/extension rule; documentary snapshots are not biological raw measurements,structured_curation_or_provenance,AFILE_607bcd95938c366f00,json,research/implementation_review_response_0.2.json,atlas/research/implementation_review_response_0.2.json,710b49fd192ed800488318c628da9df4e7494cc0e8ea24975d1408a18cc53639,working_input
ASSET_78217c699eaf805271ca,research/implementation_review_retrieval_time_0.2.json,7361,transparent path/extension rule; documentary snapshots are not biological raw measurements,structured_curation_or_provenance,AFILE_3db8473fb4d8416ddb,json,research/implementation_review_retrieval_time_0.2.json,atlas/research/implementation_review_retrieval_time_0.2.json,78217c699eaf805271caeb43e26f1cbc88317402a1251e624a31b71baa39009e,working_input
ASSET_3f14cc3be2c37807d66c,research/mechanisms_activation/bridges.json,55500,transparent path/extension rule; documentary snapshots are not biological raw measurements,structured_curation_or_provenance,AFILE_d7df90e03b40d05b32,json,research/mechanisms_activation/bridges.json,atlas/research/mechanisms_activation/bridges.json,3f14cc3be2c37807d66cb3f3c31b3421b1eafe446a7d72ed4edcc93e1c0c0025,working_input
ASSET_b19a7cdf2c15258c38e8,research/mechanisms_activation/build_connections.py,17333,transparent path/extension rule; documentary snapshots are not biological raw measurements,code_or_environment_specification,AFILE_1b844ab324e7ae0787,py,research/mechanisms_activation/build_connections.py,atlas/research/mechanisms_activation/build_connections.py,b19a7cdf2c15258c38e856b0c00de62f29319b6d21ca9c905e0058a50cd94baf,working_input
ASSET_78bf7d3c14b19e612e75,research/mechanisms_activation/build_pack.py,26835,transparent path/extension rule; documentary snapshots are not biological raw measurements,code_or_environment_specification,AFILE_d8d5b3e57cac402f42,py,research/mechanisms_activation/build_pack.py,atlas/research/mechanisms_activation/build_pack.py,78bf7d3c14b19e612e75bf5665fe09ff782f6866625a58b0616d58940a50e5b9,working_input
ASSET_b191d0b2bd2cb4466c9f,research/mechanisms_activation/complete_provenance.py,5879,transparent path/extension rule; documentary snapshots are not biological raw measurements,code_or_environment_specification,AFILE_8799cc35d6940c52b1,py,research/mechanisms_activation/complete_provenance.py,atlas/research/mechanisms_activation/complete_provenance.py,b191d0b2bd2cb4466c9fd5261f3951aeca6f318a652ac48545680b3ae81754a9,working_input
ASSET_dc9d1d41209113ee2273,research/mechanisms_activation/finalize.py,16327,transparent path/extension rule; documentary snapshots are not biological raw measurements,code_or_environment_specification,AFILE_2b1a8ab0fc18f5b684,py,research/mechanisms_activation/finalize.py,atlas/research/mechanisms_activation/finalize.py,dc9d1d41209113ee227398ef362ace2c58ac6c192a1e0f7feb2d0281dbf2582e,working_input
ASSET_5f6b69a7bcbfedb602d2,research/mechanisms_activation/notes.md,7936,transparent path/extension rule; documentary snapshots are not biological raw measurements,documentation_or_protocol,AFILE_c0d9906b67572224c0,md,research/mechanisms_activation/notes.md,atlas/research/mechanisms_activation/notes.md,5f6b69a7bcbfedb602d2ff0fd2b15b22e981014a779711e334438d6cd835fd31,working_input
ASSET_13029e98a272e452bba7,research/mechanisms_activation/pack.json,111309,transparent path/extension rule; documentary snapshots are not biological raw measurements,curated_evidence_extraction,AFILE_cc0893530c43615403,json,research/mechanisms_activation/pack.json,atlas/research/mechanisms_activation/pack.json,13029e98a272e452bba73695e8e911f9e240533aca32583c534c54b9f6bf9cde,working_input
ASSET_0f05b3f3f782aa07ffaa,research/mechanisms_activation/parse_snapshots.py,940,transparent path/extension rule; documentary snapshots are not biological raw measurements,code_or_environment_specification,AFILE_5122701f21d5ef6572,py,research/mechanisms_activation/parse_snapshots.py,atlas/research/mechanisms_activation/parse_snapshots.py,0f05b3f3f782aa07ffaa46c2a7c670ed6cc117b24c1973c552e25f0e6bca7848,working_input
ASSET_1d2afce79878a8e74ffd,research/mechanisms_activation/run.json,13607,transparent path/extension rule; documentary snapshots are not biological raw measurements,structured_curation_or_provenance,AFILE_e316ee5eb6abe54d51,json,research/mechanisms_activation/run.json,atlas/research/mechanisms_activation/run.json,1d2afce79878a8e74ffd0b924c389fa312e01bd491541a4c587804e2a9c0bd2d,working_input
ASSET_be9ab6d0262a889ba5ea,research/mechanisms_activation/screening.json,42753,transparent path/extension rule; documentary snapshots are not biological raw measurements,structured_curation_or_provenance,AFILE_005446191ccd2862cb,json,research/mechanisms_activation/screening.json,atlas/research/mechanisms_activation/screening.json,be9ab6d0262a889ba5ea91cdd9c1ba1ca45bf2e7ee25a47c606357179f6393f6,working_input
ASSET_b2119512d21bf11e0bee,research/mechanisms_activation/snapshots/MA_Q09_web.json,16462,transparent path/extension rule; documentary snapshots are not biological raw measurements,documentary_or_repository_source_snapshot,AFILE_974ae7a58afa233f85,json,research/mechanisms_activation/snapshots/MA_Q09_web.json,atlas/research/mechanisms_activation/snapshots/MA_Q09_web.json,b2119512d21bf11e0bee846ecb951478cf70be477add592b9e7c465e6a8e7b2a,working_input
ASSET_210c9c5b0b248c9dc3e6,research/mechanisms_activation/snapshots/MA_S01_full.html,272189,transparent path/extension rule; documentary snapshots are not biological raw measurements,documentary_or_repository_source_snapshot,AFILE_bc7042ac5bd286c8e0,html,research/mechanisms_activation/snapshots/MA_S01_full.html,atlas/research/mechanisms_activation/snapshots/MA_S01_full.html,210c9c5b0b248c9dc3e6abf52786ca51656288768b9dbcb15f67260480c62b3a,working_input
ASSET_0510e3dcfe737257c311,research/mechanisms_activation/snapshots/MA_S01_full.txt,86036,transparent path/extension rule; documentary snapshots are not biological raw measurements,documentary_or_repository_source_snapshot,AFILE_61ee74996c3b34bb92,txt,research/mechanisms_activation/snapshots/MA_S01_full.txt,atlas/research/mechanisms_activation/snapshots/MA_S01_full.txt,0510e3dcfe737257c3118f273492e05f76d643896062a8957267eef966cad549,working_input
ASSET_1fd70f05928d928a33d8,research/mechanisms_activation/snapshots/MA_S01_full_metadata.json,2296,transparent path/extension rule; documentary snapshots are not biological raw measurements,documentary_or_repository_source_snapshot,AFILE_bf2cbfc53bdaaafc6c,json,research/mechanisms_activation/snapshots/MA_S01_full_metadata.json,atlas/research/mechanisms_activation/snapshots/MA_S01_full_metadata.json,1fd70f05928d928a33d84baa6f4af60509afa016579c5510ce4a90d1c0f0126d,working_input
ASSET_2c94fd8923bc608c44f0,research/mechanisms_activation/snapshots/MA_S02_full.html,192756,transparent path/extension rule; documentary snapshots are not biological raw measurements,documentary_or_repository_source_snapshot,AFILE_43f337ef261ddfe7d0,html,research/mechanisms_activation/snapshots/MA_S02_full.html,atlas/research/mechanisms_activation/snapshots/MA_S02_full.html,2c94fd8923bc608c44f04f3c5a53970120a80cd0a4c7ef4ec9e86fbc1f69077a,working_input
ASSET_e532abc1ae62a5bfdf84,research/mechanisms_activation/snapshots/MA_S02_full.txt,47769,transparent path/extension rule; documentary snapshots are not biological raw measurements,documentary_or_repository_source_snapshot,AFILE_232865f752ef253ae5,txt,research/mechanisms_activation/snapshots/MA_S02_full.txt,atlas/research/mechanisms_activation/snapshots/MA_S02_full.txt,e532abc1ae62a5bfdf846d752ed8913cc4a31ec3365212e0e51d6383d4633741,working_input
ASSET_4e9ec436976a2abdb27b,research/mechanisms_activation/snapshots/MA_S02_full_metadata.json,2843,transparent path/extension rule; documentary snapshots are not biological raw measurements,documentary_or_repository_source_snapshot,AFILE_ce0eff54b50610da50,json,research/mechanisms_activation/snapshots/MA_S02_full_metadata.json,atlas/research/mechanisms_activation/snapshots/MA_S02_full_metadata.json,4e9ec436976a2abdb27bd2404db8c767d41474658ee1b32855a05d21111b8ad7,working_input
ASSET_93d58492599cf783a253,research/mechanisms_activation/snapshots/MA_S03_full.html,270951,transparent path/extension rule; documentary snapshots are not biological raw measurements,documentary_or_repository_source_snapshot,AFILE_b5803cbd247f159ecf,html,research/mechanisms_activation/snapshots/MA_S03_full.html,atlas/research/mechanisms_activation/snapshots/MA_S03_full.html,93d58492599cf783a253d0d3dd49094e1d2bcc146c43b61d96f817568d952276,working_input
ASSET_9b7f0485c866ffe4363c,research/mechanisms_activation/snapshots/MA_S03_full.txt,95543,transparent path/extension rule; documentary snapshots are not biological raw measurements,documentary_or_repository_source_snapshot,AFILE_4c9d23f3b3b2999162,txt,research/mechanisms_activation/snapshots/MA_S03_full.txt,atlas/research/mechanisms_activation/snapshots/MA_S03_full.txt,9b7f0485c866ffe4363cd6b0b3aebb279b0e705eccbf874779fa4779e2a64e8e,working_input
ASSET_60049370f7cf0d46031c,research/mechanisms_activation/snapshots/MA_S03_full_metadata.json,6590,transparent path/extension rule; documentary snapshots are not biological raw measurements,documentary_or_repository_source_snapshot,AFILE_7067d636a5cad3819f,json,research/mechanisms_activation/snapshots/MA_S03_full_metadata.json,atlas/research/mechanisms_activation/snapshots/MA_S03_full_metadata.json,60049370f7cf0d46031c1afa90c93e386817dbeb67e182b31a40ba75a5cd07b0,working_input
ASSET_98249d5b017bfaa00043,research/mechanisms_activation/snapshots/MA_S04_full.html,1094332,transparent path/extension rule; documentary snapshots are not biological raw measurements,documentary_or_repository_source_snapshot,AFILE_71dd458b1ecc60b330,html,research/mechanisms_activation/snapshots/MA_S04_full.html,atlas/research/mechanisms_activation/snapshots/MA_S04_full.html,98249d5b017bfaa00043f5c3f24e488b2fda03072f736187c12466ad860adb1c,working_input
ASSET_d58269eec27f9e8555e1,research/mechanisms_activation/snapshots/MA_S04_full.txt,76403,transparent path/extension rule; documentary snapshots are not biological raw measurements,documentary_or_repository_source_snapshot,AFILE_1c3648b2415ac7386c,txt,research/mechanisms_activation/snapshots/MA_S04_full.txt,atlas/research/mechanisms_activation/snapshots/MA_S04_full.txt,d58269eec27f9e8555e1aaea766e5e091f300fcb277883776cd8ad6538266895,working_input
ASSET_3c7394c4c3b9d19cafb7,research/mechanisms_activation/snapshots/MA_S04_full_metadata.json,3964,transparent path/extension rule; documentary snapshots are not biological raw measurements,documentary_or_repository_source_snapshot,AFILE_0b02b05da08fdc0580,json,research/mechanisms_activation/snapshots/MA_S04_full_metadata.json,atlas/research/mechanisms_activation/snapshots/MA_S04_full_metadata.json,3c7394c4c3b9d19cafb72199efadf2f69ec6a5f4f560fd2444f5819e5c4c0604,working_input
ASSET_00790679faae73c30d6d,research/mechanisms_activation/snapshots/MA_S05_full.html,204856,transparent path/extension rule; documentary snapshots are not biological raw measurements,documentary_or_repository_source_snapshot,AFILE_4bbf6df92f53e23b5c,html,research/mechanisms_activation/snapshots/MA_S05_full.html,atlas/research/mechanisms_activation/snapshots/MA_S05_full.html,00790679faae73c30d6db60d751629bcb739a8d82ae5fd89d240475df569ceed,working_input
ASSET_56151f37553491bab0d5,research/mechanisms_activation/snapshots/MA_S05_full.txt,57264,transparent path/extension rule; documentary snapshots are not biological raw measurements,documentary_or_repository_source_snapshot,AFILE_4dfd48230d04c62fd6,txt,research/mechanisms_activation/snapshots/MA_S05_full.txt,atlas/research/mechanisms_activation/snapshots/MA_S05_full.txt,56151f37553491bab0d5afd9a6a92e130477c1cbbb9160f0c9edea40b76510f3,working_input
ASSET_f79957a08969383e3542,research/mechanisms_activation/snapshots/MA_S05_full_metadata.json,2471,transparent path/extension rule; documentary snapshots are not biological raw measurements,documentary_or_repository_source_snapshot,AFILE_187b407e4ab2eccbc8,json,research/mechanisms_activation/snapshots/MA_S05_full_metadata.json,atlas/research/mechanisms_activation/snapshots/MA_S05_full_metadata.json,f79957a08969383e354253291596aa3304bfcb47031cdc5574d17f53192a998a,working_input
ASSET_a156006bbc9bbdf89cb7,research/mechanisms_activation/snapshots/MA_S06_correction_full.html,237259,transparent path/extension rule; documentary snapshots are not biological raw measurements,documentary_or_repository_source_snapshot,AFILE_80b3b538b3c70465ec,html,research/mechanisms_activation/snapshots/MA_S06_correction_full.html,atlas/research/mechanisms_activation/snapshots/MA_S06_correction_full.html,a156006bbc9bbdf89cb7ed083eb8c634e1ec33a6f917de39b47f111d6eb9a1e2,working_input
ASSET_6abb4859b4fc04145cef,research/mechanisms_activation/snapshots/MA_S06_correction_full.txt,7209,transparent path/extension rule; documentary snapshots are not biological raw measurements,documentary_or_repository_source_snapshot,AFILE_30c890c3b1cd587e6f,txt,research/mechanisms_activation/snapshots/MA_S06_correction_full.txt,atlas/research/mechanisms_activation/snapshots/MA_S06_correction_full.txt,6abb4859b4fc04145cef6678f66d7100a28cb0b4cadb3784d1d68d792d41db13,working_input
ASSET_5fda2b950a9b991c66d3,research/mechanisms_activation/snapshots/MA_S06_correction_full_metadata.json,3632,transparent path/extension rule; documentary snapshots are not biological raw measurements,documentary_or_repository_source_snapshot,AFILE_6da953dd0ed2684c05,json,research/mechanisms_activation/snapshots/MA_S06_correction_full_metadata.json,atlas/research/mechanisms_activation/snapshots/MA_S06_correction_full_metadata.json,5fda2b950a9b991c66d39d7545017d6db2c3bab58d481b89b6a728a909f178c7,working_input
ASSET_926cfd766f38fb588ae1,research/mechanisms_activation/snapshots/MA_S06_fig3_full.html,177990,transparent path/extension rule; documentary snapshots are not biological raw measurements,documentary_or_repository_source_snapshot,AFILE_c7cb2643c7801c1c1b,html,research/mechanisms_activation/snapshots/MA_S06_fig3_full.html,atlas/research/mechanisms_activation/snapshots/MA_S06_fig3_full.html,926cfd766f38fb588ae1fa7e00f071d47011f6fcdf882fb62638f3d80926db89,working_input
ASSET_6c37c3cf7b7e757f1e15,research/mechanisms_activation/snapshots/MA_S06_fig3_full.txt,5244,transparent path/extension rule; documentary snapshots are not biological raw measurements,documentary_or_repository_source_snapshot,AFILE_4159ba14d5f52faae7,txt,research/mechanisms_activation/snapshots/MA_S06_fig3_full.txt,atlas/research/mechanisms_activation/snapshots/MA_S06_fig3_full.txt,6c37c3cf7b7e757f1e15314933487e14637cc7c19901ef9dbe9dac11b0fad644,working_input
ASSET_44136fa355b3678a1146,research/mechanisms_activation/snapshots/MA_S06_fig3_full_metadata.json,2,transparent path/extension rule; documentary snapshots are not biological raw measurements,documentary_or_repository_source_snapshot,AFILE_be80680f28be3123da,json,research/mechanisms_activation/snapshots/MA_S06_fig3_full_metadata.json,atlas/research/mechanisms_activation/snapshots/MA_S06_fig3_full_metadata.json,44136fa355b3678a1146ad16f7e8649e94fb4fc21fe77e8310c060f61caaff8a,working_input
ASSET_4d3c0ef2dd654c1a1357,research/mechanisms_activation/snapshots/MA_S06_fig4_full.html,177525,transparent path/extension rule; documentary snapshots are not biological raw measurements,documentary_or_repository_source_snapshot,AFILE_e3964df896db6e0131,html,research/mechanisms_activation/snapshots/MA_S06_fig4_full.html,atlas/research/mechanisms_activation/snapshots/MA_S06_fig4_full.html,4d3c0ef2dd654c1a1357ae48472573b9bda304b186b3d891700987f5e55b1342,working_input
ASSET_8e8d9a9d3ce2b8729e34,research/mechanisms_activation/snapshots/MA_S06_fig4_full.txt,5269,transparent path/extension rule; documentary snapshots are not biological raw measurements,documentary_or_repository_source_snapshot,AFILE_c61da25f1dd72d3d20,txt,research/mechanisms_activation/snapshots/MA_S06_fig4_full.txt,atlas/research/mechanisms_activation/snapshots/MA_S06_fig4_full.txt,8e8d9a9d3ce2b8729e34a530254ddba751ba7bd6e2610f410de59216bf305849,working_input
ASSET_44136fa355b3678a1146,research/mechanisms_activation/snapshots/MA_S06_fig4_full_metadata.json,2,transparent path/extension rule; documentary snapshots are not biological raw measurements,documentary_or_repository_source_snapshot,AFILE_2a515c438b2e9ebae3,json,research/mechanisms_activation/snapshots/MA_S06_fig4_full_metadata.json,atlas/research/mechanisms_activation/snapshots/MA_S06_fig4_full_metadata.json,44136fa355b3678a1146ad16f7e8649e94fb4fc21fe77e8310c060f61caaff8a,working_input
ASSET_9448f8a1159c9b14e3e1,research/mechanisms_activation/snapshots/MA_S06_full.failed.html,236,transparent path/extension rule; documentary snapshots are not biological raw measurements,documentary_or_repository_source_snapshot,AFILE_55bd68723bd426217e,html,research/mechanisms_activation/snapshots/MA_S06_full.failed.html,atlas/research/mechanisms_activation/snapshots/MA_S06_full.failed.html,9448f8a1159c9b14e3e1b9d8eab1a6ddf88d26e1f888a34cef430c756e4e6e1e,working_input
ASSET_41dbd274ab85a18fb204,research/mechanisms_activation/snapshots/MA_S06_full.html,515928,transparent path/extension rule; documentary snapshots are not biological raw measurements,documentary_or_repository_source_snapshot,AFILE_50f736f0eae354cc66,html,research/mechanisms_activation/snapshots/MA_S06_full.html,atlas/research/mechanisms_activation/snapshots/MA_S06_full.html,41dbd274ab85a18fb2048b742887c14db703cae09c6c23ad38d8273eb1e7f236,working_input
ASSET_c83609107e9fb39e58eb,research/mechanisms_activation/snapshots/MA_S06_full.txt,43356,transparent path/extension rule; documentary snapshots are not biological raw measurements,documentary_or_repository_source_snapshot,AFILE_e450c8bd57618a2033,txt,research/mechanisms_activation/snapshots/MA_S06_full.txt,atlas/research/mechanisms_activation/snapshots/MA_S06_full.txt,c83609107e9fb39e58eb4f9486f2c76e65ca656a9edc24ca01e92893afa5544c,working_input
ASSET_7b2eb4ca2d4fc287a414,research/mechanisms_activation/snapshots/MA_S06_full_metadata.json,26291,transparent path/extension rule; documentary snapshots are not biological raw measurements,documentary_or_repository_source_snapshot,AFILE_8ef51a0ba66185d372,json,research/mechanisms_activation/snapshots/MA_S06_full_metadata.json,atlas/research/mechanisms_activation/snapshots/MA_S06_full_metadata.json,7b2eb4ca2d4fc287a4147be44a803f3f2b1fdad8d0bc5b7c71f31677a7fbc287,working_input
ASSET_be7d095528ea94d03451,research/mechanisms_activation/snapshots/MA_S06_methods.pdf,529176,transparent path/extension rule; documentary snapshots are not biological raw measurements,documentary_or_repository_source_snapshot,AFILE_c9b66aa5194d9868b2,pdf,research/mechanisms_activation/snapshots/MA_S06_methods.pdf,atlas/research/mechanisms_activation/snapshots/MA_S06_methods.pdf,be7d095528ea94d03451657bca5aa4bbeb17ffd8a9dd91330fd4e0d74fa73aa9,working_input
ASSET_99171892e66cba7aa174,research/mechanisms_activation/snapshots/MA_S06_methods.txt,11416,transparent path/extension rule; documentary snapshots are not biological raw measurements,documentary_or_repository_source_snapshot,AFILE_987743b12111b18a0c,txt,research/mechanisms_activation/snapshots/MA_S06_methods.txt,atlas/research/mechanisms_activation/snapshots/MA_S06_methods.txt,99171892e66cba7aa17496cd7663393e32942c256003c15fe8126c067a377c3e,working_input
ASSET_60594c343cd21c45b7fd,research/mechanisms_activation/snapshots/MA_S06_nature.failed.html,515926,transparent path/extension rule; documentary snapshots are not biological raw measurements,documentary_or_repository_source_snapshot,AFILE_fd0023c3f8cc0e2f7b,html,research/mechanisms_activation/snapshots/MA_S06_nature.failed.html,atlas/research/mechanisms_activation/snapshots/MA_S06_nature.failed.html,60594c343cd21c45b7fd1b420f6777c574d449d1bb245669bb71ab07d8ff51bc,working_input
ASSET_8d5c49893e197e978a18,research/mechanisms_activation/snapshots/MA_S06_repository.failed.html,3058,transparent path/extension rule; documentary snapshots are not biological raw measurements,documentary_or_repository_source_snapshot,AFILE_31ac375f47c3d4af57,html,research/mechanisms_activation/snapshots/MA_S06_repository.failed.html,atlas/research/mechanisms_activation/snapshots/MA_S06_repository.failed.html,8d5c49893e197e978a18c122f0487cddee54a2033963f2f9ff6ed300a087d517,working_input
ASSET_7a94e18b956035d0ac2b,research/mechanisms_activation/snapshots/MA_S06_web.json,300,transparent path/extension rule; documentary snapshots are not biological raw measurements,documentary_or_repository_source_snapshot,AFILE_4a9529d3c6460c55a8,json,research/mechanisms_activation/snapshots/MA_S06_web.json,atlas/research/mechanisms_activation/snapshots/MA_S06_web.json,7a94e18b956035d0ac2bf37b07c556e1d7215ed69ed4d233cdebe7354864996d,working_input
ASSET_9a4fafb02aae934b0eec,research/mechanisms_activation/snapshots/MA_S07_full.html,219712,transparent path/extension rule; documentary snapshots are not biological raw measurements,documentary_or_repository_source_snapshot,AFILE_93a390d7685eda35e7,html,research/mechanisms_activation/snapshots/MA_S07_full.html,atlas/research/mechanisms_activation/snapshots/MA_S07_full.html,9a4fafb02aae934b0eecdf74e04c9c87a2b7ddfee130b2fc6f7a85b1f2c716e1,working_input
ASSET_0bbf99005de825e9cee6,research/mechanisms_activation/snapshots/MA_S07_full.txt,62118,transparent path/extension rule; documentary snapshots are not biological raw measurements,documentary_or_repository_source_snapshot,AFILE_3ba06728e074c45052,txt,research/mechanisms_activation/snapshots/MA_S07_full.txt,atlas/research/mechanisms_activation/snapshots/MA_S07_full.txt,0bbf99005de825e9cee6760d8e217ca610cf7f3a091715c8d7fe69305ad37c99,working_input
ASSET_875bbec16b4d330718e2,research/mechanisms_activation/snapshots/MA_S07_full_metadata.json,1131,transparent path/extension rule; documentary snapshots are not biological raw measurements,documentary_or_repository_source_snapshot,AFILE_c0a80fd20153e13124,json,research/mechanisms_activation/snapshots/MA_S07_full_metadata.json,atlas/research/mechanisms_activation/snapshots/MA_S07_full_metadata.json,875bbec16b4d330718e23a9437b5d16b609de9c5b6fb352646cfc2f341065494,working_input
ASSET_2e730c28f95a4d8f59d5,research/mechanisms_activation/source_manifest.json,14839,transparent path/extension rule; documentary snapshots are not biological raw measurements,structured_curation_or_provenance,AFILE_f5f8f43ad48ca95367,json,research/mechanisms_activation/source_manifest.json,atlas/research/mechanisms_activation/source_manifest.json,2e730c28f95a4d8f59d574ca8d219105ee5461a3f3345ef2f6008b3934d1de30,working_input
ASSET_5a3a79c7f9934a5ea0be,research/mechanisms_antigen/bridges.json,85691,transparent path/extension rule; documentary snapshots are not biological raw measurements,structured_curation_or_provenance,AFILE_8231c7b9138205af69,json,research/mechanisms_antigen/bridges.json,atlas/research/mechanisms_antigen/bridges.json,5a3a79c7f9934a5ea0be5f5a37c47d0db4ba15b76b840e25691d517ec8941048,working_input
ASSET_7c78d3023f184d132654,research/mechanisms_antigen/build_pack.py,40239,transparent path/extension rule; documentary snapshots are not biological raw measurements,code_or_environment_specification,AFILE_057ed91af860b775fc,py,research/mechanisms_antigen/build_pack.py,atlas/research/mechanisms_antigen/build_pack.py,7c78d3023f184d132654a1b2940b2013f2d05d3c53c735bb2fd0e73659d32b09,working_input
ASSET_44e5fc9777197aec0ffa,research/mechanisms_antigen/finish_pack.py,23895,transparent path/extension rule; documentary snapshots are not biological raw measurements,code_or_environment_specification,AFILE_07d9173f9d1fbe69bd,py,research/mechanisms_antigen/finish_pack.py,atlas/research/mechanisms_antigen/finish_pack.py,44e5fc9777197aec0ffad8a207f293b594ccbaa1ec3781f0658df6f82ea87a8d,working_input
ASSET_a2eeac828ae3f279b848,research/mechanisms_antigen/notes.md,5937,transparent path/extension rule; documentary snapshots are not biological raw measurements,documentation_or_protocol,AFILE_7bbeaf2c4697491d69,md,research/mechanisms_antigen/notes.md,atlas/research/mechanisms_antigen/notes.md,a2eeac828ae3f279b8484d9e14e2c40d5873ab5842b27fd1f6309a00a70b38bb,working_input
ASSET_81e4acf11a815fc13cd6,research/mechanisms_antigen/pack.json,119914,transparent path/extension rule; documentary snapshots are not biological raw measurements,curated_evidence_extraction,AFILE_6bcb25800c3d5a766b,json,research/mechanisms_antigen/pack.json,atlas/research/mechanisms_antigen/pack.json,81e4acf11a815fc13cd68c70c0a71cdb8824f6988e880a50e6f65abac9f20618,working_input
ASSET_b4cbf50eff2d062426a1,research/mechanisms_antigen/run.json,2803,transparent path/extension rule; documentary snapshots are not biological raw measurements,structured_curation_or_provenance,AFILE_6cda6a77a8fb6a973a,json,research/mechanisms_antigen/run.json,atlas/research/mechanisms_antigen/run.json,b4cbf50eff2d062426a1212883cf4c7e9fbcce2f0cf5bd17cdb347811f26ce3a,working_input
ASSET_9b92d3299168fd98a057,research/mechanisms_antigen/screening.json,20020,transparent path/extension rule; documentary snapshots are not biological raw measurements,structured_curation_or_provenance,AFILE_cad7d2d497e4d1c41d,json,research/mechanisms_antigen/screening.json,atlas/research/mechanisms_antigen/screening.json,9b92d3299168fd98a0577ae510be6a8e31cdc13808a2d8a79cb1e0a5a411d0eb,working_input
ASSET_0bb28cc238a1c41dacbe,research/mechanisms_antigen/snapshots/MP_ERAP2021.html,227839,transparent path/extension rule; documentary snapshots are not biological raw measurements,documentary_or_repository_source_snapshot,AFILE_b8977e126c14b0ade6,html,research/mechanisms_antigen/snapshots/MP_ERAP2021.html,atlas/research/mechanisms_antigen/snapshots/MP_ERAP2021.html,0bb28cc238a1c41dacbe730f991af3919701262fdb66f413134cecdca4d85067,working_input
ASSET_4123c908d62f13e1cf2a,research/mechanisms_antigen/snapshots/MP_ERAP2021.txt,71873,transparent path/extension rule; documentary snapshots are not biological raw measurements,documentary_or_repository_source_snapshot,AFILE_b2593017f41ebc36be,txt,research/mechanisms_antigen/snapshots/MP_ERAP2021.txt,atlas/research/mechanisms_antigen/snapshots/MP_ERAP2021.txt,4123c908d62f13e1cf2a6a1ef449f8dc487f70a8c2f440acb061d35e86b8e3fd,working_input
ASSET_6c2321c449829422d897,research/mechanisms_antigen/snapshots/MP_He2025.html,346389,transparent path/extension rule; documentary snapshots are not biological raw measurements,documentary_or_repository_source_snapshot,AFILE_531b5a4af3847bd8fa,html,research/mechanisms_antigen/snapshots/MP_He2025.html,atlas/research/mechanisms_antigen/snapshots/MP_He2025.html,6c2321c449829422d897a29270aa063e6c84913e53d0313809341aa0a39cc4ea,working_input
ASSET_834a66a8301fd84d67ce,research/mechanisms_antigen/snapshots/MP_He2025.txt,114992,transparent path/extension rule; documentary snapshots are not biological raw measurements,documentary_or_repository_source_snapshot,AFILE_9e182e344741a235f0,txt,research/mechanisms_antigen/snapshots/MP_He2025.txt,atlas/research/mechanisms_antigen/snapshots/MP_He2025.txt,834a66a8301fd84d67ced862b4e1aef186e3d02e7a80b9179250f8598212d907,working_input
ASSET_f27872f9a76a1b9e5632,research/mechanisms_antigen/snapshots/MP_Kuilman2025.html,588336,transparent path/extension rule; documentary snapshots are not biological raw measurements,documentary_or_repository_source_snapshot,AFILE_31df09f8d1a0ed8404,html,research/mechanisms_antigen/snapshots/MP_Kuilman2025.html,atlas/research/mechanisms_antigen/snapshots/MP_Kuilman2025.html,f27872f9a76a1b9e563227650cb9056ce16e7fc9d92e7ab525b0fb02742ad3fd,working_input
ASSET_fdd0b46423db72ea6e9c,research/mechanisms_antigen/snapshots/MP_Kuilman2025.txt,87638,transparent path/extension rule; documentary snapshots are not biological raw measurements,documentary_or_repository_source_snapshot,AFILE_54d851ed8f7f55080a,txt,research/mechanisms_antigen/snapshots/MP_Kuilman2025.txt,atlas/research/mechanisms_antigen/snapshots/MP_Kuilman2025.txt,fdd0b46423db72ea6e9c6cf85669e66c1b3bd792906283576d269e5bbc6c8fd1,working_input
ASSET_4019919e28d05cb62cd5,research/mechanisms_antigen/snapshots/MP_Kuilman2025_supplement.pdf,3059699,transparent path/extension rule; documentary snapshots are not biological raw measurements,documentary_or_repository_source_snapshot,AFILE_3d5be901c3f4312896,pdf,research/mechanisms_antigen/snapshots/MP_Kuilman2025_supplement.pdf,atlas/research/mechanisms_antigen/snapshots/MP_Kuilman2025_supplement.pdf,4019919e28d05cb62cd5b6dedfa2eacee186be3c706a448786424538586789e7,working_input
ASSET_4a5518c14bb9165bb3f4,research/mechanisms_antigen/snapshots/MP_Kuilman2025_supplement.txt,21905,transparent path/extension rule; documentary snapshots are not biological raw measurements,documentary_or_repository_source_snapshot,AFILE_06e26e670b7ec454d5,txt,research/mechanisms_antigen/snapshots/MP_Kuilman2025_supplement.txt,atlas/research/mechanisms_antigen/snapshots/MP_Kuilman2025_supplement.txt,4a5518c14bb9165bb3f40e6034dbd4ced51aaba2ffd1d717571ab97bd72fada6,working_input
ASSET_e5610d9d748c4f5357dc,research/mechanisms_antigen/snapshots/MP_Kuilman2025_supplement_p12.png,282446,transparent path/extension rule; documentary snapshots are not biological raw measurements,documentary_or_repository_source_snapshot,AFILE_0d9cdbb790f5e00e92,png,research/mechanisms_antigen/snapshots/MP_Kuilman2025_supplement_p12.png,atlas/research/mechanisms_antigen/snapshots/MP_Kuilman2025_supplement_p12.png,e5610d9d748c4f5357dcaa9a8895a6b1d42b23b3e8ff4682e1b3ac1962dd0b22,working_input
ASSET_80b722f685639d91ab27,research/mechanisms_antigen/snapshots/MP_Kuilman2025_supplement_p8.png,333807,transparent path/extension rule; documentary snapshots are not biological raw measurements,documentary_or_repository_source_snapshot,AFILE_82e9325e3ca5c69351,png,research/mechanisms_antigen/snapshots/MP_Kuilman2025_supplement_p8.png,atlas/research/mechanisms_antigen/snapshots/MP_Kuilman2025_supplement_p8.png,80b722f685639d91ab2770b8fd62f2993e5602f27fee34f3376bebf738f903b3,working_input
ASSET_5fe14728208db35b80e0,research/mechanisms_antigen/snapshots/MP_Landmann2001.html,231443,transparent path/extension rule; documentary snapshots are not biological raw measurements,documentary_or_repository_source_snapshot,AFILE_d216c2cfa7a2b2c46f,html,research/mechanisms_antigen/snapshots/MP_Landmann2001.html,atlas/research/mechanisms_antigen/snapshots/MP_Landmann2001.html,5fe14728208db35b80e05129195732c8ae7ab84c0803d36a5ff6384f34924ecd,working_input
ASSET_c2d32ec398e3f86baf52,research/mechanisms_antigen/snapshots/MP_Landmann2001.txt,73742,transparent path/extension rule; documentary snapshots are not biological raw measurements,documentary_or_repository_source_snapshot,AFILE_3dbb3e8826780db365,txt,research/mechanisms_antigen/snapshots/MP_Landmann2001.txt,atlas/research/mechanisms_antigen/snapshots/MP_Landmann2001.txt,c2d32ec398e3f86baf5293dedc860da80c45c6112dec35285a3595d08c9c8e18,working_input
ASSET_d3c2b5bf1562aa290e43,research/mechanisms_antigen/snapshots/MP_Restifo1996.html,214225,transparent path/extension rule; documentary snapshots are not biological raw measurements,documentary_or_repository_source_snapshot,AFILE_4d8008e56aad86c226,html,research/mechanisms_antigen/snapshots/MP_Restifo1996.html,atlas/research/mechanisms_antigen/snapshots/MP_Restifo1996.html,d3c2b5bf1562aa290e430d603f9741c2d0f4980319999d6c9a72a689b16d22e7,working_input
ASSET_e6cf5825c0aee4697e4c,research/mechanisms_antigen/snapshots/MP_Restifo1996.txt,58493,transparent path/extension rule; documentary snapshots are not biological raw measurements,documentary_or_repository_source_snapshot,AFILE_ff7d373bacc373276c,txt,research/mechanisms_antigen/snapshots/MP_Restifo1996.txt,atlas/research/mechanisms_antigen/snapshots/MP_Restifo1996.txt,e6cf5825c0aee4697e4c15236f598f77d74c7fdd58a24f2d4c3b3bb2e5a9e95a,working_input
ASSET_2313be2c581f290ef932,research/mechanisms_antigen/snapshots/MP_Restifo1996_fig5.jpg,31499,transparent path/extension rule; documentary snapshots are not biological raw measurements,documentary_or_repository_source_snapshot,AFILE_1e2756c0cbe5546256,jpg,research/mechanisms_antigen/snapshots/MP_Restifo1996_fig5.jpg,atlas/research/mechanisms_antigen/snapshots/MP_Restifo1996_fig5.jpg,2313be2c581f290ef9329710fc0bd16c85983f842426c02809800adf67746b0c,working_input
ASSET_03f6e91b6e264b3769c7,research/mechanisms_antigen/snapshots/MP_access_attempt2.json,969,transparent path/extension rule; documentary snapshots are not biological raw measurements,documentary_or_repository_source_snapshot,AFILE_cbe5ad0a9a9e06795c,json,research/mechanisms_antigen/snapshots/MP_access_attempt2.json,atlas/research/mechanisms_antigen/snapshots/MP_access_attempt2.json,03f6e91b6e264b3769c7ba34d4bb7beb4a6a07bbd10bdb37e0822be21237c362,working_input
ASSET_0a82eea1afa14851a58b,research/mechanisms_antigen/snapshots/MP_correction_search1.json,26332,transparent path/extension rule; documentary snapshots are not biological raw measurements,documentary_or_repository_source_snapshot,AFILE_ac5eff2035b9d63cf8,json,research/mechanisms_antigen/snapshots/MP_correction_search1.json,atlas/research/mechanisms_antigen/snapshots/MP_correction_search1.json,0a82eea1afa14851a58b4bd8c0919463af35293ef7cde9f6834add045754d9ac,working_input
ASSET_5a61538d042fcde21489,research/mechanisms_antigen/snapshots/MP_correction_search2.json,27345,transparent path/extension rule; documentary snapshots are not biological raw measurements,documentary_or_repository_source_snapshot,AFILE_a965514749c70fb9c6,json,research/mechanisms_antigen/snapshots/MP_correction_search2.json,atlas/research/mechanisms_antigen/snapshots/MP_correction_search2.json,5a61538d042fcde214893ba26d09841abf589cdee3fb212d7c93cc47eab35a54,working_input
ASSET_ad1c589296cb98baaffa,research/mechanisms_antigen/snapshots/MP_deLaSalle1999.html,96039,transparent path/extension rule; documentary snapshots are not biological raw measurements,documentary_or_repository_source_snapshot,AFILE_2b13b562a5e86fed80,html,research/mechanisms_antigen/snapshots/MP_deLaSalle1999.html,atlas/research/mechanisms_antigen/snapshots/MP_deLaSalle1999.html,ad1c589296cb98baaffa912f88d3a9efef2a2e59add69100a9114dc62c65b3c3,working_input
ASSET_574042688451e4a399fe,research/mechanisms_antigen/snapshots/MP_deLaSalle1999.txt,39212,transparent path/extension rule; documentary snapshots are not biological raw measurements,documentary_or_repository_source_snapshot,AFILE_81f6376de9658f187b,txt,research/mechanisms_antigen/snapshots/MP_deLaSalle1999.txt,atlas/research/mechanisms_antigen/snapshots/MP_deLaSalle1999.txt,574042688451e4a399fe15c648d5b863391f2a09d4c6054d6b58e7a8aafd002c,working_input
ASSET_205b7a1f5b3f73fcf77d,research/mechanisms_antigen/snapshots/MP_deLaSalle2002.html,155678,transparent path/extension rule; documentary snapshots are not biological raw measurements,documentary_or_repository_source_snapshot,AFILE_4974c601330c4d5a5e,html,research/mechanisms_antigen/snapshots/MP_deLaSalle2002.html,atlas/research/mechanisms_antigen/snapshots/MP_deLaSalle2002.html,205b7a1f5b3f73fcf77d3d759fb50d8d1e70837113638bd16ece112113ebc2bc,working_input
ASSET_c82cd173b053073a0f10,research/mechanisms_antigen/snapshots/MP_deLaSalle2002.txt,38232,transparent path/extension rule; documentary snapshots are not biological raw measurements,documentary_or_repository_source_snapshot,AFILE_1d46f8cf5e88aa0a79,txt,research/mechanisms_antigen/snapshots/MP_deLaSalle2002.txt,atlas/research/mechanisms_antigen/snapshots/MP_deLaSalle2002.txt,c82cd173b053073a0f104823bc1236ecb15c2913c7a6dadb57982f6a38231642,working_input
ASSET_e15eef36f77da0a050fb,research/mechanisms_antigen/snapshots/MP_download_log.json,1177,transparent path/extension rule; documentary snapshots are not biological raw measurements,documentary_or_repository_source_snapshot,AFILE_6bfd3e3017c2015a04,json,research/mechanisms_antigen/snapshots/MP_download_log.json,atlas/research/mechanisms_antigen/snapshots/MP_download_log.json,e15eef36f77da0a050fb460d200bce965301ae42ce3fce3ea7bebb8b94638ac6,working_input
ASSET_d0932ca22fbd774e35e2,research/mechanisms_antigen/snapshots/MP_primary_details4.json,31412,transparent path/extension rule; documentary snapshots are not biological raw measurements,documentary_or_repository_source_snapshot,AFILE_57b1d6ae74eb241a54,json,research/mechanisms_antigen/snapshots/MP_primary_details4.json,atlas/research/mechanisms_antigen/snapshots/MP_primary_details4.json,d0932ca22fbd774e35e2b2b1934b8bc12d7251ffe36571b2582678224db0e3ce,working_input
ASSET_02a241fa5f6564de3f6c,research/mechanisms_antigen/snapshots/MP_primary_open3.json,34373,transparent path/extension rule; documentary snapshots are not biological raw measurements,documentary_or_repository_source_snapshot,AFILE_b030cfd0b10b7efb98,json,research/mechanisms_antigen/snapshots/MP_primary_open3.json,atlas/research/mechanisms_antigen/snapshots/MP_primary_open3.json,02a241fa5f6564de3f6c44dc1a64c81652aa3dd4c5fbd51ec42102829ceb16aa,working_input
ASSET_eaa5e91be4f0fd3f9a71,research/mechanisms_antigen/snapshots/MP_search_batch2.json,32017,transparent path/extension rule; documentary snapshots are not biological raw measurements,documentary_or_repository_source_snapshot,AFILE_bfcec1e3122c3ae3c3,json,research/mechanisms_antigen/snapshots/MP_search_batch2.json,atlas/research/mechanisms_antigen/snapshots/MP_search_batch2.json,eaa5e91be4f0fd3f9a71cdf10f2d9bdfcd0e6aaec0e6760792a38a024e299511,working_input
ASSET_fe476305951c3090794f,research/mechanisms_antigen/snapshots/MP_search_batch3.json,30896,transparent path/extension rule; documentary snapshots are not biological raw measurements,documentary_or_repository_source_snapshot,AFILE_1b47c2564ed29962a4,json,research/mechanisms_antigen/snapshots/MP_search_batch3.json,atlas/research/mechanisms_antigen/snapshots/MP_search_batch3.json,fe476305951c3090794f4bd943be6c1203e14ac9bc2cb288092ff8650c4e9330,working_input
ASSET_b76e8d45eeba2030f6d8,research/mechanisms_antigen/snapshots/MP_search_batch4.json,32184,transparent path/extension rule; documentary snapshots are not biological raw measurements,documentary_or_repository_source_snapshot,AFILE_81c50d1d4711ccc324,json,research/mechanisms_antigen/snapshots/MP_search_batch4.json,atlas/research/mechanisms_antigen/snapshots/MP_search_batch4.json,b76e8d45eeba2030f6d8e9d08212623c7c711805e15c691500c90e6432ef6119,working_input
ASSET_262fdbb5e9478a4629bd,research/mechanisms_antigen/snapshots/MP_web_fulltext_batch1.json,1524,transparent path/extension rule; documentary snapshots are not biological raw measurements,documentary_or_repository_source_snapshot,AFILE_f48141db32d1473271,json,research/mechanisms_antigen/snapshots/MP_web_fulltext_batch1.json,atlas/research/mechanisms_antigen/snapshots/MP_web_fulltext_batch1.json,262fdbb5e9478a4629bdc1b9904f300486eb977b69780c866c6f46068260c16a,working_input
ASSET_fa569aa6435c10792d0c,research/mechanisms_genetic/bridges.json,34775,transparent path/extension rule; documentary snapshots are not biological raw measurements,structured_curation_or_provenance,AFILE_7d84a4d81b42b478b3,json,research/mechanisms_genetic/bridges.json,atlas/research/mechanisms_genetic/bridges.json,fa569aa6435c10792d0c7cf99e6b4325f008243913593bbe620818e1a4f9d739,working_input
ASSET_0e256410877172c94cf0,research/mechanisms_genetic/notes.md,5898,transparent path/extension rule; documentary snapshots are not biological raw measurements,documentation_or_protocol,AFILE_5b128640fdc15a17c2,md,research/mechanisms_genetic/notes.md,atlas/research/mechanisms_genetic/notes.md,0e256410877172c94cf0ec9d4acb90862c23c7563022838027ccc036fe9a10ae,working_input
ASSET_fa2ed00d81fda2038d69,research/mechanisms_genetic/pack.json,78563,transparent path/extension rule; documentary snapshots are not biological raw measurements,curated_evidence_extraction,AFILE_428afa2dc5022e73ab,json,research/mechanisms_genetic/pack.json,atlas/research/mechanisms_genetic/pack.json,fa2ed00d81fda2038d698a105954c669f7290d64b14f35ed65b8e64b17de1be8,working_input
ASSET_b6b5aa21c97badcf43fc,research/mechanisms_genetic/run.json,4027,transparent path/extension rule; documentary snapshots are not biological raw measurements,structured_curation_or_provenance,AFILE_81ff2b2ef43d02f757,json,research/mechanisms_genetic/run.json,atlas/research/mechanisms_genetic/run.json,b6b5aa21c97badcf43fcda04f2ed1766edfe66399a912dbb1ae2be3b18655660,working_input
ASSET_e51db5ebcfa7d5e86698,research/mechanisms_genetic/screening.json,11603,transparent path/extension rule; documentary snapshots are not biological raw measurements,structured_curation_or_provenance,AFILE_923963641f14293017,json,research/mechanisms_genetic/screening.json,atlas/research/mechanisms_genetic/screening.json,e51db5ebcfa7d5e8669806f22524144a281833630c13ad26454878366d666e22,working_input
ASSET_1b7d4a7034f0520e8c93,research/mechanisms_genetic/snapshots/MG01_selected_primary.txt,32484,transparent path/extension rule; documentary snapshots are not biological raw measurements,documentary_or_repository_source_snapshot,AFILE_f54f895adf00705534,txt,research/mechanisms_genetic/snapshots/MG01_selected_primary.txt,atlas/research/mechanisms_genetic/snapshots/MG01_selected_primary.txt,1b7d4a7034f0520e8c93f5c3c715f84a95c28c987f17e2532e6dcd5627db77c7,working_input
ASSET_46d1165731e6ba61e55e,research/mechanisms_genetic/snapshots/MG02_Gregory_results_methods.txt,9074,transparent path/extension rule; documentary snapshots are not biological raw measurements,documentary_or_repository_source_snapshot,AFILE_f06348f21bb3da82fe,txt,research/mechanisms_genetic/snapshots/MG02_Gregory_results_methods.txt,atlas/research/mechanisms_genetic/snapshots/MG02_Gregory_results_methods.txt,46d1165731e6ba61e55e5e7ef0808bd8142383579fe3fa5ac7e3f28a5523fae3,working_input
ASSET_b3e36dc04f248316dc57,research/mechanisms_genetic/snapshots/MG03_selected_primary.txt,16305,transparent path/extension rule; documentary snapshots are not biological raw measurements,documentary_or_repository_source_snapshot,AFILE_9a98954ee1b4cf608d,txt,research/mechanisms_genetic/snapshots/MG03_selected_primary.txt,atlas/research/mechanisms_genetic/snapshots/MG03_selected_primary.txt,b3e36dc04f248316dc575f56b05205e1f93a92c43023c33a5eda69119d868fa5,working_input
ASSET_583a5f30520f741931e8,research/mechanisms_genetic/snapshots/MG04_CD4_methods.txt,20715,transparent path/extension rule; documentary snapshots are not biological raw measurements,documentary_or_repository_source_snapshot,AFILE_370652070914efa8c4,txt,research/mechanisms_genetic/snapshots/MG04_CD4_methods.txt,atlas/research/mechanisms_genetic/snapshots/MG04_CD4_methods.txt,583a5f30520f741931e885ba07037d3fd794806557430333faeccb89e7c63c50,working_input
ASSET_eefb8d111de51c8af999,research/mechanisms_genetic/snapshots/MG04_CD4_results.txt,22940,transparent path/extension rule; documentary snapshots are not biological raw measurements,documentary_or_repository_source_snapshot,AFILE_aa59e89fb37077a95f,txt,research/mechanisms_genetic/snapshots/MG04_CD4_results.txt,atlas/research/mechanisms_genetic/snapshots/MG04_CD4_results.txt,eefb8d111de51c8af999499eb6455ffd064ec91549f4033b2caed4d870798be4,working_input
ASSET_57f3e52b28ef491a4d31,research/mechanisms_genetic/snapshots/MG04_enhancer_results.txt,15155,transparent path/extension rule; documentary snapshots are not biological raw measurements,documentary_or_repository_source_snapshot,AFILE_6b3609d010f0742548,txt,research/mechanisms_genetic/snapshots/MG04_enhancer_results.txt,atlas/research/mechanisms_genetic/snapshots/MG04_enhancer_results.txt,57f3e52b28ef491a4d31225e60c31fffeaf6b5933dfb6117b6d981cf098cf888,working_input
ASSET_f9f5fd57a8030142e414,research/mechanisms_genetic/snapshots/MG05_discovery.txt,11119,transparent path/extension rule; documentary snapshots are not biological raw measurements,documentary_or_repository_source_snapshot,AFILE_4ba38dc5e30c932a3e,txt,research/mechanisms_genetic/snapshots/MG05_discovery.txt,atlas/research/mechanisms_genetic/snapshots/MG05_discovery.txt,f9f5fd57a8030142e41448678c59ef124ae63a2c614a20030e3a997466abcf56,working_input
ASSET_e5ed84ca9dd92d843302,research/mechanisms_genetic/snapshots/MG05_fulltext.html,407839,transparent path/extension rule; documentary snapshots are not biological raw measurements,documentary_or_repository_source_snapshot,AFILE_26d8e900952fcd347e,html,research/mechanisms_genetic/snapshots/MG05_fulltext.html,atlas/research/mechanisms_genetic/snapshots/MG05_fulltext.html,e5ed84ca9dd92d843302cc60d5f08169c7b7da8e2cd2ddcf3a2fb0fd46192b8a,working_input
ASSET_fc1838b844432de3edb4,research/mechanisms_genetic/snapshots/MG05_fulltext.txt,144133,transparent path/extension rule; documentary snapshots are not biological raw measurements,documentary_or_repository_source_snapshot,AFILE_568ac386270ccc8c4c,txt,research/mechanisms_genetic/snapshots/MG05_fulltext.txt,atlas/research/mechanisms_genetic/snapshots/MG05_fulltext.txt,fc1838b844432de3edb4a47905d53ba0cc8633e937c1fd00e1f69d3a158c4694,working_input
ASSET_f250db59bc2ecf9d6619,research/mechanisms_genetic/snapshots/MG05_selected_primary.txt,20976,transparent path/extension rule; documentary snapshots are not biological raw measurements,documentary_or_repository_source_snapshot,AFILE_b256fc309b4c9bbc28,txt,research/mechanisms_genetic/snapshots/MG05_selected_primary.txt,atlas/research/mechanisms_genetic/snapshots/MG05_selected_primary.txt,f250db59bc2ecf9d6619ffacee93fb149525a7f31b5319acdb23a7c2e4cf5e57,working_input
ASSET_5a9be032bc88a103dd54,research/mechanisms_genetic/snapshots/metadata_checks.txt,16952,transparent path/extension rule; documentary snapshots are not biological raw measurements,documentary_or_repository_source_snapshot,AFILE_a4396b4793d3c76e9e,txt,research/mechanisms_genetic/snapshots/metadata_checks.txt,atlas/research/mechanisms_genetic/snapshots/metadata_checks.txt,5a9be032bc88a103dd54e5398ae21574745572969051ef5b6b79598f6f536051,working_input
ASSET_1461de9f330bc2b00d64,research/mechanisms_genetic/snapshots/retrieval_failures.txt,1233,transparent path/extension rule; documentary snapshots are not biological raw measurements,documentary_or_repository_source_snapshot,AFILE_4d65f7805689300cf1,txt,research/mechanisms_genetic/snapshots/retrieval_failures.txt,atlas/research/mechanisms_genetic/snapshots/retrieval_failures.txt,1461de9f330bc2b00d640ab8279b5e420d2344fdf3be258fac09004f0593e56e,working_input
ASSET_fe9e75e925fc84f51c99,research/proteomic/apply_review_corrections.py,3346,transparent path/extension rule; documentary snapshots are not biological raw measurements,code_or_environment_specification,AFILE_f0f7e02f767cec0583,py,research/proteomic/apply_review_corrections.py,atlas/research/proteomic/apply_review_corrections.py,fe9e75e925fc84f51c990fdb03b76d5af4827079a07068602e1fb1993a18b048,working_input
ASSET_9c8ac7147af39b62f09f,research/proteomic/notes.md,5906,transparent path/extension rule; documentary snapshots are not biological raw measurements,documentation_or_protocol,AFILE_6f9c379ca3d78ab480,md,research/proteomic/notes.md,atlas/research/proteomic/notes.md,9c8ac7147af39b62f09f945b832b251043d34f4ae9ce26ab4ea3a47fafec1d62,working_input
ASSET_965f21a12afbf5f44671,research/proteomic/pack.json,72597,transparent path/extension rule; documentary snapshots are not biological raw measurements,curated_evidence_extraction,AFILE_a9c63525d54ba9e6f1,json,research/proteomic/pack.json,atlas/research/proteomic/pack.json,965f21a12afbf5f4467148bd3c5c43faf483e29fc21d745af449e4b2bcac7937,working_input
ASSET_d660342dd7a2717013ab,research/proteomic/review_response.json,7992,transparent path/extension rule; documentary snapshots are not biological raw measurements,structured_curation_or_provenance,AFILE_3abcb07a1e2aa52b95,json,research/proteomic/review_response.json,atlas/research/proteomic/review_response.json,d660342dd7a2717013ab255b670020c4bb12f7d3145d844594a3918789cc3605,working_input
ASSET_e5c488529be3cb6d6050,research/proteomic/run.json,3555,transparent path/extension rule; documentary snapshots are not biological raw measurements,structured_curation_or_provenance,AFILE_a29fe5428aa2a12753,json,research/proteomic/run.json,atlas/research/proteomic/run.json,e5c488529be3cb6d6050ae9fffdbf14ac0bed2b3b35bf84c7eb5ce103e96bf33,working_input
ASSET_e1f46d13ea56494ca9b8,research/proteomic/snapshots/atlas_publisher_page.html,444489,transparent path/extension rule; documentary snapshots are not biological raw measurements,documentary_or_repository_source_snapshot,AFILE_b96a60a4944a598c16,html,research/proteomic/snapshots/atlas_publisher_page.html,atlas/research/proteomic/snapshots/atlas_publisher_page.html,e1f46d13ea56494ca9b897e1b739bf8eb2ab3399d4e5e1eaa61d2e1de5a31304,working_input
ASSET_42ea8670d63883ce00e4,research/proteomic/snapshots/atlas_publisher_page.txt,29873,transparent path/extension rule; documentary snapshots are not biological raw measurements,documentary_or_repository_source_snapshot,AFILE_665605b6205575c86f,txt,research/proteomic/snapshots/atlas_publisher_page.txt,atlas/research/proteomic/snapshots/atlas_publisher_page.txt,42ea8670d63883ce00e4d6667812e236207f56d331a8400bb479becd698266f8,working_input
ASSET_73c3dcc246f01706db7f,research/proteomic/snapshots/bendall_fulltext.html,213822,transparent path/extension rule; documentary snapshots are not biological raw measurements,documentary_or_repository_source_snapshot,AFILE_7d3ff8b5988561d012,html,research/proteomic/snapshots/bendall_fulltext.html,atlas/research/proteomic/snapshots/bendall_fulltext.html,73c3dcc246f01706db7fd878734c3f2d836391da1e7918f4315acf1bddef8c55,working_input
ASSET_9a9f86d6f0be3e361b3b,research/proteomic/snapshots/bendall_fulltext.txt,66613,transparent path/extension rule; documentary snapshots are not biological raw measurements,documentary_or_repository_source_snapshot,AFILE_bf091e881abad8119d,txt,research/proteomic/snapshots/bendall_fulltext.txt,atlas/research/proteomic/snapshots/bendall_fulltext.txt,9a9f86d6f0be3e361b3b235b3ad50bb654236ea251654e27ca40c88c698ebf95,working_input
ASSET_b5e3ba5a6a270e6fd818,research/proteomic/snapshots/cite_publisher_page.html,325623,transparent path/extension rule; documentary snapshots are not biological raw measurements,documentary_or_repository_source_snapshot,AFILE_b328aa3a15309d2486,html,research/proteomic/snapshots/cite_publisher_page.html,atlas/research/proteomic/snapshots/cite_publisher_page.html,b5e3ba5a6a270e6fd8181c031641877920d5ce2b2a0724608ccd4b666800dda5,working_input
ASSET_5782bcf27eec883afc17,research/proteomic/snapshots/cite_publisher_page.txt,19270,transparent path/extension rule; documentary snapshots are not biological raw measurements,documentary_or_repository_source_snapshot,AFILE_5d363d0fe53eae8037,txt,research/proteomic/snapshots/cite_publisher_page.txt,atlas/research/proteomic/snapshots/cite_publisher_page.txt,5782bcf27eec883afc174787bc013f73fe2b448a98c49319c2de48f7fe77bdd7,working_input
ASSET_1dcb162b3750c70b20f1,research/proteomic/snapshots/extract1.json,22188,transparent path/extension rule; documentary snapshots are not biological raw measurements,documentary_or_repository_source_snapshot,AFILE_9187e75bc89fb4006e,json,research/proteomic/snapshots/extract1.json,atlas/research/proteomic/snapshots/extract1.json,1dcb162b3750c70b20f1be791498dc12046a520691c947a5b8fe01f0018a17ad,working_input
ASSET_5e6d7a8cb7fdc9c6d603,research/proteomic/snapshots/extract2.json,24694,transparent path/extension rule; documentary snapshots are not biological raw measurements,documentary_or_repository_source_snapshot,AFILE_b3ded4f61b54b6422c,json,research/proteomic/snapshots/extract2.json,atlas/research/proteomic/snapshots/extract2.json,5e6d7a8cb7fdc9c6d6036c9b2d612244bf0de03bc62ebca77ea7298f883325d8,working_input
ASSET_6af3e7c4129c2432098b,research/proteomic/snapshots/extract3.json,16579,transparent path/extension rule; documentary snapshots are not biological raw measurements,documentary_or_repository_source_snapshot,AFILE_c94fc56c66e2b66d6a,json,research/proteomic/snapshots/extract3.json,atlas/research/proteomic/snapshots/extract3.json,6af3e7c4129c2432098ba3fef4eca06a4e83b0cd3777c9c95af48ef369c48252,working_input
ASSET_20ed5d9d4fce163028d0,research/proteomic/snapshots/methods.json,32037,transparent path/extension rule; documentary snapshots are not biological raw measurements,documentary_or_repository_source_snapshot,AFILE_f73a22c845aad110e3,json,research/proteomic/snapshots/methods.json,atlas/research/proteomic/snapshots/methods.json,20ed5d9d4fce163028d063aad39a21ca6bffa341b2cf49ec6bf5658f8d08ce0c,working_input
ASSET_34ce09a1babe5ae0a795,research/proteomic/snapshots/open1.json,27094,transparent path/extension rule; documentary snapshots are not biological raw measurements,documentary_or_repository_source_snapshot,AFILE_8129a22416016e692f,json,research/proteomic/snapshots/open1.json,atlas/research/proteomic/snapshots/open1.json,34ce09a1babe5ae0a79518dbb5d8d9b850c9f630e48d567254b692a9750f5e38,working_input
ASSET_78249fb5817b3c38481f,research/proteomic/snapshots/open2.json,28167,transparent path/extension rule; documentary snapshots are not biological raw measurements,documentary_or_repository_source_snapshot,AFILE_8de96592104430f4dd,json,research/proteomic/snapshots/open2.json,atlas/research/proteomic/snapshots/open2.json,78249fb5817b3c38481fa0a87feba95ba8fe5788a499ad91ff2bec26c9c9309a,working_input
ASSET_55bf684aea6dba87a915,research/proteomic/snapshots/open3.json,31930,transparent path/extension rule; documentary snapshots are not biological raw measurements,documentary_or_repository_source_snapshot,AFILE_c72354f352897f4a28,json,research/proteomic/snapshots/open3.json,atlas/research/proteomic/snapshots/open3.json,55bf684aea6dba87a915b28e45488c912f5fc6eb2b3f021e3aba8f5436cc20b8,working_input
ASSET_33af42195fbe81aad787,research/proteomic/snapshots/open4.json,15825,transparent path/extension rule; documentary snapshots are not biological raw measurements,documentary_or_repository_source_snapshot,AFILE_c2dea51b6734286d3f,json,research/proteomic/snapshots/open4.json,atlas/research/proteomic/snapshots/open4.json,33af42195fbe81aad787405261cf95a4032bd19ff972bd9975430718018fe4a9,working_input
ASSET_13728c96a93ea8a6762c,research/proteomic/snapshots/platelet_fulltext.html,153761,transparent path/extension rule; documentary snapshots are not biological raw measurements,documentary_or_repository_source_snapshot,AFILE_9c9d10fd190b21d7bb,html,research/proteomic/snapshots/platelet_fulltext.html,atlas/research/proteomic/snapshots/platelet_fulltext.html,13728c96a93ea8a6762c20dae81bab2979cb84046a4f42b2432b735c02151359,working_input
ASSET_4af749dc94413e0b2c21,research/proteomic/snapshots/platelet_fulltext.txt,36265,transparent path/extension rule; documentary snapshots are not biological raw measurements,documentary_or_repository_source_snapshot,AFILE_9e5570a7a3c8196d5c,txt,research/proteomic/snapshots/platelet_fulltext.txt,atlas/research/proteomic/snapshots/platelet_fulltext.txt,4af749dc94413e0b2c21192a7536b5a5774a50c1982cf37bd03fe5059caf865e,working_input
ASSET_bba7753a2baea26cb649,research/proteomic/snapshots/reap_fulltext.pdf,3127949,transparent path/extension rule; documentary snapshots are not biological raw measurements,documentary_or_repository_source_snapshot,AFILE_eb2c7f52282fa7f85d,pdf,research/proteomic/snapshots/reap_fulltext.pdf,atlas/research/proteomic/snapshots/reap_fulltext.pdf,bba7753a2baea26cb649e574e530791a040f1d37958b1e59f244d9331058356d,working_input
ASSET_b58f8b5df81724f54eb4,research/proteomic/snapshots/search1.json,35398,transparent path/extension rule; documentary snapshots are not biological raw measurements,documentary_or_repository_source_snapshot,AFILE_77e630e7d6b5dea447,json,research/proteomic/snapshots/search1.json,atlas/research/proteomic/snapshots/search1.json,b58f8b5df81724f54eb4a18a5b95457af183ab593606b84002d21f6f2e2c2ed2,working_input
ASSET_c36ddae22b9a23b76294,research/proteomic/snapshots/search2.json,35069,transparent path/extension rule; documentary snapshots are not biological raw measurements,documentary_or_repository_source_snapshot,AFILE_d661dc82aad6ae9cbf,json,research/proteomic/snapshots/search2.json,atlas/research/proteomic/snapshots/search2.json,c36ddae22b9a23b7629464d463ff95f1dd78797965b8399f570a3fcfcbca53b3,working_input
ASSET_d260164e0a42a3745b81,research/proteomic/snapshots/search3.json,32815,transparent path/extension rule; documentary snapshots are not biological raw measurements,documentary_or_repository_source_snapshot,AFILE_547cb6c8fab7d97fcf,json,research/proteomic/snapshots/search3.json,atlas/research/proteomic/snapshots/search3.json,d260164e0a42a3745b81ed951ec79917069e2e2456f01abcd06e079dd40a665b,working_input
ASSET_4500b7fd124cf851a6ae,research/proteomic/snapshots/search4.json,33270,transparent path/extension rule; documentary snapshots are not biological raw measurements,documentary_or_repository_source_snapshot,AFILE_23213c46c88ac79871,json,research/proteomic/snapshots/search4.json,atlas/research/proteomic/snapshots/search4.json,4500b7fd124cf851a6ae37d3c81b48b91ad2e5cf80ab5e0dde2e1e118230505d,working_input
ASSET_e75df81b921fa739d035,research/proteomic/snapshots/search5.json,35231,transparent path/extension rule; documentary snapshots are not biological raw measurements,documentary_or_repository_source_snapshot,AFILE_a4cd1191661308c3cc,json,research/proteomic/snapshots/search5.json,atlas/research/proteomic/snapshots/search5.json,e75df81b921fa739d035d55b2eb5c6b63972b1fad1932fd7c18e05213f2fa2d4,working_input
ASSET_d2d45217330507e9ce64,research/proteomic/snapshots/search6.json,33815,transparent path/extension rule; documentary snapshots are not biological raw measurements,documentary_or_repository_source_snapshot,AFILE_1c18f4dc828af5519c,json,research/proteomic/snapshots/search6.json,atlas/research/proteomic/snapshots/search6.json,d2d45217330507e9ce6478d4746c0fc846095aba894ee68f4d80b72949008f39,working_input
ASSET_b46bbe833a07f1d2bf32,research/receptor_expansion/notes.md,893,transparent path/extension rule; documentary snapshots are not biological raw measurements,documentation_or_protocol,AFILE_fd2a22d689ab90d475,md,research/receptor_expansion/notes.md,atlas/research/receptor_expansion/notes.md,b46bbe833a07f1d2bf327e1b8cb78ed35c6a075417ed6e70489e1ce17021b51f,working_input
ASSET_17711c36e7c4ab21b6ef,research/receptor_expansion/pack.json,72447,transparent path/extension rule; documentary snapshots are not biological raw measurements,curated_evidence_extraction,AFILE_b3d5699a8915daf398,json,research/receptor_expansion/pack.json,atlas/research/receptor_expansion/pack.json,17711c36e7c4ab21b6efd295dea8e65d793cd30e9ef7517a05655489cb774ca1,working_input
ASSET_851f4865b3b43339a909,research/receptor_expansion/run.json,967,transparent path/extension rule; documentary snapshots are not biological raw measurements,structured_curation_or_provenance,AFILE_c07e9ee954d39f1666,json,research/receptor_expansion/run.json,atlas/research/receptor_expansion/run.json,851f4865b3b43339a90952eaaf0bcfc1828c8bc1a1ef2e6d9c59f205efff85d3,working_input
ASSET_995cb1955e52dae17185,research/receptor_expansion/screening.json,60639,transparent path/extension rule; documentary snapshots are not biological raw measurements,structured_curation_or_provenance,AFILE_09235d61b760d94053,json,research/receptor_expansion/screening.json,atlas/research/receptor_expansion/screening.json,995cb1955e52dae1718514afa0808e520010282ef26a128eec6cc14b6d670378,working_input
ASSET_4b4b4601986daba61a33,research/receptor_expansion/snapshots/root_full_sources.json,26080,transparent path/extension rule; documentary snapshots are not biological raw measurements,documentary_or_repository_source_snapshot,AFILE_096a4b12f58434231a,json,research/receptor_expansion/snapshots/root_full_sources.json,atlas/research/receptor_expansion/snapshots/root_full_sources.json,4b4b4601986daba61a336ebf3a6a763f2770456dbbf749ac9c76a05254abbbf7,working_input
ASSET_d3b985ddc0e259257c6d,research/receptor_expansion/snapshots/root_il12_candidates.json,31040,transparent path/extension rule; documentary snapshots are not biological raw measurements,documentary_or_repository_source_snapshot,AFILE_9b710c4eda59830aa5,json,research/receptor_expansion/snapshots/root_il12_candidates.json,atlas/research/receptor_expansion/snapshots/root_il12_candidates.json,d3b985ddc0e259257c6d8b931eed03d02515285e91c809d5a526670a32336259,working_input
ASSET_5c397f66d393b6d80c36,research/receptor_expansion/snapshots/root_il12_full.json,29570,transparent path/extension rule; documentary snapshots are not biological raw measurements,documentary_or_repository_source_snapshot,AFILE_cd3077ad411d9fd8ae,json,research/receptor_expansion/snapshots/root_il12_full.json,atlas/research/receptor_expansion/snapshots/root_il12_full.json,5c397f66d393b6d80c36fb74eccca1480b1a68961854ee3bb49800a81120fe7c,working_input
ASSET_321f8d897377b06bad61,research/receptor_expansion/snapshots/root_il1_full.json,31882,transparent path/extension rule; documentary snapshots are not biological raw measurements,documentary_or_repository_source_snapshot,AFILE_dad0dea67ed4fd7d3b,json,research/receptor_expansion/snapshots/root_il1_full.json,atlas/research/receptor_expansion/snapshots/root_il1_full.json,321f8d897377b06bad61a6ab1c5b1b314d8bb384d9ff57f119f8ce41294a5bf3,working_input
ASSET_3e3b32826dea23c9e7b7,research/receptor_expansion/snapshots/root_lta_full.json,30994,transparent path/extension rule; documentary snapshots are not biological raw measurements,documentary_or_repository_source_snapshot,AFILE_75fe1dea7290f4864c,json,research/receptor_expansion/snapshots/root_lta_full.json,atlas/research/receptor_expansion/snapshots/root_lta_full.json,3e3b32826dea23c9e7b718e126c3ff0938fc46a788ed675154c2c000e67176e6,working_input
ASSET_72a7f7b4a59cf4393893,research/receptor_expansion/snapshots/root_search1.json,32193,transparent path/extension rule; documentary snapshots are not biological raw measurements,documentary_or_repository_source_snapshot,AFILE_ee2423a63f646d12ae,json,research/receptor_expansion/snapshots/root_search1.json,atlas/research/receptor_expansion/snapshots/root_search1.json,72a7f7b4a59cf43938933d5ea6b4630c62e02b40ce9d381161065f0195c8c5cc,working_input
ASSET_8b38c9ef884727b58502,research/receptor_expansion/snapshots/root_search2.json,29692,transparent path/extension rule; documentary snapshots are not biological raw measurements,documentary_or_repository_source_snapshot,AFILE_469fa8391416dcd1e6,json,research/receptor_expansion/snapshots/root_search2.json,atlas/research/receptor_expansion/snapshots/root_search2.json,8b38c9ef884727b58502763330f3d131cc3dcf3e9bdf7f48d1fbbee50dcedc76,working_input
ASSET_2efc4ce2ae19e59ae129,research/receptor_expansion/snapshots/root_search3.json,28897,transparent path/extension rule; documentary snapshots are not biological raw measurements,documentary_or_repository_source_snapshot,AFILE_fa1b2df11e533ae276,json,research/receptor_expansion/snapshots/root_search3.json,atlas/research/receptor_expansion/snapshots/root_search3.json,2efc4ce2ae19e59ae1298184570a38e6b3a29dee06dc0d0e2e4d17102f1ab9e9,working_input
ASSET_ccfcd43e5006ee92b92f,research/receptor_expansion/snapshots/root_search4.json,32749,transparent path/extension rule; documentary snapshots are not biological raw measurements,documentary_or_repository_source_snapshot,AFILE_64743e63272123348a,json,research/receptor_expansion/snapshots/root_search4.json,atlas/research/receptor_expansion/snapshots/root_search4.json,ccfcd43e5006ee92b92f23b75a4091bff9933ad10f7be1568aa0ac806c9a5039,working_input
ASSET_6366c18e59f58ab2d84a,research/receptor_expansion/snapshots/root_search5.json,32082,transparent path/extension rule; documentary snapshots are not biological raw measurements,documentary_or_repository_source_snapshot,AFILE_05a2c462eda3dc9213,json,research/receptor_expansion/snapshots/root_search5.json,atlas/research/receptor_expansion/snapshots/root_search5.json,6366c18e59f58ab2d84acdae240055edf0a7751696cd64b65ea3c108987dfa4b,working_input
ASSET_4f78e219149fac2eb631,research/receptor_expansion/snapshots/root_selected_methods.json,28037,transparent path/extension rule; documentary snapshots are not biological raw measurements,documentary_or_repository_source_snapshot,AFILE_c52e03ad33a0d1ff40,json,research/receptor_expansion/snapshots/root_selected_methods.json,atlas/research/receptor_expansion/snapshots/root_selected_methods.json,4f78e219149fac2eb6311a833295545f06aa4afdb76428ac0ca16faf155f67d5,working_input
ASSET_8894dfbd1d0618f6c63d,research/receptor_expansion/snapshots/xre_extract5.json,29194,transparent path/extension rule; documentary snapshots are not biological raw measurements,documentary_or_repository_source_snapshot,AFILE_276031d7caa138be69,json,research/receptor_expansion/snapshots/xre_extract5.json,atlas/research/receptor_expansion/snapshots/xre_extract5.json,8894dfbd1d0618f6c63dce3707bcb0fea37886551837d37828bbf7d65c018b4d,working_input
ASSET_a7cdcf1262afc421e3da,research/receptor_expansion/snapshots/xre_open4.json,11097,transparent path/extension rule; documentary snapshots are not biological raw measurements,documentary_or_repository_source_snapshot,AFILE_0dea04500d89d4fd80,json,research/receptor_expansion/snapshots/xre_open4.json,atlas/research/receptor_expansion/snapshots/xre_open4.json,a7cdcf1262afc421e3da90d5c05adfbd3742f28619db0b66fdb8e29aef66d3aa,working_input
ASSET_a982c7934c601744abfd,research/receptor_expansion/snapshots/xre_search1.json,31263,transparent path/extension rule; documentary snapshots are not biological raw measurements,documentary_or_repository_source_snapshot,AFILE_9fa58121f562f71407,json,research/receptor_expansion/snapshots/xre_search1.json,atlas/research/receptor_expansion/snapshots/xre_search1.json,a982c7934c601744abfde3e9e202f19b44579f5b1cae4881ae28232de8b2b426,working_input
ASSET_13d75a13349dcfadd610,research/receptor_expansion/snapshots/xre_search2.json,32502,transparent path/extension rule; documentary snapshots are not biological raw measurements,documentary_or_repository_source_snapshot,AFILE_2db1d37effe491c62b,json,research/receptor_expansion/snapshots/xre_search2.json,atlas/research/receptor_expansion/snapshots/xre_search2.json,13d75a13349dcfadd610dc3cf228ccb8f8a43c350a678aa1b5b653635c42c21d,working_input
ASSET_ccd83038c6bdab477829,research/receptor_expansion/snapshots/xre_searchopen3.json,31328,transparent path/extension rule; documentary snapshots are not biological raw measurements,documentary_or_repository_source_snapshot,AFILE_8e322fbdaf534ffc08,json,research/receptor_expansion/snapshots/xre_searchopen3.json,atlas/research/receptor_expansion/snapshots/xre_searchopen3.json,ccd83038c6bdab4778293505999577cc43d15b65da91d68d9c2f6f33ad72b9b6,working_input
ASSET_b8ab56950ca417e0a598,research/receptor_review_response_0.2.json,4659,transparent path/extension rule; documentary snapshots are not biological raw measurements,structured_curation_or_provenance,AFILE_e324833b909ae253b4,json,research/receptor_review_response_0.2.json,atlas/research/receptor_review_response_0.2.json,b8ab56950ca417e0a598ace136494e5cb4e57c3d5fe76eb389d2b1bf5b251689,working_input
ASSET_747e7940b91a392576b0,research/references/alias_plan.json,2087,transparent path/extension rule; documentary snapshots are not biological raw measurements,resource_metadata_snapshot,AFILE_ff494a1e3a5e9c7253,json,research/references/alias_plan.json,atlas/research/references/alias_plan.json,747e7940b91a392576b00169575940b00dd871d1aa96fc4bb35ae309dc440055,working_input
ASSET_41e37ff9d03076e1f11b,research/references/pubmed_A.json,5905,transparent path/extension rule; documentary snapshots are not biological raw measurements,resource_metadata_snapshot,AFILE_9f3fe4da6c58668242,json,research/references/pubmed_A.json,atlas/research/references/pubmed_A.json,41e37ff9d03076e1f11bd00625ed9e98b4bf83d246600027f312ac37038c5cc4,working_input
ASSET_fafe820a26fdfbf8cee7,research/references/pubmed_A.request.json,453,transparent path/extension rule; documentary snapshots are not biological raw measurements,resource_metadata_snapshot,AFILE_feb52d571c737f5720,json,research/references/pubmed_A.request.json,atlas/research/references/pubmed_A.request.json,fafe820a26fdfbf8cee759c4742248942476c2dcfc62753eb24b5d262ac77fb1,working_input
ASSET_4527e7fd61593b8edbc2,research/references/pubmed_A.response.json,418,transparent path/extension rule; documentary snapshots are not biological raw measurements,resource_metadata_snapshot,AFILE_788a0a2ed6b6537fc8,json,research/references/pubmed_A.response.json,atlas/research/references/pubmed_A.response.json,4527e7fd61593b8edbc21feb196af911e54ae3b0699e6cf10a36df53c82a5c75,working_input
ASSET_0ff698447090cbb54812,research/references/pubmed_B.json,3071,transparent path/extension rule; documentary snapshots are not biological raw measurements,resource_metadata_snapshot,AFILE_8a7c62a4a7f7d89b92,json,research/references/pubmed_B.json,atlas/research/references/pubmed_B.json,0ff698447090cbb548129c5d9a6a0711f2bab4f82487d151987b5520e32586fa,working_input
ASSET_031a2b3db027ceae20a3,research/references/pubmed_B.request.json,458,transparent path/extension rule; documentary snapshots are not biological raw measurements,resource_metadata_snapshot,AFILE_488def13e31f98b085,json,research/references/pubmed_B.request.json,atlas/research/references/pubmed_B.request.json,031a2b3db027ceae20a3e30a74fec4f7316cebffb4384ac040825927b5ed68d3,working_input
ASSET_1e374117069b8b13f12a,research/references/pubmed_B.response.json,418,transparent path/extension rule; documentary snapshots are not biological raw measurements,resource_metadata_snapshot,AFILE_caf973320ffe5947f2,json,research/references/pubmed_B.response.json,atlas/research/references/pubmed_B.response.json,1e374117069b8b13f12a7c2cbb30f3e32b0db0ed92242b06a35ac2c90ae3978b,working_input
ASSET_96d1b0810aba31ce6826,research/references/pubmed_C.json,3831,transparent path/extension rule; documentary snapshots are not biological raw measurements,resource_metadata_snapshot,AFILE_42baaad8c8cac64e9f,json,research/references/pubmed_C.json,atlas/research/references/pubmed_C.json,96d1b0810aba31ce6826c1ae206605ac304f52ea4ede08bd045b36392c520948,working_input
ASSET_ad95b28cf3503842dc5d,research/references/pubmed_C.request.json,443,transparent path/extension rule; documentary snapshots are not biological raw measurements,resource_metadata_snapshot,AFILE_b05cf04ece75a91a9b,json,research/references/pubmed_C.request.json,atlas/research/references/pubmed_C.request.json,ad95b28cf3503842dc5d017bf1c755867475a9b436b6c64d56db896d875f88dd,working_input
ASSET_568a6ee90016e161f719,research/references/pubmed_C.response.json,418,transparent path/extension rule; documentary snapshots are not biological raw measurements,resource_metadata_snapshot,AFILE_a9e9b58cb1db8a3257,json,research/references/pubmed_C.response.json,atlas/research/references/pubmed_C.response.json,568a6ee90016e161f719638f1760c3d4adc008936bb565fd76038b767cfc2b94,working_input
ASSET_39d227a53722a16d0111,research/references/pubmed_D.json,3918,transparent path/extension rule; documentary snapshots are not biological raw measurements,resource_metadata_snapshot,AFILE_03de633ded1300e74e,json,research/references/pubmed_D.json,atlas/research/references/pubmed_D.json,39d227a53722a16d011156b139a327f65452526c211be6184a6895204f4a3085,working_input
ASSET_5880df97938eec4c6ae9,research/references/pubmed_D.request.json,451,transparent path/extension rule; documentary snapshots are not biological raw measurements,resource_metadata_snapshot,AFILE_a87c8e1a48ddeaa614,json,research/references/pubmed_D.request.json,atlas/research/references/pubmed_D.request.json,5880df97938eec4c6ae94c9fbf53423b9f58493267644a22ca81ea745698aa0a,working_input
ASSET_063311ebfdb56a93d38c,research/references/pubmed_D.response.json,418,transparent path/extension rule; documentary snapshots are not biological raw measurements,resource_metadata_snapshot,AFILE_9f13d65858c6fb3f72,json,research/references/pubmed_D.response.json,atlas/research/references/pubmed_D.response.json,063311ebfdb56a93d38c84c82fd10e5e33c871358858464f06266396927bc69e,working_input
ASSET_24e17b583d4e6655f47e,research/references/pubmed_entity_CCL11.json,3159,transparent path/extension rule; documentary snapshots are not biological raw measurements,resource_metadata_snapshot,AFILE_d69243576af5155a87,json,research/references/pubmed_entity_CCL11.json,atlas/research/references/pubmed_entity_CCL11.json,24e17b583d4e6655f47eac0f16dbeb790198a6df52467a5fb5c9b8821fb30b0e,working_input
ASSET_361372c416e29737d395,research/references/pubmed_entity_CCL11.request.json,461,transparent path/extension rule; documentary snapshots are not biological raw measurements,resource_metadata_snapshot,AFILE_6448b7f85655487cc0,json,research/references/pubmed_entity_CCL11.request.json,atlas/research/references/pubmed_entity_CCL11.request.json,361372c416e29737d395e46ec7cc2949f9bea649f6663acb2378b5a0502a816c,working_input
ASSET_2e3e51a18ac38e16743f,research/references/pubmed_entity_CCL11.response.json,429,transparent path/extension rule; documentary snapshots are not biological raw measurements,resource_metadata_snapshot,AFILE_1cb3b20d584be2d0b7,json,research/references/pubmed_entity_CCL11.response.json,atlas/research/references/pubmed_entity_CCL11.response.json,2e3e51a18ac38e16743ff7a8f2c256b79f9cea6a30a53996f1d0f5bf8183ac28,working_input
ASSET_215499a646124280db1e,research/references/pubmed_entity_CCL13.json,3159,transparent path/extension rule; documentary snapshots are not biological raw measurements,resource_metadata_snapshot,AFILE_ee94be1a6a01ff7d36,json,research/references/pubmed_entity_CCL13.json,atlas/research/references/pubmed_entity_CCL13.json,215499a646124280db1e15873579f71e31af3ce6253d9600c36da1fca28612b4,working_input
ASSET_5a181bf5254b7b92a488,research/references/pubmed_entity_CCL13.request.json,461,transparent path/extension rule; documentary snapshots are not biological raw measurements,resource_metadata_snapshot,AFILE_98eea70025524deea3,json,research/references/pubmed_entity_CCL13.request.json,atlas/research/references/pubmed_entity_CCL13.request.json,5a181bf5254b7b92a488cfb9c1a5077bc05b9f76ef0d7b6f2a4a3dd1c404c76f,working_input
ASSET_f93ff17a5492e6c1e18c,research/references/pubmed_entity_CCL13.response.json,429,transparent path/extension rule; documentary snapshots are not biological raw measurements,resource_metadata_snapshot,AFILE_151100cad96a239c8a,json,research/references/pubmed_entity_CCL13.response.json,atlas/research/references/pubmed_entity_CCL13.response.json,f93ff17a5492e6c1e18c02969251d1553a3ab56093c7b70ffedce832e5f3588f,working_input
ASSET_140443c913f2a4815107,research/references/pubmed_entity_CCL17.json,3159,transparent path/extension rule; documentary snapshots are not biological raw measurements,resource_metadata_snapshot,AFILE_62fe282daae986638a,json,research/references/pubmed_entity_CCL17.json,atlas/research/references/pubmed_entity_CCL17.json,140443c913f2a4815107587f9b0363849bcabb4f1bbf3bd809e1517fa665032a,working_input
ASSET_17f3183d7edf5876f9c8,research/references/pubmed_entity_CCL17.request.json,461,transparent path/extension rule; documentary snapshots are not biological raw measurements,resource_metadata_snapshot,AFILE_1be314b95d5b2db1cd,json,research/references/pubmed_entity_CCL17.request.json,atlas/research/references/pubmed_entity_CCL17.request.json,17f3183d7edf5876f9c8cd5fd5d1d1d739b06495348cb1b6bba2c2055578f99d,working_input
ASSET_68bd9e36d7100670642f,research/references/pubmed_entity_CCL17.response.json,429,transparent path/extension rule; documentary snapshots are not biological raw measurements,resource_metadata_snapshot,AFILE_621e5b0141480e2436,json,research/references/pubmed_entity_CCL17.response.json,atlas/research/references/pubmed_entity_CCL17.response.json,68bd9e36d7100670642f5d1ed681acb577b36ba3dcd06c5415d5d87f63a55dec,working_input
ASSET_ff4687359394dbb5dfe8,research/references/pubmed_entity_CCL2.json,3159,transparent path/extension rule; documentary snapshots are not biological raw measurements,resource_metadata_snapshot,AFILE_1af9c506683d117681,json,research/references/pubmed_entity_CCL2.json,atlas/research/references/pubmed_entity_CCL2.json,ff4687359394dbb5dfe89162894c052bf3ac6f761f64bd82ae4f8101f3a46be1,working_input
ASSET_1b21ba0959b7975b9983,research/references/pubmed_entity_CCL2.request.json,459,transparent path/extension rule; documentary snapshots are not biological raw measurements,resource_metadata_snapshot,AFILE_2f58afdda7afad7df6,json,research/references/pubmed_entity_CCL2.request.json,atlas/research/references/pubmed_entity_CCL2.request.json,1b21ba0959b7975b9983a74708dac38e613847b04a012fa5d67baa6920781700,working_input
ASSET_9c11e2c149c88996422b,research/references/pubmed_entity_CCL2.response.json,428,transparent path/extension rule; documentary snapshots are not biological raw measurements,resource_metadata_snapshot,AFILE_7e3180e91f1bad73c4,json,research/references/pubmed_entity_CCL2.response.json,atlas/research/references/pubmed_entity_CCL2.response.json,9c11e2c149c88996422b48c502b3bac61c0619e5d7c7b277a3168d4e0946a8c9,working_input
ASSET_75d9d6700180a7b57bce,research/references/pubmed_entity_CCL22.json,3159,transparent path/extension rule; documentary snapshots are not biological raw measurements,resource_metadata_snapshot,AFILE_8717df7822e4b37f5f,json,research/references/pubmed_entity_CCL22.json,atlas/research/references/pubmed_entity_CCL22.json,75d9d6700180a7b57bce0dd5b13fc4d7bfc067dff06454446cdde4056139dd90,working_input
ASSET_08a1a9589b8395ea07c5,research/references/pubmed_entity_CCL22.request.json,461,transparent path/extension rule; documentary snapshots are not biological raw measurements,resource_metadata_snapshot,AFILE_a8684f8500a3f7cf8b,json,research/references/pubmed_entity_CCL22.request.json,atlas/research/references/pubmed_entity_CCL22.request.json,08a1a9589b8395ea07c53cb1b2700b8e4bdefffb240223aaa70616657f326d33,working_input
ASSET_2cb10e1f0b4b4e7f0fca,research/references/pubmed_entity_CCL22.response.json,429,transparent path/extension rule; documentary snapshots are not biological raw measurements,resource_metadata_snapshot,AFILE_73c5be5bf9a2058ea6,json,research/references/pubmed_entity_CCL22.response.json,atlas/research/references/pubmed_entity_CCL22.response.json,2cb10e1f0b4b4e7f0fca4552f5539ef8046958c3f733197dfc188cb66f155ef3,working_input
ASSET_eb70a6b50b5028bf1bf3,research/references/pubmed_entity_CCL26.json,3159,transparent path/extension rule; documentary snapshots are not biological raw measurements,resource_metadata_snapshot,AFILE_9da52b66bd259e4f9c,json,research/references/pubmed_entity_CCL26.json,atlas/research/references/pubmed_entity_CCL26.json,eb70a6b50b5028bf1bf3f204f8b82712f1584e1f164cb7251a9c33befef04720,working_input
ASSET_14120474689a8885f064,research/references/pubmed_entity_CCL26.request.json,461,transparent path/extension rule; documentary snapshots are not biological raw measurements,resource_metadata_snapshot,AFILE_a578893d97df9c91b0,json,research/references/pubmed_entity_CCL26.request.json,atlas/research/references/pubmed_entity_CCL26.request.json,14120474689a8885f064c362130c37678c15d2d5b450021971f564330f0585b3,working_input
ASSET_734a2939c74bc2b99447,research/references/pubmed_entity_CCL26.response.json,429,transparent path/extension rule; documentary snapshots are not biological raw measurements,resource_metadata_snapshot,AFILE_21c64bd554c5fbee33,json,research/references/pubmed_entity_CCL26.response.json,atlas/research/references/pubmed_entity_CCL26.response.json,734a2939c74bc2b9944730c6a5997e4cb7fd6da5e64f1f5f4c89aa3f44e4f167,working_input
ASSET_bb5926d08d04a41ca17b,research/references/pubmed_entity_CCL3.json,3159,transparent path/extension rule; documentary snapshots are not biological raw measurements,resource_metadata_snapshot,AFILE_75ed5f6ce60a0c6656,json,research/references/pubmed_entity_CCL3.json,atlas/research/references/pubmed_entity_CCL3.json,bb5926d08d04a41ca17be23fccee4c43814f8974fc2c6f47a34e86de4b5fa6c5,working_input
ASSET_6e638a0e09cf073f631f,research/references/pubmed_entity_CCL3.request.json,459,transparent path/extension rule; documentary snapshots are not biological raw measurements,resource_metadata_snapshot,AFILE_586cc9f9dd93222571,json,research/references/pubmed_entity_CCL3.request.json,atlas/research/references/pubmed_entity_CCL3.request.json,6e638a0e09cf073f631f4da88a80706749ff929849c302e24bd09ea0daa18cf7,working_input
ASSET_732426a9f0549c5cb485,research/references/pubmed_entity_CCL3.response.json,428,transparent path/extension rule; documentary snapshots are not biological raw measurements,resource_metadata_snapshot,AFILE_adf436be88e196851b,json,research/references/pubmed_entity_CCL3.response.json,atlas/research/references/pubmed_entity_CCL3.response.json,732426a9f0549c5cb4855ee94fb22cf3e040e38c1ceaa0bead96bfac5f6bd1f6,working_input
ASSET_187d964bded13b76955a,research/references/pubmed_entity_CCL4.json,3159,transparent path/extension rule; documentary snapshots are not biological raw measurements,resource_metadata_snapshot,AFILE_780a85343e70a60ef8,json,research/references/pubmed_entity_CCL4.json,atlas/research/references/pubmed_entity_CCL4.json,187d964bded13b76955acceb6482e477539949eee2bb9db3fa670d675b2e3469,working_input
ASSET_0b8585ff6d0295ceee5a,research/references/pubmed_entity_CCL4.request.json,459,transparent path/extension rule; documentary snapshots are not biological raw measurements,resource_metadata_snapshot,AFILE_c96c6836e523ba8900,json,research/references/pubmed_entity_CCL4.request.json,atlas/research/references/pubmed_entity_CCL4.request.json,0b8585ff6d0295ceee5aef0f0ee34a6dfbe4ba9ee445847e4dfe2e189ea85915,working_input
ASSET_0cab6b24d74c242ed9b1,research/references/pubmed_entity_CCL4.response.json,428,transparent path/extension rule; documentary snapshots are not biological raw measurements,resource_metadata_snapshot,AFILE_6c3787de5328fca6fd,json,research/references/pubmed_entity_CCL4.response.json,atlas/research/references/pubmed_entity_CCL4.response.json,0cab6b24d74c242ed9b10249cc5b5e1352598bf478bf0d4a77f5a61e32c25458,working_input
ASSET_8b05b85ecdf4de960581,research/references/pubmed_entity_CSF2.json,3158,transparent path/extension rule; documentary snapshots are not biological raw measurements,resource_metadata_snapshot,AFILE_4b2b62c6dbc9df25af,json,research/references/pubmed_entity_CSF2.json,atlas/research/references/pubmed_entity_CSF2.json,8b05b85ecdf4de9605810f5d2b4aebbea6f45ac32614d1165cd49287e69b98db,working_input
ASSET_bd134c49d906875ec6a3,research/references/pubmed_entity_CSF2.request.json,459,transparent path/extension rule; documentary snapshots are not biological raw measurements,resource_metadata_snapshot,AFILE_17de14fdf98dfac986,json,research/references/pubmed_entity_CSF2.request.json,atlas/research/references/pubmed_entity_CSF2.request.json,bd134c49d906875ec6a388fb959fcecaa08e6e787f1730d73237912501b0022d,working_input
ASSET_884c211cd551396b0c5e,research/references/pubmed_entity_CSF2.response.json,428,transparent path/extension rule; documentary snapshots are not biological raw measurements,resource_metadata_snapshot,AFILE_0e719636888c3b5fbc,json,research/references/pubmed_entity_CSF2.response.json,atlas/research/references/pubmed_entity_CSF2.response.json,884c211cd551396b0c5ea39fdbba721bac6f162fe0f9bf745ddd263b8bace4b8,working_input
ASSET_26bedebaa5a811f98eb4,research/references/pubmed_entity_CXCL10.json,3161,transparent path/extension rule; documentary snapshots are not biological raw measurements,resource_metadata_snapshot,AFILE_ebd12f572b98a92d08,json,research/references/pubmed_entity_CXCL10.json,atlas/research/references/pubmed_entity_CXCL10.json,26bedebaa5a811f98eb4f9ccc4ce2d20e183d796a8046f27af603b2232b5afa2,working_input
ASSET_3081eb8522d2a373e254,research/references/pubmed_entity_CXCL10.request.json,463,transparent path/extension rule; documentary snapshots are not biological raw measurements,resource_metadata_snapshot,AFILE_2ff5a9af4336af0a6d,json,research/references/pubmed_entity_CXCL10.request.json,atlas/research/references/pubmed_entity_CXCL10.request.json,3081eb8522d2a373e2549b3b6f39f26b2b436cda4bc8be8e5647ef75b8b6c29e,working_input
ASSET_30aa69254c52cc38e0d3,research/references/pubmed_entity_CXCL10.response.json,430,transparent path/extension rule; documentary snapshots are not biological raw measurements,resource_metadata_snapshot,AFILE_c89df0294e295edf63,json,research/references/pubmed_entity_CXCL10.response.json,atlas/research/references/pubmed_entity_CXCL10.response.json,30aa69254c52cc38e0d3c658ca148fd215e5e9a2d769a8e22f0117382f90efd4,working_input
ASSET_7bfc9c46a8435f2a0606,research/references/pubmed_entity_CXCL8.json,3160,transparent path/extension rule; documentary snapshots are not biological raw measurements,resource_metadata_snapshot,AFILE_ffad7a2f613e437b02,json,research/references/pubmed_entity_CXCL8.json,atlas/research/references/pubmed_entity_CXCL8.json,7bfc9c46a8435f2a06064a0258fc9803e0f31a03dd9e254a02cb15c5c8fe0b59,working_input
ASSET_8ad15e8615a099bacba6,research/references/pubmed_entity_CXCL8.request.json,461,transparent path/extension rule; documentary snapshots are not biological raw measurements,resource_metadata_snapshot,AFILE_45451fdff5c2deff87,json,research/references/pubmed_entity_CXCL8.request.json,atlas/research/references/pubmed_entity_CXCL8.request.json,8ad15e8615a099bacba68a8f87ec50da79582cc24283131c45dc7fc36f89a211,working_input
ASSET_786de2f45ff09b3cc8ea,research/references/pubmed_entity_CXCL8.response.json,429,transparent path/extension rule; documentary snapshots are not biological raw measurements,resource_metadata_snapshot,AFILE_e2fdfaf7c990064aa4,json,research/references/pubmed_entity_CXCL8.response.json,atlas/research/references/pubmed_entity_CXCL8.response.json,786de2f45ff09b3cc8ea6d7bf2d24412095b837c5851b7400d7cff81576b1fc6,working_input
ASSET_0fc3f99eaa63c85a6380,research/references/pubmed_entity_IFNG.json,3159,transparent path/extension rule; documentary snapshots are not biological raw measurements,resource_metadata_snapshot,AFILE_c43cc8538399d77eff,json,research/references/pubmed_entity_IFNG.json,atlas/research/references/pubmed_entity_IFNG.json,0fc3f99eaa63c85a6380fc1b42ba609e2e14af5cb68748f77afb25ebba077e21,working_input
ASSET_a7c49c11f5b175b1ef9f,research/references/pubmed_entity_IFNG.request.json,459,transparent path/extension rule; documentary snapshots are not biological raw measurements,resource_metadata_snapshot,AFILE_a082005f12f034a63a,json,research/references/pubmed_entity_IFNG.request.json,atlas/research/references/pubmed_entity_IFNG.request.json,a7c49c11f5b175b1ef9f75f0581cbc4daadf3d54c515e647a0d163989c5fbeb3,working_input
ASSET_6c5027694e783db980df,research/references/pubmed_entity_IFNG.response.json,428,transparent path/extension rule; documentary snapshots are not biological raw measurements,resource_metadata_snapshot,AFILE_537962fcb40fc47d60,json,research/references/pubmed_entity_IFNG.response.json,atlas/research/references/pubmed_entity_IFNG.response.json,6c5027694e783db980df0a25a11e57c3dbe9324c50e557f52b5b3e63ce7158ec,working_input
ASSET_cd2083b32799520db951,research/references/pubmed_entity_IL10.json,3160,transparent path/extension rule; documentary snapshots are not biological raw measurements,resource_metadata_snapshot,AFILE_053dc7104bc2ec332b,json,research/references/pubmed_entity_IL10.json,atlas/research/references/pubmed_entity_IL10.json,cd2083b32799520db9512d73a67037469b6f7edd25c57d3e71c4ce17f174ef03,working_input
ASSET_deb57f2cfe84002047fc,research/references/pubmed_entity_IL10.request.json,459,transparent path/extension rule; documentary snapshots are not biological raw measurements,resource_metadata_snapshot,AFILE_7e7c6e527b13aab55e,json,research/references/pubmed_entity_IL10.request.json,atlas/research/references/pubmed_entity_IL10.request.json,deb57f2cfe84002047fc4b307d4603ba9010c2f41be91cd2948e4507584d30d0,working_input
ASSET_a5fde7ccbeed5a41c67e,research/references/pubmed_entity_IL10.response.json,428,transparent path/extension rule; documentary snapshots are not biological raw measurements,resource_metadata_snapshot,AFILE_f3bf3a01d0facfca8d,json,research/references/pubmed_entity_IL10.response.json,atlas/research/references/pubmed_entity_IL10.response.json,a5fde7ccbeed5a41c67e399f7794f353b958fda516daba97de81a527aad31e30,working_input
ASSET_6d83a023edd54ee9e31d,research/references/pubmed_entity_IL12A.json,3159,transparent path/extension rule; documentary snapshots are not biological raw measurements,resource_metadata_snapshot,AFILE_992d17c9ff71505a66,json,research/references/pubmed_entity_IL12A.json,atlas/research/references/pubmed_entity_IL12A.json,6d83a023edd54ee9e31d21af27cc08132b0041a49c2953d93e3bada819808cbe,working_input
ASSET_0a23e9c86cfd35bddf22,research/references/pubmed_entity_IL12A.request.json,461,transparent path/extension rule; documentary snapshots are not biological raw measurements,resource_metadata_snapshot,AFILE_d6a4a841bbe8d22503,json,research/references/pubmed_entity_IL12A.request.json,atlas/research/references/pubmed_entity_IL12A.request.json,0a23e9c86cfd35bddf220b26fa0ff3522d011a65cfdd775a1813833294a67fe7,working_input
ASSET_70cfcff9063ab32ebabc,research/references/pubmed_entity_IL12A.response.json,429,transparent path/extension rule; documentary snapshots are not biological raw measurements,resource_metadata_snapshot,AFILE_7c5e5f15ae45f6bb40,json,research/references/pubmed_entity_IL12A.response.json,atlas/research/references/pubmed_entity_IL12A.response.json,70cfcff9063ab32ebabc8bbf5819f7a7effc9e60cd768d54ba5e7a1cdba577c9,working_input
ASSET_0a53a1872efc6f884b91,research/references/pubmed_entity_IL12B.json,3159,transparent path/extension rule; documentary snapshots are not biological raw measurements,resource_metadata_snapshot,AFILE_8e7bd3fdc7ec51e301,json,research/references/pubmed_entity_IL12B.json,atlas/research/references/pubmed_entity_IL12B.json,0a53a1872efc6f884b91f125743057c7ea60e7073f0907c1f0902d10d3a7616e,working_input
ASSET_600bf7563f63cfaefcaf,research/references/pubmed_entity_IL12B.request.json,461,transparent path/extension rule; documentary snapshots are not biological raw measurements,resource_metadata_snapshot,AFILE_962ba65a792cb84b74,json,research/references/pubmed_entity_IL12B.request.json,atlas/research/references/pubmed_entity_IL12B.request.json,600bf7563f63cfaefcaf475b8e0991f07a126cfb2f906393eaee8315ea84d871,working_input
ASSET_3bf42438e3bc9b1a5f04,research/references/pubmed_entity_IL12B.response.json,429,transparent path/extension rule; documentary snapshots are not biological raw measurements,resource_metadata_snapshot,AFILE_6d54799d47d7f1c8e5,json,research/references/pubmed_entity_IL12B.response.json,atlas/research/references/pubmed_entity_IL12B.response.json,3bf42438e3bc9b1a5f04e565767eea986f7af82babf7208852de241cadd6953e,working_input
ASSET_30ddb4085c7ee30d0f94,research/references/pubmed_entity_IL13.json,3159,transparent path/extension rule; documentary snapshots are not biological raw measurements,resource_metadata_snapshot,AFILE_6b1b4359a20f4b3ab8,json,research/references/pubmed_entity_IL13.json,atlas/research/references/pubmed_entity_IL13.json,30ddb4085c7ee30d0f940cf7577e92d6c16485ad352647d7cab065fbb5e9dfc7,working_input
ASSET_180e57bedffffb284cf7,research/references/pubmed_entity_IL13.request.json,459,transparent path/extension rule; documentary snapshots are not biological raw measurements,resource_metadata_snapshot,AFILE_10cf51039ce2317af2,json,research/references/pubmed_entity_IL13.request.json,atlas/research/references/pubmed_entity_IL13.request.json,180e57bedffffb284cf798371fe56f14a8faa75b8284cc91c8beb3f74cfb6501,working_input
ASSET_3d660da31a5fd38af5d9,research/references/pubmed_entity_IL13.response.json,428,transparent path/extension rule; documentary snapshots are not biological raw measurements,resource_metadata_snapshot,AFILE_bd391d26d76165691d,json,research/references/pubmed_entity_IL13.response.json,atlas/research/references/pubmed_entity_IL13.response.json,3d660da31a5fd38af5d94ddd6a44d18cda64caf992868684e455b86520b5f7f0,working_input
ASSET_a53eb40084125f82f235,research/references/pubmed_entity_IL15.json,3159,transparent path/extension rule; documentary snapshots are not biological raw measurements,resource_metadata_snapshot,AFILE_ab293038803de7430b,json,research/references/pubmed_entity_IL15.json,atlas/research/references/pubmed_entity_IL15.json,a53eb40084125f82f2356add74c8ef0675f4d7a34b18ff968e91ea9fcc5d07f8,working_input
ASSET_7f66779ed1099c6cadea,research/references/pubmed_entity_IL15.request.json,459,transparent path/extension rule; documentary snapshots are not biological raw measurements,resource_metadata_snapshot,AFILE_c0a9fa753c0fe7c21a,json,research/references/pubmed_entity_IL15.request.json,atlas/research/references/pubmed_entity_IL15.request.json,7f66779ed1099c6cadead3c8e629813455384452e5fcbfcf277e2a5a4fdebef8,working_input
ASSET_8cbd85dad510fc02492a,research/references/pubmed_entity_IL15.response.json,428,transparent path/extension rule; documentary snapshots are not biological raw measurements,resource_metadata_snapshot,AFILE_a0d442b562a7ab13f1,json,research/references/pubmed_entity_IL15.response.json,atlas/research/references/pubmed_entity_IL15.response.json,8cbd85dad510fc02492a82b6592ab5a3b66f259ff46ebed08c1006cdc5876935,working_input
ASSET_41799610c7a38f190eab,research/references/pubmed_entity_IL16.json,3157,transparent path/extension rule; documentary snapshots are not biological raw measurements,resource_metadata_snapshot,AFILE_4adf4bbf15998c12a9,json,research/references/pubmed_entity_IL16.json,atlas/research/references/pubmed_entity_IL16.json,41799610c7a38f190eabf950a4cd8e04a6740c477fa3dbe4fd84511477a9fa50,working_input
ASSET_29ce63250295d5087424,research/references/pubmed_entity_IL16.request.json,459,transparent path/extension rule; documentary snapshots are not biological raw measurements,resource_metadata_snapshot,AFILE_6aef1010f2fe826f65,json,research/references/pubmed_entity_IL16.request.json,atlas/research/references/pubmed_entity_IL16.request.json,29ce63250295d5087424c737e2b50ce8f1807482bc8aff9bffd62572826fac96,working_input
ASSET_b81ea3f49e8b2f2c4701,research/references/pubmed_entity_IL16.response.json,427,transparent path/extension rule; documentary snapshots are not biological raw measurements,resource_metadata_snapshot,AFILE_7e57ec7c52ab5cba54,json,research/references/pubmed_entity_IL16.response.json,atlas/research/references/pubmed_entity_IL16.response.json,b81ea3f49e8b2f2c4701218e73080f0ffcbb686d543451e7520d95c891746083,working_input
ASSET_60d3bf4bbf487f15b2c9,research/references/pubmed_entity_IL17A.json,3160,transparent path/extension rule; documentary snapshots are not biological raw measurements,resource_metadata_snapshot,AFILE_2c7d8b6810ab7bb34a,json,research/references/pubmed_entity_IL17A.json,atlas/research/references/pubmed_entity_IL17A.json,60d3bf4bbf487f15b2c9e717ecae1054e0d46bb75d6af9f0c036a57551693006,working_input
ASSET_a5939fd4359e576135fb,research/references/pubmed_entity_IL17A.request.json,461,transparent path/extension rule; documentary snapshots are not biological raw measurements,resource_metadata_snapshot,AFILE_908b920dfb750f3737,json,research/references/pubmed_entity_IL17A.request.json,atlas/research/references/pubmed_entity_IL17A.request.json,a5939fd4359e576135fb31f636d081d84afdadda497b76a2925b3a09d7017c2f,working_input
ASSET_c7dd1478c81b179347a4,research/references/pubmed_entity_IL17A.response.json,429,transparent path/extension rule; documentary snapshots are not biological raw measurements,resource_metadata_snapshot,AFILE_32430a6d0eab5c1d04,json,research/references/pubmed_entity_IL17A.response.json,atlas/research/references/pubmed_entity_IL17A.response.json,c7dd1478c81b179347a478c56ff495d669eb0b286b14349f5c8099055b516d1c,working_input
ASSET_473f8bc0d92379b0d291,research/references/pubmed_entity_IL1A.json,3158,transparent path/extension rule; documentary snapshots are not biological raw measurements,resource_metadata_snapshot,AFILE_49fa62f3ef49920e60,json,research/references/pubmed_entity_IL1A.json,atlas/research/references/pubmed_entity_IL1A.json,473f8bc0d92379b0d291637002a68e6caeb84e2915740b4929c3284cd7b0ab8d,working_input
ASSET_92250c2274f3adc99f33,research/references/pubmed_entity_IL1A.request.json,459,transparent path/extension rule; documentary snapshots are not biological raw measurements,resource_metadata_snapshot,AFILE_f0c84e241c9abe5e45,json,research/references/pubmed_entity_IL1A.request.json,atlas/research/references/pubmed_entity_IL1A.request.json,92250c2274f3adc99f33c9d17590e582c7cad889843a0fc9a7abfd42febb2279,working_input
ASSET_b5371146e202b73a122b,research/references/pubmed_entity_IL1A.response.json,428,transparent path/extension rule; documentary snapshots are not biological raw measurements,resource_metadata_snapshot,AFILE_f72b1d5630e18fca43,json,research/references/pubmed_entity_IL1A.response.json,atlas/research/references/pubmed_entity_IL1A.response.json,b5371146e202b73a122b8759b408ed654306deb0d15b79c8a400ac51bdffd98b,working_input
ASSET_4156342e0ce3a386f27d,research/references/pubmed_entity_IL1B.json,3159,transparent path/extension rule; documentary snapshots are not biological raw measurements,resource_metadata_snapshot,AFILE_9491817a1e4dac37d0,json,research/references/pubmed_entity_IL1B.json,atlas/research/references/pubmed_entity_IL1B.json,4156342e0ce3a386f27d876e45489cf0890d1e245d83d67e3bde4e610677fe7e,working_input
ASSET_d22720216e50c7fc3b7e,research/references/pubmed_entity_IL1B.request.json,459,transparent path/extension rule; documentary snapshots are not biological raw measurements,resource_metadata_snapshot,AFILE_c670756b5f4a4461d8,json,research/references/pubmed_entity_IL1B.request.json,atlas/research/references/pubmed_entity_IL1B.request.json,d22720216e50c7fc3b7e9e346be19a98025b7c1e8b36fd243485126abfbd73e9,working_input
ASSET_a0af1ebcfce8c3508105,research/references/pubmed_entity_IL1B.response.json,428,transparent path/extension rule; documentary snapshots are not biological raw measurements,resource_metadata_snapshot,AFILE_793715fcd5c54f1085,json,research/references/pubmed_entity_IL1B.response.json,atlas/research/references/pubmed_entity_IL1B.response.json,a0af1ebcfce8c35081059bc083cb761cd3fad5e5e34412848bb3de883c0d1e21,working_input
ASSET_20d6c9e68d16c2531d20,research/references/pubmed_entity_IL2.json,3159,transparent path/extension rule; documentary snapshots are not biological raw measurements,resource_metadata_snapshot,AFILE_bb0cafbd79c146f32b,json,research/references/pubmed_entity_IL2.json,atlas/research/references/pubmed_entity_IL2.json,20d6c9e68d16c2531d206f48857dc349a3af308b01092243a6f3f177d8b44657,working_input
ASSET_5d328e302b350c3c1dcd,research/references/pubmed_entity_IL2.request.json,457,transparent path/extension rule; documentary snapshots are not biological raw measurements,resource_metadata_snapshot,AFILE_cf20964fa93876d4c1,json,research/references/pubmed_entity_IL2.request.json,atlas/research/references/pubmed_entity_IL2.request.json,5d328e302b350c3c1dcd2156fd4defd8f820d9b5fb21c29083754c3353c70b8b,working_input
ASSET_758339c9d49aad8011f6,research/references/pubmed_entity_IL2.response.json,427,transparent path/extension rule; documentary snapshots are not biological raw measurements,resource_metadata_snapshot,AFILE_9b1ff922d69a09c181,json,research/references/pubmed_entity_IL2.response.json,atlas/research/references/pubmed_entity_IL2.response.json,758339c9d49aad8011f63f522e5c315db516275fe3485f8f48131294ab8ff299,working_input
ASSET_5ac0a90f90c011e9187e,research/references/pubmed_entity_IL4.json,3158,transparent path/extension rule; documentary snapshots are not biological raw measurements,resource_metadata_snapshot,AFILE_5edfd94ffa9c459f0f,json,research/references/pubmed_entity_IL4.json,atlas/research/references/pubmed_entity_IL4.json,5ac0a90f90c011e9187e8d50453a7f708e8cb85d7138187fbe98ea41e57aa014,working_input
ASSET_66a6defec26e0f20325f,research/references/pubmed_entity_IL4.request.json,457,transparent path/extension rule; documentary snapshots are not biological raw measurements,resource_metadata_snapshot,AFILE_9971bdf756925c2565,json,research/references/pubmed_entity_IL4.request.json,atlas/research/references/pubmed_entity_IL4.request.json,66a6defec26e0f20325f6af77214deb1d5a181a135402e55557440c3abe44a76,working_input
ASSET_961907198211f5b95ea4,research/references/pubmed_entity_IL4.response.json,427,transparent path/extension rule; documentary snapshots are not biological raw measurements,resource_metadata_snapshot,AFILE_915c7a9a54112306fc,json,research/references/pubmed_entity_IL4.response.json,atlas/research/references/pubmed_entity_IL4.response.json,961907198211f5b95ea493c38f9d8d6e562bedd0f07f69b11ee9fd5339e8bee7,working_input
ASSET_b0c7ea6b353dbe808f1d,research/references/pubmed_entity_IL5.json,3158,transparent path/extension rule; documentary snapshots are not biological raw measurements,resource_metadata_snapshot,AFILE_dc3efb004398cb450c,json,research/references/pubmed_entity_IL5.json,atlas/research/references/pubmed_entity_IL5.json,b0c7ea6b353dbe808f1d1d210baddd3edcf6bd69a0383d823f777d8d0d6c04e7,working_input
ASSET_75339320d47c756959dc,research/references/pubmed_entity_IL5.request.json,457,transparent path/extension rule; documentary snapshots are not biological raw measurements,resource_metadata_snapshot,AFILE_d709c6de4b7b6538fc,json,research/references/pubmed_entity_IL5.request.json,atlas/research/references/pubmed_entity_IL5.request.json,75339320d47c756959dc1e52b87decdea02cceef1c8f0fff03fd28bc36c9aacd,working_input
ASSET_6d71bba44d1b231b084d,research/references/pubmed_entity_IL5.response.json,427,transparent path/extension rule; documentary snapshots are not biological raw measurements,resource_metadata_snapshot,AFILE_09d5fa4c34865c559d,json,research/references/pubmed_entity_IL5.response.json,atlas/research/references/pubmed_entity_IL5.response.json,6d71bba44d1b231b084d1f1563573a6c239626bdcec048d14ef4685a4533edb6,working_input
ASSET_06c430d2cf91fa93585f,research/references/pubmed_entity_IL6.json,3159,transparent path/extension rule; documentary snapshots are not biological raw measurements,resource_metadata_snapshot,AFILE_13c6e6a72a9477db28,json,research/references/pubmed_entity_IL6.json,atlas/research/references/pubmed_entity_IL6.json,06c430d2cf91fa93585f69cc4122f4d3ac63001fb03c29dd4da7a91883375e19,working_input
ASSET_fede4f2d86fbc45eec5b,research/references/pubmed_entity_IL6.request.json,457,transparent path/extension rule; documentary snapshots are not biological raw measurements,resource_metadata_snapshot,AFILE_6af27160d220bbbec8,json,research/references/pubmed_entity_IL6.request.json,atlas/research/references/pubmed_entity_IL6.request.json,fede4f2d86fbc45eec5b0271591b992fc646c2dce9aace66ea278460e25a882f,working_input
ASSET_ff88fc5ac3df45d2e672,research/references/pubmed_entity_IL6.response.json,427,transparent path/extension rule; documentary snapshots are not biological raw measurements,resource_metadata_snapshot,AFILE_fb1384be7bca3e96ea,json,research/references/pubmed_entity_IL6.response.json,atlas/research/references/pubmed_entity_IL6.response.json,ff88fc5ac3df45d2e6727cb2772b7fac07991035925e48717ffbd67433bea6c4,working_input
ASSET_3b69d48ce815a6269486,research/references/pubmed_entity_IL7.json,3158,transparent path/extension rule; documentary snapshots are not biological raw measurements,resource_metadata_snapshot,AFILE_9c24b08f47ee8b8e06,json,research/references/pubmed_entity_IL7.json,atlas/research/references/pubmed_entity_IL7.json,3b69d48ce815a626948673456665eb48fa241945071d7c58fea3b1ea2f449a29,working_input
ASSET_4530ec14b02544c877c3,research/references/pubmed_entity_IL7.request.json,457,transparent path/extension rule; documentary snapshots are not biological raw measurements,resource_metadata_snapshot,AFILE_470efcda7c93f03ec7,json,research/references/pubmed_entity_IL7.request.json,atlas/research/references/pubmed_entity_IL7.request.json,4530ec14b02544c877c3720933911734f9e4bedf6fb581ea59e97d288d84dcc6,working_input
ASSET_714f3332a8c38a548c96,research/references/pubmed_entity_IL7.response.json,427,transparent path/extension rule; documentary snapshots are not biological raw measurements,resource_metadata_snapshot,AFILE_0157ba88e65892c528,json,research/references/pubmed_entity_IL7.response.json,atlas/research/references/pubmed_entity_IL7.response.json,714f3332a8c38a548c96eca66eabf1cf47c83bcc9e6ef1043604e1c27ab67c7f,working_input
ASSET_6e7c03a7e8a34d5796e7,research/references/pubmed_entity_LTA.json,3157,transparent path/extension rule; documentary snapshots are not biological raw measurements,resource_metadata_snapshot,AFILE_74e8a49b2389fef124,json,research/references/pubmed_entity_LTA.json,atlas/research/references/pubmed_entity_LTA.json,6e7c03a7e8a34d5796e7fdc42dcd4c9ce1eddd8c18808aaecccc1a96d8918fed,working_input
ASSET_c35ed814e7fee5cd6680,research/references/pubmed_entity_LTA.request.json,457,transparent path/extension rule; documentary snapshots are not biological raw measurements,resource_metadata_snapshot,AFILE_e0a33c98b4480c0d0a,json,research/references/pubmed_entity_LTA.request.json,atlas/research/references/pubmed_entity_LTA.request.json,c35ed814e7fee5cd6680d4520178ca2a7fe69c96c38be0dddaea30fbf736da28,working_input
ASSET_dd5eea4a9ed8a81315ae,research/references/pubmed_entity_LTA.response.json,427,transparent path/extension rule; documentary snapshots are not biological raw measurements,resource_metadata_snapshot,AFILE_13582b476862387d05,json,research/references/pubmed_entity_LTA.response.json,atlas/research/references/pubmed_entity_LTA.response.json,dd5eea4a9ed8a81315aedb1429255c3cc993a62b1a0fda609e345fa72be34942,working_input
ASSET_471cda6d60f538e95dc4,research/references/pubmed_entity_TNF.json,3159,transparent path/extension rule; documentary snapshots are not biological raw measurements,resource_metadata_snapshot,AFILE_98829300c6e0277875,json,research/references/pubmed_entity_TNF.json,atlas/research/references/pubmed_entity_TNF.json,471cda6d60f538e95dc4ea0548341cfc01ba1c05dab3d1fba886b70833ff2311,working_input
ASSET_d9390a7dc1fc88c75abb,research/references/pubmed_entity_TNF.request.json,457,transparent path/extension rule; documentary snapshots are not biological raw measurements,resource_metadata_snapshot,AFILE_1da9e06883d6af9596,json,research/references/pubmed_entity_TNF.request.json,atlas/research/references/pubmed_entity_TNF.request.json,d9390a7dc1fc88c75abb30aeef0c180b31391e0ebef49d1a1e9f07661cb07d4b,working_input
ASSET_4dad62f3e607d969bc62,research/references/pubmed_entity_TNF.response.json,427,transparent path/extension rule; documentary snapshots are not biological raw measurements,resource_metadata_snapshot,AFILE_956c1f57a8e1fb0855,json,research/references/pubmed_entity_TNF.response.json,atlas/research/references/pubmed_entity_TNF.response.json,4dad62f3e607d969bc62f1fb2799723205b9b8307c2881021ac92a5032aaad87,working_input
ASSET_8f70bb43c84fc4111aa3,research/references/pubmed_entity_VEGFA.json,3160,transparent path/extension rule; documentary snapshots are not biological raw measurements,resource_metadata_snapshot,AFILE_8b1198e6104e4bf9ba,json,research/references/pubmed_entity_VEGFA.json,atlas/research/references/pubmed_entity_VEGFA.json,8f70bb43c84fc4111aa3c4788aa24fdd93daacfcfebd780a717c0dce02a41345,working_input
ASSET_0c313e82c516ac607af8,research/references/pubmed_entity_VEGFA.request.json,461,transparent path/extension rule; documentary snapshots are not biological raw measurements,resource_metadata_snapshot,AFILE_47a8fa9382ea9b479f,json,research/references/pubmed_entity_VEGFA.request.json,atlas/research/references/pubmed_entity_VEGFA.request.json,0c313e82c516ac607af805b23de6fc8bad3fe5885e33a456c4b99b60ff2a3f08,working_input
ASSET_a27783324b6b98383cb5,research/references/pubmed_entity_VEGFA.response.json,429,transparent path/extension rule; documentary snapshots are not biological raw measurements,resource_metadata_snapshot,AFILE_a452402adbebd9d97b,json,research/references/pubmed_entity_VEGFA.response.json,atlas/research/references/pubmed_entity_VEGFA.response.json,a27783324b6b98383cb55d80ccc5476736ae2cba1914a35b4d0637b4537542a4,working_input
ASSET_511207a03fe6f8a2d8e0,research/references/resource_01.html,64810,transparent path/extension rule; documentary snapshots are not biological raw measurements,other_artifact,AFILE_0bb045bf84ac973cc9,html,research/references/resource_01.html,atlas/research/references/resource_01.html,511207a03fe6f8a2d8e02c4bda8d85a68cbaae5609ec4023b2ae632021ef9231,working_input
ASSET_9f759d28535cb6639733,research/references/resource_02.html,12509,transparent path/extension rule; documentary snapshots are not biological raw measurements,other_artifact,AFILE_90bace2e93ae7c2674,html,research/references/resource_02.html,atlas/research/references/resource_02.html,9f759d28535cb6639733ea1d8de8ff59e244bb979e0b8ddda5948bd71ef8ea45,working_input
ASSET_b3d2c99b8dd47fcc8f84,research/references/resource_03.html,28315,transparent path/extension rule; documentary snapshots are not biological raw measurements,other_artifact,AFILE_c539eee7d712e58402,html,research/references/resource_03.html,atlas/research/references/resource_03.html,b3d2c99b8dd47fcc8f8443c81c687ceb2bc24a9f24d3aa1fd9c93e6f48a43831,working_input
ASSET_407c216919d76e93c207,research/references/resource_04.html,94459,transparent path/extension rule; documentary snapshots are not biological raw measurements,other_artifact,AFILE_f91ef5bb91d4976838,html,research/references/resource_04.html,atlas/research/references/resource_04.html,407c216919d76e93c20766b1b118a2b42f2e972eed88da53cf8a65173fad9637,working_input
ASSET_73543cbf5f0339a3a0fe,research/references/resource_06.html,19715,transparent path/extension rule; documentary snapshots are not biological raw measurements,other_artifact,AFILE_08b8e6deb0434f393c,html,research/references/resource_06.html,atlas/research/references/resource_06.html,73543cbf5f0339a3a0fe272f5ef2e59b18feccec644a28578776e4f82e594a91,working_input
ASSET_4184d91c72132b407ef1,research/references/resource_07.html,13728,transparent path/extension rule; documentary snapshots are not biological raw measurements,other_artifact,AFILE_6af74a317cd385beed,html,research/references/resource_07.html,atlas/research/references/resource_07.html,4184d91c72132b407ef17a7914250a9f9b0ac7481a81aecae852d0cb7c154fe3,working_input
ASSET_4e1380746cec86eca3a6,research/references/resource_08.html,8757,transparent path/extension rule; documentary snapshots are not biological raw measurements,other_artifact,AFILE_e5bfda8e05bba2cbed,html,research/references/resource_08.html,atlas/research/references/resource_08.html,4e1380746cec86eca3a6c5dd3e65fbeab58a2d8758539a6ea4dc2c98c5a88f0f,working_input
ASSET_0f49da29417cae73bf86,research/references/resource_09.html,14374,transparent path/extension rule; documentary snapshots are not biological raw measurements,other_artifact,AFILE_47ea89b3468ef26eff,html,research/references/resource_09.html,atlas/research/references/resource_09.html,0f49da29417cae73bf867332e049b2286c38424d2c26977f7e1384dfb09a350d,working_input
ASSET_13ceafe512d6f8dc557b,research/references/resource_10.html,11444,transparent path/extension rule; documentary snapshots are not biological raw measurements,other_artifact,AFILE_61fbc87295cbebe195,html,research/references/resource_10.html,atlas/research/references/resource_10.html,13ceafe512d6f8dc557bd48b13394fabeab743acd832068c4ee58d86b6eb88b3,working_input
ASSET_bffdedbde05ae0788290,research/references/resource_11.html,207097,transparent path/extension rule; documentary snapshots are not biological raw measurements,other_artifact,AFILE_1301ed1b0a53848c0f,html,research/references/resource_11.html,atlas/research/references/resource_11.html,bffdedbde05ae0788290da20a8eaa43b4aa926f341f0728b773cc376d8e75c86,working_input
ASSET_c5d8d124691dc870f34d,research/references/resource_12.html,181473,transparent path/extension rule; documentary snapshots are not biological raw measurements,other_artifact,AFILE_5d27c4361b90f280c0,html,research/references/resource_12.html,atlas/research/references/resource_12.html,c5d8d124691dc870f34d7ce74e77a4b047fccc8b76249c6489c5e29456f29b9e,working_input
ASSET_b6d3907cdd632f5683ee,research/references/resource_13.html,224754,transparent path/extension rule; documentary snapshots are not biological raw measurements,other_artifact,AFILE_e232b74f97bb3f7680,html,research/references/resource_13.html,atlas/research/references/resource_13.html,b6d3907cdd632f5683eedc24a3d58dcce48872aab0d786a25401bcea9361f86b,working_input
ASSET_7e6c4ef019bf27d8cb9a,research/references/resource_14.html,204430,transparent path/extension rule; documentary snapshots are not biological raw measurements,other_artifact,AFILE_c7bbf6951da47d151a,html,research/references/resource_14.html,atlas/research/references/resource_14.html,7e6c4ef019bf27d8cb9a9629b9c5d42b693e665b7ecab045de42240a2fac559a,working_input
ASSET_cda8f7e324124dbe19fd,research/references/resource_15.html,21263,transparent path/extension rule; documentary snapshots are not biological raw measurements,other_artifact,AFILE_cd5619950b46a2c33a,html,research/references/resource_15.html,atlas/research/references/resource_15.html,cda8f7e324124dbe19fd1d8f88e8b9c943bde9401e736dcbbd0c796f0bb18731,working_input
ASSET_2ad2677117c93b148ae0,research/references/resource_16.html,18132,transparent path/extension rule; documentary snapshots are not biological raw measurements,other_artifact,AFILE_017c95898e3d22181e,html,research/references/resource_16.html,atlas/research/references/resource_16.html,2ad2677117c93b148ae0dcdebe064633fbe1da4309b7b48a51c8e277fe1fa251,working_input
ASSET_fd2cb3ca8404a66d0548,research/references/resource_17.html,17538,transparent path/extension rule; documentary snapshots are not biological raw measurements,other_artifact,AFILE_b1d781f23211736339,html,research/references/resource_17.html,atlas/research/references/resource_17.html,fd2cb3ca8404a66d05485772912d96255cc7f73f95c6dd10e9bc20bfa3f64af5,working_input
ASSET_8a3ba035dc6cda9acafe,research/references/resource_19.html,34083,transparent path/extension rule; documentary snapshots are not biological raw measurements,other_artifact,AFILE_a4c82fbed9d1ef4fcd,html,research/references/resource_19.html,atlas/research/references/resource_19.html,8a3ba035dc6cda9acafe552c2af2b0571221def0601a5a387a22d207b567c850,working_input
ASSET_8ad515e1f6d2f397eb90,research/references/resource_20.html,7474,transparent path/extension rule; documentary snapshots are not biological raw measurements,other_artifact,AFILE_3c3dca4b7e86885071,html,research/references/resource_20.html,atlas/research/references/resource_20.html,8ad515e1f6d2f397eb905a8c1566494aaaa3e19f7e692c683d3f6648b8645f77,working_input
ASSET_aa9c2044fcadce3637f7,research/references/resource_21.html,9237,transparent path/extension rule; documentary snapshots are not biological raw measurements,other_artifact,AFILE_8f47c4d1e24881fda4,html,research/references/resource_21.html,atlas/research/references/resource_21.html,aa9c2044fcadce3637f78c43798812a3ef830b0415cf674b8672b349f8b660f9,working_input
ASSET_5e0cb3553ee8959f280e,research/references/resource_22.html,6450,transparent path/extension rule; documentary snapshots are not biological raw measurements,other_artifact,AFILE_ab44dc725cb712ec59,html,research/references/resource_22.html,atlas/research/references/resource_22.html,5e0cb3553ee8959f280e8fd7da240434e03a885ca8108dde4e20022767c98a5a,working_input
ASSET_7ae0b9b85f8737c419b0,research/references/resource_23.html,6612,transparent path/extension rule; documentary snapshots are not biological raw measurements,other_artifact,AFILE_0913305b65b331140e,html,research/references/resource_23.html,atlas/research/references/resource_23.html,7ae0b9b85f8737c419b00282de2ac4106165dca2f48e7ef9ce6284e32b9be0fc,working_input
ASSET_cc79d8951673d79435be,research/references/resource_registry.json,12630,transparent path/extension rule; documentary snapshots are not biological raw measurements,resource_metadata_snapshot,AFILE_d6739b8aaad66a77af,json,research/references/resource_registry.json,atlas/research/references/resource_registry.json,cc79d8951673d79435be85d55612c0aeb5a64110d232eee3a709ce11302a2a83,working_input
ASSET_c766bbe8727bd126588c,research/references/search_registry.json,28950,transparent path/extension rule; documentary snapshots are not biological raw measurements,resource_metadata_snapshot,AFILE_0b3c94fef059c4aba0,json,research/references/search_registry.json,atlas/research/references/search_registry.json,c766bbe8727bd126588cc440a4404fb99b33c09250fff65f76d9b6fcec5aa171,working_input
ASSET_e6a6bc43ad1949904efb,research/references/uniprot_CCL11.json,73311,transparent path/extension rule; documentary snapshots are not biological raw measurements,resource_metadata_snapshot,AFILE_57c2fb358c8f4e25a9,json,research/references/uniprot_CCL11.json,atlas/research/references/uniprot_CCL11.json,e6a6bc43ad1949904efb185cb3ba96d5ed3e6a413be735617d837fe3ca79e901,working_input
ASSET_fae34fbf452e819bd85d,research/references/uniprot_CCL11.request.json,340,transparent path/extension rule; documentary snapshots are not biological raw measurements,resource_metadata_snapshot,AFILE_eb48a3ba4eaa32fb0f,json,research/references/uniprot_CCL11.request.json,atlas/research/references/uniprot_CCL11.request.json,fae34fbf452e819bd85dec39e7a36cc8f186ab26c7db176c5859ba3aef441d35,working_input
ASSET_968e7a3e9615509a993b,research/references/uniprot_CCL11.response.json,994,transparent path/extension rule; documentary snapshots are not biological raw measurements,resource_metadata_snapshot,AFILE_0a27e73df0146559d3,json,research/references/uniprot_CCL11.response.json,atlas/research/references/uniprot_CCL11.response.json,968e7a3e9615509a993ba5140566a0210d83ed26338f663774f1c78842852b31,working_input
ASSET_fcbf90dfe2f8a72bf34e,research/references/uniprot_CCL13.json,65814,transparent path/extension rule; documentary snapshots are not biological raw measurements,resource_metadata_snapshot,AFILE_76ad404713e3e79026,json,research/references/uniprot_CCL13.json,atlas/research/references/uniprot_CCL13.json,fcbf90dfe2f8a72bf34e0f461e00bec4e0570578ffddf5a809db23241157b63e,working_input
ASSET_649d001f51ed3499297d,research/references/uniprot_CCL13.request.json,340,transparent path/extension rule; documentary snapshots are not biological raw measurements,resource_metadata_snapshot,AFILE_4e8ab42de907ef2f12,json,research/references/uniprot_CCL13.request.json,atlas/research/references/uniprot_CCL13.request.json,649d001f51ed3499297d6ff62b47ac660583b8801e95c9d74eccd39e91e8a504,working_input
ASSET_ce13a37b6e48cc3350e1,research/references/uniprot_CCL13.response.json,1003,transparent path/extension rule; documentary snapshots are not biological raw measurements,resource_metadata_snapshot,AFILE_610aff2b35a243c4d8,json,research/references/uniprot_CCL13.response.json,atlas/research/references/uniprot_CCL13.response.json,ce13a37b6e48cc3350e10d89797cc3dfdd5000c5eff104fc2aa9f5ccafac6b46,working_input
ASSET_91be4ae1029f2f7fda07,research/references/uniprot_CCL17.json,62542,transparent path/extension rule; documentary snapshots are not biological raw measurements,resource_metadata_snapshot,AFILE_1c3796718db4416a52,json,research/references/uniprot_CCL17.json,atlas/research/references/uniprot_CCL17.json,91be4ae1029f2f7fda075cd3d71ec7d8c3ccd7e6e9ae67a8008458b91571305e,working_input
ASSET_2bb7e042b4a5f0689820,research/references/uniprot_CCL17.request.json,340,transparent path/extension rule; documentary snapshots are not biological raw measurements,resource_metadata_snapshot,AFILE_d89cde9a67dc8a8ea7,json,research/references/uniprot_CCL17.request.json,atlas/research/references/uniprot_CCL17.request.json,2bb7e042b4a5f068982016cf3b035ea195ef1a40d51958fc8ed49be4a5d9c29a,working_input
ASSET_3a7b1bf1e2692b7ad43d,research/references/uniprot_CCL17.response.json,984,transparent path/extension rule; documentary snapshots are not biological raw measurements,resource_metadata_snapshot,AFILE_60afc3ed6cc3eac405,json,research/references/uniprot_CCL17.response.json,atlas/research/references/uniprot_CCL17.response.json,3a7b1bf1e2692b7ad43da179ffc497982c5512ba4f074f82e94453392e390b57,working_input
ASSET_af5e39a492bb231b9c57,research/references/uniprot_CCL2.json,146464,transparent path/extension rule; documentary snapshots are not biological raw measurements,resource_metadata_snapshot,AFILE_b0c508f58d3bc3183f,json,research/references/uniprot_CCL2.json,atlas/research/references/uniprot_CCL2.json,af5e39a492bb231b9c574b15072f1571637445068dae3843d2268a4653f02730,working_input
ASSET_382ae624756f1a6ebd12,research/references/uniprot_CCL2.request.json,338,transparent path/extension rule; documentary snapshots are not biological raw measurements,resource_metadata_snapshot,AFILE_8d379eca1971191517,json,research/references/uniprot_CCL2.request.json,atlas/research/references/uniprot_CCL2.request.json,382ae624756f1a6ebd12743e8bfddf45f2f92f192ba7900230ae788997436e7e,working_input
ASSET_32757b3c5497bbb4940f,research/references/uniprot_CCL2.response.json,982,transparent path/extension rule; documentary snapshots are not biological raw measurements,resource_metadata_snapshot,AFILE_c9881926287bc6db66,json,research/references/uniprot_CCL2.response.json,atlas/research/references/uniprot_CCL2.response.json,32757b3c5497bbb4940f982ef79cb5f1659d0226284eff53ef22d9132483bf87,working_input
ASSET_cbd6c304448f3d236dde,research/references/uniprot_CCL22.json,59340,transparent path/extension rule; documentary snapshots are not biological raw measurements,resource_metadata_snapshot,AFILE_72007a383105d49886,json,research/references/uniprot_CCL22.json,atlas/research/references/uniprot_CCL22.json,cbd6c304448f3d236ddefa0726c93c66b5a45392ba11605cdfb380f10cd8a514,working_input
ASSET_66839f8fde82888c4789,research/references/uniprot_CCL22.request.json,340,transparent path/extension rule; documentary snapshots are not biological raw measurements,resource_metadata_snapshot,AFILE_878e9009fd37ea556c,json,research/references/uniprot_CCL22.request.json,atlas/research/references/uniprot_CCL22.request.json,66839f8fde82888c4789ee0bba6a5b6ff0a7b420dfdad4231e1641e3c96317f9,working_input
ASSET_48958ddd5890a0488556,research/references/uniprot_CCL22.response.json,1003,transparent path/extension rule; documentary snapshots are not biological raw measurements,resource_metadata_snapshot,AFILE_6dcab5c588e7de167c,json,research/references/uniprot_CCL22.response.json,atlas/research/references/uniprot_CCL22.response.json,48958ddd5890a048855670f7e5cc1544a81a7017c871b2eefc1a518f4c48c691,working_input
ASSET_b32ba4aa8389ec5988c4,research/references/uniprot_CCL26.fallback.json,298,transparent path/extension rule; documentary snapshots are not biological raw measurements,resource_metadata_snapshot,AFILE_a3ad6b317c859a02a7,json,research/references/uniprot_CCL26.fallback.json,atlas/research/references/uniprot_CCL26.fallback.json,b32ba4aa8389ec5988c4444b9c2cad878a5eb9a395bfd919bdb0bbb0e50c4dfc,working_input
ASSET_77d1b55e180906f46407,research/references/uniprot_CCL26.json,71210,transparent path/extension rule; documentary snapshots are not biological raw measurements,resource_metadata_snapshot,AFILE_0fac37bf487ccc1d68,json,research/references/uniprot_CCL26.json,atlas/research/references/uniprot_CCL26.json,77d1b55e180906f46407c713bf0919f1790fc6898249b6548e5aa8ef182fc5ba,working_input
ASSET_8884a1bc79460a25b97d,research/references/uniprot_CCL26.request.json,340,transparent path/extension rule; documentary snapshots are not biological raw measurements,resource_metadata_snapshot,AFILE_0778bc9423a6893a92,json,research/references/uniprot_CCL26.request.json,atlas/research/references/uniprot_CCL26.request.json,8884a1bc79460a25b97d90cd7a1383c4c809fb788a9843e929170e23ce91e9fb,working_input
ASSET_ad48f4a00c5d42a37f48,research/references/uniprot_CCL26.response.json,984,transparent path/extension rule; documentary snapshots are not biological raw measurements,resource_metadata_snapshot,AFILE_ef9ad0da82d5c0e226,json,research/references/uniprot_CCL26.response.json,atlas/research/references/uniprot_CCL26.response.json,ad48f4a00c5d42a37f48d1682fd6b78d99cc7b279c417674388c1a656e0b4189,working_input
ASSET_f60c8beadec02ecd90cc,research/references/uniprot_CCL3.json,103914,transparent path/extension rule; documentary snapshots are not biological raw measurements,resource_metadata_snapshot,AFILE_6cf7907b878a258fac,json,research/references/uniprot_CCL3.json,atlas/research/references/uniprot_CCL3.json,f60c8beadec02ecd90cc38521bf90bc45cb631c3d5926386a9f29d05b4b53576,working_input
ASSET_abc50aa18182f2eab7ad,research/references/uniprot_CCL3.request.json,338,transparent path/extension rule; documentary snapshots are not biological raw measurements,resource_metadata_snapshot,AFILE_27691544bd5fa330af,json,research/references/uniprot_CCL3.request.json,atlas/research/references/uniprot_CCL3.request.json,abc50aa18182f2eab7add423c99ce25247c9b03f291d704014eff1a0d4300bec,working_input
ASSET_d298dcef503158bbffba,research/references/uniprot_CCL3.response.json,1026,transparent path/extension rule; documentary snapshots are not biological raw measurements,resource_metadata_snapshot,AFILE_65368b78e5fe95e531,json,research/references/uniprot_CCL3.response.json,atlas/research/references/uniprot_CCL3.response.json,d298dcef503158bbffbafc91ff3ed4ba57c4cba3faf1403624edfb0baf8ab16c,working_input
ASSET_bb90d278544edf2ecbd3,research/references/uniprot_CCL4.json,91612,transparent path/extension rule; documentary snapshots are not biological raw measurements,resource_metadata_snapshot,AFILE_f43fad0b408c6a0dc1,json,research/references/uniprot_CCL4.json,atlas/research/references/uniprot_CCL4.json,bb90d278544edf2ecbd3b263495635f193f9c0b8592d2361835506e8720686de,working_input
ASSET_9ff025ce91338f480d7d,research/references/uniprot_CCL4.request.json,338,transparent path/extension rule; documentary snapshots are not biological raw measurements,resource_metadata_snapshot,AFILE_a290dcf405564a0568,json,research/references/uniprot_CCL4.request.json,atlas/research/references/uniprot_CCL4.request.json,9ff025ce91338f480d7d961cf6518b4e9b04717f8836b9242c291ab9997ae646,working_input
ASSET_4a2af9bca8a7999acf13,research/references/uniprot_CCL4.response.json,1021,transparent path/extension rule; documentary snapshots are not biological raw measurements,resource_metadata_snapshot,AFILE_6fec7e879b3297be82,json,research/references/uniprot_CCL4.response.json,atlas/research/references/uniprot_CCL4.response.json,4a2af9bca8a7999acf1342ca8760c88570663585e9d63c7994fe5820dda539c6,working_input
ASSET_59983f09e79dca047925,research/references/uniprot_CSF2.json,87006,transparent path/extension rule; documentary snapshots are not biological raw measurements,resource_metadata_snapshot,AFILE_e33ed8f9552a5a868c,json,research/references/uniprot_CSF2.json,atlas/research/references/uniprot_CSF2.json,59983f09e79dca0479258b562b5c0481124dc92c9bbb71c69497ce09c8430a81,working_input
ASSET_2cc04e30be635e676be1,research/references/uniprot_CSF2.request.json,338,transparent path/extension rule; documentary snapshots are not biological raw measurements,resource_metadata_snapshot,AFILE_14de2b057f26699df7,json,research/references/uniprot_CSF2.request.json,atlas/research/references/uniprot_CSF2.request.json,2cc04e30be635e676be1f6ecfc2998dadc205cc090ef02b7b9f2b4eb2145a932,working_input
ASSET_fc38c73b996541e7ef70,research/references/uniprot_CSF2.response.json,992,transparent path/extension rule; documentary snapshots are not biological raw measurements,resource_metadata_snapshot,AFILE_d5681dc09a08247a8c,json,research/references/uniprot_CSF2.response.json,atlas/research/references/uniprot_CSF2.response.json,fc38c73b996541e7ef705ca1e93763d3c96b87ea2e7f7d915aab2e5a759b96fa,working_input
ASSET_981ca215a3471f7b987e,research/references/uniprot_CXCL10.json,86398,transparent path/extension rule; documentary snapshots are not biological raw measurements,resource_metadata_snapshot,AFILE_a88aeafdb80a7ff0ab,json,research/references/uniprot_CXCL10.json,atlas/research/references/uniprot_CXCL10.json,981ca215a3471f7b987ef9ed2e5368f93434400d791a379a9c23c82fd06d3aec,working_input
ASSET_2179fcc52a7e5c0a6860,research/references/uniprot_CXCL10.request.json,342,transparent path/extension rule; documentary snapshots are not biological raw measurements,resource_metadata_snapshot,AFILE_847432586c1a746651,json,research/references/uniprot_CXCL10.request.json,atlas/research/references/uniprot_CXCL10.request.json,2179fcc52a7e5c0a68605b7cd88998741bd6ddbd1f0618f2c9341294ecba7a93,working_input
ASSET_dd9d2c1f03d3ae96323d,research/references/uniprot_CXCL10.response.json,994,transparent path/extension rule; documentary snapshots are not biological raw measurements,resource_metadata_snapshot,AFILE_3bc5f55a3a141c5b56,json,research/references/uniprot_CXCL10.response.json,atlas/research/references/uniprot_CXCL10.response.json,dd9d2c1f03d3ae96323d07e9772383f691693cf28c349e4251dbb0cc1cf54758,working_input
ASSET_19da5514a81bf17c3680,research/references/uniprot_CXCL8.json,152008,transparent path/extension rule; documentary snapshots are not biological raw measurements,resource_metadata_snapshot,AFILE_b4fe98db5bcd1f3cdb,json,research/references/uniprot_CXCL8.json,atlas/research/references/uniprot_CXCL8.json,19da5514a81bf17c3680e117d4e49f86d192fc54826fb022de4d7304b9d81d5d,working_input
ASSET_00622fb5574fec4d9d11,research/references/uniprot_CXCL8.request.json,340,transparent path/extension rule; documentary snapshots are not biological raw measurements,resource_metadata_snapshot,AFILE_e5f10f5532b76c3243,json,research/references/uniprot_CXCL8.request.json,atlas/research/references/uniprot_CXCL8.request.json,00622fb5574fec4d9d11d95ff0029d73179a58a24a1cb70cda068c196540f44a,working_input
ASSET_87ff344a4a29d838682b,research/references/uniprot_CXCL8.response.json,1071,transparent path/extension rule; documentary snapshots are not biological raw measurements,resource_metadata_snapshot,AFILE_5fb33f464a56f3e822,json,research/references/uniprot_CXCL8.response.json,atlas/research/references/uniprot_CXCL8.response.json,87ff344a4a29d838682bf9d01dfbe29f6ee3c2344e07cb0c5f7499b7d8f829d4,working_input
ASSET_9d276b5007880b6ba39d,research/references/uniprot_IFNG.json,116791,transparent path/extension rule; documentary snapshots are not biological raw measurements,resource_metadata_snapshot,AFILE_39dbdd3daa7e221b63,json,research/references/uniprot_IFNG.json,atlas/research/references/uniprot_IFNG.json,9d276b5007880b6ba39d35194c87745c3f60f2bc2793468062e88328f3e5b205,working_input
ASSET_77967ecb30f3a4922b43,research/references/uniprot_IFNG.request.json,338,transparent path/extension rule; documentary snapshots are not biological raw measurements,resource_metadata_snapshot,AFILE_41522452f20e50fdac,json,research/references/uniprot_IFNG.request.json,atlas/research/references/uniprot_IFNG.request.json,77967ecb30f3a4922b4358f807847b1af4402bce109debfb98a13f67d78f879f,working_input
ASSET_826d5c1b147be010ad9b,research/references/uniprot_IFNG.response.json,982,transparent path/extension rule; documentary snapshots are not biological raw measurements,resource_metadata_snapshot,AFILE_ac86af7ca33f0ed090,json,research/references/uniprot_IFNG.response.json,atlas/research/references/uniprot_IFNG.response.json,826d5c1b147be010ad9b06cdd3f638548f05350b5c3ebc01c1772b1aa51202ff,working_input
ASSET_fd6bde5be61aa73ba6aa,research/references/uniprot_IL10.json,108223,transparent path/extension rule; documentary snapshots are not biological raw measurements,resource_metadata_snapshot,AFILE_11b1f91cdf7c83b5c2,json,research/references/uniprot_IL10.json,atlas/research/references/uniprot_IL10.json,fd6bde5be61aa73ba6aac09bcff9fc92036b580367c09f9969b725174b649b1e,working_input
ASSET_f661fb9b54a777ac800d,research/references/uniprot_IL10.request.json,338,transparent path/extension rule; documentary snapshots are not biological raw measurements,resource_metadata_snapshot,AFILE_5f70e277ae337d3f4d,json,research/references/uniprot_IL10.request.json,atlas/research/references/uniprot_IL10.request.json,f661fb9b54a777ac800d9f665a13fd78e3f51f0b52d05fa311698f5953389014,working_input
ASSET_0e631125c45b685691d7,research/references/uniprot_IL10.response.json,1007,transparent path/extension rule; documentary snapshots are not biological raw measurements,resource_metadata_snapshot,AFILE_e06e5c12b79132c61c,json,research/references/uniprot_IL10.response.json,atlas/research/references/uniprot_IL10.response.json,0e631125c45b685691d7595b284a7caa0e596f4c0133f56cdbf13e1ddfa034a7,working_input
ASSET_ce089ec46e6ee82b91bd,research/references/uniprot_IL12A.json,85657,transparent path/extension rule; documentary snapshots are not biological raw measurements,resource_metadata_snapshot,AFILE_2c4ab02f853d8c0838,json,research/references/uniprot_IL12A.json,atlas/research/references/uniprot_IL12A.json,ce089ec46e6ee82b91bdf4a3f8e1263c83baaeb28081dd8eaed5ffd1b959a022,working_input
ASSET_f38d7cbabbba0afadaa9,research/references/uniprot_IL12A.request.json,340,transparent path/extension rule; documentary snapshots are not biological raw measurements,resource_metadata_snapshot,AFILE_2ef06ee1987baaabb4,json,research/references/uniprot_IL12A.request.json,atlas/research/references/uniprot_IL12A.request.json,f38d7cbabbba0afadaa9ce86024907018b736942b4ece63c11f722e1114f2d52,working_input
ASSET_3220d687dd119fb2b4f9,research/references/uniprot_IL12A.response.json,974,transparent path/extension rule; documentary snapshots are not biological raw measurements,resource_metadata_snapshot,AFILE_837d46d5031bd59da3,json,research/references/uniprot_IL12A.response.json,atlas/research/references/uniprot_IL12A.response.json,3220d687dd119fb2b4f94338f90980cc8c12e67cb15a444e4f4e476b8575cecf,working_input
ASSET_aefe8f13ba48952f0d15,research/references/uniprot_IL12B.json,131187,transparent path/extension rule; documentary snapshots are not biological raw measurements,resource_metadata_snapshot,AFILE_092769f1b98198c590,json,research/references/uniprot_IL12B.json,atlas/research/references/uniprot_IL12B.json,aefe8f13ba48952f0d1548e466bd3143647a8f9eadf1f722e070a8be5c9b5b18,working_input
ASSET_d4ef11bf582c7ac00674,research/references/uniprot_IL12B.request.json,340,transparent path/extension rule; documentary snapshots are not biological raw measurements,resource_metadata_snapshot,AFILE_b9f01267c18c6bf15d,json,research/references/uniprot_IL12B.request.json,atlas/research/references/uniprot_IL12B.request.json,d4ef11bf582c7ac00674d2d0fcd605f455609ef3a19aeddda565d5d039bac895,working_input
ASSET_e47886b0d8a9929a8260,research/references/uniprot_IL12B.response.json,1023,transparent path/extension rule; documentary snapshots are not biological raw measurements,resource_metadata_snapshot,AFILE_9a2c6ba3a99912c7e3,json,research/references/uniprot_IL12B.response.json,atlas/research/references/uniprot_IL12B.response.json,e47886b0d8a9929a8260610b76edc4f6accf03d02ec10b8f73e151cc37d9d28a,working_input
ASSET_3664589414d41a843764,research/references/uniprot_IL13.json,104385,transparent path/extension rule; documentary snapshots are not biological raw measurements,resource_metadata_snapshot,AFILE_71799ea6e242f546c7,json,research/references/uniprot_IL13.json,atlas/research/references/uniprot_IL13.json,3664589414d41a843764556324da2a279cdd2ed1a7097b007e92d282366c1306,working_input
ASSET_ea65d07e1684f0a53cac,research/references/uniprot_IL13.request.json,338,transparent path/extension rule; documentary snapshots are not biological raw measurements,resource_metadata_snapshot,AFILE_525f2c37dcf3544058,json,research/references/uniprot_IL13.request.json,atlas/research/references/uniprot_IL13.request.json,ea65d07e1684f0a53cacbda7b3c5b44c4baf03c6f1e433a326efb4c5bf594f06,working_input
ASSET_dec6b22ee436a294669c,research/references/uniprot_IL13.response.json,965,transparent path/extension rule; documentary snapshots are not biological raw measurements,resource_metadata_snapshot,AFILE_b1dbb87c8e49ef25f3,json,research/references/uniprot_IL13.response.json,atlas/research/references/uniprot_IL13.response.json,dec6b22ee436a294669cdc1e20663983ebf78edb1d5d8b1873ddd3f8af62ebcb,working_input
ASSET_a682b20afa52bfb33d35,research/references/uniprot_IL15.json,104103,transparent path/extension rule; documentary snapshots are not biological raw measurements,resource_metadata_snapshot,AFILE_b18ad4f65958af6f8b,json,research/references/uniprot_IL15.json,atlas/research/references/uniprot_IL15.json,a682b20afa52bfb33d35f98a5f30fa3cbaa2dac4da49acdd9bc67d2f31600c75,working_input
ASSET_dbf3ae371de6bcc59d7d,research/references/uniprot_IL15.request.json,338,transparent path/extension rule; documentary snapshots are not biological raw measurements,resource_metadata_snapshot,AFILE_95c4fdc7e6d54660d9,json,research/references/uniprot_IL15.request.json,atlas/research/references/uniprot_IL15.request.json,dbf3ae371de6bcc59d7db726f1d8334354ba965bb5f39db31be158b9ace077a5,working_input
ASSET_e12984c10ab56dcdbd7c,research/references/uniprot_IL15.response.json,1005,transparent path/extension rule; documentary snapshots are not biological raw measurements,resource_metadata_snapshot,AFILE_d10bbf3cde79fa0480,json,research/references/uniprot_IL15.response.json,atlas/research/references/uniprot_IL15.response.json,e12984c10ab56dcdbd7c6ffddadb9c06cf1d5f97e5877030a3c9860b17fe59a4,working_input
ASSET_787cb9ed6c0d5736719e,research/references/uniprot_IL16.json,330535,transparent path/extension rule; documentary snapshots are not biological raw measurements,resource_metadata_snapshot,AFILE_4bc031ef5852f14208,json,research/references/uniprot_IL16.json,atlas/research/references/uniprot_IL16.json,787cb9ed6c0d5736719e08f5ad3cd7823cf1f13060e4bccb0b2c36a564d44fe0,working_input
ASSET_f54590c1496b7c95e7e9,research/references/uniprot_IL16.request.json,338,transparent path/extension rule; documentary snapshots are not biological raw measurements,resource_metadata_snapshot,AFILE_e5a0b980931584a6b4,json,research/references/uniprot_IL16.request.json,atlas/research/references/uniprot_IL16.request.json,f54590c1496b7c95e7e9a906f52eee61bf3bb8b098bea4e2458624dfca2592c0,working_input
ASSET_29751923ec6c0ac52d67,research/references/uniprot_IL16.response.json,1023,transparent path/extension rule; documentary snapshots are not biological raw measurements,resource_metadata_snapshot,AFILE_6fd950e85518d0b06a,json,research/references/uniprot_IL16.response.json,atlas/research/references/uniprot_IL16.response.json,29751923ec6c0ac52d67d42bd0e0c32ad51334231ef6e1e306043a8d4652f565,working_input
ASSET_b475356a182537e37171,research/references/uniprot_IL17A.json,124224,transparent path/extension rule; documentary snapshots are not biological raw measurements,resource_metadata_snapshot,AFILE_7c0b54d74e53eef76e,json,research/references/uniprot_IL17A.json,atlas/research/references/uniprot_IL17A.json,b475356a182537e3717192dd12b849b0ef559d1e61fe2cd60322ae54c7348e23,working_input
ASSET_cceebb4396ecc3cf6b41,research/references/uniprot_IL17A.request.json,340,transparent path/extension rule; documentary snapshots are not biological raw measurements,resource_metadata_snapshot,AFILE_408744948214e87c19,json,research/references/uniprot_IL17A.request.json,atlas/research/references/uniprot_IL17A.request.json,cceebb4396ecc3cf6b41b2449c0194d72fcd5fcd81dd0f9ab77dfa43450a0dfd,working_input
ASSET_c0335180f329bc02b063,research/references/uniprot_IL17A.response.json,973,transparent path/extension rule; documentary snapshots are not biological raw measurements,resource_metadata_snapshot,AFILE_8e70e001b0ac83113c,json,research/references/uniprot_IL17A.response.json,atlas/research/references/uniprot_IL17A.response.json,c0335180f329bc02b0633a0b1ad0c70766433c34a46fada96844375d426e2d77,working_input
ASSET_9fc3a121a644741a9d7f,research/references/uniprot_IL1A.json,120023,transparent path/extension rule; documentary snapshots are not biological raw measurements,resource_metadata_snapshot,AFILE_721cc43b7513e06a04,json,research/references/uniprot_IL1A.json,atlas/research/references/uniprot_IL1A.json,9fc3a121a644741a9d7ffd41844dab9e556c2821ded130273979b51e6855140b,working_input
ASSET_64e3c3ce3c17de7e968a,research/references/uniprot_IL1A.request.json,338,transparent path/extension rule; documentary snapshots are not biological raw measurements,resource_metadata_snapshot,AFILE_745089c78b519d5cec,json,research/references/uniprot_IL1A.request.json,atlas/research/references/uniprot_IL1A.request.json,64e3c3ce3c17de7e968acd41958706b2450ee8065378d9af0a448360f6c7828a,working_input
ASSET_06fdb501b28789be5c39,research/references/uniprot_IL1A.response.json,982,transparent path/extension rule; documentary snapshots are not biological raw measurements,resource_metadata_snapshot,AFILE_65a46a17122514d1f0,json,research/references/uniprot_IL1A.response.json,atlas/research/references/uniprot_IL1A.response.json,06fdb501b28789be5c39fc677d8afadce27be5588490c63884071ee7746ff075,working_input
ASSET_80677a941288d75bfa94,research/references/uniprot_IL1B.json,213502,transparent path/extension rule; documentary snapshots are not biological raw measurements,resource_metadata_snapshot,AFILE_021ba5abc34c8da7dd,json,research/references/uniprot_IL1B.json,atlas/research/references/uniprot_IL1B.json,80677a941288d75bfa9451844eff7a9ed29b1dc718bf7658ab8d7470ac3a89a4,working_input
ASSET_1e48c5ffad6e5e7fd89c,research/references/uniprot_IL1B.request.json,338,transparent path/extension rule; documentary snapshots are not biological raw measurements,resource_metadata_snapshot,AFILE_1da703f133b9e61bfd,json,research/references/uniprot_IL1B.request.json,atlas/research/references/uniprot_IL1B.request.json,1e48c5ffad6e5e7fd89c356e6455519a0cc983ba260510029e296bb45378ce0c,working_input
ASSET_b76decb50df3147f0fa3,research/references/uniprot_IL1B.response.json,1022,transparent path/extension rule; documentary snapshots are not biological raw measurements,resource_metadata_snapshot,AFILE_95f4c204bc0d1dd95e,json,research/references/uniprot_IL1B.response.json,atlas/research/references/uniprot_IL1B.response.json,b76decb50df3147f0fa3240601134822256ac59dfaff7f86f6812c66c28ea5c3,working_input
ASSET_11b4c9dfb95dcf90ba6f,research/references/uniprot_IL2.json,118765,transparent path/extension rule; documentary snapshots are not biological raw measurements,resource_metadata_snapshot,AFILE_7d325917fdf298f2ef,json,research/references/uniprot_IL2.json,atlas/research/references/uniprot_IL2.json,11b4c9dfb95dcf90ba6f3abafdab2ef3290293eca78158c748d50152ea456f14,working_input
ASSET_2ab2019a360d048f240f,research/references/uniprot_IL2.request.json,336,transparent path/extension rule; documentary snapshots are not biological raw measurements,resource_metadata_snapshot,AFILE_1d3af1ad2a5eb53439,json,research/references/uniprot_IL2.request.json,atlas/research/references/uniprot_IL2.request.json,2ab2019a360d048f240f4552601114f5ec26ad6f20ffa6c3efd09ed66282178d,working_input
ASSET_b99b1fc1be9dcc322e24,research/references/uniprot_IL2.response.json,989,transparent path/extension rule; documentary snapshots are not biological raw measurements,resource_metadata_snapshot,AFILE_31831073d682826a5f,json,research/references/uniprot_IL2.response.json,atlas/research/references/uniprot_IL2.response.json,b99b1fc1be9dcc322e249c44f329bcf139e9bf9ea5d3b46aef0cd3564749587b,working_input
ASSET_d356080c4ed94add51e6,research/references/uniprot_IL4.json,116062,transparent path/extension rule; documentary snapshots are not biological raw measurements,resource_metadata_snapshot,AFILE_a9b9c930afd663fe92,json,research/references/uniprot_IL4.json,atlas/research/references/uniprot_IL4.json,d356080c4ed94add51e600bb3a563628a9dc099bedf5c3d95372da7b290ab2cf,working_input
ASSET_bac7175f60ce778345b3,research/references/uniprot_IL4.request.json,336,transparent path/extension rule; documentary snapshots are not biological raw measurements,resource_metadata_snapshot,AFILE_a156f6bf8ba2cbadf4,json,research/references/uniprot_IL4.request.json,atlas/research/references/uniprot_IL4.request.json,bac7175f60ce778345b30e800f08e052f7fe4da7021c18932903564c790088b6,working_input
ASSET_b81885e7b7e5379c2dfe,research/references/uniprot_IL4.response.json,980,transparent path/extension rule; documentary snapshots are not biological raw measurements,resource_metadata_snapshot,AFILE_e94073c5d44827874f,json,research/references/uniprot_IL4.response.json,atlas/research/references/uniprot_IL4.response.json,b81885e7b7e5379c2dfea1045ebc7d02d1ae52df4d73d360c6df9adbd251cfcd,working_input
ASSET_60d57a8bcd962eb40fb7,research/references/uniprot_IL5.json,73539,transparent path/extension rule; documentary snapshots are not biological raw measurements,resource_metadata_snapshot,AFILE_2df24bbecc8c191e7a,json,research/references/uniprot_IL5.json,atlas/research/references/uniprot_IL5.json,60d57a8bcd962eb40fb7343e4cde9ee004ebd1da4e5976b9b031f087305dc5b1,working_input
ASSET_21d453c7168260f90bd5,research/references/uniprot_IL5.request.json,336,transparent path/extension rule; documentary snapshots are not biological raw measurements,resource_metadata_snapshot,AFILE_cc592f9217f7d3d627,json,research/references/uniprot_IL5.request.json,atlas/research/references/uniprot_IL5.request.json,21d453c7168260f90bd5ca5a95f5b6b7afbe7a4f304c660f0da871b3f58f26ae,working_input
ASSET_e1500ac4b76ed5d9a2a6,research/references/uniprot_IL5.response.json,970,transparent path/extension rule; documentary snapshots are not biological raw measurements,resource_metadata_snapshot,AFILE_6e1165295c3ec89fb7,json,research/references/uniprot_IL5.response.json,atlas/research/references/uniprot_IL5.response.json,e1500ac4b76ed5d9a2a682446d54b1f30eb4cf22ac969096bcdabdbcdfc03844,working_input
ASSET_6fb15320a443a455a08f,research/references/uniprot_IL6.json,171291,transparent path/extension rule; documentary snapshots are not biological raw measurements,resource_metadata_snapshot,AFILE_01613f2348c85b69e8,json,research/references/uniprot_IL6.json,atlas/research/references/uniprot_IL6.json,6fb15320a443a455a08fe049b9a077f539a106072baac06b1f448de35b381a39,working_input
ASSET_2726cf4539ee6cb674e1,research/references/uniprot_IL6.request.json,336,transparent path/extension rule; documentary snapshots are not biological raw measurements,resource_metadata_snapshot,AFILE_17b962b7f383ca336a,json,research/references/uniprot_IL6.request.json,atlas/research/references/uniprot_IL6.request.json,2726cf4539ee6cb674e1bf89df99a13f6aefad6f351cc7d6762874b955f8e838,working_input
ASSET_ba67a15bf0527e9e1419,research/references/uniprot_IL6.response.json,990,transparent path/extension rule; documentary snapshots are not biological raw measurements,resource_metadata_snapshot,AFILE_dcb67af9548c1405e5,json,research/references/uniprot_IL6.response.json,atlas/research/references/uniprot_IL6.response.json,ba67a15bf0527e9e1419233ddb7c177ce9e4dcd6e248002ed2e48a8e00be5b23,working_input
ASSET_26f432747e41c5c72566,research/references/uniprot_IL7.json,76089,transparent path/extension rule; documentary snapshots are not biological raw measurements,resource_metadata_snapshot,AFILE_668b68184b283b3250,json,research/references/uniprot_IL7.json,atlas/research/references/uniprot_IL7.json,26f432747e41c5c725665d514634018aab2fd66b119cefc5262e607fe27404d9,working_input
ASSET_ea18bf9c3f8225a7fb5f,research/references/uniprot_IL7.request.json,336,transparent path/extension rule; documentary snapshots are not biological raw measurements,resource_metadata_snapshot,AFILE_79da21dc93e31baadc,json,research/references/uniprot_IL7.request.json,atlas/research/references/uniprot_IL7.request.json,ea18bf9c3f8225a7fb5fc5432af9120c90bc512d71af3bbd10c61730182349bf,working_input
ASSET_3a267746bcc4d4efeb4a,research/references/uniprot_IL7.response.json,963,transparent path/extension rule; documentary snapshots are not biological raw measurements,resource_metadata_snapshot,AFILE_5247bf9799cba521bf,json,research/references/uniprot_IL7.response.json,atlas/research/references/uniprot_IL7.response.json,3a267746bcc4d4efeb4a4154ecfe049e7afa8ce152d4af1f6fc7643992ec76b5,working_input
ASSET_37c513b236b9a61bcc78,research/references/uniprot_LTA.json,91387,transparent path/extension rule; documentary snapshots are not biological raw measurements,resource_metadata_snapshot,AFILE_5040d67810a2d008c6,json,research/references/uniprot_LTA.json,atlas/research/references/uniprot_LTA.json,37c513b236b9a61bcc7835f974add2d051f2191f4d3a1b1ebb10f7181b98a69f,working_input
ASSET_337707ad7d252f102728,research/references/uniprot_LTA.request.json,336,transparent path/extension rule; documentary snapshots are not biological raw measurements,resource_metadata_snapshot,AFILE_847f87e5ecb471fb86,json,research/references/uniprot_LTA.request.json,atlas/research/references/uniprot_LTA.request.json,337707ad7d252f1027287dbf3d8568620a4a9dc1f4b6ae70060347fd73b144f0,working_input
ASSET_836c50cfeb559a779bba,research/references/uniprot_LTA.response.json,981,transparent path/extension rule; documentary snapshots are not biological raw measurements,resource_metadata_snapshot,AFILE_05d2f6c8092372bf38,json,research/references/uniprot_LTA.response.json,atlas/research/references/uniprot_LTA.response.json,836c50cfeb559a779bba5092cb3b207013cfeb10a4c755ee2559065900dcfe61,working_input
ASSET_e0ff0ba226d6d35a9fff,research/references/uniprot_TNF.json,262771,transparent path/extension rule; documentary snapshots are not biological raw measurements,resource_metadata_snapshot,AFILE_248d63337a92fbe82e,json,research/references/uniprot_TNF.json,atlas/research/references/uniprot_TNF.json,e0ff0ba226d6d35a9fff2f24366edb2f7bf6bba1c8e6ae18c907f8463b2623f7,working_input
ASSET_1da53522b6738cc4b183,research/references/uniprot_TNF.request.json,336,transparent path/extension rule; documentary snapshots are not biological raw measurements,resource_metadata_snapshot,AFILE_2c6676ae5f89033e94,json,research/references/uniprot_TNF.request.json,atlas/research/references/uniprot_TNF.request.json,1da53522b6738cc4b183a70f4e693048bd4ea2cd8d1f049271e4bcb930537a42,working_input
ASSET_50a102bda6102765009e,research/references/uniprot_TNF.response.json,1010,transparent path/extension rule; documentary snapshots are not biological raw measurements,resource_metadata_snapshot,AFILE_486b644f0885a8d6fa,json,research/references/uniprot_TNF.response.json,atlas/research/references/uniprot_TNF.response.json,50a102bda6102765009eb0c58040ea254934289f607dbd4be232399ef545cb26,working_input
ASSET_64143d4a8be940508a41,research/references/uniprot_VEGFA.json,276897,transparent path/extension rule; documentary snapshots are not biological raw measurements,resource_metadata_snapshot,AFILE_262b0a91a434fd105f,json,research/references/uniprot_VEGFA.json,atlas/research/references/uniprot_VEGFA.json,64143d4a8be940508a41a64616aa5f24d96b12c5538fb514424d9606a2adc6c3,working_input
ASSET_94186762428301e000a5,research/references/uniprot_VEGFA.request.json,340,transparent path/extension rule; documentary snapshots are not biological raw measurements,resource_metadata_snapshot,AFILE_abfa36cb35a74fc78c,json,research/references/uniprot_VEGFA.request.json,atlas/research/references/uniprot_VEGFA.request.json,94186762428301e000a558c71c029d852c6c2428e63faa39bd73904b20f16cda,working_input
ASSET_e340608c082a9276ee41,research/references/uniprot_VEGFA.response.json,1101,transparent path/extension rule; documentary snapshots are not biological raw measurements,resource_metadata_snapshot,AFILE_3db8ccaa753fe4e5cd,json,research/references/uniprot_VEGFA.response.json,atlas/research/references/uniprot_VEGFA.response.json,e340608c082a9276ee41ca4969f41e6ab27e523e5310b3009836ca77971a38c5,working_input
ASSET_575764c960c7fc67b099,research/review_chemokine_0.2.json,10736,transparent path/extension rule; documentary snapshots are not biological raw measurements,structured_curation_or_provenance,AFILE_328edb4d8c01de2e16,json,research/review_chemokine_0.2.json,atlas/research/review_chemokine_0.2.json,575764c960c7fc67b0991f86a473fe187dbc3a7e6fadda272f8e188a010f4226,working_input
ASSET_5cc9f34a18cd8534f714,research/review_chemokine_0.2_final_recheck.json,18688,transparent path/extension rule; documentary snapshots are not biological raw measurements,structured_curation_or_provenance,AFILE_5d1abb391ad5528d09,json,research/review_chemokine_0.2_final_recheck.json,atlas/research/review_chemokine_0.2_final_recheck.json,5cc9f34a18cd8534f714c65d0d80eee186c7e9de8dc3e7a63390d25aa6677f66,working_input
ASSET_271adf3241d3c3721f91,research/review_chemokine_0.2_recheck.json,10798,transparent path/extension rule; documentary snapshots are not biological raw measurements,structured_curation_or_provenance,AFILE_b164805b35ae6af2db,json,research/review_chemokine_0.2_recheck.json,atlas/research/review_chemokine_0.2_recheck.json,271adf3241d3c3721f91e2f95489fe7564bc9f43e372d8c6aa6cf6593bf8639f,working_input
ASSET_f3cbf5907936d36c0a25,research/review_curations_0.2.json,9100,transparent path/extension rule; documentary snapshots are not biological raw measurements,structured_curation_or_provenance,AFILE_891fc15937433dd5a0,json,research/review_curations_0.2.json,atlas/research/review_curations_0.2.json,f3cbf5907936d36c0a255bf926ecda2028e479247b45123c4d4c5d0587ceccac,working_input
ASSET_f526336a026170742eed,research/review_cytokine.json,10075,transparent path/extension rule; documentary snapshots are not biological raw measurements,structured_curation_or_provenance,AFILE_d2f17963a530fcb1ce,json,research/review_cytokine.json,atlas/research/review_cytokine.json,f526336a026170742eed03c25e81f28a9bc98774cce7c5f820a4fa9f68bed09a,working_input
ASSET_d092e1e7166dda5a7cbd,research/review_cytokine_0.2.json,11248,transparent path/extension rule; documentary snapshots are not biological raw measurements,structured_curation_or_provenance,AFILE_963849e58b9c37f661,json,research/review_cytokine_0.2.json,atlas/research/review_cytokine_0.2.json,d092e1e7166dda5a7cbd91c6a2f38e5fb0acf9f7734368bea0a6f89969782071,working_input
ASSET_eff01477aa7ce0d38648,research/review_implementation.json,12569,transparent path/extension rule; documentary snapshots are not biological raw measurements,structured_curation_or_provenance,AFILE_11758cf0784f6c19c0,json,research/review_implementation.json,atlas/research/review_implementation.json,eff01477aa7ce0d386481c336b9f53dfc43e172c66e96654a77b2098380589d8,working_input
ASSET_14e84dfb0fbd1a398a38,research/review_implementation_0.2.json,11659,transparent path/extension rule; documentary snapshots are not biological raw measurements,structured_curation_or_provenance,AFILE_0f9ca69f81af417462,json,research/review_implementation_0.2.json,atlas/research/review_implementation_0.2.json,14e84dfb0fbd1a398a384863068fddffc429bcc87ab5b6ff0508468f9b5b9be0,working_input
ASSET_6178648fa2dcfa1c2b1b,research/review_multiomic.json,12303,transparent path/extension rule; documentary snapshots are not biological raw measurements,structured_curation_or_provenance,AFILE_117dbbfeca541c3d0f,json,research/review_multiomic.json,atlas/research/review_multiomic.json,6178648fa2dcfa1c2b1b33d2f95c453e968ccc5977530c2676a6b782d8b7e545,working_input
ASSET_e563b8372a4ca57c6629,research/review_proteomic_curations_0.2.json,23277,transparent path/extension rule; documentary snapshots are not biological raw measurements,structured_curation_or_provenance,AFILE_f2fe6e613a9c71f79a,json,research/review_proteomic_curations_0.2.json,atlas/research/review_proteomic_curations_0.2.json,e563b8372a4ca57c6629e0518dbac3bf18e2ffa676838bf0295afeae2234e4c5,working_input
ASSET_3e55d031479d526283f2,research/review_receptor_0.2.json,12390,transparent path/extension rule; documentary snapshots are not biological raw measurements,structured_curation_or_provenance,AFILE_f785efcd08e5ab1e03,json,research/review_receptor_0.2.json,atlas/research/review_receptor_0.2.json,3e55d031479d526283f23c5b05617d57414a995df6813673382da6d3ded6f66c,working_input
ASSET_bc4cdeb69f5bd4db7edd,sandbox/smpl.md,1260,transparent path/extension rule; documentary snapshots are not biological raw measurements,documentation_or_protocol,AFILE_521099abaf53b08d08,md,sandbox/smpl.md,atlas/sandbox/smpl.md,bc4cdeb69f5bd4db7edd05676e75dfd57a2eb340309c191e646bacbbf830ffd2,working_input
ASSET_4dfe9ddb31703e42590f,scripts/annotate_scoring.py,2148,transparent path/extension rule; documentary snapshots are not biological raw measurements,code_or_environment_specification,AFILE_edbf0ad7e07c131e7f,py,scripts/annotate_scoring.py,atlas/scripts/annotate_scoring.py,4dfe9ddb31703e42590f13e2e7c5794f67d448c66a8bdd6ccf5e53921a4a17c7,working_input
ASSET_9be08c3734f393739289,scripts/build_candidate.py,35053,transparent path/extension rule; documentary snapshots are not biological raw measurements,code_or_environment_specification,AFILE_31ceb08f159183fe5e,py,scripts/build_candidate.py,atlas/scripts/build_candidate.py,9be08c3734f393739289f892a510b6777b6457bab71ed1d94698b83e0ebae60d,working_input
ASSET_bd93d8f1684ba065acc7,scripts/build_cytokine_inventory.py,5147,transparent path/extension rule; documentary snapshots are not biological raw measurements,code_or_environment_specification,AFILE_2caa450b60c3b9c85e,py,scripts/build_cytokine_inventory.py,atlas/scripts/build_cytokine_inventory.py,bd93d8f1684ba065acc7ac7f390bc7e425b5a5b32842b877796b0453d00207fc,working_input
ASSET_992a05c750f78e7a8c37,scripts/kb.py,59695,transparent path/extension rule; documentary snapshots are not biological raw measurements,code_or_environment_specification,AFILE_d44dbfb838f51ac032,py,scripts/kb.py,atlas/scripts/kb.py,992a05c750f78e7a8c370bd12a68a8065c71d7b37dbf5c1723167d617008bfbd,working_input
ASSET_1e2f9569aa5cd27c93e3,scripts/retrieve_fulltext_followup.py,1469,transparent path/extension rule; documentary snapshots are not biological raw measurements,code_or_environment_specification,AFILE_16528ec9f7724ff426,py,scripts/retrieve_fulltext_followup.py,atlas/scripts/retrieve_fulltext_followup.py,1e2f9569aa5cd27c93e3cbc24684878dc40aece3a57d9c9419c58e8a7f0fcfdd,working_input
ASSET_ed9449638e61a8664379,scripts/retrieve_references.py,9377,transparent path/extension rule; documentary snapshots are not biological raw measurements,code_or_environment_specification,AFILE_e29976a118d2029633,py,scripts/retrieve_references.py,atlas/scripts/retrieve_references.py,ed9449638e61a8664379b86ee44c70b29c7e887b888f6aea7365b7319905535d,working_input
ASSET_516962737ef0d7d10afd,scripts/sanitize_snapshots.py,2990,transparent path/extension rule; documentary snapshots are not biological raw measurements,code_or_environment_specification,AFILE_817cccd8c5c03e896f,py,scripts/sanitize_snapshots.py,atlas/scripts/sanitize_snapshots.py,516962737ef0d7d10afd25cdeae30beecf8f18401eae2f8fe1f97adc004a4b61,working_input
ASSET_580a76d6d381fc14cd03,scripts/scoring_rules.py,1808,transparent path/extension rule; documentary snapshots are not biological raw measurements,code_or_environment_specification,AFILE_41ccbac94b15c645a3,py,scripts/scoring_rules.py,atlas/scripts/scoring_rules.py,580a76d6d381fc14cd035e8b8775972d8b4410a4c1abd849cdc4756f0908372e,working_input
ASSET_4a20b753a6fdb16ac133,scripts/write_release_report.py,9237,transparent path/extension rule; documentary snapshots are not biological raw measurements,code_or_environment_specification,AFILE_4c4d4d8e2947cf9f86,py,scripts/write_release_report.py,atlas/scripts/write_release_report.py,4a20b753a6fdb16ac133d7fdbb71b2c8e68337b8ad2eb52f4bcd3d510b123c6c,working_input
ASSET_053369d3870b9cedac26,scripts/write_status.py,9955,transparent path/extension rule; documentary snapshots are not biological raw measurements,code_or_environment_specification,AFILE_f14978e5bdcd785adf,py,scripts/write_status.py,atlas/scripts/write_status.py,053369d3870b9cedac26517e50c8dfc77493197dd87f28bd2ddf72b8249cd02a,working_input
ASSET_40a71ff14855ec8163eb,tests/test_candidate.py,9706,transparent path/extension rule; documentary snapshots are not biological raw measurements,code_or_environment_specification,AFILE_02c9601b114044b888,py,tests/test_candidate.py,atlas/tests/test_candidate.py,40a71ff14855ec8163eb91a75680a4bd99ea9511a43b43f5d0eae54d0a9039a0,working_input
ASSET_604d289e1e5bfeae45cf,tests/test_kb.py,10284,transparent path/extension rule; documentary snapshots are not biological raw measurements,code_or_environment_specification,AFILE_65079710603446db8b,py,tests/test_kb.py,atlas/tests/test_kb.py,604d289e1e5bfeae45cfa8548d28b2b8ef559db0066180ae002256272ee6fa1c,working_input
ASSET_cef4a9ecac01e374653a,tests/test_release_lifecycle.py,5976,transparent path/extension rule; documentary snapshots are not biological raw measurements,code_or_environment_specification,AFILE_10db74e577a51e9291,py,tests/test_release_lifecycle.py,atlas/tests/test_release_lifecycle.py,cef4a9ecac01e374653aecc7fb1e11bc7a2f20779e992dfe9a596e22499ac731,working_input
ASSET_7ddb55820560ced697f3,tests/test_review_integrity.py,17903,transparent path/extension rule; documentary snapshots are not biological raw measurements,code_or_environment_specification,AFILE_4ab4ec2b7e5bd5ac16,py,tests/test_review_integrity.py,atlas/tests/test_review_integrity.py,7ddb55820560ced697f3956fbe4245f1a50a102b3148917e428063b8a57fe1e8,working_input
ASSET_091ec576bae9d9c2752e,tests/test_snapshot_security.py,2127,transparent path/extension rule; documentary snapshots are not biological raw measurements,code_or_environment_specification,AFILE_6dd290cbdbdd4bd17b,py,tests/test_snapshot_security.py,atlas/tests/test_snapshot_security.py,091ec576bae9d9c2752eaefdcc46bc42a76d83a82aef6f6d2e84b6e71e428278,working_input
