access_url,access_url_kind,availability,bioproject,data_level,dataset_id,eligibility,experiment_accession,file_id,format,local_biological_payload,name,note,repository_file_path,run_accession,schema_inspection,size_bytes,source_hashes,source_path,source_paths,source_url,sra_uid,study_accession,title,url,verification
https://ftp.ncbi.nlm.nih.gov/geo/series/GSE17nnn/GSE17156/suppl/GSE17156_RAW.tar,direct_file_link,public,,raw_submitter_archive,FLU:GSE17156,included_human_influenza_challenge,,FLUFILE_7320c65a089a5162d8,tar,False,GSE17156_RAW.tar,GEO raw archive is listed; member inventory is not expanded and native instrument files versus exported feature tables are not yet distinguished.,,,not_inspected_at_biological_file_level,,"{""data_dictionary/sources/influenza/snapshots/GSE17156.soft.txt"":""49d4b42999e54dc4f1390cb6310b697a6f7fa238d540b240be747d549b401593""}",,"[""data_dictionary/sources/influenza/snapshots/GSE17156.soft.txt""]",,,,,https://ftp.ncbi.nlm.nih.gov/geo/series/GSE17nnn/GSE17156/suppl/GSE17156_RAW.tar,listed_in_GEO_series_metadata; file bytes not downloaded
https://ftp.ncbi.nlm.nih.gov/geo/series/GSE30nnn/GSE30550/suppl/GSE30550_RAW.tar,direct_file_link,public,,raw_submitter_archive,FLU:GSE30550,included_human_influenza_challenge,,FLUFILE_3823e8316e492fba5d,tar,False,GSE30550_RAW.tar,GEO raw archive is listed; member inventory is not expanded and native instrument files versus exported feature tables are not yet distinguished.,,,not_inspected_at_biological_file_level,,"{""data_dictionary/sources/influenza/snapshots/GSE30550.soft.txt"":""64a2fc66d165aec5ff95b8bf2b8d5b9de6a7062ef3ddbd2906bde344713c75b3""}",,"[""data_dictionary/sources/influenza/snapshots/GSE30550.soft.txt""]",,,,,https://ftp.ncbi.nlm.nih.gov/geo/series/GSE30nnn/GSE30550/suppl/GSE30550_RAW.tar,listed_in_GEO_series_metadata; file bytes not downloaded
https://ftp.ncbi.nlm.nih.gov/geo/series/GSE52nnn/GSE52428/suppl/GSE52428_RAW.tar,direct_file_link,public,,raw_submitter_archive,FLU:GSE52428,included_human_influenza_challenge,,FLUFILE_554e95fb8382f9e84e,tar,False,GSE52428_RAW.tar,GEO raw archive is listed; member inventory is not expanded and native instrument files versus exported feature tables are not yet distinguished.,,,not_inspected_at_biological_file_level,,"{""data_dictionary/sources/influenza/snapshots/GSE52428.soft.txt"":""21ab50213d9f429fd48b2629e26af77600a265f26b5fa574b3704f3fe04cc4af""}",,"[""data_dictionary/sources/influenza/snapshots/GSE52428.soft.txt""]",,,,,https://ftp.ncbi.nlm.nih.gov/geo/series/GSE52nnn/GSE52428/suppl/GSE52428_RAW.tar,listed_in_GEO_series_metadata; file bytes not downloaded
https://ftp.ncbi.nlm.nih.gov/geo/series/GSE61nnn/GSE61754/suppl/GSE61754_RAW.tar,direct_file_link,public,,raw_submitter_archive,FLU:GSE61754,included_human_influenza_challenge,,FLUFILE_18ff9d95ce138cde92,tar,False,GSE61754_RAW.tar,GEO raw archive is listed; member inventory is not expanded and native instrument files versus exported feature tables are not yet distinguished.,,,not_inspected_at_biological_file_level,,"{""data_dictionary/sources/influenza/snapshots/GSE61754.soft.txt"":""fd4a7fb55baa713d620b48424f5167c4ba6f64069a83207ce9db1a5d9abb39f1""}",,"[""data_dictionary/sources/influenza/snapshots/GSE61754.soft.txt""]",,,,,https://ftp.ncbi.nlm.nih.gov/geo/series/GSE61nnn/GSE61754/suppl/GSE61754_RAW.tar,listed_in_GEO_series_metadata; file bytes not downloaded
https://ftp.ncbi.nlm.nih.gov/geo/series/GSE61nnn/GSE61754/suppl/GSE61754_non-normalized.txt.gz,direct_file_link,public,,unnormalized_feature_intensity_table,FLU:GSE61754,included_human_influenza_challenge,,FLUFILE_e650c82d82c5d6d80b,txt.gz,False,GSE61754_non-normalized.txt.gz,Submitter-exported unnormalized array intensities; not an instrument archive and not sequencing reads.,,,not_inspected_at_biological_file_level,,"{""data_dictionary/sources/influenza/snapshots/GSE61754.soft.txt"":""fd4a7fb55baa713d620b48424f5167c4ba6f64069a83207ce9db1a5d9abb39f1""}",,"[""data_dictionary/sources/influenza/snapshots/GSE61754.soft.txt""]",,,,,https://ftp.ncbi.nlm.nih.gov/geo/series/GSE61nnn/GSE61754/suppl/GSE61754_non-normalized.txt.gz,listed_in_GEO_series_metadata; file bytes not downloaded
https://ftp.ncbi.nlm.nih.gov/geo/series/GSE73nnn/GSE73072/suppl/GSE73072_RAW.tar,direct_file_link,public,,raw_submitter_archive,FLU:GSE73072,included_human_influenza_challenge,,FLUFILE_f4ec35bce8f297c159,tar,False,GSE73072_RAW.tar,GEO raw archive is listed; member inventory is not expanded and native instrument files versus exported feature tables are not yet distinguished.,,,not_inspected_at_biological_file_level,,"{""data_dictionary/sources/influenza/snapshots/GSE73072.soft.txt"":""3d5bf0ec45b8b1551d9e14128ea54bf5fbcc661d3d7171cd93dc078e3f764c02""}",,"[""data_dictionary/sources/influenza/snapshots/GSE73072.soft.txt""]",,,,,https://ftp.ncbi.nlm.nih.gov/geo/series/GSE73nnn/GSE73072/suppl/GSE73072_RAW.tar,listed_in_GEO_series_metadata; file bytes not downloaded
https://ftp.ncbi.nlm.nih.gov/geo/series/GSE90nnn/GSE90732/suppl/GSE90732_RAW.tar,direct_file_link,public,,raw_submitter_archive,FLU:GSE90732,included_human_influenza_challenge,,FLUFILE_cd4e587ddcccffd5e1,tar,False,GSE90732_RAW.tar,GEO raw archive is listed; member inventory is not expanded and native instrument files versus exported feature tables are not yet distinguished.,,,not_inspected_at_biological_file_level,,"{""data_dictionary/sources/influenza/snapshots/GSE90732.soft.txt"":""66c09e9ba3fcd0511faaa466f656ed73e3e91eccba16c18b3edd02119ea6c2f5""}",,"[""data_dictionary/sources/influenza/snapshots/GSE90732.soft.txt""]",,,,,https://ftp.ncbi.nlm.nih.gov/geo/series/GSE90nnn/GSE90732/suppl/GSE90732_RAW.tar,listed_in_GEO_series_metadata; file bytes not downloaded
https://ftp.ncbi.nlm.nih.gov/geo/series/GSE90nnn/GSE90732/suppl/GSE90732_non-normalized.txt.gz,direct_file_link,public,,unnormalized_feature_intensity_table,FLU:GSE90732,included_human_influenza_challenge,,FLUFILE_6c17a85849ee1144e8,txt.gz,False,GSE90732_non-normalized.txt.gz,Submitter-exported unnormalized array intensities; not an instrument archive and not sequencing reads.,,,not_inspected_at_biological_file_level,,"{""data_dictionary/sources/influenza/snapshots/GSE90732.soft.txt"":""66c09e9ba3fcd0511faaa466f656ed73e3e91eccba16c18b3edd02119ea6c2f5""}",,"[""data_dictionary/sources/influenza/snapshots/GSE90732.soft.txt""]",,,,,https://ftp.ncbi.nlm.nih.gov/geo/series/GSE90nnn/GSE90732/suppl/GSE90732_non-normalized.txt.gz,listed_in_GEO_series_metadata; file bytes not downloaded
https://ftp.ncbi.nlm.nih.gov/geo/series/GSE118nnn/GSE118223/suppl/GSE118223_RAW.tar,direct_file_link,public,,raw_submitter_archive,FLU:GSE118223,included_human_influenza_challenge,,FLUFILE_3231f65165dad86513,tar,False,GSE118223_RAW.tar,GEO raw archive is listed; member inventory is not expanded and native instrument files versus exported feature tables are not yet distinguished.,,,not_inspected_at_biological_file_level,,"{""data_dictionary/sources/influenza/snapshots/GSE118223.soft.txt"":""75f99150fc44683ee1e0a52a9e56cb1980351c8aa7ee5955d926b346f0e7e399""}",,"[""data_dictionary/sources/influenza/snapshots/GSE118223.soft.txt""]",,,,,https://ftp.ncbi.nlm.nih.gov/geo/series/GSE118nnn/GSE118223/suppl/GSE118223_RAW.tar,listed_in_GEO_series_metadata; file bytes not downloaded
https://ftp.ncbi.nlm.nih.gov/geo/series/GSE175nnn/GSE175551/suppl/GSE175551_Raw_gene_counts_matrix.txt.gz,direct_file_link,public,,processed_counts_or_expression,FLU:GSE175551,included_human_influenza_challenge,,FLUFILE_838642ad4e45a37a45,txt.gz,False,GSE175551_Raw_gene_counts_matrix.txt.gz,"Gene counts and normalized expression are derived measurements, including files whose names contain Raw; not sequencing reads.",,,not_inspected_at_biological_file_level,,"{""data_dictionary/sources/influenza/snapshots/GSE175551.soft.txt"":""c1582c4f6b50be5611f45fb1f1b948bfb2106300381ae95235f1008fdafd7faf"",""data_dictionary/sources/influenza/snapshots/GSM5341480.soft.txt"":""3b5da66ffdc7a8aa7a7cddb20c7cb6e43cffb6393b6ec1e633f06f9ee1b926cd""}",,"[""data_dictionary/sources/influenza/snapshots/GSE175551.soft.txt"",""data_dictionary/sources/influenza/snapshots/GSM5341480.soft.txt""]",,,,,https://ftp.ncbi.nlm.nih.gov/geo/series/GSE175nnn/GSE175551/suppl/GSE175551_Raw_gene_counts_matrix.txt.gz,listed_in_GEO_series_metadata; file bytes not downloaded
https://ftp.ncbi.nlm.nih.gov/geo/series/GSE299nnn/GSE299820/suppl/GSE299820_rsem_genes_count.txt.gz,direct_file_link,public,,processed_counts_or_expression,FLU:GSE299820,included_human_influenza_challenge,,FLUFILE_6ced262f2298b266f3,txt.gz,False,GSE299820_rsem_genes_count.txt.gz,"Gene counts and normalized expression are derived measurements, including files whose names contain Raw; not sequencing reads.",,,not_inspected_at_biological_file_level,,"{""data_dictionary/sources/influenza/snapshots/GSE299820.soft.txt"":""88d632d8a76448eef45370bc6740ab46a3f9f8fd33d6ecd235aaffbe6ae323e6"",""data_dictionary/sources/influenza/snapshots/GSM9046530.soft.txt"":""db42ee0b8ea70f1d2aa0e836f7111d386eaa13bba525de3ae8ac0541cbc45795""}",,"[""data_dictionary/sources/influenza/snapshots/GSE299820.soft.txt"",""data_dictionary/sources/influenza/snapshots/GSM9046530.soft.txt""]",,,,,https://ftp.ncbi.nlm.nih.gov/geo/series/GSE299nnn/GSE299820/suppl/GSE299820_rsem_genes_count.txt.gz,listed_in_GEO_series_metadata; file bytes not downloaded
https://www.ncbi.nlm.nih.gov/sra?term=SRX29176614,repository_or_publication_landing_page,public,,raw_RNA_reads,FLU:GSE299820,included_human_influenza_challenge,,FLUFILE_50bef29a7ef29422d5,,False,SRX29176614,,,,not_inspected_at_biological_file_level,,"{""data_dictionary/sources/influenza/snapshots/GSE299820.soft.txt"":""88d632d8a76448eef45370bc6740ab46a3f9f8fd33d6ecd235aaffbe6ae323e6"",""data_dictionary/sources/influenza/snapshots/GSM9046530.soft.txt"":""db42ee0b8ea70f1d2aa0e836f7111d386eaa13bba525de3ae8ac0541cbc45795""}",,"[""data_dictionary/sources/influenza/snapshots/GSE299820.soft.txt"",""data_dictionary/sources/influenza/snapshots/GSM9046530.soft.txt""]",,,,,https://www.ncbi.nlm.nih.gov/sra?term=SRX29176614,representative_GEO_sample_SRA_relation; experiment/run download not performed
https://ftp.ncbi.nlm.nih.gov/geo/series/GSE111nnn/GSE111368/suppl/GSE111368_Non-normalized_data.txt.gz,direct_file_link,public,,unnormalized_feature_intensity_table,FLU:GSE111368,adjacent_excluded,,FLUFILE_41d558c2d4b050fcc1,txt.gz,False,GSE111368_Non-normalized_data.txt.gz,Submitter-exported unnormalized array intensities; not an instrument archive and not sequencing reads.,,,not_inspected_at_biological_file_level,,"{""data_dictionary/sources/influenza/snapshots/GSE111368.soft.txt"":""5f8eb2c3f1cd766930a9306974fca1a5a5d5c453101ea9fcd67b64bfa217875a""}",,"[""data_dictionary/sources/influenza/snapshots/GSE111368.soft.txt""]",,,,,https://ftp.ncbi.nlm.nih.gov/geo/series/GSE111nnn/GSE111368/suppl/GSE111368_Non-normalized_data.txt.gz,listed_in_GEO_series_metadata; file bytes not downloaded
https://ftp.ncbi.nlm.nih.gov/geo/series/GSE111nnn/GSE111368/suppl/GSE111368_RAW.tar,direct_file_link,public,,raw_submitter_archive,FLU:GSE111368,adjacent_excluded,,FLUFILE_3edbbce3ea37691af0,tar,False,GSE111368_RAW.tar,GEO raw archive is listed; member inventory is not expanded and native instrument files versus exported feature tables are not yet distinguished.,,,not_inspected_at_biological_file_level,,"{""data_dictionary/sources/influenza/snapshots/GSE111368.soft.txt"":""5f8eb2c3f1cd766930a9306974fca1a5a5d5c453101ea9fcd67b64bfa217875a""}",,"[""data_dictionary/sources/influenza/snapshots/GSE111368.soft.txt""]",,,,,https://ftp.ncbi.nlm.nih.gov/geo/series/GSE111nnn/GSE111368/suppl/GSE111368_RAW.tar,listed_in_GEO_series_metadata; file bytes not downloaded
https://ftp.ncbi.nlm.nih.gov/geo/series/GSE68nnn/GSE68310/suppl/GSE68310_RAW.tar,direct_file_link,public,,raw_submitter_archive,FLU:GSE68310,adjacent_excluded,,FLUFILE_acb037574e9316e1e3,tar,False,GSE68310_RAW.tar,GEO raw archive is listed; member inventory is not expanded and native instrument files versus exported feature tables are not yet distinguished.,,,not_inspected_at_biological_file_level,,"{""data_dictionary/sources/influenza/snapshots/GSE68310.soft.txt"":""a13cdc07bb27c197d0a45ed1ed9946e8715c87a59c86f389152fb1d076dfbd3e""}",,"[""data_dictionary/sources/influenza/snapshots/GSE68310.soft.txt""]",,,,,https://ftp.ncbi.nlm.nih.gov/geo/series/GSE68nnn/GSE68310/suppl/GSE68310_RAW.tar,listed_in_GEO_series_metadata; file bytes not downloaded
https://ftp.ncbi.nlm.nih.gov/geo/series/GSE68nnn/GSE68310/suppl/GSE68310_SubjectPhenotypes1.txt.gz,direct_file_link,public,,clinical_subject_metadata,FLU:GSE68310,adjacent_excluded,,FLUFILE_71f96deb0321efd186,txt.gz,False,GSE68310_SubjectPhenotypes1.txt.gz,Subject phenotype metadata; not an expression matrix or instrument measurement.,,,not_inspected_at_biological_file_level,,"{""data_dictionary/sources/influenza/snapshots/GSE68310.soft.txt"":""a13cdc07bb27c197d0a45ed1ed9946e8715c87a59c86f389152fb1d076dfbd3e""}",,"[""data_dictionary/sources/influenza/snapshots/GSE68310.soft.txt""]",,,,,https://ftp.ncbi.nlm.nih.gov/geo/series/GSE68nnn/GSE68310/suppl/GSE68310_SubjectPhenotypes1.txt.gz,listed_in_GEO_series_metadata; file bytes not downloaded
https://ftp.ncbi.nlm.nih.gov/geo/series/GSE68nnn/GSE68310/suppl/GSE68310_non-normalized.txt.gz,direct_file_link,public,,unnormalized_feature_intensity_table,FLU:GSE68310,adjacent_excluded,,FLUFILE_3fe3b4fa9d1cf31269,txt.gz,False,GSE68310_non-normalized.txt.gz,Submitter-exported unnormalized array intensities; not an instrument archive and not sequencing reads.,,,not_inspected_at_biological_file_level,,"{""data_dictionary/sources/influenza/snapshots/GSE68310.soft.txt"":""a13cdc07bb27c197d0a45ed1ed9946e8715c87a59c86f389152fb1d076dfbd3e""}",,"[""data_dictionary/sources/influenza/snapshots/GSE68310.soft.txt""]",,,,,https://ftp.ncbi.nlm.nih.gov/geo/series/GSE68nnn/GSE68310/suppl/GSE68310_non-normalized.txt.gz,listed_in_GEO_series_metadata; file bytes not downloaded
https://ftp.ncbi.nlm.nih.gov/geo/series/GSE194nnn/GSE194378/suppl/GSE194378_rna.seq.gene.count.matrix.txt.gz,direct_file_link,public,,processed_counts_or_expression,FLU:GSE194378,adjacent_excluded,,FLUFILE_1401c433814cbac269,seq.gene.count.matrix.txt.gz,False,GSE194378_rna.seq.gene.count.matrix.txt.gz,"Gene counts and normalized expression are derived measurements, including files whose names contain Raw; not sequencing reads.",,,not_inspected_at_biological_file_level,,"{""data_dictionary/sources/influenza/snapshots/GSE194378.soft.txt"":""865542aa9f411db4f216337c7ecb0b43210059063796b5b1bd20e686e7132159""}",,"[""data_dictionary/sources/influenza/snapshots/GSE194378.soft.txt""]",,,,,https://ftp.ncbi.nlm.nih.gov/geo/series/GSE194nnn/GSE194378/suppl/GSE194378_rna.seq.gene.count.matrix.txt.gz,listed_in_GEO_series_metadata; file bytes not downloaded
https://ftp.ncbi.nlm.nih.gov/geo/series/GSE194nnn/GSE194378/suppl/GSE194378_rna.seq.gene.normalized.count.matrix.txt.gz,direct_file_link,public,,processed_counts_or_expression,FLU:GSE194378,adjacent_excluded,,FLUFILE_268e61a3e812b736e7,seq.gene.normalized.count.matrix.txt.gz,False,GSE194378_rna.seq.gene.normalized.count.matrix.txt.gz,"Gene counts and normalized expression are derived measurements, including files whose names contain Raw; not sequencing reads.",,,not_inspected_at_biological_file_level,,"{""data_dictionary/sources/influenza/snapshots/GSE194378.soft.txt"":""865542aa9f411db4f216337c7ecb0b43210059063796b5b1bd20e686e7132159""}",,"[""data_dictionary/sources/influenza/snapshots/GSE194378.soft.txt""]",,,,,https://ftp.ncbi.nlm.nih.gov/geo/series/GSE194nnn/GSE194378/suppl/GSE194378_rna.seq.gene.normalized.count.matrix.txt.gz,listed_in_GEO_series_metadata; file bytes not downloaded
https://ftp.ncbi.nlm.nih.gov/geo/series/GSE117nnn/GSE117580/suppl/GSE117580_counts_correct.csv.gz,direct_file_link,public,,processed_counts_or_expression,FLU:GSE117580,adjacent_excluded,,FLUFILE_046791b8eceaad4e3f,csv.gz,False,GSE117580_counts_correct.csv.gz,"Gene counts and normalized expression are derived measurements, including files whose names contain Raw; not sequencing reads.",,,not_inspected_at_biological_file_level,,"{""data_dictionary/sources/influenza/snapshots/GSE117580.soft.txt"":""dc320992158e2806c7f86a8d7b8bf2e50c144cb3f95e59250f41a70241be2b8a""}",,"[""data_dictionary/sources/influenza/snapshots/GSE117580.soft.txt""]",,,,,https://ftp.ncbi.nlm.nih.gov/geo/series/GSE117nnn/GSE117580/suppl/GSE117580_counts_correct.csv.gz,listed_in_GEO_series_metadata; file bytes not downloaded
https://www.ebi.ac.uk/biostudies/arrayexpress/studies/E-MTAB-13038,repository_or_publication_landing_page,public,,processed_expression,FLU:E-MTAB-13038,included_human_influenza_challenge,,FLUFILE_e639e35999a444e4ad,,False,normalised_counts.txt,,normalised_counts.txt,,not_inspected_at_biological_file_level,77865262,"{""data_dictionary/sources/influenza/snapshots/E-MTAB-13038.json"":""3f2b3093ffdf6d59a0742bcb93841b127bb3be95040d3c814ac5a9b6982c291c"",""data_dictionary/sources/influenza/snapshots/PMC11608262.html"":""e60f31e49350f3b555ed09b2c88d7479097fd45666abd8cd0ad11b46c34c6e22"",""data_dictionary/sources/influenza/snapshots/PMC13375583.html"":""937676aee9168d8a0f0cf3349a1fe5649ce71204f0e9f01047aed3a6755dab98""}",,"[""data_dictionary/sources/influenza/snapshots/E-MTAB-13038.json"",""data_dictionary/sources/influenza/snapshots/PMC11608262.html"",""data_dictionary/sources/influenza/snapshots/PMC13375583.html""]",,,,,https://www.ebi.ac.uk/biostudies/arrayexpress/studies/E-MTAB-13038,listed_in_repository_API; payload not downloaded
https://www.ebi.ac.uk/biostudies/arrayexpress/studies/E-MTAB-13038,repository_or_publication_landing_page,public,,metadata,FLU:E-MTAB-13038,included_human_influenza_challenge,,FLUFILE_4b848d50a4f8a3a798,,False,E-MTAB-13038.idf.txt,,E-MTAB-13038.idf.txt,,not_inspected_at_biological_file_level,4453,"{""data_dictionary/sources/influenza/snapshots/E-MTAB-13038.json"":""3f2b3093ffdf6d59a0742bcb93841b127bb3be95040d3c814ac5a9b6982c291c"",""data_dictionary/sources/influenza/snapshots/PMC11608262.html"":""e60f31e49350f3b555ed09b2c88d7479097fd45666abd8cd0ad11b46c34c6e22"",""data_dictionary/sources/influenza/snapshots/PMC13375583.html"":""937676aee9168d8a0f0cf3349a1fe5649ce71204f0e9f01047aed3a6755dab98""}",,"[""data_dictionary/sources/influenza/snapshots/E-MTAB-13038.json"",""data_dictionary/sources/influenza/snapshots/PMC11608262.html"",""data_dictionary/sources/influenza/snapshots/PMC13375583.html""]",,,,,https://www.ebi.ac.uk/biostudies/arrayexpress/studies/E-MTAB-13038,listed_in_repository_API; payload not downloaded
https://www.ebi.ac.uk/biostudies/arrayexpress/studies/E-MTAB-13038,repository_or_publication_landing_page,public,,metadata,FLU:E-MTAB-13038,included_human_influenza_challenge,,FLUFILE_923ea5fd32cfadb43f,,False,E-MTAB-13038.sdrf.txt,,E-MTAB-13038.sdrf.txt,,not_inspected_at_biological_file_level,140805,"{""data_dictionary/sources/influenza/snapshots/E-MTAB-13038.json"":""3f2b3093ffdf6d59a0742bcb93841b127bb3be95040d3c814ac5a9b6982c291c"",""data_dictionary/sources/influenza/snapshots/PMC11608262.html"":""e60f31e49350f3b555ed09b2c88d7479097fd45666abd8cd0ad11b46c34c6e22"",""data_dictionary/sources/influenza/snapshots/PMC13375583.html"":""937676aee9168d8a0f0cf3349a1fe5649ce71204f0e9f01047aed3a6755dab98""}",,"[""data_dictionary/sources/influenza/snapshots/E-MTAB-13038.json"",""data_dictionary/sources/influenza/snapshots/PMC11608262.html"",""data_dictionary/sources/influenza/snapshots/PMC13375583.html""]",,,,,https://www.ebi.ac.uk/biostudies/arrayexpress/studies/E-MTAB-13038,listed_in_repository_API; payload not downloaded
https://www.ebi.ac.uk/biostudies/arrayexpress/studies/E-MTAB-13041,repository_or_publication_landing_page,public,,processed_expression,FLU:E-MTAB-13041,included_human_influenza_challenge,,FLUFILE_1cd7307999c417c7a2,,False,FluCounts_forUpload_unlogged.csv,,FluCounts_forUpload_unlogged.csv,,not_inspected_at_biological_file_level,27031108,"{""data_dictionary/sources/influenza/snapshots/E-MTAB-13041.json"":""37dfa0c02b79432699ba008f0b419f423e0b605f7b681117f9522bce1d037a81"",""data_dictionary/sources/influenza/snapshots/PMC11608262.html"":""e60f31e49350f3b555ed09b2c88d7479097fd45666abd8cd0ad11b46c34c6e22"",""data_dictionary/sources/influenza/snapshots/PMC13375583.html"":""937676aee9168d8a0f0cf3349a1fe5649ce71204f0e9f01047aed3a6755dab98""}",,"[""data_dictionary/sources/influenza/snapshots/E-MTAB-13041.json"",""data_dictionary/sources/influenza/snapshots/PMC11608262.html"",""data_dictionary/sources/influenza/snapshots/PMC13375583.html""]",,,,,https://www.ebi.ac.uk/biostudies/arrayexpress/studies/E-MTAB-13041,listed_in_repository_API; payload not downloaded
https://www.ebi.ac.uk/biostudies/arrayexpress/studies/E-MTAB-13041,repository_or_publication_landing_page,public,,metadata,FLU:E-MTAB-13041,included_human_influenza_challenge,,FLUFILE_072870d7ca843c8e7c,,False,E-MTAB-13041.idf.txt,,E-MTAB-13041.idf.txt,,not_inspected_at_biological_file_level,3042,"{""data_dictionary/sources/influenza/snapshots/E-MTAB-13041.json"":""37dfa0c02b79432699ba008f0b419f423e0b605f7b681117f9522bce1d037a81"",""data_dictionary/sources/influenza/snapshots/PMC11608262.html"":""e60f31e49350f3b555ed09b2c88d7479097fd45666abd8cd0ad11b46c34c6e22"",""data_dictionary/sources/influenza/snapshots/PMC13375583.html"":""937676aee9168d8a0f0cf3349a1fe5649ce71204f0e9f01047aed3a6755dab98""}",,"[""data_dictionary/sources/influenza/snapshots/E-MTAB-13041.json"",""data_dictionary/sources/influenza/snapshots/PMC11608262.html"",""data_dictionary/sources/influenza/snapshots/PMC13375583.html""]",,,,,https://www.ebi.ac.uk/biostudies/arrayexpress/studies/E-MTAB-13041,listed_in_repository_API; payload not downloaded
https://www.ebi.ac.uk/biostudies/arrayexpress/studies/E-MTAB-13041,repository_or_publication_landing_page,public,,metadata,FLU:E-MTAB-13041,included_human_influenza_challenge,,FLUFILE_29e20cfe963ec7e371,,False,E-MTAB-13041.sdrf.txt,,E-MTAB-13041.sdrf.txt,,not_inspected_at_biological_file_level,74742,"{""data_dictionary/sources/influenza/snapshots/E-MTAB-13041.json"":""37dfa0c02b79432699ba008f0b419f423e0b605f7b681117f9522bce1d037a81"",""data_dictionary/sources/influenza/snapshots/PMC11608262.html"":""e60f31e49350f3b555ed09b2c88d7479097fd45666abd8cd0ad11b46c34c6e22"",""data_dictionary/sources/influenza/snapshots/PMC13375583.html"":""937676aee9168d8a0f0cf3349a1fe5649ce71204f0e9f01047aed3a6755dab98""}",,"[""data_dictionary/sources/influenza/snapshots/E-MTAB-13041.json"",""data_dictionary/sources/influenza/snapshots/PMC11608262.html"",""data_dictionary/sources/influenza/snapshots/PMC13375583.html""]",,,,,https://www.ebi.ac.uk/biostudies/arrayexpress/studies/E-MTAB-13041,listed_in_repository_API; payload not downloaded
https://ega-archive.org/datasets/EGAD50000000956,repository_or_publication_landing_page,controlled,,raw_reads,FLU:EGAD50000000956,included_human_influenza_challenge,,FLUFILE_ceddf79d397bad42dd,FASTQ.GZ,False,EGA controlled FASTQ file manifest,,,,not_inspected_at_biological_file_level,,"{""data_dictionary/sources/influenza/snapshots/EGAD50000000956.html"":""28b90424bd8b1c0d6d1ea8271eac505267f0ee034071e7b7ece685c712f8d46d"",""data_dictionary/sources/influenza/snapshots/PMC11608262.html"":""e60f31e49350f3b555ed09b2c88d7479097fd45666abd8cd0ad11b46c34c6e22""}",,"[""data_dictionary/sources/influenza/snapshots/EGAD50000000956.html"",""data_dictionary/sources/influenza/snapshots/PMC11608262.html""]",,,,,https://ega-archive.org/datasets/EGAD50000000956,dataset page lists EGAF files; no controlled data downloaded
https://flowrepository.org/id/FR-FCM-Z2NZ,repository_or_publication_landing_page,public,,single_cell_cytometry_data,FLU:FR-FCM-Z2NZ,included_human_influenza_challenge,,FLUFILE_150d50e3b88766f58c,FCS (measurement workflow; exact deposited members not inspected),False,,,,,not_inspected_at_biological_file_level,,"{""data_dictionary/sources/influenza/snapshots/JCI137265.html"":""41017f6e94ed0f778b0e494260090a3808fea175c6b70524e1860e1004c5d1bf""}",,"[""data_dictionary/sources/influenza/snapshots/JCI137265.html""]",,,,,https://flowrepository.org/id/FR-FCM-Z2NZ,primary_paper_declaration; repository retrieval failed expired certificate
https://pmc.ncbi.nlm.nih.gov/articles/PMC8665113/,repository_or_publication_landing_page,public,,processed_summary,FLU:MCILWAIN2021_CHALLENGE,included_human_influenza_challenge,,FLUFILE_cbf23058c0361708f5,,False,Supplementary XLSX tables,,,,not_inspected_at_biological_file_level,,"{""data_dictionary/sources/influenza/snapshots/PMC8665113.html"":""2b984856aa0d7684f45b0cb26198fda99fa7fc60b3ad09c5a279ccfe611b0045""}",,"[""data_dictionary/sources/influenza/snapshots/PMC8665113.html""]",,,,,https://pmc.ncbi.nlm.nih.gov/articles/PMC8665113/,primary PMC article lists supplement files
https://pmc.ncbi.nlm.nih.gov/articles/PMC5360578/,repository_or_publication_landing_page,public,,supplementary_processed_or_protocol,FLU:BURKE2017_NPL,included_human_influenza_challenge,,FLUFILE_d7336366033c4903a7,,False,Supplementary material,,,,not_inspected_at_biological_file_level,,"{""data_dictionary/sources/influenza/snapshots/PMC5360578.html"":""33af29aa4612bcc4f9a24ee2870bc53b7d880a0e2c2a74ae1fee3d12a7d093ef""}",,"[""data_dictionary/sources/influenza/snapshots/PMC5360578.html""]",,,,,https://pmc.ncbi.nlm.nih.gov/articles/PMC5360578/,listed_in_primary_article; binary supplement not inspected
https://github.com/davemcilwain/Flu-Day-Prediction,repository_or_publication_landing_page,public,,code_and_derived_model_data,FLU:FLU_DAY_PREDICTION2026,included_human_influenza_challenge,,FLUFILE_69e20e540d58e35744,,False,,,,,not_inspected_at_biological_file_level,,"{""data_dictionary/sources/influenza/snapshots/PMC13044454.html"":""f88f72e7a872ee39ad4501591aa07a07920824f08abd86e942d420a90504bc1d""}",,"[""data_dictionary/sources/influenza/snapshots/PMC13044454.html""]",,,,,https://github.com/davemcilwain/Flu-Day-Prediction,primary_paper_link; repository tree not inspected
https://pmc.ncbi.nlm.nih.gov/articles/PMC13044454/,repository_or_publication_landing_page,public,,processed_model_inputs,FLU:FLU_DAY_PREDICTION2026,included_human_influenza_challenge,,FLUFILE_fca1802e29ef91494f,,False,Supplementary Tables 3 and 4,,,,not_inspected_at_biological_file_level,,"{""data_dictionary/sources/influenza/snapshots/PMC13044454.html"":""f88f72e7a872ee39ad4501591aa07a07920824f08abd86e942d420a90504bc1d""}",,"[""data_dictionary/sources/influenza/snapshots/PMC13044454.html""]",,,,,https://pmc.ncbi.nlm.nih.gov/articles/PMC13044454/,primary_paper_data_availability
https://www.ebi.ac.uk/biostudies/arrayexpress/studies/E-MTAB-13038,repository_or_publication_landing_page,public,,processed_nasal_expression,FLU:IMPERIAL_H3N2_MULTIMODAL2026,included_human_influenza_challenge,,FLUFILE_723a9b9d817886ec0b,,False,,,,,not_inspected_at_biological_file_level,,"{""data_dictionary/sources/influenza/snapshots/PMC13375583.html"":""937676aee9168d8a0f0cf3349a1fe5649ce71204f0e9f01047aed3a6755dab98""}",,"[""data_dictionary/sources/influenza/snapshots/PMC13375583.html""]",,,,,https://www.ebi.ac.uk/biostudies/arrayexpress/studies/E-MTAB-13038,primary_article_and_repository_metadata
https://ega-archive.org/datasets/EGAD50000000956,repository_or_publication_landing_page,controlled,,raw_blood_RNA_reads,FLU:IMPERIAL_H3N2_MULTIMODAL2026,included_human_influenza_challenge,,FLUFILE_841494636a92b91c0f,,False,,,,,not_inspected_at_biological_file_level,,"{""data_dictionary/sources/influenza/snapshots/PMC13375583.html"":""937676aee9168d8a0f0cf3349a1fe5649ce71204f0e9f01047aed3a6755dab98""}",,"[""data_dictionary/sources/influenza/snapshots/PMC13375583.html""]",,,,,https://ega-archive.org/datasets/EGAD50000000956,primary_article_and_repository_metadata
https://ftp.ncbi.nlm.nih.gov/geo/series/GSE253nnn/GSE253685/suppl/GSE253685_NOVA_blood_microarray_normalized_for_GEO.xlsx,direct_file_link,public,,normalized_expression,FLU:GSE253685,included_human_influenza_challenge,,FLUFILE_789b07b4af8c659c9b,,False,GSE253685_NOVA_blood_microarray_normalized_for_GEO.xlsx,,,,not_inspected_at_biological_file_level,,"{""data_dictionary/sources/influenza/snapshots/GSE253685.soft.txt"":""af3e6f8f0a213f563260d82082694b0bf09f57dd9875c04bef3f01a5e6713aab"",""data_dictionary/sources/influenza/snapshots/PMC12375958.html"":""28948ef095a4547aeb65706fd901b66fad7a905a1e20f68b77cc25c8db97e8e6""}",,"[""data_dictionary/sources/influenza/snapshots/GSE253685.soft.txt"",""data_dictionary/sources/influenza/snapshots/PMC12375958.html""]",,,,,https://ftp.ncbi.nlm.nih.gov/geo/series/GSE253nnn/GSE253685/suppl/GSE253685_NOVA_blood_microarray_normalized_for_GEO.xlsx,listed_in_GEO_series_metadata
https://ftp.ncbi.nlm.nih.gov/geo/series/GSE253nnn/GSE253685/suppl/GSE253685_RAW.tar,direct_file_link,public,,raw_array_archive,FLU:GSE253685,included_human_influenza_challenge,,FLUFILE_731824c239e8730403,,False,GSE253685_RAW.tar,,,,not_inspected_at_biological_file_level,,"{""data_dictionary/sources/influenza/snapshots/GSE253685.soft.txt"":""af3e6f8f0a213f563260d82082694b0bf09f57dd9875c04bef3f01a5e6713aab"",""data_dictionary/sources/influenza/snapshots/PMC12375958.html"":""28948ef095a4547aeb65706fd901b66fad7a905a1e20f68b77cc25c8db97e8e6""}",,"[""data_dictionary/sources/influenza/snapshots/GSE253685.soft.txt"",""data_dictionary/sources/influenza/snapshots/PMC12375958.html""]",,,,,https://ftp.ncbi.nlm.nih.gov/geo/series/GSE253nnn/GSE253685/suppl/GSE253685_RAW.tar,listed_in_GEO_series_metadata
https://ftp.ncbi.nlm.nih.gov/geo/series/GSE253nnn/GSE253686/suppl/GSE253686_NOVA_NE_Microarray_normalized.xlsx,direct_file_link,public,,normalized_expression,FLU:GSE253686,included_human_influenza_challenge,,FLUFILE_f6dbf6c6387eac35d5,,False,GSE253686_NOVA_NE_Microarray_normalized.xlsx,,,,not_inspected_at_biological_file_level,,"{""data_dictionary/sources/influenza/snapshots/GSE253686.soft.txt"":""167e67ff442c5ede590a4b313edb71839bca5cd7efb3e25467e0f8c7470c31ef"",""data_dictionary/sources/influenza/snapshots/PMC12375958.html"":""28948ef095a4547aeb65706fd901b66fad7a905a1e20f68b77cc25c8db97e8e6""}",,"[""data_dictionary/sources/influenza/snapshots/GSE253686.soft.txt"",""data_dictionary/sources/influenza/snapshots/PMC12375958.html""]",,,,,https://ftp.ncbi.nlm.nih.gov/geo/series/GSE253nnn/GSE253686/suppl/GSE253686_NOVA_NE_Microarray_normalized.xlsx,listed_in_GEO_series_metadata
https://ftp.ncbi.nlm.nih.gov/geo/series/GSE253nnn/GSE253686/suppl/GSE253686_RAW.tar,direct_file_link,public,,raw_array_archive,FLU:GSE253686,included_human_influenza_challenge,,FLUFILE_a9db08f9350d475315,,False,GSE253686_RAW.tar,,,,not_inspected_at_biological_file_level,,"{""data_dictionary/sources/influenza/snapshots/GSE253686.soft.txt"":""167e67ff442c5ede590a4b313edb71839bca5cd7efb3e25467e0f8c7470c31ef"",""data_dictionary/sources/influenza/snapshots/PMC12375958.html"":""28948ef095a4547aeb65706fd901b66fad7a905a1e20f68b77cc25c8db97e8e6""}",,"[""data_dictionary/sources/influenza/snapshots/GSE253686.soft.txt"",""data_dictionary/sources/influenza/snapshots/PMC12375958.html""]",,,,,https://ftp.ncbi.nlm.nih.gov/geo/series/GSE253nnn/GSE253686/suppl/GSE253686_RAW.tar,listed_in_GEO_series_metadata
https://clients.adaptivebiotech.com/pub/walters-2025-stm,repository_or_publication_landing_page,public,,repertoire_data_unspecified_processing,FLU:KAW2025STM,included_human_influenza_challenge,,FLUFILE_c541ee798189f48d93,,False,,,,,not_inspected_at_biological_file_level,,"{""data_dictionary/sources/influenza/snapshots/KAW2025STM.html"":""f646a73673768c592485e65a1955c11be84df213d6f5b419378f591c8358c2cd"",""data_dictionary/sources/influenza/snapshots/PMC12375958.html"":""28948ef095a4547aeb65706fd901b66fad7a905a1e20f68b77cc25c8db97e8e6""}",,"[""data_dictionary/sources/influenza/snapshots/PMC12375958.html"",""data_dictionary/sources/influenza/snapshots/KAW2025STM.html""]",,,,,https://clients.adaptivebiotech.com/pub/walters-2025-stm,primary_paper_declaration_and_landing_page; file listing not inspected
https://pmc.ncbi.nlm.nih.gov/articles/instance/12375958/bin/NIHMS2097372-supplement-Supplemental_Methods_and_Figures.pdf,direct_file_link,public,,supplementary_processed_or_protocol,FLU:WALTERS2025_IMMUNE,included_human_influenza_challenge,,FLUFILE_0b8c85fec4b4df2509,,False,NIHMS2097372-supplement-Supplemental_Methods_and_Figures.pdf,,,,not_inspected_at_biological_file_level,,"{""data_dictionary/sources/influenza/snapshots/PMC12375958.html"":""28948ef095a4547aeb65706fd901b66fad7a905a1e20f68b77cc25c8db97e8e6""}",,"[""data_dictionary/sources/influenza/snapshots/PMC12375958.html""]",,,,,https://pmc.ncbi.nlm.nih.gov/articles/instance/12375958/bin/NIHMS2097372-supplement-Supplemental_Methods_and_Figures.pdf,listed_in_primary_article; binary payload not downloaded
https://pmc.ncbi.nlm.nih.gov/articles/instance/12375958/bin/NIHMS2097372-supplement-Supplemental_data_file_1.xlsx,direct_file_link,public,,supplementary_processed_or_protocol,FLU:WALTERS2025_IMMUNE,included_human_influenza_challenge,,FLUFILE_8737ce95faab215bad,,False,NIHMS2097372-supplement-Supplemental_data_file_1.xlsx,,,,not_inspected_at_biological_file_level,,"{""data_dictionary/sources/influenza/snapshots/PMC12375958.html"":""28948ef095a4547aeb65706fd901b66fad7a905a1e20f68b77cc25c8db97e8e6""}",,"[""data_dictionary/sources/influenza/snapshots/PMC12375958.html""]",,,,,https://pmc.ncbi.nlm.nih.gov/articles/instance/12375958/bin/NIHMS2097372-supplement-Supplemental_data_file_1.xlsx,listed_in_primary_article; binary payload not downloaded
https://pmc.ncbi.nlm.nih.gov/articles/instance/12375958/bin/NIHMS2097372-supplement-Supplemental_data_file_10.xlsx,direct_file_link,public,,supplementary_processed_or_protocol,FLU:WALTERS2025_IMMUNE,included_human_influenza_challenge,,FLUFILE_dc9e6551db2b5c0ee9,,False,NIHMS2097372-supplement-Supplemental_data_file_10.xlsx,,,,not_inspected_at_biological_file_level,,"{""data_dictionary/sources/influenza/snapshots/PMC12375958.html"":""28948ef095a4547aeb65706fd901b66fad7a905a1e20f68b77cc25c8db97e8e6""}",,"[""data_dictionary/sources/influenza/snapshots/PMC12375958.html""]",,,,,https://pmc.ncbi.nlm.nih.gov/articles/instance/12375958/bin/NIHMS2097372-supplement-Supplemental_data_file_10.xlsx,listed_in_primary_article; binary payload not downloaded
https://pmc.ncbi.nlm.nih.gov/articles/instance/12375958/bin/NIHMS2097372-supplement-Supplemental_data_file_11.xlsx,direct_file_link,public,,supplementary_processed_or_protocol,FLU:WALTERS2025_IMMUNE,included_human_influenza_challenge,,FLUFILE_8e3b63af2d5dcfbde4,,False,NIHMS2097372-supplement-Supplemental_data_file_11.xlsx,,,,not_inspected_at_biological_file_level,,"{""data_dictionary/sources/influenza/snapshots/PMC12375958.html"":""28948ef095a4547aeb65706fd901b66fad7a905a1e20f68b77cc25c8db97e8e6""}",,"[""data_dictionary/sources/influenza/snapshots/PMC12375958.html""]",,,,,https://pmc.ncbi.nlm.nih.gov/articles/instance/12375958/bin/NIHMS2097372-supplement-Supplemental_data_file_11.xlsx,listed_in_primary_article; binary payload not downloaded
https://pmc.ncbi.nlm.nih.gov/articles/instance/12375958/bin/NIHMS2097372-supplement-Supplemental_data_file_12.xlsx,direct_file_link,public,,supplementary_processed_or_protocol,FLU:WALTERS2025_IMMUNE,included_human_influenza_challenge,,FLUFILE_e9cc1189501ba13129,,False,NIHMS2097372-supplement-Supplemental_data_file_12.xlsx,,,,not_inspected_at_biological_file_level,,"{""data_dictionary/sources/influenza/snapshots/PMC12375958.html"":""28948ef095a4547aeb65706fd901b66fad7a905a1e20f68b77cc25c8db97e8e6""}",,"[""data_dictionary/sources/influenza/snapshots/PMC12375958.html""]",,,,,https://pmc.ncbi.nlm.nih.gov/articles/instance/12375958/bin/NIHMS2097372-supplement-Supplemental_data_file_12.xlsx,listed_in_primary_article; binary payload not downloaded
https://pmc.ncbi.nlm.nih.gov/articles/instance/12375958/bin/NIHMS2097372-supplement-Supplemental_data_file_13.xlsx,direct_file_link,public,,supplementary_processed_or_protocol,FLU:WALTERS2025_IMMUNE,included_human_influenza_challenge,,FLUFILE_3ba92d71892eea3dc5,,False,NIHMS2097372-supplement-Supplemental_data_file_13.xlsx,,,,not_inspected_at_biological_file_level,,"{""data_dictionary/sources/influenza/snapshots/PMC12375958.html"":""28948ef095a4547aeb65706fd901b66fad7a905a1e20f68b77cc25c8db97e8e6""}",,"[""data_dictionary/sources/influenza/snapshots/PMC12375958.html""]",,,,,https://pmc.ncbi.nlm.nih.gov/articles/instance/12375958/bin/NIHMS2097372-supplement-Supplemental_data_file_13.xlsx,listed_in_primary_article; binary payload not downloaded
https://pmc.ncbi.nlm.nih.gov/articles/instance/12375958/bin/NIHMS2097372-supplement-Supplemental_data_file_14.pdf,direct_file_link,public,,supplementary_processed_or_protocol,FLU:WALTERS2025_IMMUNE,included_human_influenza_challenge,,FLUFILE_596da7571a06d2b461,,False,NIHMS2097372-supplement-Supplemental_data_file_14.pdf,,,,not_inspected_at_biological_file_level,,"{""data_dictionary/sources/influenza/snapshots/PMC12375958.html"":""28948ef095a4547aeb65706fd901b66fad7a905a1e20f68b77cc25c8db97e8e6""}",,"[""data_dictionary/sources/influenza/snapshots/PMC12375958.html""]",,,,,https://pmc.ncbi.nlm.nih.gov/articles/instance/12375958/bin/NIHMS2097372-supplement-Supplemental_data_file_14.pdf,listed_in_primary_article; binary payload not downloaded
https://pmc.ncbi.nlm.nih.gov/articles/instance/12375958/bin/NIHMS2097372-supplement-Supplemental_data_file_15.xlsx,direct_file_link,public,,supplementary_processed_or_protocol,FLU:WALTERS2025_IMMUNE,included_human_influenza_challenge,,FLUFILE_f6c876c60855f0a9fa,,False,NIHMS2097372-supplement-Supplemental_data_file_15.xlsx,,,,not_inspected_at_biological_file_level,,"{""data_dictionary/sources/influenza/snapshots/PMC12375958.html"":""28948ef095a4547aeb65706fd901b66fad7a905a1e20f68b77cc25c8db97e8e6""}",,"[""data_dictionary/sources/influenza/snapshots/PMC12375958.html""]",,,,,https://pmc.ncbi.nlm.nih.gov/articles/instance/12375958/bin/NIHMS2097372-supplement-Supplemental_data_file_15.xlsx,listed_in_primary_article; binary payload not downloaded
https://pmc.ncbi.nlm.nih.gov/articles/instance/12375958/bin/NIHMS2097372-supplement-Supplemental_data_file_16.xlsx,direct_file_link,public,,supplementary_processed_or_protocol,FLU:WALTERS2025_IMMUNE,included_human_influenza_challenge,,FLUFILE_afb3e58a0ccef131ca,,False,NIHMS2097372-supplement-Supplemental_data_file_16.xlsx,,,,not_inspected_at_biological_file_level,,"{""data_dictionary/sources/influenza/snapshots/PMC12375958.html"":""28948ef095a4547aeb65706fd901b66fad7a905a1e20f68b77cc25c8db97e8e6""}",,"[""data_dictionary/sources/influenza/snapshots/PMC12375958.html""]",,,,,https://pmc.ncbi.nlm.nih.gov/articles/instance/12375958/bin/NIHMS2097372-supplement-Supplemental_data_file_16.xlsx,listed_in_primary_article; binary payload not downloaded
https://pmc.ncbi.nlm.nih.gov/articles/instance/12375958/bin/NIHMS2097372-supplement-Supplemental_data_file_2.xlsx,direct_file_link,public,,supplementary_processed_or_protocol,FLU:WALTERS2025_IMMUNE,included_human_influenza_challenge,,FLUFILE_7916a32e3d721e148f,,False,NIHMS2097372-supplement-Supplemental_data_file_2.xlsx,,,,not_inspected_at_biological_file_level,,"{""data_dictionary/sources/influenza/snapshots/PMC12375958.html"":""28948ef095a4547aeb65706fd901b66fad7a905a1e20f68b77cc25c8db97e8e6""}",,"[""data_dictionary/sources/influenza/snapshots/PMC12375958.html""]",,,,,https://pmc.ncbi.nlm.nih.gov/articles/instance/12375958/bin/NIHMS2097372-supplement-Supplemental_data_file_2.xlsx,listed_in_primary_article; binary payload not downloaded
https://pmc.ncbi.nlm.nih.gov/articles/instance/12375958/bin/NIHMS2097372-supplement-Supplemental_data_file_3.xlsx,direct_file_link,public,,supplementary_processed_or_protocol,FLU:WALTERS2025_IMMUNE,included_human_influenza_challenge,,FLUFILE_680b88839992c5135b,,False,NIHMS2097372-supplement-Supplemental_data_file_3.xlsx,,,,not_inspected_at_biological_file_level,,"{""data_dictionary/sources/influenza/snapshots/PMC12375958.html"":""28948ef095a4547aeb65706fd901b66fad7a905a1e20f68b77cc25c8db97e8e6""}",,"[""data_dictionary/sources/influenza/snapshots/PMC12375958.html""]",,,,,https://pmc.ncbi.nlm.nih.gov/articles/instance/12375958/bin/NIHMS2097372-supplement-Supplemental_data_file_3.xlsx,listed_in_primary_article; binary payload not downloaded
https://pmc.ncbi.nlm.nih.gov/articles/instance/12375958/bin/NIHMS2097372-supplement-Supplemental_data_file_4.xlsx,direct_file_link,public,,supplementary_processed_or_protocol,FLU:WALTERS2025_IMMUNE,included_human_influenza_challenge,,FLUFILE_22351a40994a336ec9,,False,NIHMS2097372-supplement-Supplemental_data_file_4.xlsx,,,,not_inspected_at_biological_file_level,,"{""data_dictionary/sources/influenza/snapshots/PMC12375958.html"":""28948ef095a4547aeb65706fd901b66fad7a905a1e20f68b77cc25c8db97e8e6""}",,"[""data_dictionary/sources/influenza/snapshots/PMC12375958.html""]",,,,,https://pmc.ncbi.nlm.nih.gov/articles/instance/12375958/bin/NIHMS2097372-supplement-Supplemental_data_file_4.xlsx,listed_in_primary_article; binary payload not downloaded
https://pmc.ncbi.nlm.nih.gov/articles/instance/12375958/bin/NIHMS2097372-supplement-Supplemental_data_file_5.xlsx,direct_file_link,public,,supplementary_processed_or_protocol,FLU:WALTERS2025_IMMUNE,included_human_influenza_challenge,,FLUFILE_28a30f75a0c7b91b3f,,False,NIHMS2097372-supplement-Supplemental_data_file_5.xlsx,,,,not_inspected_at_biological_file_level,,"{""data_dictionary/sources/influenza/snapshots/PMC12375958.html"":""28948ef095a4547aeb65706fd901b66fad7a905a1e20f68b77cc25c8db97e8e6""}",,"[""data_dictionary/sources/influenza/snapshots/PMC12375958.html""]",,,,,https://pmc.ncbi.nlm.nih.gov/articles/instance/12375958/bin/NIHMS2097372-supplement-Supplemental_data_file_5.xlsx,listed_in_primary_article; binary payload not downloaded
https://pmc.ncbi.nlm.nih.gov/articles/instance/12375958/bin/NIHMS2097372-supplement-Supplemental_data_file_6.xlsx,direct_file_link,public,,supplementary_processed_or_protocol,FLU:WALTERS2025_IMMUNE,included_human_influenza_challenge,,FLUFILE_499d4b25d7870c1011,,False,NIHMS2097372-supplement-Supplemental_data_file_6.xlsx,,,,not_inspected_at_biological_file_level,,"{""data_dictionary/sources/influenza/snapshots/PMC12375958.html"":""28948ef095a4547aeb65706fd901b66fad7a905a1e20f68b77cc25c8db97e8e6""}",,"[""data_dictionary/sources/influenza/snapshots/PMC12375958.html""]",,,,,https://pmc.ncbi.nlm.nih.gov/articles/instance/12375958/bin/NIHMS2097372-supplement-Supplemental_data_file_6.xlsx,listed_in_primary_article; binary payload not downloaded
https://pmc.ncbi.nlm.nih.gov/articles/instance/12375958/bin/NIHMS2097372-supplement-Supplemental_data_file_7.xlsx,direct_file_link,public,,supplementary_processed_or_protocol,FLU:WALTERS2025_IMMUNE,included_human_influenza_challenge,,FLUFILE_15f8a0affdc5bc8369,,False,NIHMS2097372-supplement-Supplemental_data_file_7.xlsx,,,,not_inspected_at_biological_file_level,,"{""data_dictionary/sources/influenza/snapshots/PMC12375958.html"":""28948ef095a4547aeb65706fd901b66fad7a905a1e20f68b77cc25c8db97e8e6""}",,"[""data_dictionary/sources/influenza/snapshots/PMC12375958.html""]",,,,,https://pmc.ncbi.nlm.nih.gov/articles/instance/12375958/bin/NIHMS2097372-supplement-Supplemental_data_file_7.xlsx,listed_in_primary_article; binary payload not downloaded
https://pmc.ncbi.nlm.nih.gov/articles/instance/12375958/bin/NIHMS2097372-supplement-Supplemental_data_file_8.xlsx,direct_file_link,public,,supplementary_processed_or_protocol,FLU:WALTERS2025_IMMUNE,included_human_influenza_challenge,,FLUFILE_fb15398c2a82767db1,,False,NIHMS2097372-supplement-Supplemental_data_file_8.xlsx,,,,not_inspected_at_biological_file_level,,"{""data_dictionary/sources/influenza/snapshots/PMC12375958.html"":""28948ef095a4547aeb65706fd901b66fad7a905a1e20f68b77cc25c8db97e8e6""}",,"[""data_dictionary/sources/influenza/snapshots/PMC12375958.html""]",,,,,https://pmc.ncbi.nlm.nih.gov/articles/instance/12375958/bin/NIHMS2097372-supplement-Supplemental_data_file_8.xlsx,listed_in_primary_article; binary payload not downloaded
https://pmc.ncbi.nlm.nih.gov/articles/instance/12375958/bin/NIHMS2097372-supplement-Supplemental_data_file_9.xlsx,direct_file_link,public,,supplementary_processed_or_protocol,FLU:WALTERS2025_IMMUNE,included_human_influenza_challenge,,FLUFILE_88fcfd72a5f1b33c61,,False,NIHMS2097372-supplement-Supplemental_data_file_9.xlsx,,,,not_inspected_at_biological_file_level,,"{""data_dictionary/sources/influenza/snapshots/PMC12375958.html"":""28948ef095a4547aeb65706fd901b66fad7a905a1e20f68b77cc25c8db97e8e6""}",,"[""data_dictionary/sources/influenza/snapshots/PMC12375958.html""]",,,,,https://pmc.ncbi.nlm.nih.gov/articles/instance/12375958/bin/NIHMS2097372-supplement-Supplemental_data_file_9.xlsx,listed_in_primary_article; binary payload not downloaded
https://www.ncbi.nlm.nih.gov/sra/SRR5092813,repository_or_publication_landing_page,public,PRJNA347853,raw_sequence_reads,FLU:SRP091397,included_human_influenza_challenge,SRX2409646,FLUFILE_bd34d0c438b3146f26,,False,SRR5092813,,,SRR5092813,not_inspected_at_biological_file_level,,"{""data_dictionary/sources/influenza/snapshots/PMC5126380.html"":""958f1a1040292570eebb8fff7c9ac4bb2f900fa6c8085cd439c0517121511f27"",""data_dictionary/sources/influenza/snapshots/sra_viral_summaries_all.json"":""207c715e471e861d328810bbf39ad7a9e1b8b4ced5312442d8c89aab2df89514""}",data_dictionary/sources/influenza/snapshots/sra_viral_summaries_all.json,"[""data_dictionary/sources/influenza/snapshots/PMC5126380.html"",""data_dictionary/sources/influenza/snapshots/sra_viral_summaries_all.json""]",https://www.ncbi.nlm.nih.gov/sra/SRR5092813,3501679,SRP091397,CW_116_5019_2_HA,https://www.ncbi.nlm.nih.gov/sra/SRR5092813,public_SRA_metadata
https://www.ncbi.nlm.nih.gov/sra/SRR5092812,repository_or_publication_landing_page,public,PRJNA347853,raw_sequence_reads,FLU:SRP091397,included_human_influenza_challenge,SRX2409645,FLUFILE_6137d14d3b434be7a0,,False,SRR5092812,,,SRR5092812,not_inspected_at_biological_file_level,,"{""data_dictionary/sources/influenza/snapshots/PMC5126380.html"":""958f1a1040292570eebb8fff7c9ac4bb2f900fa6c8085cd439c0517121511f27"",""data_dictionary/sources/influenza/snapshots/sra_viral_summaries_all.json"":""207c715e471e861d328810bbf39ad7a9e1b8b4ced5312442d8c89aab2df89514""}",data_dictionary/sources/influenza/snapshots/sra_viral_summaries_all.json,"[""data_dictionary/sources/influenza/snapshots/PMC5126380.html"",""data_dictionary/sources/influenza/snapshots/sra_viral_summaries_all.json""]",https://www.ncbi.nlm.nih.gov/sra/SRR5092812,3501678,SRP091397,CW_116_5019_2_MP,https://www.ncbi.nlm.nih.gov/sra/SRR5092812,public_SRA_metadata
https://www.ncbi.nlm.nih.gov/sra/SRR5092811,repository_or_publication_landing_page,public,PRJNA347853,raw_sequence_reads,FLU:SRP091397,included_human_influenza_challenge,SRX2409644,FLUFILE_36932224f316102f8e,,False,SRR5092811,,,SRR5092811,not_inspected_at_biological_file_level,,"{""data_dictionary/sources/influenza/snapshots/PMC5126380.html"":""958f1a1040292570eebb8fff7c9ac4bb2f900fa6c8085cd439c0517121511f27"",""data_dictionary/sources/influenza/snapshots/sra_viral_summaries_all.json"":""207c715e471e861d328810bbf39ad7a9e1b8b4ced5312442d8c89aab2df89514""}",data_dictionary/sources/influenza/snapshots/sra_viral_summaries_all.json,"[""data_dictionary/sources/influenza/snapshots/PMC5126380.html"",""data_dictionary/sources/influenza/snapshots/sra_viral_summaries_all.json""]",https://www.ncbi.nlm.nih.gov/sra/SRR5092811,3501677,SRP091397,CW_130_5002_3_PB1,https://www.ncbi.nlm.nih.gov/sra/SRR5092811,public_SRA_metadata
https://www.ncbi.nlm.nih.gov/sra/SRR5092810,repository_or_publication_landing_page,public,PRJNA347853,raw_sequence_reads,FLU:SRP091397,included_human_influenza_challenge,SRX2409643,FLUFILE_d28f95f18a1e22111a,,False,SRR5092810,,,SRR5092810,not_inspected_at_biological_file_level,,"{""data_dictionary/sources/influenza/snapshots/PMC5126380.html"":""958f1a1040292570eebb8fff7c9ac4bb2f900fa6c8085cd439c0517121511f27"",""data_dictionary/sources/influenza/snapshots/sra_viral_summaries_all.json"":""207c715e471e861d328810bbf39ad7a9e1b8b4ced5312442d8c89aab2df89514""}",data_dictionary/sources/influenza/snapshots/sra_viral_summaries_all.json,"[""data_dictionary/sources/influenza/snapshots/PMC5126380.html"",""data_dictionary/sources/influenza/snapshots/sra_viral_summaries_all.json""]",https://www.ncbi.nlm.nih.gov/sra/SRR5092810,3501676,SRP091397,CW_120_5004_5_MP,https://www.ncbi.nlm.nih.gov/sra/SRR5092810,public_SRA_metadata
https://www.ncbi.nlm.nih.gov/sra/SRR5092809,repository_or_publication_landing_page,public,PRJNA347853,raw_sequence_reads,FLU:SRP091397,included_human_influenza_challenge,SRX2409642,FLUFILE_40fb1801d4eeb71353,,False,SRR5092809,,,SRR5092809,not_inspected_at_biological_file_level,,"{""data_dictionary/sources/influenza/snapshots/PMC5126380.html"":""958f1a1040292570eebb8fff7c9ac4bb2f900fa6c8085cd439c0517121511f27"",""data_dictionary/sources/influenza/snapshots/sra_viral_summaries_all.json"":""207c715e471e861d328810bbf39ad7a9e1b8b4ced5312442d8c89aab2df89514""}",data_dictionary/sources/influenza/snapshots/sra_viral_summaries_all.json,"[""data_dictionary/sources/influenza/snapshots/PMC5126380.html"",""data_dictionary/sources/influenza/snapshots/sra_viral_summaries_all.json""]",https://www.ncbi.nlm.nih.gov/sra/SRR5092809,3501675,SRP091397,CW_117_5020_2_PB1,https://www.ncbi.nlm.nih.gov/sra/SRR5092809,public_SRA_metadata
https://www.ncbi.nlm.nih.gov/sra/SRR5092808,repository_or_publication_landing_page,public,PRJNA347853,raw_sequence_reads,FLU:SRP091397,included_human_influenza_challenge,SRX2409641,FLUFILE_58add4d0c9b61e1c29,,False,SRR5092808,,,SRR5092808,not_inspected_at_biological_file_level,,"{""data_dictionary/sources/influenza/snapshots/PMC5126380.html"":""958f1a1040292570eebb8fff7c9ac4bb2f900fa6c8085cd439c0517121511f27"",""data_dictionary/sources/influenza/snapshots/sra_viral_summaries_all.json"":""207c715e471e861d328810bbf39ad7a9e1b8b4ced5312442d8c89aab2df89514""}",data_dictionary/sources/influenza/snapshots/sra_viral_summaries_all.json,"[""data_dictionary/sources/influenza/snapshots/PMC5126380.html"",""data_dictionary/sources/influenza/snapshots/sra_viral_summaries_all.json""]",https://www.ncbi.nlm.nih.gov/sra/SRR5092808,3501674,SRP091397,CW_122_5021_5_MP,https://www.ncbi.nlm.nih.gov/sra/SRR5092808,public_SRA_metadata
https://www.ncbi.nlm.nih.gov/sra/SRR5092807,repository_or_publication_landing_page,public,PRJNA347853,raw_sequence_reads,FLU:SRP091397,included_human_influenza_challenge,SRX2409640,FLUFILE_36785eff33fcc4bfe0,,False,SRR5092807,,,SRR5092807,not_inspected_at_biological_file_level,,"{""data_dictionary/sources/influenza/snapshots/PMC5126380.html"":""958f1a1040292570eebb8fff7c9ac4bb2f900fa6c8085cd439c0517121511f27"",""data_dictionary/sources/influenza/snapshots/sra_viral_summaries_all.json"":""207c715e471e861d328810bbf39ad7a9e1b8b4ced5312442d8c89aab2df89514""}",data_dictionary/sources/influenza/snapshots/sra_viral_summaries_all.json,"[""data_dictionary/sources/influenza/snapshots/PMC5126380.html"",""data_dictionary/sources/influenza/snapshots/sra_viral_summaries_all.json""]",https://www.ncbi.nlm.nih.gov/sra/SRR5092807,3501673,SRP091397,CW_130_5002_3_NP,https://www.ncbi.nlm.nih.gov/sra/SRR5092807,public_SRA_metadata
https://www.ncbi.nlm.nih.gov/sra/SRR5092806,repository_or_publication_landing_page,public,PRJNA347853,raw_sequence_reads,FLU:SRP091397,included_human_influenza_challenge,SRX2409639,FLUFILE_9b86db9caedf6529d9,,False,SRR5092806,,,SRR5092806,not_inspected_at_biological_file_level,,"{""data_dictionary/sources/influenza/snapshots/PMC5126380.html"":""958f1a1040292570eebb8fff7c9ac4bb2f900fa6c8085cd439c0517121511f27"",""data_dictionary/sources/influenza/snapshots/sra_viral_summaries_all.json"":""207c715e471e861d328810bbf39ad7a9e1b8b4ced5312442d8c89aab2df89514""}",data_dictionary/sources/influenza/snapshots/sra_viral_summaries_all.json,"[""data_dictionary/sources/influenza/snapshots/PMC5126380.html"",""data_dictionary/sources/influenza/snapshots/sra_viral_summaries_all.json""]",https://www.ncbi.nlm.nih.gov/sra/SRR5092806,3501672,SRP091397,CW_110_5021_1_NS,https://www.ncbi.nlm.nih.gov/sra/SRR5092806,public_SRA_metadata
https://www.ncbi.nlm.nih.gov/sra/SRR5092805,repository_or_publication_landing_page,public,PRJNA347853,raw_sequence_reads,FLU:SRP091397,included_human_influenza_challenge,SRX2409638,FLUFILE_76aeb8b2cbaf50e6de,,False,SRR5092805,,,SRR5092805,not_inspected_at_biological_file_level,,"{""data_dictionary/sources/influenza/snapshots/PMC5126380.html"":""958f1a1040292570eebb8fff7c9ac4bb2f900fa6c8085cd439c0517121511f27"",""data_dictionary/sources/influenza/snapshots/sra_viral_summaries_all.json"":""207c715e471e861d328810bbf39ad7a9e1b8b4ced5312442d8c89aab2df89514""}",data_dictionary/sources/influenza/snapshots/sra_viral_summaries_all.json,"[""data_dictionary/sources/influenza/snapshots/PMC5126380.html"",""data_dictionary/sources/influenza/snapshots/sra_viral_summaries_all.json""]",https://www.ncbi.nlm.nih.gov/sra/SRR5092805,3501671,SRP091397,CW_104_5006_1_PA,https://www.ncbi.nlm.nih.gov/sra/SRR5092805,public_SRA_metadata
https://www.ncbi.nlm.nih.gov/sra/SRR5092804,repository_or_publication_landing_page,public,PRJNA347853,raw_sequence_reads,FLU:SRP091397,included_human_influenza_challenge,SRX2409637,FLUFILE_e01c47b33641b1c115,,False,SRR5092804,,,SRR5092804,not_inspected_at_biological_file_level,,"{""data_dictionary/sources/influenza/snapshots/PMC5126380.html"":""958f1a1040292570eebb8fff7c9ac4bb2f900fa6c8085cd439c0517121511f27"",""data_dictionary/sources/influenza/snapshots/sra_viral_summaries_all.json"":""207c715e471e861d328810bbf39ad7a9e1b8b4ced5312442d8c89aab2df89514""}",data_dictionary/sources/influenza/snapshots/sra_viral_summaries_all.json,"[""data_dictionary/sources/influenza/snapshots/PMC5126380.html"",""data_dictionary/sources/influenza/snapshots/sra_viral_summaries_all.json""]",https://www.ncbi.nlm.nih.gov/sra/SRR5092804,3501670,SRP091397,CW_129_5004_3_PA,https://www.ncbi.nlm.nih.gov/sra/SRR5092804,public_SRA_metadata
https://www.ncbi.nlm.nih.gov/sra/SRR5092803,repository_or_publication_landing_page,public,PRJNA347853,raw_sequence_reads,FLU:SRP091397,included_human_influenza_challenge,SRX2409636,FLUFILE_57879a664103664353,,False,SRR5092803,,,SRR5092803,not_inspected_at_biological_file_level,,"{""data_dictionary/sources/influenza/snapshots/PMC5126380.html"":""958f1a1040292570eebb8fff7c9ac4bb2f900fa6c8085cd439c0517121511f27"",""data_dictionary/sources/influenza/snapshots/sra_viral_summaries_all.json"":""207c715e471e861d328810bbf39ad7a9e1b8b4ced5312442d8c89aab2df89514""}",data_dictionary/sources/influenza/snapshots/sra_viral_summaries_all.json,"[""data_dictionary/sources/influenza/snapshots/PMC5126380.html"",""data_dictionary/sources/influenza/snapshots/sra_viral_summaries_all.json""]",https://www.ncbi.nlm.nih.gov/sra/SRR5092803,3501669,SRP091397,CW_109_5020_1_MP,https://www.ncbi.nlm.nih.gov/sra/SRR5092803,public_SRA_metadata
https://www.ncbi.nlm.nih.gov/sra/SRR5092802,repository_or_publication_landing_page,public,PRJNA347853,raw_sequence_reads,FLU:SRP091397,included_human_influenza_challenge,SRX2409635,FLUFILE_64a17206afe934c0c8,,False,SRR5092802,,,SRR5092802,not_inspected_at_biological_file_level,,"{""data_dictionary/sources/influenza/snapshots/PMC5126380.html"":""958f1a1040292570eebb8fff7c9ac4bb2f900fa6c8085cd439c0517121511f27"",""data_dictionary/sources/influenza/snapshots/sra_viral_summaries_all.json"":""207c715e471e861d328810bbf39ad7a9e1b8b4ced5312442d8c89aab2df89514""}",data_dictionary/sources/influenza/snapshots/sra_viral_summaries_all.json,"[""data_dictionary/sources/influenza/snapshots/PMC5126380.html"",""data_dictionary/sources/influenza/snapshots/sra_viral_summaries_all.json""]",https://www.ncbi.nlm.nih.gov/sra/SRR5092802,3501668,SRP091397,CW_125_5007_3_MP,https://www.ncbi.nlm.nih.gov/sra/SRR5092802,public_SRA_metadata
https://www.ncbi.nlm.nih.gov/sra/SRR5092801,repository_or_publication_landing_page,public,PRJNA347853,raw_sequence_reads,FLU:SRP091397,included_human_influenza_challenge,SRX2409634,FLUFILE_04202138b6eea99eb6,,False,SRR5092801,,,SRR5092801,not_inspected_at_biological_file_level,,"{""data_dictionary/sources/influenza/snapshots/PMC5126380.html"":""958f1a1040292570eebb8fff7c9ac4bb2f900fa6c8085cd439c0517121511f27"",""data_dictionary/sources/influenza/snapshots/sra_viral_summaries_all.json"":""207c715e471e861d328810bbf39ad7a9e1b8b4ced5312442d8c89aab2df89514""}",data_dictionary/sources/influenza/snapshots/sra_viral_summaries_all.json,"[""data_dictionary/sources/influenza/snapshots/PMC5126380.html"",""data_dictionary/sources/influenza/snapshots/sra_viral_summaries_all.json""]",https://www.ncbi.nlm.nih.gov/sra/SRR5092801,3501667,SRP091397,CW_120_5004_5_PB2,https://www.ncbi.nlm.nih.gov/sra/SRR5092801,public_SRA_metadata
https://www.ncbi.nlm.nih.gov/sra/SRR5092800,repository_or_publication_landing_page,public,PRJNA347853,raw_sequence_reads,FLU:SRP091397,included_human_influenza_challenge,SRX2409633,FLUFILE_f1e5d6536a32d9a754,,False,SRR5092800,,,SRR5092800,not_inspected_at_biological_file_level,,"{""data_dictionary/sources/influenza/snapshots/PMC5126380.html"":""958f1a1040292570eebb8fff7c9ac4bb2f900fa6c8085cd439c0517121511f27"",""data_dictionary/sources/influenza/snapshots/sra_viral_summaries_all.json"":""207c715e471e861d328810bbf39ad7a9e1b8b4ced5312442d8c89aab2df89514""}",data_dictionary/sources/influenza/snapshots/sra_viral_summaries_all.json,"[""data_dictionary/sources/influenza/snapshots/PMC5126380.html"",""data_dictionary/sources/influenza/snapshots/sra_viral_summaries_all.json""]",https://www.ncbi.nlm.nih.gov/sra/SRR5092800,3501666,SRP091397,CW_126_5020_3_NP,https://www.ncbi.nlm.nih.gov/sra/SRR5092800,public_SRA_metadata
https://www.ncbi.nlm.nih.gov/sra/SRR5092799,repository_or_publication_landing_page,public,PRJNA347853,raw_sequence_reads,FLU:SRP091397,included_human_influenza_challenge,SRX2409632,FLUFILE_ba25ed331204e0a322,,False,SRR5092799,,,SRR5092799,not_inspected_at_biological_file_level,,"{""data_dictionary/sources/influenza/snapshots/PMC5126380.html"":""958f1a1040292570eebb8fff7c9ac4bb2f900fa6c8085cd439c0517121511f27"",""data_dictionary/sources/influenza/snapshots/sra_viral_summaries_all.json"":""207c715e471e861d328810bbf39ad7a9e1b8b4ced5312442d8c89aab2df89514""}",data_dictionary/sources/influenza/snapshots/sra_viral_summaries_all.json,"[""data_dictionary/sources/influenza/snapshots/PMC5126380.html"",""data_dictionary/sources/influenza/snapshots/sra_viral_summaries_all.json""]",https://www.ncbi.nlm.nih.gov/sra/SRR5092799,3501665,SRP091397,CW_115_5018_2_PB1,https://www.ncbi.nlm.nih.gov/sra/SRR5092799,public_SRA_metadata
https://www.ncbi.nlm.nih.gov/sra/SRR5092798,repository_or_publication_landing_page,public,PRJNA347853,raw_sequence_reads,FLU:SRP091397,included_human_influenza_challenge,SRX2409631,FLUFILE_7a0fb299995451a62a,,False,SRR5092798,,,SRR5092798,not_inspected_at_biological_file_level,,"{""data_dictionary/sources/influenza/snapshots/PMC5126380.html"":""958f1a1040292570eebb8fff7c9ac4bb2f900fa6c8085cd439c0517121511f27"",""data_dictionary/sources/influenza/snapshots/sra_viral_summaries_all.json"":""207c715e471e861d328810bbf39ad7a9e1b8b4ced5312442d8c89aab2df89514""}",data_dictionary/sources/influenza/snapshots/sra_viral_summaries_all.json,"[""data_dictionary/sources/influenza/snapshots/PMC5126380.html"",""data_dictionary/sources/influenza/snapshots/sra_viral_summaries_all.json""]",https://www.ncbi.nlm.nih.gov/sra/SRR5092798,3501664,SRP091397,CW_102_5007_1_NS,https://www.ncbi.nlm.nih.gov/sra/SRR5092798,public_SRA_metadata
https://www.ncbi.nlm.nih.gov/sra/SRR5092797,repository_or_publication_landing_page,public,PRJNA347853,raw_sequence_reads,FLU:SRP091397,included_human_influenza_challenge,SRX2409630,FLUFILE_5f4e566ad68dd69ac3,,False,SRR5092797,,,SRR5092797,not_inspected_at_biological_file_level,,"{""data_dictionary/sources/influenza/snapshots/PMC5126380.html"":""958f1a1040292570eebb8fff7c9ac4bb2f900fa6c8085cd439c0517121511f27"",""data_dictionary/sources/influenza/snapshots/sra_viral_summaries_all.json"":""207c715e471e861d328810bbf39ad7a9e1b8b4ced5312442d8c89aab2df89514""}",data_dictionary/sources/influenza/snapshots/sra_viral_summaries_all.json,"[""data_dictionary/sources/influenza/snapshots/PMC5126380.html"",""data_dictionary/sources/influenza/snapshots/sra_viral_summaries_all.json""]",https://www.ncbi.nlm.nih.gov/sra/SRR5092797,3501663,SRP091397,CW_125_5007_3_PB2,https://www.ncbi.nlm.nih.gov/sra/SRR5092797,public_SRA_metadata
https://www.ncbi.nlm.nih.gov/sra/SRR5092796,repository_or_publication_landing_page,public,PRJNA347853,raw_sequence_reads,FLU:SRP091397,included_human_influenza_challenge,SRX2409629,FLUFILE_f480b3cdc11845a92d,,False,SRR5092796,,,SRR5092796,not_inspected_at_biological_file_level,,"{""data_dictionary/sources/influenza/snapshots/PMC5126380.html"":""958f1a1040292570eebb8fff7c9ac4bb2f900fa6c8085cd439c0517121511f27"",""data_dictionary/sources/influenza/snapshots/sra_viral_summaries_all.json"":""207c715e471e861d328810bbf39ad7a9e1b8b4ced5312442d8c89aab2df89514""}",data_dictionary/sources/influenza/snapshots/sra_viral_summaries_all.json,"[""data_dictionary/sources/influenza/snapshots/PMC5126380.html"",""data_dictionary/sources/influenza/snapshots/sra_viral_summaries_all.json""]",https://www.ncbi.nlm.nih.gov/sra/SRR5092796,3501662,SRP091397,CW_109_5020_1_NA,https://www.ncbi.nlm.nih.gov/sra/SRR5092796,public_SRA_metadata
https://www.ncbi.nlm.nih.gov/sra/SRR5092795,repository_or_publication_landing_page,public,PRJNA347853,raw_sequence_reads,FLU:SRP091397,included_human_influenza_challenge,SRX2409628,FLUFILE_84d0e5549acf6c2e53,,False,SRR5092795,,,SRR5092795,not_inspected_at_biological_file_level,,"{""data_dictionary/sources/influenza/snapshots/PMC5126380.html"":""958f1a1040292570eebb8fff7c9ac4bb2f900fa6c8085cd439c0517121511f27"",""data_dictionary/sources/influenza/snapshots/sra_viral_summaries_all.json"":""207c715e471e861d328810bbf39ad7a9e1b8b4ced5312442d8c89aab2df89514""}",data_dictionary/sources/influenza/snapshots/sra_viral_summaries_all.json,"[""data_dictionary/sources/influenza/snapshots/PMC5126380.html"",""data_dictionary/sources/influenza/snapshots/sra_viral_summaries_all.json""]",https://www.ncbi.nlm.nih.gov/sra/SRR5092795,3501661,SRP091397,CW_128_5021_3_NS,https://www.ncbi.nlm.nih.gov/sra/SRR5092795,public_SRA_metadata
https://www.ncbi.nlm.nih.gov/sra/SRR5092794,repository_or_publication_landing_page,public,PRJNA347853,raw_sequence_reads,FLU:SRP091397,included_human_influenza_challenge,SRX2409627,FLUFILE_b1a042f01b9d64533f,,False,SRR5092794,,,SRR5092794,not_inspected_at_biological_file_level,,"{""data_dictionary/sources/influenza/snapshots/PMC5126380.html"":""958f1a1040292570eebb8fff7c9ac4bb2f900fa6c8085cd439c0517121511f27"",""data_dictionary/sources/influenza/snapshots/sra_viral_summaries_all.json"":""207c715e471e861d328810bbf39ad7a9e1b8b4ced5312442d8c89aab2df89514""}",data_dictionary/sources/influenza/snapshots/sra_viral_summaries_all.json,"[""data_dictionary/sources/influenza/snapshots/PMC5126380.html"",""data_dictionary/sources/influenza/snapshots/sra_viral_summaries_all.json""]",https://www.ncbi.nlm.nih.gov/sra/SRR5092794,3501660,SRP091397,CW_116_5019_2_PB2,https://www.ncbi.nlm.nih.gov/sra/SRR5092794,public_SRA_metadata
https://www.ncbi.nlm.nih.gov/sra/SRR5092793,repository_or_publication_landing_page,public,PRJNA347853,raw_sequence_reads,FLU:SRP091397,included_human_influenza_challenge,SRX2409626,FLUFILE_45be714859b0e7e102,,False,SRR5092793,,,SRR5092793,not_inspected_at_biological_file_level,,"{""data_dictionary/sources/influenza/snapshots/PMC5126380.html"":""958f1a1040292570eebb8fff7c9ac4bb2f900fa6c8085cd439c0517121511f27"",""data_dictionary/sources/influenza/snapshots/sra_viral_summaries_all.json"":""207c715e471e861d328810bbf39ad7a9e1b8b4ced5312442d8c89aab2df89514""}",data_dictionary/sources/influenza/snapshots/sra_viral_summaries_all.json,"[""data_dictionary/sources/influenza/snapshots/PMC5126380.html"",""data_dictionary/sources/influenza/snapshots/sra_viral_summaries_all.json""]",https://www.ncbi.nlm.nih.gov/sra/SRR5092793,3501659,SRP091397,CW_107_5004_2_PB1,https://www.ncbi.nlm.nih.gov/sra/SRR5092793,public_SRA_metadata
https://www.ncbi.nlm.nih.gov/sra/SRR5092792,repository_or_publication_landing_page,public,PRJNA347853,raw_sequence_reads,FLU:SRP091397,included_human_influenza_challenge,SRX2409625,FLUFILE_0ca5e903d852183835,,False,SRR5092792,,,SRR5092792,not_inspected_at_biological_file_level,,"{""data_dictionary/sources/influenza/snapshots/PMC5126380.html"":""958f1a1040292570eebb8fff7c9ac4bb2f900fa6c8085cd439c0517121511f27"",""data_dictionary/sources/influenza/snapshots/sra_viral_summaries_all.json"":""207c715e471e861d328810bbf39ad7a9e1b8b4ced5312442d8c89aab2df89514""}",data_dictionary/sources/influenza/snapshots/sra_viral_summaries_all.json,"[""data_dictionary/sources/influenza/snapshots/PMC5126380.html"",""data_dictionary/sources/influenza/snapshots/sra_viral_summaries_all.json""]",https://www.ncbi.nlm.nih.gov/sra/SRR5092792,3501658,SRP091397,CW_110_5021_1_HA,https://www.ncbi.nlm.nih.gov/sra/SRR5092792,public_SRA_metadata
https://www.ncbi.nlm.nih.gov/sra/SRR5092791,repository_or_publication_landing_page,public,PRJNA347853,raw_sequence_reads,FLU:SRP091397,included_human_influenza_challenge,SRX2409624,FLUFILE_96521615a216ca042b,,False,SRR5092791,,,SRR5092791,not_inspected_at_biological_file_level,,"{""data_dictionary/sources/influenza/snapshots/PMC5126380.html"":""958f1a1040292570eebb8fff7c9ac4bb2f900fa6c8085cd439c0517121511f27"",""data_dictionary/sources/influenza/snapshots/sra_viral_summaries_all.json"":""207c715e471e861d328810bbf39ad7a9e1b8b4ced5312442d8c89aab2df89514""}",data_dictionary/sources/influenza/snapshots/sra_viral_summaries_all.json,"[""data_dictionary/sources/influenza/snapshots/PMC5126380.html"",""data_dictionary/sources/influenza/snapshots/sra_viral_summaries_all.json""]",https://www.ncbi.nlm.nih.gov/sra/SRR5092791,3501657,SRP091397,CW_114_5017_2_NP,https://www.ncbi.nlm.nih.gov/sra/SRR5092791,public_SRA_metadata
https://www.ncbi.nlm.nih.gov/sra/SRR5092790,repository_or_publication_landing_page,public,PRJNA347853,raw_sequence_reads,FLU:SRP091397,included_human_influenza_challenge,SRX2409623,FLUFILE_a0c0c3f0e591133ab0,,False,SRR5092790,,,SRR5092790,not_inspected_at_biological_file_level,,"{""data_dictionary/sources/influenza/snapshots/PMC5126380.html"":""958f1a1040292570eebb8fff7c9ac4bb2f900fa6c8085cd439c0517121511f27"",""data_dictionary/sources/influenza/snapshots/sra_viral_summaries_all.json"":""207c715e471e861d328810bbf39ad7a9e1b8b4ced5312442d8c89aab2df89514""}",data_dictionary/sources/influenza/snapshots/sra_viral_summaries_all.json,"[""data_dictionary/sources/influenza/snapshots/PMC5126380.html"",""data_dictionary/sources/influenza/snapshots/sra_viral_summaries_all.json""]",https://www.ncbi.nlm.nih.gov/sra/SRR5092790,3501656,SRP091397,CW_131_5001_3_NA,https://www.ncbi.nlm.nih.gov/sra/SRR5092790,public_SRA_metadata
https://www.ncbi.nlm.nih.gov/sra/SRR5092789,repository_or_publication_landing_page,public,PRJNA347853,raw_sequence_reads,FLU:SRP091397,included_human_influenza_challenge,SRX2409622,FLUFILE_d698890d1331681b2e,,False,SRR5092789,,,SRR5092789,not_inspected_at_biological_file_level,,"{""data_dictionary/sources/influenza/snapshots/PMC5126380.html"":""958f1a1040292570eebb8fff7c9ac4bb2f900fa6c8085cd439c0517121511f27"",""data_dictionary/sources/influenza/snapshots/sra_viral_summaries_all.json"":""207c715e471e861d328810bbf39ad7a9e1b8b4ced5312442d8c89aab2df89514""}",data_dictionary/sources/influenza/snapshots/sra_viral_summaries_all.json,"[""data_dictionary/sources/influenza/snapshots/PMC5126380.html"",""data_dictionary/sources/influenza/snapshots/sra_viral_summaries_all.json""]",https://www.ncbi.nlm.nih.gov/sra/SRR5092789,3501655,SRP091397,CW_125_5007_3_PA,https://www.ncbi.nlm.nih.gov/sra/SRR5092789,public_SRA_metadata
https://www.ncbi.nlm.nih.gov/sra/SRR5092788,repository_or_publication_landing_page,public,PRJNA347853,raw_sequence_reads,FLU:SRP091397,included_human_influenza_challenge,SRX2409621,FLUFILE_03a976238f4798a523,,False,SRR5092788,,,SRR5092788,not_inspected_at_biological_file_level,,"{""data_dictionary/sources/influenza/snapshots/PMC5126380.html"":""958f1a1040292570eebb8fff7c9ac4bb2f900fa6c8085cd439c0517121511f27"",""data_dictionary/sources/influenza/snapshots/sra_viral_summaries_all.json"":""207c715e471e861d328810bbf39ad7a9e1b8b4ced5312442d8c89aab2df89514""}",data_dictionary/sources/influenza/snapshots/sra_viral_summaries_all.json,"[""data_dictionary/sources/influenza/snapshots/PMC5126380.html"",""data_dictionary/sources/influenza/snapshots/sra_viral_summaries_all.json""]",https://www.ncbi.nlm.nih.gov/sra/SRR5092788,3501654,SRP091397,CW_124_5019_3_NS,https://www.ncbi.nlm.nih.gov/sra/SRR5092788,public_SRA_metadata
https://www.ncbi.nlm.nih.gov/sra/SRR5092787,repository_or_publication_landing_page,public,PRJNA347853,raw_sequence_reads,FLU:SRP091397,included_human_influenza_challenge,SRX2409620,FLUFILE_91221b4af07486b773,,False,SRR5092787,,,SRR5092787,not_inspected_at_biological_file_level,,"{""data_dictionary/sources/influenza/snapshots/PMC5126380.html"":""958f1a1040292570eebb8fff7c9ac4bb2f900fa6c8085cd439c0517121511f27"",""data_dictionary/sources/influenza/snapshots/sra_viral_summaries_all.json"":""207c715e471e861d328810bbf39ad7a9e1b8b4ced5312442d8c89aab2df89514""}",data_dictionary/sources/influenza/snapshots/sra_viral_summaries_all.json,"[""data_dictionary/sources/influenza/snapshots/PMC5126380.html"",""data_dictionary/sources/influenza/snapshots/sra_viral_summaries_all.json""]",https://www.ncbi.nlm.nih.gov/sra/SRR5092787,3501653,SRP091397,CW_110_5021_1_NA,https://www.ncbi.nlm.nih.gov/sra/SRR5092787,public_SRA_metadata
https://www.ncbi.nlm.nih.gov/sra/SRR5092786,repository_or_publication_landing_page,public,PRJNA347853,raw_sequence_reads,FLU:SRP091397,included_human_influenza_challenge,SRX2409619,FLUFILE_1317d3d6337fd36d8c,,False,SRR5092786,,,SRR5092786,not_inspected_at_biological_file_level,,"{""data_dictionary/sources/influenza/snapshots/PMC5126380.html"":""958f1a1040292570eebb8fff7c9ac4bb2f900fa6c8085cd439c0517121511f27"",""data_dictionary/sources/influenza/snapshots/sra_viral_summaries_all.json"":""207c715e471e861d328810bbf39ad7a9e1b8b4ced5312442d8c89aab2df89514""}",data_dictionary/sources/influenza/snapshots/sra_viral_summaries_all.json,"[""data_dictionary/sources/influenza/snapshots/PMC5126380.html"",""data_dictionary/sources/influenza/snapshots/sra_viral_summaries_all.json""]",https://www.ncbi.nlm.nih.gov/sra/SRR5092786,3501652,SRP091397,CW_127_5006_3_NA,https://www.ncbi.nlm.nih.gov/sra/SRR5092786,public_SRA_metadata
https://www.ncbi.nlm.nih.gov/sra/SRR5092785,repository_or_publication_landing_page,public,PRJNA347853,raw_sequence_reads,FLU:SRP091397,included_human_influenza_challenge,SRX2409618,FLUFILE_c5066af670518a8bb6,,False,SRR5092785,,,SRR5092785,not_inspected_at_biological_file_level,,"{""data_dictionary/sources/influenza/snapshots/PMC5126380.html"":""958f1a1040292570eebb8fff7c9ac4bb2f900fa6c8085cd439c0517121511f27"",""data_dictionary/sources/influenza/snapshots/sra_viral_summaries_all.json"":""207c715e471e861d328810bbf39ad7a9e1b8b4ced5312442d8c89aab2df89514""}",data_dictionary/sources/influenza/snapshots/sra_viral_summaries_all.json,"[""data_dictionary/sources/influenza/snapshots/PMC5126380.html"",""data_dictionary/sources/influenza/snapshots/sra_viral_summaries_all.json""]",https://www.ncbi.nlm.nih.gov/sra/SRR5092785,3501651,SRP091397,CW_114_5017_2_PB1,https://www.ncbi.nlm.nih.gov/sra/SRR5092785,public_SRA_metadata
https://www.ncbi.nlm.nih.gov/sra/SRR5092784,repository_or_publication_landing_page,public,PRJNA347853,raw_sequence_reads,FLU:SRP091397,included_human_influenza_challenge,SRX2409617,FLUFILE_1229989be27fc16851,,False,SRR5092784,,,SRR5092784,not_inspected_at_biological_file_level,,"{""data_dictionary/sources/influenza/snapshots/PMC5126380.html"":""958f1a1040292570eebb8fff7c9ac4bb2f900fa6c8085cd439c0517121511f27"",""data_dictionary/sources/influenza/snapshots/sra_viral_summaries_all.json"":""207c715e471e861d328810bbf39ad7a9e1b8b4ced5312442d8c89aab2df89514""}",data_dictionary/sources/influenza/snapshots/sra_viral_summaries_all.json,"[""data_dictionary/sources/influenza/snapshots/PMC5126380.html"",""data_dictionary/sources/influenza/snapshots/sra_viral_summaries_all.json""]",https://www.ncbi.nlm.nih.gov/sra/SRR5092784,3501650,SRP091397,CW_112_5006_2_NP,https://www.ncbi.nlm.nih.gov/sra/SRR5092784,public_SRA_metadata
https://www.ncbi.nlm.nih.gov/sra/SRR5092783,repository_or_publication_landing_page,public,PRJNA347853,raw_sequence_reads,FLU:SRP091397,included_human_influenza_challenge,SRX2409616,FLUFILE_0e579963d389a906de,,False,SRR5092783,,,SRR5092783,not_inspected_at_biological_file_level,,"{""data_dictionary/sources/influenza/snapshots/PMC5126380.html"":""958f1a1040292570eebb8fff7c9ac4bb2f900fa6c8085cd439c0517121511f27"",""data_dictionary/sources/influenza/snapshots/sra_viral_summaries_all.json"":""207c715e471e861d328810bbf39ad7a9e1b8b4ced5312442d8c89aab2df89514""}",data_dictionary/sources/influenza/snapshots/sra_viral_summaries_all.json,"[""data_dictionary/sources/influenza/snapshots/PMC5126380.html"",""data_dictionary/sources/influenza/snapshots/sra_viral_summaries_all.json""]",https://www.ncbi.nlm.nih.gov/sra/SRR5092783,3501649,SRP091397,CW_126_5020_3_PB1,https://www.ncbi.nlm.nih.gov/sra/SRR5092783,public_SRA_metadata
https://www.ncbi.nlm.nih.gov/sra/SRR5092782,repository_or_publication_landing_page,public,PRJNA347853,raw_sequence_reads,FLU:SRP091397,included_human_influenza_challenge,SRX2409615,FLUFILE_04024f494a2f300510,,False,SRR5092782,,,SRR5092782,not_inspected_at_biological_file_level,,"{""data_dictionary/sources/influenza/snapshots/PMC5126380.html"":""958f1a1040292570eebb8fff7c9ac4bb2f900fa6c8085cd439c0517121511f27"",""data_dictionary/sources/influenza/snapshots/sra_viral_summaries_all.json"":""207c715e471e861d328810bbf39ad7a9e1b8b4ced5312442d8c89aab2df89514""}",data_dictionary/sources/influenza/snapshots/sra_viral_summaries_all.json,"[""data_dictionary/sources/influenza/snapshots/PMC5126380.html"",""data_dictionary/sources/influenza/snapshots/sra_viral_summaries_all.json""]",https://www.ncbi.nlm.nih.gov/sra/SRR5092782,3501648,SRP091397,CW_125_5007_3_NP,https://www.ncbi.nlm.nih.gov/sra/SRR5092782,public_SRA_metadata
https://www.ncbi.nlm.nih.gov/sra/SRR5092781,repository_or_publication_landing_page,public,PRJNA347853,raw_sequence_reads,FLU:SRP091397,included_human_influenza_challenge,SRX2409614,FLUFILE_74fd2abf68297af314,,False,SRR5092781,,,SRR5092781,not_inspected_at_biological_file_level,,"{""data_dictionary/sources/influenza/snapshots/PMC5126380.html"":""958f1a1040292570eebb8fff7c9ac4bb2f900fa6c8085cd439c0517121511f27"",""data_dictionary/sources/influenza/snapshots/sra_viral_summaries_all.json"":""207c715e471e861d328810bbf39ad7a9e1b8b4ced5312442d8c89aab2df89514""}",data_dictionary/sources/influenza/snapshots/sra_viral_summaries_all.json,"[""data_dictionary/sources/influenza/snapshots/PMC5126380.html"",""data_dictionary/sources/influenza/snapshots/sra_viral_summaries_all.json""]",https://www.ncbi.nlm.nih.gov/sra/SRR5092781,3501647,SRP091397,CW_121_5020_4_NA,https://www.ncbi.nlm.nih.gov/sra/SRR5092781,public_SRA_metadata
https://www.ncbi.nlm.nih.gov/sra/SRR5092780,repository_or_publication_landing_page,public,PRJNA347853,raw_sequence_reads,FLU:SRP091397,included_human_influenza_challenge,SRX2409613,FLUFILE_bc5bfddbec50b14f52,,False,SRR5092780,,,SRR5092780,not_inspected_at_biological_file_level,,"{""data_dictionary/sources/influenza/snapshots/PMC5126380.html"":""958f1a1040292570eebb8fff7c9ac4bb2f900fa6c8085cd439c0517121511f27"",""data_dictionary/sources/influenza/snapshots/sra_viral_summaries_all.json"":""207c715e471e861d328810bbf39ad7a9e1b8b4ced5312442d8c89aab2df89514""}",data_dictionary/sources/influenza/snapshots/sra_viral_summaries_all.json,"[""data_dictionary/sources/influenza/snapshots/PMC5126380.html"",""data_dictionary/sources/influenza/snapshots/sra_viral_summaries_all.json""]",https://www.ncbi.nlm.nih.gov/sra/SRR5092780,3501646,SRP091397,CW_121_5020_4_PA,https://www.ncbi.nlm.nih.gov/sra/SRR5092780,public_SRA_metadata
https://www.ncbi.nlm.nih.gov/sra/SRR5092779,repository_or_publication_landing_page,public,PRJNA347853,raw_sequence_reads,FLU:SRP091397,included_human_influenza_challenge,SRX2409612,FLUFILE_183d78814ab7df58c4,,False,SRR5092779,,,SRR5092779,not_inspected_at_biological_file_level,,"{""data_dictionary/sources/influenza/snapshots/PMC5126380.html"":""958f1a1040292570eebb8fff7c9ac4bb2f900fa6c8085cd439c0517121511f27"",""data_dictionary/sources/influenza/snapshots/sra_viral_summaries_all.json"":""207c715e471e861d328810bbf39ad7a9e1b8b4ced5312442d8c89aab2df89514""}",data_dictionary/sources/influenza/snapshots/sra_viral_summaries_all.json,"[""data_dictionary/sources/influenza/snapshots/PMC5126380.html"",""data_dictionary/sources/influenza/snapshots/sra_viral_summaries_all.json""]",https://www.ncbi.nlm.nih.gov/sra/SRR5092779,3501645,SRP091397,CW_103_5001_2_NP,https://www.ncbi.nlm.nih.gov/sra/SRR5092779,public_SRA_metadata
https://www.ncbi.nlm.nih.gov/sra/SRR5092778,repository_or_publication_landing_page,public,PRJNA347853,raw_sequence_reads,FLU:SRP091397,included_human_influenza_challenge,SRX2409611,FLUFILE_50f59108b6737c877e,,False,SRR5092778,,,SRR5092778,not_inspected_at_biological_file_level,,"{""data_dictionary/sources/influenza/snapshots/PMC5126380.html"":""958f1a1040292570eebb8fff7c9ac4bb2f900fa6c8085cd439c0517121511f27"",""data_dictionary/sources/influenza/snapshots/sra_viral_summaries_all.json"":""207c715e471e861d328810bbf39ad7a9e1b8b4ced5312442d8c89aab2df89514""}",data_dictionary/sources/influenza/snapshots/sra_viral_summaries_all.json,"[""data_dictionary/sources/influenza/snapshots/PMC5126380.html"",""data_dictionary/sources/influenza/snapshots/sra_viral_summaries_all.json""]",https://www.ncbi.nlm.nih.gov/sra/SRR5092778,3501644,SRP091397,CW_107_5004_2_HA,https://www.ncbi.nlm.nih.gov/sra/SRR5092778,public_SRA_metadata
https://www.ncbi.nlm.nih.gov/sra/SRR5092777,repository_or_publication_landing_page,public,PRJNA347853,raw_sequence_reads,FLU:SRP091397,included_human_influenza_challenge,SRX2409610,FLUFILE_f3634426916d7fe151,,False,SRR5092777,,,SRR5092777,not_inspected_at_biological_file_level,,"{""data_dictionary/sources/influenza/snapshots/PMC5126380.html"":""958f1a1040292570eebb8fff7c9ac4bb2f900fa6c8085cd439c0517121511f27"",""data_dictionary/sources/influenza/snapshots/sra_viral_summaries_all.json"":""207c715e471e861d328810bbf39ad7a9e1b8b4ced5312442d8c89aab2df89514""}",data_dictionary/sources/influenza/snapshots/sra_viral_summaries_all.json,"[""data_dictionary/sources/influenza/snapshots/PMC5126380.html"",""data_dictionary/sources/influenza/snapshots/sra_viral_summaries_all.json""]",https://www.ncbi.nlm.nih.gov/sra/SRR5092777,3501643,SRP091397,CW_128_5021_3_NP,https://www.ncbi.nlm.nih.gov/sra/SRR5092777,public_SRA_metadata
https://www.ncbi.nlm.nih.gov/sra/SRR5092776,repository_or_publication_landing_page,public,PRJNA347853,raw_sequence_reads,FLU:SRP091397,included_human_influenza_challenge,SRX2409609,FLUFILE_ec52b7a0d75e498dfc,,False,SRR5092776,,,SRR5092776,not_inspected_at_biological_file_level,,"{""data_dictionary/sources/influenza/snapshots/PMC5126380.html"":""958f1a1040292570eebb8fff7c9ac4bb2f900fa6c8085cd439c0517121511f27"",""data_dictionary/sources/influenza/snapshots/sra_viral_summaries_all.json"":""207c715e471e861d328810bbf39ad7a9e1b8b4ced5312442d8c89aab2df89514""}",data_dictionary/sources/influenza/snapshots/sra_viral_summaries_all.json,"[""data_dictionary/sources/influenza/snapshots/PMC5126380.html"",""data_dictionary/sources/influenza/snapshots/sra_viral_summaries_all.json""]",https://www.ncbi.nlm.nih.gov/sra/SRR5092776,3501642,SRP091397,CW_111_5002_2_MP,https://www.ncbi.nlm.nih.gov/sra/SRR5092776,public_SRA_metadata
https://www.ncbi.nlm.nih.gov/sra/SRR5092775,repository_or_publication_landing_page,public,PRJNA347853,raw_sequence_reads,FLU:SRP091397,included_human_influenza_challenge,SRX2409608,FLUFILE_acbc7225fe7a31cf9d,,False,SRR5092775,,,SRR5092775,not_inspected_at_biological_file_level,,"{""data_dictionary/sources/influenza/snapshots/PMC5126380.html"":""958f1a1040292570eebb8fff7c9ac4bb2f900fa6c8085cd439c0517121511f27"",""data_dictionary/sources/influenza/snapshots/sra_viral_summaries_all.json"":""207c715e471e861d328810bbf39ad7a9e1b8b4ced5312442d8c89aab2df89514""}",data_dictionary/sources/influenza/snapshots/sra_viral_summaries_all.json,"[""data_dictionary/sources/influenza/snapshots/PMC5126380.html"",""data_dictionary/sources/influenza/snapshots/sra_viral_summaries_all.json""]",https://www.ncbi.nlm.nih.gov/sra/SRR5092775,3501641,SRP091397,CW_119_5001_5_PB2,https://www.ncbi.nlm.nih.gov/sra/SRR5092775,public_SRA_metadata
https://www.ncbi.nlm.nih.gov/sra/SRR5092774,repository_or_publication_landing_page,public,PRJNA347853,raw_sequence_reads,FLU:SRP091397,included_human_influenza_challenge,SRX2409607,FLUFILE_b79698a17c5b9dbc01,,False,SRR5092774,,,SRR5092774,not_inspected_at_biological_file_level,,"{""data_dictionary/sources/influenza/snapshots/PMC5126380.html"":""958f1a1040292570eebb8fff7c9ac4bb2f900fa6c8085cd439c0517121511f27"",""data_dictionary/sources/influenza/snapshots/sra_viral_summaries_all.json"":""207c715e471e861d328810bbf39ad7a9e1b8b4ced5312442d8c89aab2df89514""}",data_dictionary/sources/influenza/snapshots/sra_viral_summaries_all.json,"[""data_dictionary/sources/influenza/snapshots/PMC5126380.html"",""data_dictionary/sources/influenza/snapshots/sra_viral_summaries_all.json""]",https://www.ncbi.nlm.nih.gov/sra/SRR5092774,3501640,SRP091397,CW_105_5004_4_NP,https://www.ncbi.nlm.nih.gov/sra/SRR5092774,public_SRA_metadata
https://www.ncbi.nlm.nih.gov/sra/SRR5092773,repository_or_publication_landing_page,public,PRJNA347853,raw_sequence_reads,FLU:SRP091397,included_human_influenza_challenge,SRX2409606,FLUFILE_8bce9c59618a8100a9,,False,SRR5092773,,,SRR5092773,not_inspected_at_biological_file_level,,"{""data_dictionary/sources/influenza/snapshots/PMC5126380.html"":""958f1a1040292570eebb8fff7c9ac4bb2f900fa6c8085cd439c0517121511f27"",""data_dictionary/sources/influenza/snapshots/sra_viral_summaries_all.json"":""207c715e471e861d328810bbf39ad7a9e1b8b4ced5312442d8c89aab2df89514""}",data_dictionary/sources/influenza/snapshots/sra_viral_summaries_all.json,"[""data_dictionary/sources/influenza/snapshots/PMC5126380.html"",""data_dictionary/sources/influenza/snapshots/sra_viral_summaries_all.json""]",https://www.ncbi.nlm.nih.gov/sra/SRR5092773,3501639,SRP091397,CW_107_5004_2_NS,https://www.ncbi.nlm.nih.gov/sra/SRR5092773,public_SRA_metadata
https://www.ncbi.nlm.nih.gov/sra/SRR5092772,repository_or_publication_landing_page,public,PRJNA347853,raw_sequence_reads,FLU:SRP091397,included_human_influenza_challenge,SRX2409605,FLUFILE_b7e9762102fd2a65c3,,False,SRR5092772,,,SRR5092772,not_inspected_at_biological_file_level,,"{""data_dictionary/sources/influenza/snapshots/PMC5126380.html"":""958f1a1040292570eebb8fff7c9ac4bb2f900fa6c8085cd439c0517121511f27"",""data_dictionary/sources/influenza/snapshots/sra_viral_summaries_all.json"":""207c715e471e861d328810bbf39ad7a9e1b8b4ced5312442d8c89aab2df89514""}",data_dictionary/sources/influenza/snapshots/sra_viral_summaries_all.json,"[""data_dictionary/sources/influenza/snapshots/PMC5126380.html"",""data_dictionary/sources/influenza/snapshots/sra_viral_summaries_all.json""]",https://www.ncbi.nlm.nih.gov/sra/SRR5092772,3501638,SRP091397,CW_111_5002_2_NA,https://www.ncbi.nlm.nih.gov/sra/SRR5092772,public_SRA_metadata
https://www.ncbi.nlm.nih.gov/sra/SRR5092771,repository_or_publication_landing_page,public,PRJNA347853,raw_sequence_reads,FLU:SRP091397,included_human_influenza_challenge,SRX2409604,FLUFILE_066737261cb70017b6,,False,SRR5092771,,,SRR5092771,not_inspected_at_biological_file_level,,"{""data_dictionary/sources/influenza/snapshots/PMC5126380.html"":""958f1a1040292570eebb8fff7c9ac4bb2f900fa6c8085cd439c0517121511f27"",""data_dictionary/sources/influenza/snapshots/sra_viral_summaries_all.json"":""207c715e471e861d328810bbf39ad7a9e1b8b4ced5312442d8c89aab2df89514""}",data_dictionary/sources/influenza/snapshots/sra_viral_summaries_all.json,"[""data_dictionary/sources/influenza/snapshots/PMC5126380.html"",""data_dictionary/sources/influenza/snapshots/sra_viral_summaries_all.json""]",https://www.ncbi.nlm.nih.gov/sra/SRR5092771,3501637,SRP091397,CW_123_5021_4_PB1,https://www.ncbi.nlm.nih.gov/sra/SRR5092771,public_SRA_metadata
https://www.ncbi.nlm.nih.gov/sra/SRR5092770,repository_or_publication_landing_page,public,PRJNA347853,raw_sequence_reads,FLU:SRP091397,included_human_influenza_challenge,SRX2409603,FLUFILE_f6f335f1c7bd301d31,,False,SRR5092770,,,SRR5092770,not_inspected_at_biological_file_level,,"{""data_dictionary/sources/influenza/snapshots/PMC5126380.html"":""958f1a1040292570eebb8fff7c9ac4bb2f900fa6c8085cd439c0517121511f27"",""data_dictionary/sources/influenza/snapshots/sra_viral_summaries_all.json"":""207c715e471e861d328810bbf39ad7a9e1b8b4ced5312442d8c89aab2df89514""}",data_dictionary/sources/influenza/snapshots/sra_viral_summaries_all.json,"[""data_dictionary/sources/influenza/snapshots/PMC5126380.html"",""data_dictionary/sources/influenza/snapshots/sra_viral_summaries_all.json""]",https://www.ncbi.nlm.nih.gov/sra/SRR5092770,3501636,SRP091397,CW_122_5021_5_PA,https://www.ncbi.nlm.nih.gov/sra/SRR5092770,public_SRA_metadata
https://www.ncbi.nlm.nih.gov/sra/SRR5092769,repository_or_publication_landing_page,public,PRJNA347853,raw_sequence_reads,FLU:SRP091397,included_human_influenza_challenge,SRX2409602,FLUFILE_b616c7eec1b790b053,,False,SRR5092769,,,SRR5092769,not_inspected_at_biological_file_level,,"{""data_dictionary/sources/influenza/snapshots/PMC5126380.html"":""958f1a1040292570eebb8fff7c9ac4bb2f900fa6c8085cd439c0517121511f27"",""data_dictionary/sources/influenza/snapshots/sra_viral_summaries_all.json"":""207c715e471e861d328810bbf39ad7a9e1b8b4ced5312442d8c89aab2df89514""}",data_dictionary/sources/influenza/snapshots/sra_viral_summaries_all.json,"[""data_dictionary/sources/influenza/snapshots/PMC5126380.html"",""data_dictionary/sources/influenza/snapshots/sra_viral_summaries_all.json""]",https://www.ncbi.nlm.nih.gov/sra/SRR5092769,3501635,SRP091397,CW_113_5007_2_NA,https://www.ncbi.nlm.nih.gov/sra/SRR5092769,public_SRA_metadata
https://www.ncbi.nlm.nih.gov/sra/SRR5092768,repository_or_publication_landing_page,public,PRJNA347853,raw_sequence_reads,FLU:SRP091397,included_human_influenza_challenge,SRX2409601,FLUFILE_129c41a3a946b31f33,,False,SRR5092768,,,SRR5092768,not_inspected_at_biological_file_level,,"{""data_dictionary/sources/influenza/snapshots/PMC5126380.html"":""958f1a1040292570eebb8fff7c9ac4bb2f900fa6c8085cd439c0517121511f27"",""data_dictionary/sources/influenza/snapshots/sra_viral_summaries_all.json"":""207c715e471e861d328810bbf39ad7a9e1b8b4ced5312442d8c89aab2df89514""}",data_dictionary/sources/influenza/snapshots/sra_viral_summaries_all.json,"[""data_dictionary/sources/influenza/snapshots/PMC5126380.html"",""data_dictionary/sources/influenza/snapshots/sra_viral_summaries_all.json""]",https://www.ncbi.nlm.nih.gov/sra/SRR5092768,3501634,SRP091397,CW_102_5007_1_MP,https://www.ncbi.nlm.nih.gov/sra/SRR5092768,public_SRA_metadata
https://www.ncbi.nlm.nih.gov/sra/SRR5092767,repository_or_publication_landing_page,public,PRJNA347853,raw_sequence_reads,FLU:SRP091397,included_human_influenza_challenge,SRX2409600,FLUFILE_94093b547f7e65398d,,False,SRR5092767,,,SRR5092767,not_inspected_at_biological_file_level,,"{""data_dictionary/sources/influenza/snapshots/PMC5126380.html"":""958f1a1040292570eebb8fff7c9ac4bb2f900fa6c8085cd439c0517121511f27"",""data_dictionary/sources/influenza/snapshots/sra_viral_summaries_all.json"":""207c715e471e861d328810bbf39ad7a9e1b8b4ced5312442d8c89aab2df89514""}",data_dictionary/sources/influenza/snapshots/sra_viral_summaries_all.json,"[""data_dictionary/sources/influenza/snapshots/PMC5126380.html"",""data_dictionary/sources/influenza/snapshots/sra_viral_summaries_all.json""]",https://www.ncbi.nlm.nih.gov/sra/SRR5092767,3501633,SRP091397,CW_123_5021_4_PB2,https://www.ncbi.nlm.nih.gov/sra/SRR5092767,public_SRA_metadata
https://www.ncbi.nlm.nih.gov/sra/SRR5092766,repository_or_publication_landing_page,public,PRJNA347853,raw_sequence_reads,FLU:SRP091397,included_human_influenza_challenge,SRX2409599,FLUFILE_69afc92fc4f41ed637,,False,SRR5092766,,,SRR5092766,not_inspected_at_biological_file_level,,"{""data_dictionary/sources/influenza/snapshots/PMC5126380.html"":""958f1a1040292570eebb8fff7c9ac4bb2f900fa6c8085cd439c0517121511f27"",""data_dictionary/sources/influenza/snapshots/sra_viral_summaries_all.json"":""207c715e471e861d328810bbf39ad7a9e1b8b4ced5312442d8c89aab2df89514""}",data_dictionary/sources/influenza/snapshots/sra_viral_summaries_all.json,"[""data_dictionary/sources/influenza/snapshots/PMC5126380.html"",""data_dictionary/sources/influenza/snapshots/sra_viral_summaries_all.json""]",https://www.ncbi.nlm.nih.gov/sra/SRR5092766,3501632,SRP091397,CW_111_5002_2_HA,https://www.ncbi.nlm.nih.gov/sra/SRR5092766,public_SRA_metadata
https://www.ncbi.nlm.nih.gov/sra/SRR5092765,repository_or_publication_landing_page,public,PRJNA347853,raw_sequence_reads,FLU:SRP091397,included_human_influenza_challenge,SRX2409598,FLUFILE_0a2db43a7711d69807,,False,SRR5092765,,,SRR5092765,not_inspected_at_biological_file_level,,"{""data_dictionary/sources/influenza/snapshots/PMC5126380.html"":""958f1a1040292570eebb8fff7c9ac4bb2f900fa6c8085cd439c0517121511f27"",""data_dictionary/sources/influenza/snapshots/sra_viral_summaries_all.json"":""207c715e471e861d328810bbf39ad7a9e1b8b4ced5312442d8c89aab2df89514""}",data_dictionary/sources/influenza/snapshots/sra_viral_summaries_all.json,"[""data_dictionary/sources/influenza/snapshots/PMC5126380.html"",""data_dictionary/sources/influenza/snapshots/sra_viral_summaries_all.json""]",https://www.ncbi.nlm.nih.gov/sra/SRR5092765,3501631,SRP091397,CW_104_5006_1_MP,https://www.ncbi.nlm.nih.gov/sra/SRR5092765,public_SRA_metadata
https://www.ncbi.nlm.nih.gov/sra/SRR5092764,repository_or_publication_landing_page,public,PRJNA347853,raw_sequence_reads,FLU:SRP091397,included_human_influenza_challenge,SRX2409597,FLUFILE_cdd64989552c1a0c7d,,False,SRR5092764,,,SRR5092764,not_inspected_at_biological_file_level,,"{""data_dictionary/sources/influenza/snapshots/PMC5126380.html"":""958f1a1040292570eebb8fff7c9ac4bb2f900fa6c8085cd439c0517121511f27"",""data_dictionary/sources/influenza/snapshots/sra_viral_summaries_all.json"":""207c715e471e861d328810bbf39ad7a9e1b8b4ced5312442d8c89aab2df89514""}",data_dictionary/sources/influenza/snapshots/sra_viral_summaries_all.json,"[""data_dictionary/sources/influenza/snapshots/PMC5126380.html"",""data_dictionary/sources/influenza/snapshots/sra_viral_summaries_all.json""]",https://www.ncbi.nlm.nih.gov/sra/SRR5092764,3501630,SRP091397,CW_131_5001_3_PB1,https://www.ncbi.nlm.nih.gov/sra/SRR5092764,public_SRA_metadata
https://www.ncbi.nlm.nih.gov/sra/SRR5092763,repository_or_publication_landing_page,public,PRJNA347853,raw_sequence_reads,FLU:SRP091397,included_human_influenza_challenge,SRX2409596,FLUFILE_8017ce6f61f67b3b15,,False,SRR5092763,,,SRR5092763,not_inspected_at_biological_file_level,,"{""data_dictionary/sources/influenza/snapshots/PMC5126380.html"":""958f1a1040292570eebb8fff7c9ac4bb2f900fa6c8085cd439c0517121511f27"",""data_dictionary/sources/influenza/snapshots/sra_viral_summaries_all.json"":""207c715e471e861d328810bbf39ad7a9e1b8b4ced5312442d8c89aab2df89514""}",data_dictionary/sources/influenza/snapshots/sra_viral_summaries_all.json,"[""data_dictionary/sources/influenza/snapshots/PMC5126380.html"",""data_dictionary/sources/influenza/snapshots/sra_viral_summaries_all.json""]",https://www.ncbi.nlm.nih.gov/sra/SRR5092763,3501629,SRP091397,CW_104_5006_1_NP,https://www.ncbi.nlm.nih.gov/sra/SRR5092763,public_SRA_metadata
https://www.ncbi.nlm.nih.gov/sra/SRR5092762,repository_or_publication_landing_page,public,PRJNA347853,raw_sequence_reads,FLU:SRP091397,included_human_influenza_challenge,SRX2409595,FLUFILE_f471b6609ba65e57ac,,False,SRR5092762,,,SRR5092762,not_inspected_at_biological_file_level,,"{""data_dictionary/sources/influenza/snapshots/PMC5126380.html"":""958f1a1040292570eebb8fff7c9ac4bb2f900fa6c8085cd439c0517121511f27"",""data_dictionary/sources/influenza/snapshots/sra_viral_summaries_all.json"":""207c715e471e861d328810bbf39ad7a9e1b8b4ced5312442d8c89aab2df89514""}",data_dictionary/sources/influenza/snapshots/sra_viral_summaries_all.json,"[""data_dictionary/sources/influenza/snapshots/PMC5126380.html"",""data_dictionary/sources/influenza/snapshots/sra_viral_summaries_all.json""]",https://www.ncbi.nlm.nih.gov/sra/SRR5092762,3501628,SRP091397,CW_128_5021_3_NA,https://www.ncbi.nlm.nih.gov/sra/SRR5092762,public_SRA_metadata
https://www.ncbi.nlm.nih.gov/sra/SRR5092761,repository_or_publication_landing_page,public,PRJNA347853,raw_sequence_reads,FLU:SRP091397,included_human_influenza_challenge,SRX2409594,FLUFILE_fc3b95bcfe5e5514e8,,False,SRR5092761,,,SRR5092761,not_inspected_at_biological_file_level,,"{""data_dictionary/sources/influenza/snapshots/PMC5126380.html"":""958f1a1040292570eebb8fff7c9ac4bb2f900fa6c8085cd439c0517121511f27"",""data_dictionary/sources/influenza/snapshots/sra_viral_summaries_all.json"":""207c715e471e861d328810bbf39ad7a9e1b8b4ced5312442d8c89aab2df89514""}",data_dictionary/sources/influenza/snapshots/sra_viral_summaries_all.json,"[""data_dictionary/sources/influenza/snapshots/PMC5126380.html"",""data_dictionary/sources/influenza/snapshots/sra_viral_summaries_all.json""]",https://www.ncbi.nlm.nih.gov/sra/SRR5092761,3501627,SRP091397,CW_128_5021_3_MP,https://www.ncbi.nlm.nih.gov/sra/SRR5092761,public_SRA_metadata
https://www.ncbi.nlm.nih.gov/sra/SRR5092760,repository_or_publication_landing_page,public,PRJNA347853,raw_sequence_reads,FLU:SRP091397,included_human_influenza_challenge,SRX2409593,FLUFILE_b272a107d87b495b65,,False,SRR5092760,,,SRR5092760,not_inspected_at_biological_file_level,,"{""data_dictionary/sources/influenza/snapshots/PMC5126380.html"":""958f1a1040292570eebb8fff7c9ac4bb2f900fa6c8085cd439c0517121511f27"",""data_dictionary/sources/influenza/snapshots/sra_viral_summaries_all.json"":""207c715e471e861d328810bbf39ad7a9e1b8b4ced5312442d8c89aab2df89514""}",data_dictionary/sources/influenza/snapshots/sra_viral_summaries_all.json,"[""data_dictionary/sources/influenza/snapshots/PMC5126380.html"",""data_dictionary/sources/influenza/snapshots/sra_viral_summaries_all.json""]",https://www.ncbi.nlm.nih.gov/sra/SRR5092760,3501626,SRP091397,CW_105_5004_4_MP,https://www.ncbi.nlm.nih.gov/sra/SRR5092760,public_SRA_metadata
https://www.ncbi.nlm.nih.gov/sra/SRR5092759,repository_or_publication_landing_page,public,PRJNA347853,raw_sequence_reads,FLU:SRP091397,included_human_influenza_challenge,SRX2409592,FLUFILE_7ddb7585e447a1e4f5,,False,SRR5092759,,,SRR5092759,not_inspected_at_biological_file_level,,"{""data_dictionary/sources/influenza/snapshots/PMC5126380.html"":""958f1a1040292570eebb8fff7c9ac4bb2f900fa6c8085cd439c0517121511f27"",""data_dictionary/sources/influenza/snapshots/sra_viral_summaries_all.json"":""207c715e471e861d328810bbf39ad7a9e1b8b4ced5312442d8c89aab2df89514""}",data_dictionary/sources/influenza/snapshots/sra_viral_summaries_all.json,"[""data_dictionary/sources/influenza/snapshots/PMC5126380.html"",""data_dictionary/sources/influenza/snapshots/sra_viral_summaries_all.json""]",https://www.ncbi.nlm.nih.gov/sra/SRR5092759,3501625,SRP091397,CW_121_5020_4_HA,https://www.ncbi.nlm.nih.gov/sra/SRR5092759,public_SRA_metadata
https://www.ncbi.nlm.nih.gov/sra/SRR5092758,repository_or_publication_landing_page,public,PRJNA347853,raw_sequence_reads,FLU:SRP091397,included_human_influenza_challenge,SRX2409591,FLUFILE_261f0cbcef3c57f573,,False,SRR5092758,,,SRR5092758,not_inspected_at_biological_file_level,,"{""data_dictionary/sources/influenza/snapshots/PMC5126380.html"":""958f1a1040292570eebb8fff7c9ac4bb2f900fa6c8085cd439c0517121511f27"",""data_dictionary/sources/influenza/snapshots/sra_viral_summaries_all.json"":""207c715e471e861d328810bbf39ad7a9e1b8b4ced5312442d8c89aab2df89514""}",data_dictionary/sources/influenza/snapshots/sra_viral_summaries_all.json,"[""data_dictionary/sources/influenza/snapshots/PMC5126380.html"",""data_dictionary/sources/influenza/snapshots/sra_viral_summaries_all.json""]",https://www.ncbi.nlm.nih.gov/sra/SRR5092758,3501624,SRP091397,CW_105_5004_4_NA,https://www.ncbi.nlm.nih.gov/sra/SRR5092758,public_SRA_metadata
https://www.ncbi.nlm.nih.gov/sra/SRR5092757,repository_or_publication_landing_page,public,PRJNA347853,raw_sequence_reads,FLU:SRP091397,included_human_influenza_challenge,SRX2409590,FLUFILE_ff2a825cec5d335445,,False,SRR5092757,,,SRR5092757,not_inspected_at_biological_file_level,,"{""data_dictionary/sources/influenza/snapshots/PMC5126380.html"":""958f1a1040292570eebb8fff7c9ac4bb2f900fa6c8085cd439c0517121511f27"",""data_dictionary/sources/influenza/snapshots/sra_viral_summaries_all.json"":""207c715e471e861d328810bbf39ad7a9e1b8b4ced5312442d8c89aab2df89514""}",data_dictionary/sources/influenza/snapshots/sra_viral_summaries_all.json,"[""data_dictionary/sources/influenza/snapshots/PMC5126380.html"",""data_dictionary/sources/influenza/snapshots/sra_viral_summaries_all.json""]",https://www.ncbi.nlm.nih.gov/sra/SRR5092757,3501623,SRP091397,CW_120_5004_5_PA,https://www.ncbi.nlm.nih.gov/sra/SRR5092757,public_SRA_metadata
https://www.ncbi.nlm.nih.gov/sra/SRR5092756,repository_or_publication_landing_page,public,PRJNA347853,raw_sequence_reads,FLU:SRP091397,included_human_influenza_challenge,SRX2409589,FLUFILE_2c15fcbbc19d1a7897,,False,SRR5092756,,,SRR5092756,not_inspected_at_biological_file_level,,"{""data_dictionary/sources/influenza/snapshots/PMC5126380.html"":""958f1a1040292570eebb8fff7c9ac4bb2f900fa6c8085cd439c0517121511f27"",""data_dictionary/sources/influenza/snapshots/sra_viral_summaries_all.json"":""207c715e471e861d328810bbf39ad7a9e1b8b4ced5312442d8c89aab2df89514""}",data_dictionary/sources/influenza/snapshots/sra_viral_summaries_all.json,"[""data_dictionary/sources/influenza/snapshots/PMC5126380.html"",""data_dictionary/sources/influenza/snapshots/sra_viral_summaries_all.json""]",https://www.ncbi.nlm.nih.gov/sra/SRR5092756,3501622,SRP091397,CW_103_5001_2_PA,https://www.ncbi.nlm.nih.gov/sra/SRR5092756,public_SRA_metadata
https://www.ncbi.nlm.nih.gov/sra/SRR5092755,repository_or_publication_landing_page,public,PRJNA347853,raw_sequence_reads,FLU:SRP091397,included_human_influenza_challenge,SRX2409588,FLUFILE_1b23ddbd8e1cfe3da4,,False,SRR5092755,,,SRR5092755,not_inspected_at_biological_file_level,,"{""data_dictionary/sources/influenza/snapshots/PMC5126380.html"":""958f1a1040292570eebb8fff7c9ac4bb2f900fa6c8085cd439c0517121511f27"",""data_dictionary/sources/influenza/snapshots/sra_viral_summaries_all.json"":""207c715e471e861d328810bbf39ad7a9e1b8b4ced5312442d8c89aab2df89514""}",data_dictionary/sources/influenza/snapshots/sra_viral_summaries_all.json,"[""data_dictionary/sources/influenza/snapshots/PMC5126380.html"",""data_dictionary/sources/influenza/snapshots/sra_viral_summaries_all.json""]",https://www.ncbi.nlm.nih.gov/sra/SRR5092755,3501621,SRP091397,CW_102_5007_1_PA,https://www.ncbi.nlm.nih.gov/sra/SRR5092755,public_SRA_metadata
https://www.ncbi.nlm.nih.gov/sra/SRR5092754,repository_or_publication_landing_page,public,PRJNA347853,raw_sequence_reads,FLU:SRP091397,included_human_influenza_challenge,SRX2409587,FLUFILE_dd81efd0a98ee37dba,,False,SRR5092754,,,SRR5092754,not_inspected_at_biological_file_level,,"{""data_dictionary/sources/influenza/snapshots/PMC5126380.html"":""958f1a1040292570eebb8fff7c9ac4bb2f900fa6c8085cd439c0517121511f27"",""data_dictionary/sources/influenza/snapshots/sra_viral_summaries_all.json"":""207c715e471e861d328810bbf39ad7a9e1b8b4ced5312442d8c89aab2df89514""}",data_dictionary/sources/influenza/snapshots/sra_viral_summaries_all.json,"[""data_dictionary/sources/influenza/snapshots/PMC5126380.html"",""data_dictionary/sources/influenza/snapshots/sra_viral_summaries_all.json""]",https://www.ncbi.nlm.nih.gov/sra/SRR5092754,3501620,SRP091397,CW_121_5020_4_PB2,https://www.ncbi.nlm.nih.gov/sra/SRR5092754,public_SRA_metadata
https://www.ncbi.nlm.nih.gov/sra/SRR5092753,repository_or_publication_landing_page,public,PRJNA347853,raw_sequence_reads,FLU:SRP091397,included_human_influenza_challenge,SRX2409586,FLUFILE_bb3d814827ac52c3c4,,False,SRR5092753,,,SRR5092753,not_inspected_at_biological_file_level,,"{""data_dictionary/sources/influenza/snapshots/PMC5126380.html"":""958f1a1040292570eebb8fff7c9ac4bb2f900fa6c8085cd439c0517121511f27"",""data_dictionary/sources/influenza/snapshots/sra_viral_summaries_all.json"":""207c715e471e861d328810bbf39ad7a9e1b8b4ced5312442d8c89aab2df89514""}",data_dictionary/sources/influenza/snapshots/sra_viral_summaries_all.json,"[""data_dictionary/sources/influenza/snapshots/PMC5126380.html"",""data_dictionary/sources/influenza/snapshots/sra_viral_summaries_all.json""]",https://www.ncbi.nlm.nih.gov/sra/SRR5092753,3501619,SRP091397,CW_123_5021_4_NA,https://www.ncbi.nlm.nih.gov/sra/SRR5092753,public_SRA_metadata
https://www.ncbi.nlm.nih.gov/sra/SRR5092752,repository_or_publication_landing_page,public,PRJNA347853,raw_sequence_reads,FLU:SRP091397,included_human_influenza_challenge,SRX2409585,FLUFILE_dfa40fada929597ba4,,False,SRR5092752,,,SRR5092752,not_inspected_at_biological_file_level,,"{""data_dictionary/sources/influenza/snapshots/PMC5126380.html"":""958f1a1040292570eebb8fff7c9ac4bb2f900fa6c8085cd439c0517121511f27"",""data_dictionary/sources/influenza/snapshots/sra_viral_summaries_all.json"":""207c715e471e861d328810bbf39ad7a9e1b8b4ced5312442d8c89aab2df89514""}",data_dictionary/sources/influenza/snapshots/sra_viral_summaries_all.json,"[""data_dictionary/sources/influenza/snapshots/PMC5126380.html"",""data_dictionary/sources/influenza/snapshots/sra_viral_summaries_all.json""]",https://www.ncbi.nlm.nih.gov/sra/SRR5092752,3501618,SRP091397,CW_109_5020_1_PB1,https://www.ncbi.nlm.nih.gov/sra/SRR5092752,public_SRA_metadata
https://www.ncbi.nlm.nih.gov/sra/SRR5092751,repository_or_publication_landing_page,public,PRJNA347853,raw_sequence_reads,FLU:SRP091397,included_human_influenza_challenge,SRX2409584,FLUFILE_b874170fa1ad262a43,,False,SRR5092751,,,SRR5092751,not_inspected_at_biological_file_level,,"{""data_dictionary/sources/influenza/snapshots/PMC5126380.html"":""958f1a1040292570eebb8fff7c9ac4bb2f900fa6c8085cd439c0517121511f27"",""data_dictionary/sources/influenza/snapshots/sra_viral_summaries_all.json"":""207c715e471e861d328810bbf39ad7a9e1b8b4ced5312442d8c89aab2df89514""}",data_dictionary/sources/influenza/snapshots/sra_viral_summaries_all.json,"[""data_dictionary/sources/influenza/snapshots/PMC5126380.html"",""data_dictionary/sources/influenza/snapshots/sra_viral_summaries_all.json""]",https://www.ncbi.nlm.nih.gov/sra/SRR5092751,3501617,SRP091397,CW_129_5004_3_NS,https://www.ncbi.nlm.nih.gov/sra/SRR5092751,public_SRA_metadata
https://www.ncbi.nlm.nih.gov/sra/SRR5092750,repository_or_publication_landing_page,public,PRJNA347853,raw_sequence_reads,FLU:SRP091397,included_human_influenza_challenge,SRX2409583,FLUFILE_80c3fac97064f3530a,,False,SRR5092750,,,SRR5092750,not_inspected_at_biological_file_level,,"{""data_dictionary/sources/influenza/snapshots/PMC5126380.html"":""958f1a1040292570eebb8fff7c9ac4bb2f900fa6c8085cd439c0517121511f27"",""data_dictionary/sources/influenza/snapshots/sra_viral_summaries_all.json"":""207c715e471e861d328810bbf39ad7a9e1b8b4ced5312442d8c89aab2df89514""}",data_dictionary/sources/influenza/snapshots/sra_viral_summaries_all.json,"[""data_dictionary/sources/influenza/snapshots/PMC5126380.html"",""data_dictionary/sources/influenza/snapshots/sra_viral_summaries_all.json""]",https://www.ncbi.nlm.nih.gov/sra/SRR5092750,3501616,SRP091397,CW_125_5007_3_NA,https://www.ncbi.nlm.nih.gov/sra/SRR5092750,public_SRA_metadata
https://www.ncbi.nlm.nih.gov/sra/SRR5092749,repository_or_publication_landing_page,public,PRJNA347853,raw_sequence_reads,FLU:SRP091397,included_human_influenza_challenge,SRX2409582,FLUFILE_d4d756f49bf1daddaa,,False,SRR5092749,,,SRR5092749,not_inspected_at_biological_file_level,,"{""data_dictionary/sources/influenza/snapshots/PMC5126380.html"":""958f1a1040292570eebb8fff7c9ac4bb2f900fa6c8085cd439c0517121511f27"",""data_dictionary/sources/influenza/snapshots/sra_viral_summaries_all.json"":""207c715e471e861d328810bbf39ad7a9e1b8b4ced5312442d8c89aab2df89514""}",data_dictionary/sources/influenza/snapshots/sra_viral_summaries_all.json,"[""data_dictionary/sources/influenza/snapshots/PMC5126380.html"",""data_dictionary/sources/influenza/snapshots/sra_viral_summaries_all.json""]",https://www.ncbi.nlm.nih.gov/sra/SRR5092749,3501615,SRP091397,CW_104_5006_1_NA,https://www.ncbi.nlm.nih.gov/sra/SRR5092749,public_SRA_metadata
https://www.ncbi.nlm.nih.gov/sra/SRR5092748,repository_or_publication_landing_page,public,PRJNA347853,raw_sequence_reads,FLU:SRP091397,included_human_influenza_challenge,SRX2409581,FLUFILE_ee22a8e8da6c3ab094,,False,SRR5092748,,,SRR5092748,not_inspected_at_biological_file_level,,"{""data_dictionary/sources/influenza/snapshots/PMC5126380.html"":""958f1a1040292570eebb8fff7c9ac4bb2f900fa6c8085cd439c0517121511f27"",""data_dictionary/sources/influenza/snapshots/sra_viral_summaries_all.json"":""207c715e471e861d328810bbf39ad7a9e1b8b4ced5312442d8c89aab2df89514""}",data_dictionary/sources/influenza/snapshots/sra_viral_summaries_all.json,"[""data_dictionary/sources/influenza/snapshots/PMC5126380.html"",""data_dictionary/sources/influenza/snapshots/sra_viral_summaries_all.json""]",https://www.ncbi.nlm.nih.gov/sra/SRR5092748,3501614,SRP091397,CW_102_5007_1_HA,https://www.ncbi.nlm.nih.gov/sra/SRR5092748,public_SRA_metadata
https://www.ncbi.nlm.nih.gov/sra/SRR5092747,repository_or_publication_landing_page,public,PRJNA347853,raw_sequence_reads,FLU:SRP091397,included_human_influenza_challenge,SRX2409580,FLUFILE_409da9182ac98d88a2,,False,SRR5092747,,,SRR5092747,not_inspected_at_biological_file_level,,"{""data_dictionary/sources/influenza/snapshots/PMC5126380.html"":""958f1a1040292570eebb8fff7c9ac4bb2f900fa6c8085cd439c0517121511f27"",""data_dictionary/sources/influenza/snapshots/sra_viral_summaries_all.json"":""207c715e471e861d328810bbf39ad7a9e1b8b4ced5312442d8c89aab2df89514""}",data_dictionary/sources/influenza/snapshots/sra_viral_summaries_all.json,"[""data_dictionary/sources/influenza/snapshots/PMC5126380.html"",""data_dictionary/sources/influenza/snapshots/sra_viral_summaries_all.json""]",https://www.ncbi.nlm.nih.gov/sra/SRR5092747,3501613,SRP091397,CW_120_5004_5_NP,https://www.ncbi.nlm.nih.gov/sra/SRR5092747,public_SRA_metadata
https://www.ncbi.nlm.nih.gov/sra/SRR5092746,repository_or_publication_landing_page,public,PRJNA347853,raw_sequence_reads,FLU:SRP091397,included_human_influenza_challenge,SRX2409579,FLUFILE_282fc88e256757cd20,,False,SRR5092746,,,SRR5092746,not_inspected_at_biological_file_level,,"{""data_dictionary/sources/influenza/snapshots/PMC5126380.html"":""958f1a1040292570eebb8fff7c9ac4bb2f900fa6c8085cd439c0517121511f27"",""data_dictionary/sources/influenza/snapshots/sra_viral_summaries_all.json"":""207c715e471e861d328810bbf39ad7a9e1b8b4ced5312442d8c89aab2df89514""}",data_dictionary/sources/influenza/snapshots/sra_viral_summaries_all.json,"[""data_dictionary/sources/influenza/snapshots/PMC5126380.html"",""data_dictionary/sources/influenza/snapshots/sra_viral_summaries_all.json""]",https://www.ncbi.nlm.nih.gov/sra/SRR5092746,3501612,SRP091397,CW_120_5004_5_PB1,https://www.ncbi.nlm.nih.gov/sra/SRR5092746,public_SRA_metadata
https://www.ncbi.nlm.nih.gov/sra/SRR5092745,repository_or_publication_landing_page,public,PRJNA347853,raw_sequence_reads,FLU:SRP091397,included_human_influenza_challenge,SRX2409578,FLUFILE_389e75b772f784516f,,False,SRR5092745,,,SRR5092745,not_inspected_at_biological_file_level,,"{""data_dictionary/sources/influenza/snapshots/PMC5126380.html"":""958f1a1040292570eebb8fff7c9ac4bb2f900fa6c8085cd439c0517121511f27"",""data_dictionary/sources/influenza/snapshots/sra_viral_summaries_all.json"":""207c715e471e861d328810bbf39ad7a9e1b8b4ced5312442d8c89aab2df89514""}",data_dictionary/sources/influenza/snapshots/sra_viral_summaries_all.json,"[""data_dictionary/sources/influenza/snapshots/PMC5126380.html"",""data_dictionary/sources/influenza/snapshots/sra_viral_summaries_all.json""]",https://www.ncbi.nlm.nih.gov/sra/SRR5092745,3501611,SRP091397,CW_114_5017_2_PB2,https://www.ncbi.nlm.nih.gov/sra/SRR5092745,public_SRA_metadata
https://www.ncbi.nlm.nih.gov/sra/SRR5092744,repository_or_publication_landing_page,public,PRJNA347853,raw_sequence_reads,FLU:SRP091397,included_human_influenza_challenge,SRX2409577,FLUFILE_8d421258652f459978,,False,SRR5092744,,,SRR5092744,not_inspected_at_biological_file_level,,"{""data_dictionary/sources/influenza/snapshots/PMC5126380.html"":""958f1a1040292570eebb8fff7c9ac4bb2f900fa6c8085cd439c0517121511f27"",""data_dictionary/sources/influenza/snapshots/sra_viral_summaries_all.json"":""207c715e471e861d328810bbf39ad7a9e1b8b4ced5312442d8c89aab2df89514""}",data_dictionary/sources/influenza/snapshots/sra_viral_summaries_all.json,"[""data_dictionary/sources/influenza/snapshots/PMC5126380.html"",""data_dictionary/sources/influenza/snapshots/sra_viral_summaries_all.json""]",https://www.ncbi.nlm.nih.gov/sra/SRR5092744,3501610,SRP091397,CW_112_5006_2_PB2,https://www.ncbi.nlm.nih.gov/sra/SRR5092744,public_SRA_metadata
https://www.ncbi.nlm.nih.gov/sra/SRR5092743,repository_or_publication_landing_page,public,PRJNA347853,raw_sequence_reads,FLU:SRP091397,included_human_influenza_challenge,SRX2409576,FLUFILE_45eb72ae30eae60590,,False,SRR5092743,,,SRR5092743,not_inspected_at_biological_file_level,,"{""data_dictionary/sources/influenza/snapshots/PMC5126380.html"":""958f1a1040292570eebb8fff7c9ac4bb2f900fa6c8085cd439c0517121511f27"",""data_dictionary/sources/influenza/snapshots/sra_viral_summaries_all.json"":""207c715e471e861d328810bbf39ad7a9e1b8b4ced5312442d8c89aab2df89514""}",data_dictionary/sources/influenza/snapshots/sra_viral_summaries_all.json,"[""data_dictionary/sources/influenza/snapshots/PMC5126380.html"",""data_dictionary/sources/influenza/snapshots/sra_viral_summaries_all.json""]",https://www.ncbi.nlm.nih.gov/sra/SRR5092743,3501609,SRP091397,CW_109_5020_1_PA,https://www.ncbi.nlm.nih.gov/sra/SRR5092743,public_SRA_metadata
https://www.ncbi.nlm.nih.gov/sra/SRR5092742,repository_or_publication_landing_page,public,PRJNA347853,raw_sequence_reads,FLU:SRP091397,included_human_influenza_challenge,SRX2409575,FLUFILE_c18cdbea534e2e3af0,,False,SRR5092742,,,SRR5092742,not_inspected_at_biological_file_level,,"{""data_dictionary/sources/influenza/snapshots/PMC5126380.html"":""958f1a1040292570eebb8fff7c9ac4bb2f900fa6c8085cd439c0517121511f27"",""data_dictionary/sources/influenza/snapshots/sra_viral_summaries_all.json"":""207c715e471e861d328810bbf39ad7a9e1b8b4ced5312442d8c89aab2df89514""}",data_dictionary/sources/influenza/snapshots/sra_viral_summaries_all.json,"[""data_dictionary/sources/influenza/snapshots/PMC5126380.html"",""data_dictionary/sources/influenza/snapshots/sra_viral_summaries_all.json""]",https://www.ncbi.nlm.nih.gov/sra/SRR5092742,3501608,SRP091397,CW_113_5007_2_MP,https://www.ncbi.nlm.nih.gov/sra/SRR5092742,public_SRA_metadata
https://www.ncbi.nlm.nih.gov/sra/SRR5092741,repository_or_publication_landing_page,public,PRJNA347853,raw_sequence_reads,FLU:SRP091397,included_human_influenza_challenge,SRX2409574,FLUFILE_1d9dda14d664494fc8,,False,SRR5092741,,,SRR5092741,not_inspected_at_biological_file_level,,"{""data_dictionary/sources/influenza/snapshots/PMC5126380.html"":""958f1a1040292570eebb8fff7c9ac4bb2f900fa6c8085cd439c0517121511f27"",""data_dictionary/sources/influenza/snapshots/sra_viral_summaries_all.json"":""207c715e471e861d328810bbf39ad7a9e1b8b4ced5312442d8c89aab2df89514""}",data_dictionary/sources/influenza/snapshots/sra_viral_summaries_all.json,"[""data_dictionary/sources/influenza/snapshots/PMC5126380.html"",""data_dictionary/sources/influenza/snapshots/sra_viral_summaries_all.json""]",https://www.ncbi.nlm.nih.gov/sra/SRR5092741,3501607,SRP091397,CW_131_5001_3_PB2,https://www.ncbi.nlm.nih.gov/sra/SRR5092741,public_SRA_metadata
https://www.ncbi.nlm.nih.gov/sra/SRR5092740,repository_or_publication_landing_page,public,PRJNA347853,raw_sequence_reads,FLU:SRP091397,included_human_influenza_challenge,SRX2409573,FLUFILE_adb745c72b365a714f,,False,SRR5092740,,,SRR5092740,not_inspected_at_biological_file_level,,"{""data_dictionary/sources/influenza/snapshots/PMC5126380.html"":""958f1a1040292570eebb8fff7c9ac4bb2f900fa6c8085cd439c0517121511f27"",""data_dictionary/sources/influenza/snapshots/sra_viral_summaries_all.json"":""207c715e471e861d328810bbf39ad7a9e1b8b4ced5312442d8c89aab2df89514""}",data_dictionary/sources/influenza/snapshots/sra_viral_summaries_all.json,"[""data_dictionary/sources/influenza/snapshots/PMC5126380.html"",""data_dictionary/sources/influenza/snapshots/sra_viral_summaries_all.json""]",https://www.ncbi.nlm.nih.gov/sra/SRR5092740,3501606,SRP091397,CW_113_5007_2_HA,https://www.ncbi.nlm.nih.gov/sra/SRR5092740,public_SRA_metadata
https://www.ncbi.nlm.nih.gov/sra/SRR5092739,repository_or_publication_landing_page,public,PRJNA347853,raw_sequence_reads,FLU:SRP091397,included_human_influenza_challenge,SRX2409572,FLUFILE_74e793e0a5f0f84de3,,False,SRR5092739,,,SRR5092739,not_inspected_at_biological_file_level,,"{""data_dictionary/sources/influenza/snapshots/PMC5126380.html"":""958f1a1040292570eebb8fff7c9ac4bb2f900fa6c8085cd439c0517121511f27"",""data_dictionary/sources/influenza/snapshots/sra_viral_summaries_all.json"":""207c715e471e861d328810bbf39ad7a9e1b8b4ced5312442d8c89aab2df89514""}",data_dictionary/sources/influenza/snapshots/sra_viral_summaries_all.json,"[""data_dictionary/sources/influenza/snapshots/PMC5126380.html"",""data_dictionary/sources/influenza/snapshots/sra_viral_summaries_all.json""]",https://www.ncbi.nlm.nih.gov/sra/SRR5092739,3501605,SRP091397,CW_101_5018_1_PB1,https://www.ncbi.nlm.nih.gov/sra/SRR5092739,public_SRA_metadata
https://www.ncbi.nlm.nih.gov/sra/SRR5092738,repository_or_publication_landing_page,public,PRJNA347853,raw_sequence_reads,FLU:SRP091397,included_human_influenza_challenge,SRX2409571,FLUFILE_a82326f5165e5766cb,,False,SRR5092738,,,SRR5092738,not_inspected_at_biological_file_level,,"{""data_dictionary/sources/influenza/snapshots/PMC5126380.html"":""958f1a1040292570eebb8fff7c9ac4bb2f900fa6c8085cd439c0517121511f27"",""data_dictionary/sources/influenza/snapshots/sra_viral_summaries_all.json"":""207c715e471e861d328810bbf39ad7a9e1b8b4ced5312442d8c89aab2df89514""}",data_dictionary/sources/influenza/snapshots/sra_viral_summaries_all.json,"[""data_dictionary/sources/influenza/snapshots/PMC5126380.html"",""data_dictionary/sources/influenza/snapshots/sra_viral_summaries_all.json""]",https://www.ncbi.nlm.nih.gov/sra/SRR5092738,3501604,SRP091397,CW_122_5021_5_NP,https://www.ncbi.nlm.nih.gov/sra/SRR5092738,public_SRA_metadata
https://www.ncbi.nlm.nih.gov/sra/SRR5092737,repository_or_publication_landing_page,public,PRJNA347853,raw_sequence_reads,FLU:SRP091397,included_human_influenza_challenge,SRX2409570,FLUFILE_83d0a9ad4de6799a7b,,False,SRR5092737,,,SRR5092737,not_inspected_at_biological_file_level,,"{""data_dictionary/sources/influenza/snapshots/PMC5126380.html"":""958f1a1040292570eebb8fff7c9ac4bb2f900fa6c8085cd439c0517121511f27"",""data_dictionary/sources/influenza/snapshots/sra_viral_summaries_all.json"":""207c715e471e861d328810bbf39ad7a9e1b8b4ced5312442d8c89aab2df89514""}",data_dictionary/sources/influenza/snapshots/sra_viral_summaries_all.json,"[""data_dictionary/sources/influenza/snapshots/PMC5126380.html"",""data_dictionary/sources/influenza/snapshots/sra_viral_summaries_all.json""]",https://www.ncbi.nlm.nih.gov/sra/SRR5092737,3501603,SRP091397,CW_116_5019_2_PB1,https://www.ncbi.nlm.nih.gov/sra/SRR5092737,public_SRA_metadata
https://www.ncbi.nlm.nih.gov/sra/SRR5092736,repository_or_publication_landing_page,public,PRJNA347853,raw_sequence_reads,FLU:SRP091397,included_human_influenza_challenge,SRX2409569,FLUFILE_a1214fa331ab139e8d,,False,SRR5092736,,,SRR5092736,not_inspected_at_biological_file_level,,"{""data_dictionary/sources/influenza/snapshots/PMC5126380.html"":""958f1a1040292570eebb8fff7c9ac4bb2f900fa6c8085cd439c0517121511f27"",""data_dictionary/sources/influenza/snapshots/sra_viral_summaries_all.json"":""207c715e471e861d328810bbf39ad7a9e1b8b4ced5312442d8c89aab2df89514""}",data_dictionary/sources/influenza/snapshots/sra_viral_summaries_all.json,"[""data_dictionary/sources/influenza/snapshots/PMC5126380.html"",""data_dictionary/sources/influenza/snapshots/sra_viral_summaries_all.json""]",https://www.ncbi.nlm.nih.gov/sra/SRR5092736,3501602,SRP091397,CW_119_5001_5_HA,https://www.ncbi.nlm.nih.gov/sra/SRR5092736,public_SRA_metadata
https://www.ncbi.nlm.nih.gov/sra/SRR5092735,repository_or_publication_landing_page,public,PRJNA347853,raw_sequence_reads,FLU:SRP091397,included_human_influenza_challenge,SRX2409568,FLUFILE_29b8d185b41c79a309,,False,SRR5092735,,,SRR5092735,not_inspected_at_biological_file_level,,"{""data_dictionary/sources/influenza/snapshots/PMC5126380.html"":""958f1a1040292570eebb8fff7c9ac4bb2f900fa6c8085cd439c0517121511f27"",""data_dictionary/sources/influenza/snapshots/sra_viral_summaries_all.json"":""207c715e471e861d328810bbf39ad7a9e1b8b4ced5312442d8c89aab2df89514""}",data_dictionary/sources/influenza/snapshots/sra_viral_summaries_all.json,"[""data_dictionary/sources/influenza/snapshots/PMC5126380.html"",""data_dictionary/sources/influenza/snapshots/sra_viral_summaries_all.json""]",https://www.ncbi.nlm.nih.gov/sra/SRR5092735,3501601,SRP091397,CW_122_5021_5_NS,https://www.ncbi.nlm.nih.gov/sra/SRR5092735,public_SRA_metadata
https://www.ncbi.nlm.nih.gov/sra/SRR5092734,repository_or_publication_landing_page,public,PRJNA347853,raw_sequence_reads,FLU:SRP091397,included_human_influenza_challenge,SRX2409567,FLUFILE_8985cda899907559e7,,False,SRR5092734,,,SRR5092734,not_inspected_at_biological_file_level,,"{""data_dictionary/sources/influenza/snapshots/PMC5126380.html"":""958f1a1040292570eebb8fff7c9ac4bb2f900fa6c8085cd439c0517121511f27"",""data_dictionary/sources/influenza/snapshots/sra_viral_summaries_all.json"":""207c715e471e861d328810bbf39ad7a9e1b8b4ced5312442d8c89aab2df89514""}",data_dictionary/sources/influenza/snapshots/sra_viral_summaries_all.json,"[""data_dictionary/sources/influenza/snapshots/PMC5126380.html"",""data_dictionary/sources/influenza/snapshots/sra_viral_summaries_all.json""]",https://www.ncbi.nlm.nih.gov/sra/SRR5092734,3501600,SRP091397,CW_117_5020_2_NP,https://www.ncbi.nlm.nih.gov/sra/SRR5092734,public_SRA_metadata
https://www.ncbi.nlm.nih.gov/sra/SRR5092733,repository_or_publication_landing_page,public,PRJNA347853,raw_sequence_reads,FLU:SRP091397,included_human_influenza_challenge,SRX2409566,FLUFILE_90c2d5582e11e6281c,,False,SRR5092733,,,SRR5092733,not_inspected_at_biological_file_level,,"{""data_dictionary/sources/influenza/snapshots/PMC5126380.html"":""958f1a1040292570eebb8fff7c9ac4bb2f900fa6c8085cd439c0517121511f27"",""data_dictionary/sources/influenza/snapshots/sra_viral_summaries_all.json"":""207c715e471e861d328810bbf39ad7a9e1b8b4ced5312442d8c89aab2df89514""}",data_dictionary/sources/influenza/snapshots/sra_viral_summaries_all.json,"[""data_dictionary/sources/influenza/snapshots/PMC5126380.html"",""data_dictionary/sources/influenza/snapshots/sra_viral_summaries_all.json""]",https://www.ncbi.nlm.nih.gov/sra/SRR5092733,3501599,SRP091397,CW_125_5007_3_NS,https://www.ncbi.nlm.nih.gov/sra/SRR5092733,public_SRA_metadata
https://www.ncbi.nlm.nih.gov/sra/SRR5092732,repository_or_publication_landing_page,public,PRJNA347853,raw_sequence_reads,FLU:SRP091397,included_human_influenza_challenge,SRX2409565,FLUFILE_68a1174f62edecefeb,,False,SRR5092732,,,SRR5092732,not_inspected_at_biological_file_level,,"{""data_dictionary/sources/influenza/snapshots/PMC5126380.html"":""958f1a1040292570eebb8fff7c9ac4bb2f900fa6c8085cd439c0517121511f27"",""data_dictionary/sources/influenza/snapshots/sra_viral_summaries_all.json"":""207c715e471e861d328810bbf39ad7a9e1b8b4ced5312442d8c89aab2df89514""}",data_dictionary/sources/influenza/snapshots/sra_viral_summaries_all.json,"[""data_dictionary/sources/influenza/snapshots/PMC5126380.html"",""data_dictionary/sources/influenza/snapshots/sra_viral_summaries_all.json""]",https://www.ncbi.nlm.nih.gov/sra/SRR5092732,3501598,SRP091397,CW_101_5018_1_HA,https://www.ncbi.nlm.nih.gov/sra/SRR5092732,public_SRA_metadata
https://www.ncbi.nlm.nih.gov/sra/SRR5092731,repository_or_publication_landing_page,public,PRJNA347853,raw_sequence_reads,FLU:SRP091397,included_human_influenza_challenge,SRX2409564,FLUFILE_c5dbb82720c9681035,,False,SRR5092731,,,SRR5092731,not_inspected_at_biological_file_level,,"{""data_dictionary/sources/influenza/snapshots/PMC5126380.html"":""958f1a1040292570eebb8fff7c9ac4bb2f900fa6c8085cd439c0517121511f27"",""data_dictionary/sources/influenza/snapshots/sra_viral_summaries_all.json"":""207c715e471e861d328810bbf39ad7a9e1b8b4ced5312442d8c89aab2df89514""}",data_dictionary/sources/influenza/snapshots/sra_viral_summaries_all.json,"[""data_dictionary/sources/influenza/snapshots/PMC5126380.html"",""data_dictionary/sources/influenza/snapshots/sra_viral_summaries_all.json""]",https://www.ncbi.nlm.nih.gov/sra/SRR5092731,3501597,SRP091397,CW_119_5001_5_NS,https://www.ncbi.nlm.nih.gov/sra/SRR5092731,public_SRA_metadata
https://www.ncbi.nlm.nih.gov/sra/SRR5092730,repository_or_publication_landing_page,public,PRJNA347853,raw_sequence_reads,FLU:SRP091397,included_human_influenza_challenge,SRX2409563,FLUFILE_b69dd72f966e3f04bf,,False,SRR5092730,,,SRR5092730,not_inspected_at_biological_file_level,,"{""data_dictionary/sources/influenza/snapshots/PMC5126380.html"":""958f1a1040292570eebb8fff7c9ac4bb2f900fa6c8085cd439c0517121511f27"",""data_dictionary/sources/influenza/snapshots/sra_viral_summaries_all.json"":""207c715e471e861d328810bbf39ad7a9e1b8b4ced5312442d8c89aab2df89514""}",data_dictionary/sources/influenza/snapshots/sra_viral_summaries_all.json,"[""data_dictionary/sources/influenza/snapshots/PMC5126380.html"",""data_dictionary/sources/influenza/snapshots/sra_viral_summaries_all.json""]",https://www.ncbi.nlm.nih.gov/sra/SRR5092730,3501596,SRP091397,CW_115_5018_2_NA,https://www.ncbi.nlm.nih.gov/sra/SRR5092730,public_SRA_metadata
https://www.ncbi.nlm.nih.gov/sra/SRR5092729,repository_or_publication_landing_page,public,PRJNA347853,raw_sequence_reads,FLU:SRP091397,included_human_influenza_challenge,SRX2409562,FLUFILE_28239e6fe77388213c,,False,SRR5092729,,,SRR5092729,not_inspected_at_biological_file_level,,"{""data_dictionary/sources/influenza/snapshots/PMC5126380.html"":""958f1a1040292570eebb8fff7c9ac4bb2f900fa6c8085cd439c0517121511f27"",""data_dictionary/sources/influenza/snapshots/sra_viral_summaries_all.json"":""207c715e471e861d328810bbf39ad7a9e1b8b4ced5312442d8c89aab2df89514""}",data_dictionary/sources/influenza/snapshots/sra_viral_summaries_all.json,"[""data_dictionary/sources/influenza/snapshots/PMC5126380.html"",""data_dictionary/sources/influenza/snapshots/sra_viral_summaries_all.json""]",https://www.ncbi.nlm.nih.gov/sra/SRR5092729,3501595,SRP091397,CW_113_5007_2_NP,https://www.ncbi.nlm.nih.gov/sra/SRR5092729,public_SRA_metadata
https://www.ncbi.nlm.nih.gov/sra/SRR5092728,repository_or_publication_landing_page,public,PRJNA347853,raw_sequence_reads,FLU:SRP091397,included_human_influenza_challenge,SRX2409561,FLUFILE_dfafabf037ed23b8fa,,False,SRR5092728,,,SRR5092728,not_inspected_at_biological_file_level,,"{""data_dictionary/sources/influenza/snapshots/PMC5126380.html"":""958f1a1040292570eebb8fff7c9ac4bb2f900fa6c8085cd439c0517121511f27"",""data_dictionary/sources/influenza/snapshots/sra_viral_summaries_all.json"":""207c715e471e861d328810bbf39ad7a9e1b8b4ced5312442d8c89aab2df89514""}",data_dictionary/sources/influenza/snapshots/sra_viral_summaries_all.json,"[""data_dictionary/sources/influenza/snapshots/PMC5126380.html"",""data_dictionary/sources/influenza/snapshots/sra_viral_summaries_all.json""]",https://www.ncbi.nlm.nih.gov/sra/SRR5092728,3501594,SRP091397,CW_115_5018_2_NS,https://www.ncbi.nlm.nih.gov/sra/SRR5092728,public_SRA_metadata
https://www.ncbi.nlm.nih.gov/sra/SRR5092727,repository_or_publication_landing_page,public,PRJNA347853,raw_sequence_reads,FLU:SRP091397,included_human_influenza_challenge,SRX2409560,FLUFILE_eed84e47992c920c9b,,False,SRR5092727,,,SRR5092727,not_inspected_at_biological_file_level,,"{""data_dictionary/sources/influenza/snapshots/PMC5126380.html"":""958f1a1040292570eebb8fff7c9ac4bb2f900fa6c8085cd439c0517121511f27"",""data_dictionary/sources/influenza/snapshots/sra_viral_summaries_all.json"":""207c715e471e861d328810bbf39ad7a9e1b8b4ced5312442d8c89aab2df89514""}",data_dictionary/sources/influenza/snapshots/sra_viral_summaries_all.json,"[""data_dictionary/sources/influenza/snapshots/PMC5126380.html"",""data_dictionary/sources/influenza/snapshots/sra_viral_summaries_all.json""]",https://www.ncbi.nlm.nih.gov/sra/SRR5092727,3501593,SRP091397,CW_105_5004_4_HA,https://www.ncbi.nlm.nih.gov/sra/SRR5092727,public_SRA_metadata
https://www.ncbi.nlm.nih.gov/sra/SRR5092726,repository_or_publication_landing_page,public,PRJNA347853,raw_sequence_reads,FLU:SRP091397,included_human_influenza_challenge,SRX2409559,FLUFILE_3c24c9aea6230aafe4,,False,SRR5092726,,,SRR5092726,not_inspected_at_biological_file_level,,"{""data_dictionary/sources/influenza/snapshots/PMC5126380.html"":""958f1a1040292570eebb8fff7c9ac4bb2f900fa6c8085cd439c0517121511f27"",""data_dictionary/sources/influenza/snapshots/sra_viral_summaries_all.json"":""207c715e471e861d328810bbf39ad7a9e1b8b4ced5312442d8c89aab2df89514""}",data_dictionary/sources/influenza/snapshots/sra_viral_summaries_all.json,"[""data_dictionary/sources/influenza/snapshots/PMC5126380.html"",""data_dictionary/sources/influenza/snapshots/sra_viral_summaries_all.json""]",https://www.ncbi.nlm.nih.gov/sra/SRR5092726,3501592,SRP091397,CW_129_5004_3_PB2,https://www.ncbi.nlm.nih.gov/sra/SRR5092726,public_SRA_metadata
https://www.ncbi.nlm.nih.gov/sra/SRR5092725,repository_or_publication_landing_page,public,PRJNA347853,raw_sequence_reads,FLU:SRP091397,included_human_influenza_challenge,SRX2409558,FLUFILE_4a1d2628636a715170,,False,SRR5092725,,,SRR5092725,not_inspected_at_biological_file_level,,"{""data_dictionary/sources/influenza/snapshots/PMC5126380.html"":""958f1a1040292570eebb8fff7c9ac4bb2f900fa6c8085cd439c0517121511f27"",""data_dictionary/sources/influenza/snapshots/sra_viral_summaries_all.json"":""207c715e471e861d328810bbf39ad7a9e1b8b4ced5312442d8c89aab2df89514""}",data_dictionary/sources/influenza/snapshots/sra_viral_summaries_all.json,"[""data_dictionary/sources/influenza/snapshots/PMC5126380.html"",""data_dictionary/sources/influenza/snapshots/sra_viral_summaries_all.json""]",https://www.ncbi.nlm.nih.gov/sra/SRR5092725,3501591,SRP091397,CW_126_5020_3_NS,https://www.ncbi.nlm.nih.gov/sra/SRR5092725,public_SRA_metadata
https://www.ncbi.nlm.nih.gov/sra/SRR5092724,repository_or_publication_landing_page,public,PRJNA347853,raw_sequence_reads,FLU:SRP091397,included_human_influenza_challenge,SRX2409557,FLUFILE_cb27af7f03757ed06e,,False,SRR5092724,,,SRR5092724,not_inspected_at_biological_file_level,,"{""data_dictionary/sources/influenza/snapshots/PMC5126380.html"":""958f1a1040292570eebb8fff7c9ac4bb2f900fa6c8085cd439c0517121511f27"",""data_dictionary/sources/influenza/snapshots/sra_viral_summaries_all.json"":""207c715e471e861d328810bbf39ad7a9e1b8b4ced5312442d8c89aab2df89514""}",data_dictionary/sources/influenza/snapshots/sra_viral_summaries_all.json,"[""data_dictionary/sources/influenza/snapshots/PMC5126380.html"",""data_dictionary/sources/influenza/snapshots/sra_viral_summaries_all.json""]",https://www.ncbi.nlm.nih.gov/sra/SRR5092724,3501590,SRP091397,CW_104_5006_1_PB2,https://www.ncbi.nlm.nih.gov/sra/SRR5092724,public_SRA_metadata
https://www.ncbi.nlm.nih.gov/sra/SRR5092723,repository_or_publication_landing_page,public,PRJNA347853,raw_sequence_reads,FLU:SRP091397,included_human_influenza_challenge,SRX2409556,FLUFILE_25d1e79e1dab41e5fb,,False,SRR5092723,,,SRR5092723,not_inspected_at_biological_file_level,,"{""data_dictionary/sources/influenza/snapshots/PMC5126380.html"":""958f1a1040292570eebb8fff7c9ac4bb2f900fa6c8085cd439c0517121511f27"",""data_dictionary/sources/influenza/snapshots/sra_viral_summaries_all.json"":""207c715e471e861d328810bbf39ad7a9e1b8b4ced5312442d8c89aab2df89514""}",data_dictionary/sources/influenza/snapshots/sra_viral_summaries_all.json,"[""data_dictionary/sources/influenza/snapshots/PMC5126380.html"",""data_dictionary/sources/influenza/snapshots/sra_viral_summaries_all.json""]",https://www.ncbi.nlm.nih.gov/sra/SRR5092723,3501589,SRP091397,CW_107_5004_2_MP,https://www.ncbi.nlm.nih.gov/sra/SRR5092723,public_SRA_metadata
https://www.ncbi.nlm.nih.gov/sra/SRR5092722,repository_or_publication_landing_page,public,PRJNA347853,raw_sequence_reads,FLU:SRP091397,included_human_influenza_challenge,SRX2409555,FLUFILE_b90fe443ecfe5de4b7,,False,SRR5092722,,,SRR5092722,not_inspected_at_biological_file_level,,"{""data_dictionary/sources/influenza/snapshots/PMC5126380.html"":""958f1a1040292570eebb8fff7c9ac4bb2f900fa6c8085cd439c0517121511f27"",""data_dictionary/sources/influenza/snapshots/sra_viral_summaries_all.json"":""207c715e471e861d328810bbf39ad7a9e1b8b4ced5312442d8c89aab2df89514""}",data_dictionary/sources/influenza/snapshots/sra_viral_summaries_all.json,"[""data_dictionary/sources/influenza/snapshots/PMC5126380.html"",""data_dictionary/sources/influenza/snapshots/sra_viral_summaries_all.json""]",https://www.ncbi.nlm.nih.gov/sra/SRR5092722,3501588,SRP091397,CW_111_5002_2_PA,https://www.ncbi.nlm.nih.gov/sra/SRR5092722,public_SRA_metadata
https://www.ncbi.nlm.nih.gov/sra/SRR5092721,repository_or_publication_landing_page,public,PRJNA347853,raw_sequence_reads,FLU:SRP091397,included_human_influenza_challenge,SRX2409554,FLUFILE_2b79b00636184c57ee,,False,SRR5092721,,,SRR5092721,not_inspected_at_biological_file_level,,"{""data_dictionary/sources/influenza/snapshots/PMC5126380.html"":""958f1a1040292570eebb8fff7c9ac4bb2f900fa6c8085cd439c0517121511f27"",""data_dictionary/sources/influenza/snapshots/sra_viral_summaries_all.json"":""207c715e471e861d328810bbf39ad7a9e1b8b4ced5312442d8c89aab2df89514""}",data_dictionary/sources/influenza/snapshots/sra_viral_summaries_all.json,"[""data_dictionary/sources/influenza/snapshots/PMC5126380.html"",""data_dictionary/sources/influenza/snapshots/sra_viral_summaries_all.json""]",https://www.ncbi.nlm.nih.gov/sra/SRR5092721,3501587,SRP091397,CW_111_5002_2_NP,https://www.ncbi.nlm.nih.gov/sra/SRR5092721,public_SRA_metadata
https://www.ncbi.nlm.nih.gov/sra/SRR5092720,repository_or_publication_landing_page,public,PRJNA347853,raw_sequence_reads,FLU:SRP091397,included_human_influenza_challenge,SRX2409553,FLUFILE_849b187263abd69539,,False,SRR5092720,,,SRR5092720,not_inspected_at_biological_file_level,,"{""data_dictionary/sources/influenza/snapshots/PMC5126380.html"":""958f1a1040292570eebb8fff7c9ac4bb2f900fa6c8085cd439c0517121511f27"",""data_dictionary/sources/influenza/snapshots/sra_viral_summaries_all.json"":""207c715e471e861d328810bbf39ad7a9e1b8b4ced5312442d8c89aab2df89514""}",data_dictionary/sources/influenza/snapshots/sra_viral_summaries_all.json,"[""data_dictionary/sources/influenza/snapshots/PMC5126380.html"",""data_dictionary/sources/influenza/snapshots/sra_viral_summaries_all.json""]",https://www.ncbi.nlm.nih.gov/sra/SRR5092720,3501586,SRP091397,CW_114_5017_2_PA,https://www.ncbi.nlm.nih.gov/sra/SRR5092720,public_SRA_metadata
https://www.ncbi.nlm.nih.gov/sra/SRR5092719,repository_or_publication_landing_page,public,PRJNA347853,raw_sequence_reads,FLU:SRP091397,included_human_influenza_challenge,SRX2409552,FLUFILE_ba96305f1755d6167d,,False,SRR5092719,,,SRR5092719,not_inspected_at_biological_file_level,,"{""data_dictionary/sources/influenza/snapshots/PMC5126380.html"":""958f1a1040292570eebb8fff7c9ac4bb2f900fa6c8085cd439c0517121511f27"",""data_dictionary/sources/influenza/snapshots/sra_viral_summaries_all.json"":""207c715e471e861d328810bbf39ad7a9e1b8b4ced5312442d8c89aab2df89514""}",data_dictionary/sources/influenza/snapshots/sra_viral_summaries_all.json,"[""data_dictionary/sources/influenza/snapshots/PMC5126380.html"",""data_dictionary/sources/influenza/snapshots/sra_viral_summaries_all.json""]",https://www.ncbi.nlm.nih.gov/sra/SRR5092719,3501585,SRP091397,CW_110_5021_1_MP,https://www.ncbi.nlm.nih.gov/sra/SRR5092719,public_SRA_metadata
https://www.ncbi.nlm.nih.gov/sra/SRR5092718,repository_or_publication_landing_page,public,PRJNA347853,raw_sequence_reads,FLU:SRP091397,included_human_influenza_challenge,SRX2409551,FLUFILE_bd098283dad69caac4,,False,SRR5092718,,,SRR5092718,not_inspected_at_biological_file_level,,"{""data_dictionary/sources/influenza/snapshots/PMC5126380.html"":""958f1a1040292570eebb8fff7c9ac4bb2f900fa6c8085cd439c0517121511f27"",""data_dictionary/sources/influenza/snapshots/sra_viral_summaries_all.json"":""207c715e471e861d328810bbf39ad7a9e1b8b4ced5312442d8c89aab2df89514""}",data_dictionary/sources/influenza/snapshots/sra_viral_summaries_all.json,"[""data_dictionary/sources/influenza/snapshots/PMC5126380.html"",""data_dictionary/sources/influenza/snapshots/sra_viral_summaries_all.json""]",https://www.ncbi.nlm.nih.gov/sra/SRR5092718,3501584,SRP091397,CW_112_5006_2_HA,https://www.ncbi.nlm.nih.gov/sra/SRR5092718,public_SRA_metadata
https://www.ncbi.nlm.nih.gov/sra/SRR5092717,repository_or_publication_landing_page,public,PRJNA347853,raw_sequence_reads,FLU:SRP091397,included_human_influenza_challenge,SRX2409550,FLUFILE_f775adc80bd1033826,,False,SRR5092717,,,SRR5092717,not_inspected_at_biological_file_level,,"{""data_dictionary/sources/influenza/snapshots/PMC5126380.html"":""958f1a1040292570eebb8fff7c9ac4bb2f900fa6c8085cd439c0517121511f27"",""data_dictionary/sources/influenza/snapshots/sra_viral_summaries_all.json"":""207c715e471e861d328810bbf39ad7a9e1b8b4ced5312442d8c89aab2df89514""}",data_dictionary/sources/influenza/snapshots/sra_viral_summaries_all.json,"[""data_dictionary/sources/influenza/snapshots/PMC5126380.html"",""data_dictionary/sources/influenza/snapshots/sra_viral_summaries_all.json""]",https://www.ncbi.nlm.nih.gov/sra/SRR5092717,3501583,SRP091397,CW_112_5006_2_MP,https://www.ncbi.nlm.nih.gov/sra/SRR5092717,public_SRA_metadata
https://www.ncbi.nlm.nih.gov/sra/SRR5092716,repository_or_publication_landing_page,public,PRJNA347853,raw_sequence_reads,FLU:SRP091397,included_human_influenza_challenge,SRX2409549,FLUFILE_a6651385b4336360f3,,False,SRR5092716,,,SRR5092716,not_inspected_at_biological_file_level,,"{""data_dictionary/sources/influenza/snapshots/PMC5126380.html"":""958f1a1040292570eebb8fff7c9ac4bb2f900fa6c8085cd439c0517121511f27"",""data_dictionary/sources/influenza/snapshots/sra_viral_summaries_all.json"":""207c715e471e861d328810bbf39ad7a9e1b8b4ced5312442d8c89aab2df89514""}",data_dictionary/sources/influenza/snapshots/sra_viral_summaries_all.json,"[""data_dictionary/sources/influenza/snapshots/PMC5126380.html"",""data_dictionary/sources/influenza/snapshots/sra_viral_summaries_all.json""]",https://www.ncbi.nlm.nih.gov/sra/SRR5092716,3501582,SRP091397,CW_109_5020_1_HA,https://www.ncbi.nlm.nih.gov/sra/SRR5092716,public_SRA_metadata
https://www.ncbi.nlm.nih.gov/sra/SRR5092715,repository_or_publication_landing_page,public,PRJNA347853,raw_sequence_reads,FLU:SRP091397,included_human_influenza_challenge,SRX2409548,FLUFILE_1efc5678bd85e4a393,,False,SRR5092715,,,SRR5092715,not_inspected_at_biological_file_level,,"{""data_dictionary/sources/influenza/snapshots/PMC5126380.html"":""958f1a1040292570eebb8fff7c9ac4bb2f900fa6c8085cd439c0517121511f27"",""data_dictionary/sources/influenza/snapshots/sra_viral_summaries_all.json"":""207c715e471e861d328810bbf39ad7a9e1b8b4ced5312442d8c89aab2df89514""}",data_dictionary/sources/influenza/snapshots/sra_viral_summaries_all.json,"[""data_dictionary/sources/influenza/snapshots/PMC5126380.html"",""data_dictionary/sources/influenza/snapshots/sra_viral_summaries_all.json""]",https://www.ncbi.nlm.nih.gov/sra/SRR5092715,3501581,SRP091397,CW_127_5006_3_PA,https://www.ncbi.nlm.nih.gov/sra/SRR5092715,public_SRA_metadata
https://www.ncbi.nlm.nih.gov/sra/SRR5092714,repository_or_publication_landing_page,public,PRJNA347853,raw_sequence_reads,FLU:SRP091397,included_human_influenza_challenge,SRX2409547,FLUFILE_df3b7697fa31ef6d24,,False,SRR5092714,,,SRR5092714,not_inspected_at_biological_file_level,,"{""data_dictionary/sources/influenza/snapshots/PMC5126380.html"":""958f1a1040292570eebb8fff7c9ac4bb2f900fa6c8085cd439c0517121511f27"",""data_dictionary/sources/influenza/snapshots/sra_viral_summaries_all.json"":""207c715e471e861d328810bbf39ad7a9e1b8b4ced5312442d8c89aab2df89514""}",data_dictionary/sources/influenza/snapshots/sra_viral_summaries_all.json,"[""data_dictionary/sources/influenza/snapshots/PMC5126380.html"",""data_dictionary/sources/influenza/snapshots/sra_viral_summaries_all.json""]",https://www.ncbi.nlm.nih.gov/sra/SRR5092714,3501580,SRP091397,CW_119_5001_5_NP,https://www.ncbi.nlm.nih.gov/sra/SRR5092714,public_SRA_metadata
https://www.ncbi.nlm.nih.gov/sra/SRR5092713,repository_or_publication_landing_page,public,PRJNA347853,raw_sequence_reads,FLU:SRP091397,included_human_influenza_challenge,SRX2409546,FLUFILE_42a4762dea7312841c,,False,SRR5092713,,,SRR5092713,not_inspected_at_biological_file_level,,"{""data_dictionary/sources/influenza/snapshots/PMC5126380.html"":""958f1a1040292570eebb8fff7c9ac4bb2f900fa6c8085cd439c0517121511f27"",""data_dictionary/sources/influenza/snapshots/sra_viral_summaries_all.json"":""207c715e471e861d328810bbf39ad7a9e1b8b4ced5312442d8c89aab2df89514""}",data_dictionary/sources/influenza/snapshots/sra_viral_summaries_all.json,"[""data_dictionary/sources/influenza/snapshots/PMC5126380.html"",""data_dictionary/sources/influenza/snapshots/sra_viral_summaries_all.json""]",https://www.ncbi.nlm.nih.gov/sra/SRR5092713,3501579,SRP091397,CW_104_5006_1_PB1,https://www.ncbi.nlm.nih.gov/sra/SRR5092713,public_SRA_metadata
https://www.ncbi.nlm.nih.gov/sra/SRR5092712,repository_or_publication_landing_page,public,PRJNA347853,raw_sequence_reads,FLU:SRP091397,included_human_influenza_challenge,SRX2409545,FLUFILE_31ff6bf72ad05aa482,,False,SRR5092712,,,SRR5092712,not_inspected_at_biological_file_level,,"{""data_dictionary/sources/influenza/snapshots/PMC5126380.html"":""958f1a1040292570eebb8fff7c9ac4bb2f900fa6c8085cd439c0517121511f27"",""data_dictionary/sources/influenza/snapshots/sra_viral_summaries_all.json"":""207c715e471e861d328810bbf39ad7a9e1b8b4ced5312442d8c89aab2df89514""}",data_dictionary/sources/influenza/snapshots/sra_viral_summaries_all.json,"[""data_dictionary/sources/influenza/snapshots/PMC5126380.html"",""data_dictionary/sources/influenza/snapshots/sra_viral_summaries_all.json""]",https://www.ncbi.nlm.nih.gov/sra/SRR5092712,3501578,SRP091397,CW_124_5019_3_MP,https://www.ncbi.nlm.nih.gov/sra/SRR5092712,public_SRA_metadata
https://www.ncbi.nlm.nih.gov/sra/SRR5092711,repository_or_publication_landing_page,public,PRJNA347853,raw_sequence_reads,FLU:SRP091397,included_human_influenza_challenge,SRX2409544,FLUFILE_18916936024a064643,,False,SRR5092711,,,SRR5092711,not_inspected_at_biological_file_level,,"{""data_dictionary/sources/influenza/snapshots/PMC5126380.html"":""958f1a1040292570eebb8fff7c9ac4bb2f900fa6c8085cd439c0517121511f27"",""data_dictionary/sources/influenza/snapshots/sra_viral_summaries_all.json"":""207c715e471e861d328810bbf39ad7a9e1b8b4ced5312442d8c89aab2df89514""}",data_dictionary/sources/influenza/snapshots/sra_viral_summaries_all.json,"[""data_dictionary/sources/influenza/snapshots/PMC5126380.html"",""data_dictionary/sources/influenza/snapshots/sra_viral_summaries_all.json""]",https://www.ncbi.nlm.nih.gov/sra/SRR5092711,3501577,SRP091397,CW_129_5004_3_NA,https://www.ncbi.nlm.nih.gov/sra/SRR5092711,public_SRA_metadata
https://www.ncbi.nlm.nih.gov/sra/SRR5092710,repository_or_publication_landing_page,public,PRJNA347853,raw_sequence_reads,FLU:SRP091397,included_human_influenza_challenge,SRX2409543,FLUFILE_80e0db1fd59b77fc2c,,False,SRR5092710,,,SRR5092710,not_inspected_at_biological_file_level,,"{""data_dictionary/sources/influenza/snapshots/PMC5126380.html"":""958f1a1040292570eebb8fff7c9ac4bb2f900fa6c8085cd439c0517121511f27"",""data_dictionary/sources/influenza/snapshots/sra_viral_summaries_all.json"":""207c715e471e861d328810bbf39ad7a9e1b8b4ced5312442d8c89aab2df89514""}",data_dictionary/sources/influenza/snapshots/sra_viral_summaries_all.json,"[""data_dictionary/sources/influenza/snapshots/PMC5126380.html"",""data_dictionary/sources/influenza/snapshots/sra_viral_summaries_all.json""]",https://www.ncbi.nlm.nih.gov/sra/SRR5092710,3501576,SRP091397,CW_107_5004_2_NP,https://www.ncbi.nlm.nih.gov/sra/SRR5092710,public_SRA_metadata
https://www.ncbi.nlm.nih.gov/sra/SRR5092709,repository_or_publication_landing_page,public,PRJNA347853,raw_sequence_reads,FLU:SRP091397,included_human_influenza_challenge,SRX2409542,FLUFILE_2ce9d5d1e7872dcf6f,,False,SRR5092709,,,SRR5092709,not_inspected_at_biological_file_level,,"{""data_dictionary/sources/influenza/snapshots/PMC5126380.html"":""958f1a1040292570eebb8fff7c9ac4bb2f900fa6c8085cd439c0517121511f27"",""data_dictionary/sources/influenza/snapshots/sra_viral_summaries_all.json"":""207c715e471e861d328810bbf39ad7a9e1b8b4ced5312442d8c89aab2df89514""}",data_dictionary/sources/influenza/snapshots/sra_viral_summaries_all.json,"[""data_dictionary/sources/influenza/snapshots/PMC5126380.html"",""data_dictionary/sources/influenza/snapshots/sra_viral_summaries_all.json""]",https://www.ncbi.nlm.nih.gov/sra/SRR5092709,3501575,SRP091397,CW_122_5021_5_PB2,https://www.ncbi.nlm.nih.gov/sra/SRR5092709,public_SRA_metadata
https://www.ncbi.nlm.nih.gov/sra/SRR5092708,repository_or_publication_landing_page,public,PRJNA347853,raw_sequence_reads,FLU:SRP091397,included_human_influenza_challenge,SRX2409541,FLUFILE_04db1ee8d69b52f69f,,False,SRR5092708,,,SRR5092708,not_inspected_at_biological_file_level,,"{""data_dictionary/sources/influenza/snapshots/PMC5126380.html"":""958f1a1040292570eebb8fff7c9ac4bb2f900fa6c8085cd439c0517121511f27"",""data_dictionary/sources/influenza/snapshots/sra_viral_summaries_all.json"":""207c715e471e861d328810bbf39ad7a9e1b8b4ced5312442d8c89aab2df89514""}",data_dictionary/sources/influenza/snapshots/sra_viral_summaries_all.json,"[""data_dictionary/sources/influenza/snapshots/PMC5126380.html"",""data_dictionary/sources/influenza/snapshots/sra_viral_summaries_all.json""]",https://www.ncbi.nlm.nih.gov/sra/SRR5092708,3501574,SRP091397,CW_113_5007_2_PB2,https://www.ncbi.nlm.nih.gov/sra/SRR5092708,public_SRA_metadata
https://www.ncbi.nlm.nih.gov/sra/SRR5092707,repository_or_publication_landing_page,public,PRJNA347853,raw_sequence_reads,FLU:SRP091397,included_human_influenza_challenge,SRX2409540,FLUFILE_b60dfc58a491c45b1b,,False,SRR5092707,,,SRR5092707,not_inspected_at_biological_file_level,,"{""data_dictionary/sources/influenza/snapshots/PMC5126380.html"":""958f1a1040292570eebb8fff7c9ac4bb2f900fa6c8085cd439c0517121511f27"",""data_dictionary/sources/influenza/snapshots/sra_viral_summaries_all.json"":""207c715e471e861d328810bbf39ad7a9e1b8b4ced5312442d8c89aab2df89514""}",data_dictionary/sources/influenza/snapshots/sra_viral_summaries_all.json,"[""data_dictionary/sources/influenza/snapshots/PMC5126380.html"",""data_dictionary/sources/influenza/snapshots/sra_viral_summaries_all.json""]",https://www.ncbi.nlm.nih.gov/sra/SRR5092707,3501573,SRP091397,CW_110_5021_1_PB1,https://www.ncbi.nlm.nih.gov/sra/SRR5092707,public_SRA_metadata
https://www.ncbi.nlm.nih.gov/sra/SRR5092706,repository_or_publication_landing_page,public,PRJNA347853,raw_sequence_reads,FLU:SRP091397,included_human_influenza_challenge,SRX2409539,FLUFILE_9ee5df4e82657090c1,,False,SRR5092706,,,SRR5092706,not_inspected_at_biological_file_level,,"{""data_dictionary/sources/influenza/snapshots/PMC5126380.html"":""958f1a1040292570eebb8fff7c9ac4bb2f900fa6c8085cd439c0517121511f27"",""data_dictionary/sources/influenza/snapshots/sra_viral_summaries_all.json"":""207c715e471e861d328810bbf39ad7a9e1b8b4ced5312442d8c89aab2df89514""}",data_dictionary/sources/influenza/snapshots/sra_viral_summaries_all.json,"[""data_dictionary/sources/influenza/snapshots/PMC5126380.html"",""data_dictionary/sources/influenza/snapshots/sra_viral_summaries_all.json""]",https://www.ncbi.nlm.nih.gov/sra/SRR5092706,3501572,SRP091397,CW_124_5019_3_NP,https://www.ncbi.nlm.nih.gov/sra/SRR5092706,public_SRA_metadata
https://www.ncbi.nlm.nih.gov/sra/SRR5092705,repository_or_publication_landing_page,public,PRJNA347853,raw_sequence_reads,FLU:SRP091397,included_human_influenza_challenge,SRX2409538,FLUFILE_15549e584c4ebd5086,,False,SRR5092705,,,SRR5092705,not_inspected_at_biological_file_level,,"{""data_dictionary/sources/influenza/snapshots/PMC5126380.html"":""958f1a1040292570eebb8fff7c9ac4bb2f900fa6c8085cd439c0517121511f27"",""data_dictionary/sources/influenza/snapshots/sra_viral_summaries_all.json"":""207c715e471e861d328810bbf39ad7a9e1b8b4ced5312442d8c89aab2df89514""}",data_dictionary/sources/influenza/snapshots/sra_viral_summaries_all.json,"[""data_dictionary/sources/influenza/snapshots/PMC5126380.html"",""data_dictionary/sources/influenza/snapshots/sra_viral_summaries_all.json""]",https://www.ncbi.nlm.nih.gov/sra/SRR5092705,3501571,SRP091397,CW_116_5019_2_NS,https://www.ncbi.nlm.nih.gov/sra/SRR5092705,public_SRA_metadata
https://www.ncbi.nlm.nih.gov/sra/SRR5092704,repository_or_publication_landing_page,public,PRJNA347853,raw_sequence_reads,FLU:SRP091397,included_human_influenza_challenge,SRX2409537,FLUFILE_76db25a0790998477a,,False,SRR5092704,,,SRR5092704,not_inspected_at_biological_file_level,,"{""data_dictionary/sources/influenza/snapshots/PMC5126380.html"":""958f1a1040292570eebb8fff7c9ac4bb2f900fa6c8085cd439c0517121511f27"",""data_dictionary/sources/influenza/snapshots/sra_viral_summaries_all.json"":""207c715e471e861d328810bbf39ad7a9e1b8b4ced5312442d8c89aab2df89514""}",data_dictionary/sources/influenza/snapshots/sra_viral_summaries_all.json,"[""data_dictionary/sources/influenza/snapshots/PMC5126380.html"",""data_dictionary/sources/influenza/snapshots/sra_viral_summaries_all.json""]",https://www.ncbi.nlm.nih.gov/sra/SRR5092704,3501570,SRP091397,CW_114_5017_2_NA,https://www.ncbi.nlm.nih.gov/sra/SRR5092704,public_SRA_metadata
https://www.ncbi.nlm.nih.gov/sra/SRR5092703,repository_or_publication_landing_page,public,PRJNA347853,raw_sequence_reads,FLU:SRP091397,included_human_influenza_challenge,SRX2409536,FLUFILE_16c8b39ac293d525ce,,False,SRR5092703,,,SRR5092703,not_inspected_at_biological_file_level,,"{""data_dictionary/sources/influenza/snapshots/PMC5126380.html"":""958f1a1040292570eebb8fff7c9ac4bb2f900fa6c8085cd439c0517121511f27"",""data_dictionary/sources/influenza/snapshots/sra_viral_summaries_all.json"":""207c715e471e861d328810bbf39ad7a9e1b8b4ced5312442d8c89aab2df89514""}",data_dictionary/sources/influenza/snapshots/sra_viral_summaries_all.json,"[""data_dictionary/sources/influenza/snapshots/PMC5126380.html"",""data_dictionary/sources/influenza/snapshots/sra_viral_summaries_all.json""]",https://www.ncbi.nlm.nih.gov/sra/SRR5092703,3501569,SRP091397,CW_127_5006_3_PB2,https://www.ncbi.nlm.nih.gov/sra/SRR5092703,public_SRA_metadata
https://www.ncbi.nlm.nih.gov/sra/SRR5092702,repository_or_publication_landing_page,public,PRJNA347853,raw_sequence_reads,FLU:SRP091397,included_human_influenza_challenge,SRX2409535,FLUFILE_86554b7549e38b2fc9,,False,SRR5092702,,,SRR5092702,not_inspected_at_biological_file_level,,"{""data_dictionary/sources/influenza/snapshots/PMC5126380.html"":""958f1a1040292570eebb8fff7c9ac4bb2f900fa6c8085cd439c0517121511f27"",""data_dictionary/sources/influenza/snapshots/sra_viral_summaries_all.json"":""207c715e471e861d328810bbf39ad7a9e1b8b4ced5312442d8c89aab2df89514""}",data_dictionary/sources/influenza/snapshots/sra_viral_summaries_all.json,"[""data_dictionary/sources/influenza/snapshots/PMC5126380.html"",""data_dictionary/sources/influenza/snapshots/sra_viral_summaries_all.json""]",https://www.ncbi.nlm.nih.gov/sra/SRR5092702,3501568,SRP091397,CW_103_5001_2_NS,https://www.ncbi.nlm.nih.gov/sra/SRR5092702,public_SRA_metadata
https://www.ncbi.nlm.nih.gov/sra/SRR5092701,repository_or_publication_landing_page,public,PRJNA347853,raw_sequence_reads,FLU:SRP091397,included_human_influenza_challenge,SRX2409534,FLUFILE_8a8fb10a5fc1b4ecb3,,False,SRR5092701,,,SRR5092701,not_inspected_at_biological_file_level,,"{""data_dictionary/sources/influenza/snapshots/PMC5126380.html"":""958f1a1040292570eebb8fff7c9ac4bb2f900fa6c8085cd439c0517121511f27"",""data_dictionary/sources/influenza/snapshots/sra_viral_summaries_all.json"":""207c715e471e861d328810bbf39ad7a9e1b8b4ced5312442d8c89aab2df89514""}",data_dictionary/sources/influenza/snapshots/sra_viral_summaries_all.json,"[""data_dictionary/sources/influenza/snapshots/PMC5126380.html"",""data_dictionary/sources/influenza/snapshots/sra_viral_summaries_all.json""]",https://www.ncbi.nlm.nih.gov/sra/SRR5092701,3501567,SRP091397,CW_101_5018_1_NS,https://www.ncbi.nlm.nih.gov/sra/SRR5092701,public_SRA_metadata
https://www.ncbi.nlm.nih.gov/sra/SRR5092700,repository_or_publication_landing_page,public,PRJNA347853,raw_sequence_reads,FLU:SRP091397,included_human_influenza_challenge,SRX2409533,FLUFILE_ae28e5d6ba3aa39d6a,,False,SRR5092700,,,SRR5092700,not_inspected_at_biological_file_level,,"{""data_dictionary/sources/influenza/snapshots/PMC5126380.html"":""958f1a1040292570eebb8fff7c9ac4bb2f900fa6c8085cd439c0517121511f27"",""data_dictionary/sources/influenza/snapshots/sra_viral_summaries_all.json"":""207c715e471e861d328810bbf39ad7a9e1b8b4ced5312442d8c89aab2df89514""}",data_dictionary/sources/influenza/snapshots/sra_viral_summaries_all.json,"[""data_dictionary/sources/influenza/snapshots/PMC5126380.html"",""data_dictionary/sources/influenza/snapshots/sra_viral_summaries_all.json""]",https://www.ncbi.nlm.nih.gov/sra/SRR5092700,3501566,SRP091397,CW_112_5006_2_PA,https://www.ncbi.nlm.nih.gov/sra/SRR5092700,public_SRA_metadata
https://www.ncbi.nlm.nih.gov/sra/SRR5092699,repository_or_publication_landing_page,public,PRJNA347853,raw_sequence_reads,FLU:SRP091397,included_human_influenza_challenge,SRX2409532,FLUFILE_05a592aa6947895fcf,,False,SRR5092699,,,SRR5092699,not_inspected_at_biological_file_level,,"{""data_dictionary/sources/influenza/snapshots/PMC5126380.html"":""958f1a1040292570eebb8fff7c9ac4bb2f900fa6c8085cd439c0517121511f27"",""data_dictionary/sources/influenza/snapshots/sra_viral_summaries_all.json"":""207c715e471e861d328810bbf39ad7a9e1b8b4ced5312442d8c89aab2df89514""}",data_dictionary/sources/influenza/snapshots/sra_viral_summaries_all.json,"[""data_dictionary/sources/influenza/snapshots/PMC5126380.html"",""data_dictionary/sources/influenza/snapshots/sra_viral_summaries_all.json""]",https://www.ncbi.nlm.nih.gov/sra/SRR5092699,3501565,SRP091397,CW_119_5001_5_PA,https://www.ncbi.nlm.nih.gov/sra/SRR5092699,public_SRA_metadata
https://www.ncbi.nlm.nih.gov/sra/SRR5092698,repository_or_publication_landing_page,public,PRJNA347853,raw_sequence_reads,FLU:SRP091397,included_human_influenza_challenge,SRX2409531,FLUFILE_7a7e7ec9516d26970b,,False,SRR5092698,,,SRR5092698,not_inspected_at_biological_file_level,,"{""data_dictionary/sources/influenza/snapshots/PMC5126380.html"":""958f1a1040292570eebb8fff7c9ac4bb2f900fa6c8085cd439c0517121511f27"",""data_dictionary/sources/influenza/snapshots/sra_viral_summaries_all.json"":""207c715e471e861d328810bbf39ad7a9e1b8b4ced5312442d8c89aab2df89514""}",data_dictionary/sources/influenza/snapshots/sra_viral_summaries_all.json,"[""data_dictionary/sources/influenza/snapshots/PMC5126380.html"",""data_dictionary/sources/influenza/snapshots/sra_viral_summaries_all.json""]",https://www.ncbi.nlm.nih.gov/sra/SRR5092698,3501564,SRP091397,CW_121_5020_4_PB1,https://www.ncbi.nlm.nih.gov/sra/SRR5092698,public_SRA_metadata
https://www.ncbi.nlm.nih.gov/sra/SRR5092697,repository_or_publication_landing_page,public,PRJNA347853,raw_sequence_reads,FLU:SRP091397,included_human_influenza_challenge,SRX2409530,FLUFILE_479d1081b74cb5c7f9,,False,SRR5092697,,,SRR5092697,not_inspected_at_biological_file_level,,"{""data_dictionary/sources/influenza/snapshots/PMC5126380.html"":""958f1a1040292570eebb8fff7c9ac4bb2f900fa6c8085cd439c0517121511f27"",""data_dictionary/sources/influenza/snapshots/sra_viral_summaries_all.json"":""207c715e471e861d328810bbf39ad7a9e1b8b4ced5312442d8c89aab2df89514""}",data_dictionary/sources/influenza/snapshots/sra_viral_summaries_all.json,"[""data_dictionary/sources/influenza/snapshots/PMC5126380.html"",""data_dictionary/sources/influenza/snapshots/sra_viral_summaries_all.json""]",https://www.ncbi.nlm.nih.gov/sra/SRR5092697,3501563,SRP091397,CW_113_5007_2_PB1,https://www.ncbi.nlm.nih.gov/sra/SRR5092697,public_SRA_metadata
https://www.ncbi.nlm.nih.gov/sra/SRR5092696,repository_or_publication_landing_page,public,PRJNA347853,raw_sequence_reads,FLU:SRP091397,included_human_influenza_challenge,SRX2409529,FLUFILE_f6002cd4011648b340,,False,SRR5092696,,,SRR5092696,not_inspected_at_biological_file_level,,"{""data_dictionary/sources/influenza/snapshots/PMC5126380.html"":""958f1a1040292570eebb8fff7c9ac4bb2f900fa6c8085cd439c0517121511f27"",""data_dictionary/sources/influenza/snapshots/sra_viral_summaries_all.json"":""207c715e471e861d328810bbf39ad7a9e1b8b4ced5312442d8c89aab2df89514""}",data_dictionary/sources/influenza/snapshots/sra_viral_summaries_all.json,"[""data_dictionary/sources/influenza/snapshots/PMC5126380.html"",""data_dictionary/sources/influenza/snapshots/sra_viral_summaries_all.json""]",https://www.ncbi.nlm.nih.gov/sra/SRR5092696,3501562,SRP091397,CW_125_5007_3_PB1,https://www.ncbi.nlm.nih.gov/sra/SRR5092696,public_SRA_metadata
https://www.ncbi.nlm.nih.gov/sra/SRR5092695,repository_or_publication_landing_page,public,PRJNA347853,raw_sequence_reads,FLU:SRP091397,included_human_influenza_challenge,SRX2409528,FLUFILE_1d99cf02cca0a89979,,False,SRR5092695,,,SRR5092695,not_inspected_at_biological_file_level,,"{""data_dictionary/sources/influenza/snapshots/PMC5126380.html"":""958f1a1040292570eebb8fff7c9ac4bb2f900fa6c8085cd439c0517121511f27"",""data_dictionary/sources/influenza/snapshots/sra_viral_summaries_all.json"":""207c715e471e861d328810bbf39ad7a9e1b8b4ced5312442d8c89aab2df89514""}",data_dictionary/sources/influenza/snapshots/sra_viral_summaries_all.json,"[""data_dictionary/sources/influenza/snapshots/PMC5126380.html"",""data_dictionary/sources/influenza/snapshots/sra_viral_summaries_all.json""]",https://www.ncbi.nlm.nih.gov/sra/SRR5092695,3501561,SRP091397,CW_127_5006_3_MP,https://www.ncbi.nlm.nih.gov/sra/SRR5092695,public_SRA_metadata
https://www.ncbi.nlm.nih.gov/sra/SRR5092694,repository_or_publication_landing_page,public,PRJNA347853,raw_sequence_reads,FLU:SRP091397,included_human_influenza_challenge,SRX2409527,FLUFILE_10b136c99477a856b7,,False,SRR5092694,,,SRR5092694,not_inspected_at_biological_file_level,,"{""data_dictionary/sources/influenza/snapshots/PMC5126380.html"":""958f1a1040292570eebb8fff7c9ac4bb2f900fa6c8085cd439c0517121511f27"",""data_dictionary/sources/influenza/snapshots/sra_viral_summaries_all.json"":""207c715e471e861d328810bbf39ad7a9e1b8b4ced5312442d8c89aab2df89514""}",data_dictionary/sources/influenza/snapshots/sra_viral_summaries_all.json,"[""data_dictionary/sources/influenza/snapshots/PMC5126380.html"",""data_dictionary/sources/influenza/snapshots/sra_viral_summaries_all.json""]",https://www.ncbi.nlm.nih.gov/sra/SRR5092694,3501560,SRP091397,CW_129_5004_3_NP,https://www.ncbi.nlm.nih.gov/sra/SRR5092694,public_SRA_metadata
https://www.ncbi.nlm.nih.gov/sra/SRR5092693,repository_or_publication_landing_page,public,PRJNA347853,raw_sequence_reads,FLU:SRP091397,included_human_influenza_challenge,SRX2409526,FLUFILE_88fde021dd3a6fc8d3,,False,SRR5092693,,,SRR5092693,not_inspected_at_biological_file_level,,"{""data_dictionary/sources/influenza/snapshots/PMC5126380.html"":""958f1a1040292570eebb8fff7c9ac4bb2f900fa6c8085cd439c0517121511f27"",""data_dictionary/sources/influenza/snapshots/sra_viral_summaries_all.json"":""207c715e471e861d328810bbf39ad7a9e1b8b4ced5312442d8c89aab2df89514""}",data_dictionary/sources/influenza/snapshots/sra_viral_summaries_all.json,"[""data_dictionary/sources/influenza/snapshots/PMC5126380.html"",""data_dictionary/sources/influenza/snapshots/sra_viral_summaries_all.json""]",https://www.ncbi.nlm.nih.gov/sra/SRR5092693,3501559,SRP091397,CW_124_5019_3_PA,https://www.ncbi.nlm.nih.gov/sra/SRR5092693,public_SRA_metadata
https://www.ncbi.nlm.nih.gov/sra/SRR5092692,repository_or_publication_landing_page,public,PRJNA347853,raw_sequence_reads,FLU:SRP091397,included_human_influenza_challenge,SRX2409525,FLUFILE_ae9b1d1b6237766b60,,False,SRR5092692,,,SRR5092692,not_inspected_at_biological_file_level,,"{""data_dictionary/sources/influenza/snapshots/PMC5126380.html"":""958f1a1040292570eebb8fff7c9ac4bb2f900fa6c8085cd439c0517121511f27"",""data_dictionary/sources/influenza/snapshots/sra_viral_summaries_all.json"":""207c715e471e861d328810bbf39ad7a9e1b8b4ced5312442d8c89aab2df89514""}",data_dictionary/sources/influenza/snapshots/sra_viral_summaries_all.json,"[""data_dictionary/sources/influenza/snapshots/PMC5126380.html"",""data_dictionary/sources/influenza/snapshots/sra_viral_summaries_all.json""]",https://www.ncbi.nlm.nih.gov/sra/SRR5092692,3501558,SRP091397,CW_105_5004_4_NS,https://www.ncbi.nlm.nih.gov/sra/SRR5092692,public_SRA_metadata
https://www.ncbi.nlm.nih.gov/sra/SRR5092691,repository_or_publication_landing_page,public,PRJNA347853,raw_sequence_reads,FLU:SRP091397,included_human_influenza_challenge,SRX2409524,FLUFILE_8db6f7ad268e34e8cd,,False,SRR5092691,,,SRR5092691,not_inspected_at_biological_file_level,,"{""data_dictionary/sources/influenza/snapshots/PMC5126380.html"":""958f1a1040292570eebb8fff7c9ac4bb2f900fa6c8085cd439c0517121511f27"",""data_dictionary/sources/influenza/snapshots/sra_viral_summaries_all.json"":""207c715e471e861d328810bbf39ad7a9e1b8b4ced5312442d8c89aab2df89514""}",data_dictionary/sources/influenza/snapshots/sra_viral_summaries_all.json,"[""data_dictionary/sources/influenza/snapshots/PMC5126380.html"",""data_dictionary/sources/influenza/snapshots/sra_viral_summaries_all.json""]",https://www.ncbi.nlm.nih.gov/sra/SRR5092691,3501557,SRP091397,CW_111_5002_2_NS,https://www.ncbi.nlm.nih.gov/sra/SRR5092691,public_SRA_metadata
https://www.ncbi.nlm.nih.gov/sra/SRR5092690,repository_or_publication_landing_page,public,PRJNA347853,raw_sequence_reads,FLU:SRP091397,included_human_influenza_challenge,SRX2409523,FLUFILE_bacd5f4ffbfb0a0096,,False,SRR5092690,,,SRR5092690,not_inspected_at_biological_file_level,,"{""data_dictionary/sources/influenza/snapshots/PMC5126380.html"":""958f1a1040292570eebb8fff7c9ac4bb2f900fa6c8085cd439c0517121511f27"",""data_dictionary/sources/influenza/snapshots/sra_viral_summaries_all.json"":""207c715e471e861d328810bbf39ad7a9e1b8b4ced5312442d8c89aab2df89514""}",data_dictionary/sources/influenza/snapshots/sra_viral_summaries_all.json,"[""data_dictionary/sources/influenza/snapshots/PMC5126380.html"",""data_dictionary/sources/influenza/snapshots/sra_viral_summaries_all.json""]",https://www.ncbi.nlm.nih.gov/sra/SRR5092690,3501556,SRP091397,CW_112_5006_2_NA,https://www.ncbi.nlm.nih.gov/sra/SRR5092690,public_SRA_metadata
https://www.ncbi.nlm.nih.gov/sra/SRR5092689,repository_or_publication_landing_page,public,PRJNA347853,raw_sequence_reads,FLU:SRP091397,included_human_influenza_challenge,SRX2409522,FLUFILE_d25679a3bdc3b00aee,,False,SRR5092689,,,SRR5092689,not_inspected_at_biological_file_level,,"{""data_dictionary/sources/influenza/snapshots/PMC5126380.html"":""958f1a1040292570eebb8fff7c9ac4bb2f900fa6c8085cd439c0517121511f27"",""data_dictionary/sources/influenza/snapshots/sra_viral_summaries_all.json"":""207c715e471e861d328810bbf39ad7a9e1b8b4ced5312442d8c89aab2df89514""}",data_dictionary/sources/influenza/snapshots/sra_viral_summaries_all.json,"[""data_dictionary/sources/influenza/snapshots/PMC5126380.html"",""data_dictionary/sources/influenza/snapshots/sra_viral_summaries_all.json""]",https://www.ncbi.nlm.nih.gov/sra/SRR5092689,3501555,SRP091397,CW_115_5018_2_PA,https://www.ncbi.nlm.nih.gov/sra/SRR5092689,public_SRA_metadata
https://www.ncbi.nlm.nih.gov/sra/SRR5092688,repository_or_publication_landing_page,public,PRJNA347853,raw_sequence_reads,FLU:SRP091397,included_human_influenza_challenge,SRX2409521,FLUFILE_623b0794d59fb9f30f,,False,SRR5092688,,,SRR5092688,not_inspected_at_biological_file_level,,"{""data_dictionary/sources/influenza/snapshots/PMC5126380.html"":""958f1a1040292570eebb8fff7c9ac4bb2f900fa6c8085cd439c0517121511f27"",""data_dictionary/sources/influenza/snapshots/sra_viral_summaries_all.json"":""207c715e471e861d328810bbf39ad7a9e1b8b4ced5312442d8c89aab2df89514""}",data_dictionary/sources/influenza/snapshots/sra_viral_summaries_all.json,"[""data_dictionary/sources/influenza/snapshots/PMC5126380.html"",""data_dictionary/sources/influenza/snapshots/sra_viral_summaries_all.json""]",https://www.ncbi.nlm.nih.gov/sra/SRR5092688,3501554,SRP091397,CW_130_5002_3_PB2,https://www.ncbi.nlm.nih.gov/sra/SRR5092688,public_SRA_metadata
https://www.ncbi.nlm.nih.gov/sra/SRR5092687,repository_or_publication_landing_page,public,PRJNA347853,raw_sequence_reads,FLU:SRP091397,included_human_influenza_challenge,SRX2409520,FLUFILE_2b59cdf6c8432eee12,,False,SRR5092687,,,SRR5092687,not_inspected_at_biological_file_level,,"{""data_dictionary/sources/influenza/snapshots/PMC5126380.html"":""958f1a1040292570eebb8fff7c9ac4bb2f900fa6c8085cd439c0517121511f27"",""data_dictionary/sources/influenza/snapshots/sra_viral_summaries_all.json"":""207c715e471e861d328810bbf39ad7a9e1b8b4ced5312442d8c89aab2df89514""}",data_dictionary/sources/influenza/snapshots/sra_viral_summaries_all.json,"[""data_dictionary/sources/influenza/snapshots/PMC5126380.html"",""data_dictionary/sources/influenza/snapshots/sra_viral_summaries_all.json""]",https://www.ncbi.nlm.nih.gov/sra/SRR5092687,3501553,SRP091397,CW_108_5019_1_MP,https://www.ncbi.nlm.nih.gov/sra/SRR5092687,public_SRA_metadata
https://www.ncbi.nlm.nih.gov/sra/SRR5092686,repository_or_publication_landing_page,public,PRJNA347853,raw_sequence_reads,FLU:SRP091397,included_human_influenza_challenge,SRX2409519,FLUFILE_871184b367b1e176c4,,False,SRR5092686,,,SRR5092686,not_inspected_at_biological_file_level,,"{""data_dictionary/sources/influenza/snapshots/PMC5126380.html"":""958f1a1040292570eebb8fff7c9ac4bb2f900fa6c8085cd439c0517121511f27"",""data_dictionary/sources/influenza/snapshots/sra_viral_summaries_all.json"":""207c715e471e861d328810bbf39ad7a9e1b8b4ced5312442d8c89aab2df89514""}",data_dictionary/sources/influenza/snapshots/sra_viral_summaries_all.json,"[""data_dictionary/sources/influenza/snapshots/PMC5126380.html"",""data_dictionary/sources/influenza/snapshots/sra_viral_summaries_all.json""]",https://www.ncbi.nlm.nih.gov/sra/SRR5092686,3501552,SRP091397,CW_127_5006_3_NP,https://www.ncbi.nlm.nih.gov/sra/SRR5092686,public_SRA_metadata
https://www.ncbi.nlm.nih.gov/sra/SRR5092685,repository_or_publication_landing_page,public,PRJNA347853,raw_sequence_reads,FLU:SRP091397,included_human_influenza_challenge,SRX2409518,FLUFILE_a046b73268a7d3f9ee,,False,SRR5092685,,,SRR5092685,not_inspected_at_biological_file_level,,"{""data_dictionary/sources/influenza/snapshots/PMC5126380.html"":""958f1a1040292570eebb8fff7c9ac4bb2f900fa6c8085cd439c0517121511f27"",""data_dictionary/sources/influenza/snapshots/sra_viral_summaries_all.json"":""207c715e471e861d328810bbf39ad7a9e1b8b4ced5312442d8c89aab2df89514""}",data_dictionary/sources/influenza/snapshots/sra_viral_summaries_all.json,"[""data_dictionary/sources/influenza/snapshots/PMC5126380.html"",""data_dictionary/sources/influenza/snapshots/sra_viral_summaries_all.json""]",https://www.ncbi.nlm.nih.gov/sra/SRR5092685,3501551,SRP091397,CW_103_5001_2_NA,https://www.ncbi.nlm.nih.gov/sra/SRR5092685,public_SRA_metadata
https://www.ncbi.nlm.nih.gov/sra/SRR5092684,repository_or_publication_landing_page,public,PRJNA347853,raw_sequence_reads,FLU:SRP091397,included_human_influenza_challenge,SRX2409517,FLUFILE_b6a7bf9ddfb0f36415,,False,SRR5092684,,,SRR5092684,not_inspected_at_biological_file_level,,"{""data_dictionary/sources/influenza/snapshots/PMC5126380.html"":""958f1a1040292570eebb8fff7c9ac4bb2f900fa6c8085cd439c0517121511f27"",""data_dictionary/sources/influenza/snapshots/sra_viral_summaries_all.json"":""207c715e471e861d328810bbf39ad7a9e1b8b4ced5312442d8c89aab2df89514""}",data_dictionary/sources/influenza/snapshots/sra_viral_summaries_all.json,"[""data_dictionary/sources/influenza/snapshots/PMC5126380.html"",""data_dictionary/sources/influenza/snapshots/sra_viral_summaries_all.json""]",https://www.ncbi.nlm.nih.gov/sra/SRR5092684,3501550,SRP091397,CW_110_5021_1_NP,https://www.ncbi.nlm.nih.gov/sra/SRR5092684,public_SRA_metadata
https://www.ncbi.nlm.nih.gov/sra/SRR5092683,repository_or_publication_landing_page,public,PRJNA347853,raw_sequence_reads,FLU:SRP091397,included_human_influenza_challenge,SRX2409516,FLUFILE_9ce23a97e02c79c209,,False,SRR5092683,,,SRR5092683,not_inspected_at_biological_file_level,,"{""data_dictionary/sources/influenza/snapshots/PMC5126380.html"":""958f1a1040292570eebb8fff7c9ac4bb2f900fa6c8085cd439c0517121511f27"",""data_dictionary/sources/influenza/snapshots/sra_viral_summaries_all.json"":""207c715e471e861d328810bbf39ad7a9e1b8b4ced5312442d8c89aab2df89514""}",data_dictionary/sources/influenza/snapshots/sra_viral_summaries_all.json,"[""data_dictionary/sources/influenza/snapshots/PMC5126380.html"",""data_dictionary/sources/influenza/snapshots/sra_viral_summaries_all.json""]",https://www.ncbi.nlm.nih.gov/sra/SRR5092683,3501549,SRP091397,CW_103_5001_2_PB2,https://www.ncbi.nlm.nih.gov/sra/SRR5092683,public_SRA_metadata
https://www.ncbi.nlm.nih.gov/sra/SRR5092682,repository_or_publication_landing_page,public,PRJNA347853,raw_sequence_reads,FLU:SRP091397,included_human_influenza_challenge,SRX2409515,FLUFILE_a83fc8c4ae1ee4fc1d,,False,SRR5092682,,,SRR5092682,not_inspected_at_biological_file_level,,"{""data_dictionary/sources/influenza/snapshots/PMC5126380.html"":""958f1a1040292570eebb8fff7c9ac4bb2f900fa6c8085cd439c0517121511f27"",""data_dictionary/sources/influenza/snapshots/sra_viral_summaries_all.json"":""207c715e471e861d328810bbf39ad7a9e1b8b4ced5312442d8c89aab2df89514""}",data_dictionary/sources/influenza/snapshots/sra_viral_summaries_all.json,"[""data_dictionary/sources/influenza/snapshots/PMC5126380.html"",""data_dictionary/sources/influenza/snapshots/sra_viral_summaries_all.json""]",https://www.ncbi.nlm.nih.gov/sra/SRR5092682,3501548,SRP091397,CW_129_5004_3_HA,https://www.ncbi.nlm.nih.gov/sra/SRR5092682,public_SRA_metadata
https://www.ncbi.nlm.nih.gov/sra/SRR5092681,repository_or_publication_landing_page,public,PRJNA347853,raw_sequence_reads,FLU:SRP091397,included_human_influenza_challenge,SRX2409514,FLUFILE_cf4d121952da290cc9,,False,SRR5092681,,,SRR5092681,not_inspected_at_biological_file_level,,"{""data_dictionary/sources/influenza/snapshots/PMC5126380.html"":""958f1a1040292570eebb8fff7c9ac4bb2f900fa6c8085cd439c0517121511f27"",""data_dictionary/sources/influenza/snapshots/sra_viral_summaries_all.json"":""207c715e471e861d328810bbf39ad7a9e1b8b4ced5312442d8c89aab2df89514""}",data_dictionary/sources/influenza/snapshots/sra_viral_summaries_all.json,"[""data_dictionary/sources/influenza/snapshots/PMC5126380.html"",""data_dictionary/sources/influenza/snapshots/sra_viral_summaries_all.json""]",https://www.ncbi.nlm.nih.gov/sra/SRR5092681,3501547,SRP091397,CW_108_5019_1_NS,https://www.ncbi.nlm.nih.gov/sra/SRR5092681,public_SRA_metadata
https://www.ncbi.nlm.nih.gov/sra/SRR5092680,repository_or_publication_landing_page,public,PRJNA347853,raw_sequence_reads,FLU:SRP091397,included_human_influenza_challenge,SRX2409513,FLUFILE_64d8dc85b330d315bd,,False,SRR5092680,,,SRR5092680,not_inspected_at_biological_file_level,,"{""data_dictionary/sources/influenza/snapshots/PMC5126380.html"":""958f1a1040292570eebb8fff7c9ac4bb2f900fa6c8085cd439c0517121511f27"",""data_dictionary/sources/influenza/snapshots/sra_viral_summaries_all.json"":""207c715e471e861d328810bbf39ad7a9e1b8b4ced5312442d8c89aab2df89514""}",data_dictionary/sources/influenza/snapshots/sra_viral_summaries_all.json,"[""data_dictionary/sources/influenza/snapshots/PMC5126380.html"",""data_dictionary/sources/influenza/snapshots/sra_viral_summaries_all.json""]",https://www.ncbi.nlm.nih.gov/sra/SRR5092680,3501546,SRP091397,CW_117_5020_2_MP,https://www.ncbi.nlm.nih.gov/sra/SRR5092680,public_SRA_metadata
https://www.ncbi.nlm.nih.gov/sra/SRR5092679,repository_or_publication_landing_page,public,PRJNA347853,raw_sequence_reads,FLU:SRP091397,included_human_influenza_challenge,SRX2409512,FLUFILE_9a8ec6d57526b2b11b,,False,SRR5092679,,,SRR5092679,not_inspected_at_biological_file_level,,"{""data_dictionary/sources/influenza/snapshots/PMC5126380.html"":""958f1a1040292570eebb8fff7c9ac4bb2f900fa6c8085cd439c0517121511f27"",""data_dictionary/sources/influenza/snapshots/sra_viral_summaries_all.json"":""207c715e471e861d328810bbf39ad7a9e1b8b4ced5312442d8c89aab2df89514""}",data_dictionary/sources/influenza/snapshots/sra_viral_summaries_all.json,"[""data_dictionary/sources/influenza/snapshots/PMC5126380.html"",""data_dictionary/sources/influenza/snapshots/sra_viral_summaries_all.json""]",https://www.ncbi.nlm.nih.gov/sra/SRR5092679,3501545,SRP091397,CW_124_5019_3_NA,https://www.ncbi.nlm.nih.gov/sra/SRR5092679,public_SRA_metadata
https://www.ncbi.nlm.nih.gov/sra/SRR5092678,repository_or_publication_landing_page,public,PRJNA347853,raw_sequence_reads,FLU:SRP091397,included_human_influenza_challenge,SRX2409511,FLUFILE_aed53a03ecdf42b3c6,,False,SRR5092678,,,SRR5092678,not_inspected_at_biological_file_level,,"{""data_dictionary/sources/influenza/snapshots/PMC5126380.html"":""958f1a1040292570eebb8fff7c9ac4bb2f900fa6c8085cd439c0517121511f27"",""data_dictionary/sources/influenza/snapshots/sra_viral_summaries_all.json"":""207c715e471e861d328810bbf39ad7a9e1b8b4ced5312442d8c89aab2df89514""}",data_dictionary/sources/influenza/snapshots/sra_viral_summaries_all.json,"[""data_dictionary/sources/influenza/snapshots/PMC5126380.html"",""data_dictionary/sources/influenza/snapshots/sra_viral_summaries_all.json""]",https://www.ncbi.nlm.nih.gov/sra/SRR5092678,3501544,SRP091397,CW_122_5021_5_PB1,https://www.ncbi.nlm.nih.gov/sra/SRR5092678,public_SRA_metadata
https://www.ncbi.nlm.nih.gov/sra/SRR5092677,repository_or_publication_landing_page,public,PRJNA347853,raw_sequence_reads,FLU:SRP091397,included_human_influenza_challenge,SRX2409510,FLUFILE_38ba8eeae417daa372,,False,SRR5092677,,,SRR5092677,not_inspected_at_biological_file_level,,"{""data_dictionary/sources/influenza/snapshots/PMC5126380.html"":""958f1a1040292570eebb8fff7c9ac4bb2f900fa6c8085cd439c0517121511f27"",""data_dictionary/sources/influenza/snapshots/sra_viral_summaries_all.json"":""207c715e471e861d328810bbf39ad7a9e1b8b4ced5312442d8c89aab2df89514""}",data_dictionary/sources/influenza/snapshots/sra_viral_summaries_all.json,"[""data_dictionary/sources/influenza/snapshots/PMC5126380.html"",""data_dictionary/sources/influenza/snapshots/sra_viral_summaries_all.json""]",https://www.ncbi.nlm.nih.gov/sra/SRR5092677,3501543,SRP091397,CW_117_5020_2_NS,https://www.ncbi.nlm.nih.gov/sra/SRR5092677,public_SRA_metadata
https://www.ncbi.nlm.nih.gov/sra/SRR5092676,repository_or_publication_landing_page,public,PRJNA347853,raw_sequence_reads,FLU:SRP091397,included_human_influenza_challenge,SRX2409509,FLUFILE_c32c9b1ff107a3b699,,False,SRR5092676,,,SRR5092676,not_inspected_at_biological_file_level,,"{""data_dictionary/sources/influenza/snapshots/PMC5126380.html"":""958f1a1040292570eebb8fff7c9ac4bb2f900fa6c8085cd439c0517121511f27"",""data_dictionary/sources/influenza/snapshots/sra_viral_summaries_all.json"":""207c715e471e861d328810bbf39ad7a9e1b8b4ced5312442d8c89aab2df89514""}",data_dictionary/sources/influenza/snapshots/sra_viral_summaries_all.json,"[""data_dictionary/sources/influenza/snapshots/PMC5126380.html"",""data_dictionary/sources/influenza/snapshots/sra_viral_summaries_all.json""]",https://www.ncbi.nlm.nih.gov/sra/SRR5092676,3501542,SRP091397,CW_101_5018_1_NA,https://www.ncbi.nlm.nih.gov/sra/SRR5092676,public_SRA_metadata
https://www.ncbi.nlm.nih.gov/sra/SRR5092675,repository_or_publication_landing_page,public,PRJNA347853,raw_sequence_reads,FLU:SRP091397,included_human_influenza_challenge,SRX2409508,FLUFILE_7d38f01a2028e0f6be,,False,SRR5092675,,,SRR5092675,not_inspected_at_biological_file_level,,"{""data_dictionary/sources/influenza/snapshots/PMC5126380.html"":""958f1a1040292570eebb8fff7c9ac4bb2f900fa6c8085cd439c0517121511f27"",""data_dictionary/sources/influenza/snapshots/sra_viral_summaries_all.json"":""207c715e471e861d328810bbf39ad7a9e1b8b4ced5312442d8c89aab2df89514""}",data_dictionary/sources/influenza/snapshots/sra_viral_summaries_all.json,"[""data_dictionary/sources/influenza/snapshots/PMC5126380.html"",""data_dictionary/sources/influenza/snapshots/sra_viral_summaries_all.json""]",https://www.ncbi.nlm.nih.gov/sra/SRR5092675,3501541,SRP091397,CW_127_5006_3_HA,https://www.ncbi.nlm.nih.gov/sra/SRR5092675,public_SRA_metadata
https://www.ncbi.nlm.nih.gov/sra/SRR5092674,repository_or_publication_landing_page,public,PRJNA347853,raw_sequence_reads,FLU:SRP091397,included_human_influenza_challenge,SRX2409507,FLUFILE_3a33cb287954b33274,,False,SRR5092674,,,SRR5092674,not_inspected_at_biological_file_level,,"{""data_dictionary/sources/influenza/snapshots/PMC5126380.html"":""958f1a1040292570eebb8fff7c9ac4bb2f900fa6c8085cd439c0517121511f27"",""data_dictionary/sources/influenza/snapshots/sra_viral_summaries_all.json"":""207c715e471e861d328810bbf39ad7a9e1b8b4ced5312442d8c89aab2df89514""}",data_dictionary/sources/influenza/snapshots/sra_viral_summaries_all.json,"[""data_dictionary/sources/influenza/snapshots/PMC5126380.html"",""data_dictionary/sources/influenza/snapshots/sra_viral_summaries_all.json""]",https://www.ncbi.nlm.nih.gov/sra/SRR5092674,3501540,SRP091397,CW_102_5007_1_NP,https://www.ncbi.nlm.nih.gov/sra/SRR5092674,public_SRA_metadata
https://www.ncbi.nlm.nih.gov/sra/SRR5092673,repository_or_publication_landing_page,public,PRJNA347853,raw_sequence_reads,FLU:SRP091397,included_human_influenza_challenge,SRX2409506,FLUFILE_73256aea7c6b3fcc54,,False,SRR5092673,,,SRR5092673,not_inspected_at_biological_file_level,,"{""data_dictionary/sources/influenza/snapshots/PMC5126380.html"":""958f1a1040292570eebb8fff7c9ac4bb2f900fa6c8085cd439c0517121511f27"",""data_dictionary/sources/influenza/snapshots/sra_viral_summaries_all.json"":""207c715e471e861d328810bbf39ad7a9e1b8b4ced5312442d8c89aab2df89514""}",data_dictionary/sources/influenza/snapshots/sra_viral_summaries_all.json,"[""data_dictionary/sources/influenza/snapshots/PMC5126380.html"",""data_dictionary/sources/influenza/snapshots/sra_viral_summaries_all.json""]",https://www.ncbi.nlm.nih.gov/sra/SRR5092673,3501539,SRP091397,CW_114_5017_2_MP,https://www.ncbi.nlm.nih.gov/sra/SRR5092673,public_SRA_metadata
https://www.ncbi.nlm.nih.gov/sra/SRR5092672,repository_or_publication_landing_page,public,PRJNA347853,raw_sequence_reads,FLU:SRP091397,included_human_influenza_challenge,SRX2409505,FLUFILE_6b0586013d8170eed4,,False,SRR5092672,,,SRR5092672,not_inspected_at_biological_file_level,,"{""data_dictionary/sources/influenza/snapshots/PMC5126380.html"":""958f1a1040292570eebb8fff7c9ac4bb2f900fa6c8085cd439c0517121511f27"",""data_dictionary/sources/influenza/snapshots/sra_viral_summaries_all.json"":""207c715e471e861d328810bbf39ad7a9e1b8b4ced5312442d8c89aab2df89514""}",data_dictionary/sources/influenza/snapshots/sra_viral_summaries_all.json,"[""data_dictionary/sources/influenza/snapshots/PMC5126380.html"",""data_dictionary/sources/influenza/snapshots/sra_viral_summaries_all.json""]",https://www.ncbi.nlm.nih.gov/sra/SRR5092672,3501538,SRP091397,CW_114_5017_2_NS,https://www.ncbi.nlm.nih.gov/sra/SRR5092672,public_SRA_metadata
https://www.ncbi.nlm.nih.gov/sra/SRR5092671,repository_or_publication_landing_page,public,PRJNA347853,raw_sequence_reads,FLU:SRP091397,included_human_influenza_challenge,SRX2409504,FLUFILE_4b14dccaf70ea7de92,,False,SRR5092671,,,SRR5092671,not_inspected_at_biological_file_level,,"{""data_dictionary/sources/influenza/snapshots/PMC5126380.html"":""958f1a1040292570eebb8fff7c9ac4bb2f900fa6c8085cd439c0517121511f27"",""data_dictionary/sources/influenza/snapshots/sra_viral_summaries_all.json"":""207c715e471e861d328810bbf39ad7a9e1b8b4ced5312442d8c89aab2df89514""}",data_dictionary/sources/influenza/snapshots/sra_viral_summaries_all.json,"[""data_dictionary/sources/influenza/snapshots/PMC5126380.html"",""data_dictionary/sources/influenza/snapshots/sra_viral_summaries_all.json""]",https://www.ncbi.nlm.nih.gov/sra/SRR5092671,3501537,SRP091397,CW_103_5001_2_PB1,https://www.ncbi.nlm.nih.gov/sra/SRR5092671,public_SRA_metadata
https://www.ncbi.nlm.nih.gov/sra/SRR5092670,repository_or_publication_landing_page,public,PRJNA347853,raw_sequence_reads,FLU:SRP091397,included_human_influenza_challenge,SRX2409503,FLUFILE_c7537d8ca6b1b24344,,False,SRR5092670,,,SRR5092670,not_inspected_at_biological_file_level,,"{""data_dictionary/sources/influenza/snapshots/PMC5126380.html"":""958f1a1040292570eebb8fff7c9ac4bb2f900fa6c8085cd439c0517121511f27"",""data_dictionary/sources/influenza/snapshots/sra_viral_summaries_all.json"":""207c715e471e861d328810bbf39ad7a9e1b8b4ced5312442d8c89aab2df89514""}",data_dictionary/sources/influenza/snapshots/sra_viral_summaries_all.json,"[""data_dictionary/sources/influenza/snapshots/PMC5126380.html"",""data_dictionary/sources/influenza/snapshots/sra_viral_summaries_all.json""]",https://www.ncbi.nlm.nih.gov/sra/SRR5092670,3501536,SRP091397,CW_102_5007_1_PB2,https://www.ncbi.nlm.nih.gov/sra/SRR5092670,public_SRA_metadata
https://www.ncbi.nlm.nih.gov/sra/SRR5092669,repository_or_publication_landing_page,public,PRJNA347853,raw_sequence_reads,FLU:SRP091397,included_human_influenza_challenge,SRX2409502,FLUFILE_b0487ac45916087a58,,False,SRR5092669,,,SRR5092669,not_inspected_at_biological_file_level,,"{""data_dictionary/sources/influenza/snapshots/PMC5126380.html"":""958f1a1040292570eebb8fff7c9ac4bb2f900fa6c8085cd439c0517121511f27"",""data_dictionary/sources/influenza/snapshots/sra_viral_summaries_all.json"":""207c715e471e861d328810bbf39ad7a9e1b8b4ced5312442d8c89aab2df89514""}",data_dictionary/sources/influenza/snapshots/sra_viral_summaries_all.json,"[""data_dictionary/sources/influenza/snapshots/PMC5126380.html"",""data_dictionary/sources/influenza/snapshots/sra_viral_summaries_all.json""]",https://www.ncbi.nlm.nih.gov/sra/SRR5092669,3501535,SRP091397,CW_108_5019_1_PA,https://www.ncbi.nlm.nih.gov/sra/SRR5092669,public_SRA_metadata
https://www.ncbi.nlm.nih.gov/sra/SRR5092668,repository_or_publication_landing_page,public,PRJNA347853,raw_sequence_reads,FLU:SRP091397,included_human_influenza_challenge,SRX2409501,FLUFILE_a06c9d7372c8364eeb,,False,SRR5092668,,,SRR5092668,not_inspected_at_biological_file_level,,"{""data_dictionary/sources/influenza/snapshots/PMC5126380.html"":""958f1a1040292570eebb8fff7c9ac4bb2f900fa6c8085cd439c0517121511f27"",""data_dictionary/sources/influenza/snapshots/sra_viral_summaries_all.json"":""207c715e471e861d328810bbf39ad7a9e1b8b4ced5312442d8c89aab2df89514""}",data_dictionary/sources/influenza/snapshots/sra_viral_summaries_all.json,"[""data_dictionary/sources/influenza/snapshots/PMC5126380.html"",""data_dictionary/sources/influenza/snapshots/sra_viral_summaries_all.json""]",https://www.ncbi.nlm.nih.gov/sra/SRR5092668,3501534,SRP091397,CW_103_5001_2_HA,https://www.ncbi.nlm.nih.gov/sra/SRR5092668,public_SRA_metadata
https://www.ncbi.nlm.nih.gov/sra/SRR5092667,repository_or_publication_landing_page,public,PRJNA347853,raw_sequence_reads,FLU:SRP091397,included_human_influenza_challenge,SRX2409500,FLUFILE_0afdab9f7f1df3c7aa,,False,SRR5092667,,,SRR5092667,not_inspected_at_biological_file_level,,"{""data_dictionary/sources/influenza/snapshots/PMC5126380.html"":""958f1a1040292570eebb8fff7c9ac4bb2f900fa6c8085cd439c0517121511f27"",""data_dictionary/sources/influenza/snapshots/sra_viral_summaries_all.json"":""207c715e471e861d328810bbf39ad7a9e1b8b4ced5312442d8c89aab2df89514""}",data_dictionary/sources/influenza/snapshots/sra_viral_summaries_all.json,"[""data_dictionary/sources/influenza/snapshots/PMC5126380.html"",""data_dictionary/sources/influenza/snapshots/sra_viral_summaries_all.json""]",https://www.ncbi.nlm.nih.gov/sra/SRR5092667,3501533,SRP091397,CW_128_5021_3_HA,https://www.ncbi.nlm.nih.gov/sra/SRR5092667,public_SRA_metadata
https://www.ncbi.nlm.nih.gov/sra/SRR5092666,repository_or_publication_landing_page,public,PRJNA347853,raw_sequence_reads,FLU:SRP091397,included_human_influenza_challenge,SRX2409499,FLUFILE_d9398cb37dd2a6a5bf,,False,SRR5092666,,,SRR5092666,not_inspected_at_biological_file_level,,"{""data_dictionary/sources/influenza/snapshots/PMC5126380.html"":""958f1a1040292570eebb8fff7c9ac4bb2f900fa6c8085cd439c0517121511f27"",""data_dictionary/sources/influenza/snapshots/sra_viral_summaries_all.json"":""207c715e471e861d328810bbf39ad7a9e1b8b4ced5312442d8c89aab2df89514""}",data_dictionary/sources/influenza/snapshots/sra_viral_summaries_all.json,"[""data_dictionary/sources/influenza/snapshots/PMC5126380.html"",""data_dictionary/sources/influenza/snapshots/sra_viral_summaries_all.json""]",https://www.ncbi.nlm.nih.gov/sra/SRR5092666,3501532,SRP091397,CW_108_5019_1_PB2,https://www.ncbi.nlm.nih.gov/sra/SRR5092666,public_SRA_metadata
https://www.ncbi.nlm.nih.gov/sra/SRR5092665,repository_or_publication_landing_page,public,PRJNA347853,raw_sequence_reads,FLU:SRP091397,included_human_influenza_challenge,SRX2409498,FLUFILE_3f1764e00337b193e6,,False,SRR5092665,,,SRR5092665,not_inspected_at_biological_file_level,,"{""data_dictionary/sources/influenza/snapshots/PMC5126380.html"":""958f1a1040292570eebb8fff7c9ac4bb2f900fa6c8085cd439c0517121511f27"",""data_dictionary/sources/influenza/snapshots/sra_viral_summaries_all.json"":""207c715e471e861d328810bbf39ad7a9e1b8b4ced5312442d8c89aab2df89514""}",data_dictionary/sources/influenza/snapshots/sra_viral_summaries_all.json,"[""data_dictionary/sources/influenza/snapshots/PMC5126380.html"",""data_dictionary/sources/influenza/snapshots/sra_viral_summaries_all.json""]",https://www.ncbi.nlm.nih.gov/sra/SRR5092665,3501531,SRP091397,CW_117_5020_2_HA,https://www.ncbi.nlm.nih.gov/sra/SRR5092665,public_SRA_metadata
https://www.ncbi.nlm.nih.gov/sra/SRR5092664,repository_or_publication_landing_page,public,PRJNA347853,raw_sequence_reads,FLU:SRP091397,included_human_influenza_challenge,SRX2409497,FLUFILE_8c65d13cf413927203,,False,SRR5092664,,,SRR5092664,not_inspected_at_biological_file_level,,"{""data_dictionary/sources/influenza/snapshots/PMC5126380.html"":""958f1a1040292570eebb8fff7c9ac4bb2f900fa6c8085cd439c0517121511f27"",""data_dictionary/sources/influenza/snapshots/sra_viral_summaries_all.json"":""207c715e471e861d328810bbf39ad7a9e1b8b4ced5312442d8c89aab2df89514""}",data_dictionary/sources/influenza/snapshots/sra_viral_summaries_all.json,"[""data_dictionary/sources/influenza/snapshots/PMC5126380.html"",""data_dictionary/sources/influenza/snapshots/sra_viral_summaries_all.json""]",https://www.ncbi.nlm.nih.gov/sra/SRR5092664,3501530,SRP091397,CW_130_5002_3_NS,https://www.ncbi.nlm.nih.gov/sra/SRR5092664,public_SRA_metadata
https://www.ncbi.nlm.nih.gov/sra/SRR5092663,repository_or_publication_landing_page,public,PRJNA347853,raw_sequence_reads,FLU:SRP091397,included_human_influenza_challenge,SRX2409496,FLUFILE_623cf7653475290ebb,,False,SRR5092663,,,SRR5092663,not_inspected_at_biological_file_level,,"{""data_dictionary/sources/influenza/snapshots/PMC5126380.html"":""958f1a1040292570eebb8fff7c9ac4bb2f900fa6c8085cd439c0517121511f27"",""data_dictionary/sources/influenza/snapshots/sra_viral_summaries_all.json"":""207c715e471e861d328810bbf39ad7a9e1b8b4ced5312442d8c89aab2df89514""}",data_dictionary/sources/influenza/snapshots/sra_viral_summaries_all.json,"[""data_dictionary/sources/influenza/snapshots/PMC5126380.html"",""data_dictionary/sources/influenza/snapshots/sra_viral_summaries_all.json""]",https://www.ncbi.nlm.nih.gov/sra/SRR5092663,3501529,SRP091397,CW_104_5006_1_HA,https://www.ncbi.nlm.nih.gov/sra/SRR5092663,public_SRA_metadata
https://www.ncbi.nlm.nih.gov/sra/SRR5092662,repository_or_publication_landing_page,public,PRJNA347853,raw_sequence_reads,FLU:SRP091397,included_human_influenza_challenge,SRX2409495,FLUFILE_9d080771741e4550b3,,False,SRR5092662,,,SRR5092662,not_inspected_at_biological_file_level,,"{""data_dictionary/sources/influenza/snapshots/PMC5126380.html"":""958f1a1040292570eebb8fff7c9ac4bb2f900fa6c8085cd439c0517121511f27"",""data_dictionary/sources/influenza/snapshots/sra_viral_summaries_all.json"":""207c715e471e861d328810bbf39ad7a9e1b8b4ced5312442d8c89aab2df89514""}",data_dictionary/sources/influenza/snapshots/sra_viral_summaries_all.json,"[""data_dictionary/sources/influenza/snapshots/PMC5126380.html"",""data_dictionary/sources/influenza/snapshots/sra_viral_summaries_all.json""]",https://www.ncbi.nlm.nih.gov/sra/SRR5092662,3501528,SRP091397,CW_115_5018_2_HA,https://www.ncbi.nlm.nih.gov/sra/SRR5092662,public_SRA_metadata
https://www.ncbi.nlm.nih.gov/sra/SRR5092661,repository_or_publication_landing_page,public,PRJNA347853,raw_sequence_reads,FLU:SRP091397,included_human_influenza_challenge,SRX2409494,FLUFILE_bbc6b057602f72fe72,,False,SRR5092661,,,SRR5092661,not_inspected_at_biological_file_level,,"{""data_dictionary/sources/influenza/snapshots/PMC5126380.html"":""958f1a1040292570eebb8fff7c9ac4bb2f900fa6c8085cd439c0517121511f27"",""data_dictionary/sources/influenza/snapshots/sra_viral_summaries_all.json"":""207c715e471e861d328810bbf39ad7a9e1b8b4ced5312442d8c89aab2df89514""}",data_dictionary/sources/influenza/snapshots/sra_viral_summaries_all.json,"[""data_dictionary/sources/influenza/snapshots/PMC5126380.html"",""data_dictionary/sources/influenza/snapshots/sra_viral_summaries_all.json""]",https://www.ncbi.nlm.nih.gov/sra/SRR5092661,3501527,SRP091397,CW_128_5021_3_PA,https://www.ncbi.nlm.nih.gov/sra/SRR5092661,public_SRA_metadata
https://www.ncbi.nlm.nih.gov/sra/SRR5092660,repository_or_publication_landing_page,public,PRJNA347853,raw_sequence_reads,FLU:SRP091397,included_human_influenza_challenge,SRX2409493,FLUFILE_d307f54ea98f40430c,,False,SRR5092660,,,SRR5092660,not_inspected_at_biological_file_level,,"{""data_dictionary/sources/influenza/snapshots/PMC5126380.html"":""958f1a1040292570eebb8fff7c9ac4bb2f900fa6c8085cd439c0517121511f27"",""data_dictionary/sources/influenza/snapshots/sra_viral_summaries_all.json"":""207c715e471e861d328810bbf39ad7a9e1b8b4ced5312442d8c89aab2df89514""}",data_dictionary/sources/influenza/snapshots/sra_viral_summaries_all.json,"[""data_dictionary/sources/influenza/snapshots/PMC5126380.html"",""data_dictionary/sources/influenza/snapshots/sra_viral_summaries_all.json""]",https://www.ncbi.nlm.nih.gov/sra/SRR5092660,3501526,SRP091397,CW_131_5001_3_MP,https://www.ncbi.nlm.nih.gov/sra/SRR5092660,public_SRA_metadata
https://www.ncbi.nlm.nih.gov/sra/SRR5092659,repository_or_publication_landing_page,public,PRJNA347853,raw_sequence_reads,FLU:SRP091397,included_human_influenza_challenge,SRX2409492,FLUFILE_e95491eeeb818919f5,,False,SRR5092659,,,SRR5092659,not_inspected_at_biological_file_level,,"{""data_dictionary/sources/influenza/snapshots/PMC5126380.html"":""958f1a1040292570eebb8fff7c9ac4bb2f900fa6c8085cd439c0517121511f27"",""data_dictionary/sources/influenza/snapshots/sra_viral_summaries_all.json"":""207c715e471e861d328810bbf39ad7a9e1b8b4ced5312442d8c89aab2df89514""}",data_dictionary/sources/influenza/snapshots/sra_viral_summaries_all.json,"[""data_dictionary/sources/influenza/snapshots/PMC5126380.html"",""data_dictionary/sources/influenza/snapshots/sra_viral_summaries_all.json""]",https://www.ncbi.nlm.nih.gov/sra/SRR5092659,3501525,SRP091397,CW_128_5021_3_PB1,https://www.ncbi.nlm.nih.gov/sra/SRR5092659,public_SRA_metadata
https://www.ncbi.nlm.nih.gov/sra/SRR5092658,repository_or_publication_landing_page,public,PRJNA347853,raw_sequence_reads,FLU:SRP091397,included_human_influenza_challenge,SRX2409491,FLUFILE_a9fc93c34f11992d59,,False,SRR5092658,,,SRR5092658,not_inspected_at_biological_file_level,,"{""data_dictionary/sources/influenza/snapshots/PMC5126380.html"":""958f1a1040292570eebb8fff7c9ac4bb2f900fa6c8085cd439c0517121511f27"",""data_dictionary/sources/influenza/snapshots/sra_viral_summaries_all.json"":""207c715e471e861d328810bbf39ad7a9e1b8b4ced5312442d8c89aab2df89514""}",data_dictionary/sources/influenza/snapshots/sra_viral_summaries_all.json,"[""data_dictionary/sources/influenza/snapshots/PMC5126380.html"",""data_dictionary/sources/influenza/snapshots/sra_viral_summaries_all.json""]",https://www.ncbi.nlm.nih.gov/sra/SRR5092658,3501524,SRP091397,CW_124_5019_3_HA,https://www.ncbi.nlm.nih.gov/sra/SRR5092658,public_SRA_metadata
https://www.ncbi.nlm.nih.gov/sra/SRR5092657,repository_or_publication_landing_page,public,PRJNA347853,raw_sequence_reads,FLU:SRP091397,included_human_influenza_challenge,SRX2409490,FLUFILE_530c0d0720ec40c86f,,False,SRR5092657,,,SRR5092657,not_inspected_at_biological_file_level,,"{""data_dictionary/sources/influenza/snapshots/PMC5126380.html"":""958f1a1040292570eebb8fff7c9ac4bb2f900fa6c8085cd439c0517121511f27"",""data_dictionary/sources/influenza/snapshots/sra_viral_summaries_all.json"":""207c715e471e861d328810bbf39ad7a9e1b8b4ced5312442d8c89aab2df89514""}",data_dictionary/sources/influenza/snapshots/sra_viral_summaries_all.json,"[""data_dictionary/sources/influenza/snapshots/PMC5126380.html"",""data_dictionary/sources/influenza/snapshots/sra_viral_summaries_all.json""]",https://www.ncbi.nlm.nih.gov/sra/SRR5092657,3501523,SRP091397,CW_105_5004_4_PB2,https://www.ncbi.nlm.nih.gov/sra/SRR5092657,public_SRA_metadata
https://www.ncbi.nlm.nih.gov/sra/SRR5092656,repository_or_publication_landing_page,public,PRJNA347853,raw_sequence_reads,FLU:SRP091397,included_human_influenza_challenge,SRX2409489,FLUFILE_df57a22d88261b0874,,False,SRR5092656,,,SRR5092656,not_inspected_at_biological_file_level,,"{""data_dictionary/sources/influenza/snapshots/PMC5126380.html"":""958f1a1040292570eebb8fff7c9ac4bb2f900fa6c8085cd439c0517121511f27"",""data_dictionary/sources/influenza/snapshots/sra_viral_summaries_all.json"":""207c715e471e861d328810bbf39ad7a9e1b8b4ced5312442d8c89aab2df89514""}",data_dictionary/sources/influenza/snapshots/sra_viral_summaries_all.json,"[""data_dictionary/sources/influenza/snapshots/PMC5126380.html"",""data_dictionary/sources/influenza/snapshots/sra_viral_summaries_all.json""]",https://www.ncbi.nlm.nih.gov/sra/SRR5092656,3501522,SRP091397,CW_126_5020_3_PA,https://www.ncbi.nlm.nih.gov/sra/SRR5092656,public_SRA_metadata
https://www.ncbi.nlm.nih.gov/sra/SRR5092655,repository_or_publication_landing_page,public,PRJNA347853,raw_sequence_reads,FLU:SRP091397,included_human_influenza_challenge,SRX2409488,FLUFILE_58f35cc73ccdf9475a,,False,SRR5092655,,,SRR5092655,not_inspected_at_biological_file_level,,"{""data_dictionary/sources/influenza/snapshots/PMC5126380.html"":""958f1a1040292570eebb8fff7c9ac4bb2f900fa6c8085cd439c0517121511f27"",""data_dictionary/sources/influenza/snapshots/sra_viral_summaries_all.json"":""207c715e471e861d328810bbf39ad7a9e1b8b4ced5312442d8c89aab2df89514""}",data_dictionary/sources/influenza/snapshots/sra_viral_summaries_all.json,"[""data_dictionary/sources/influenza/snapshots/PMC5126380.html"",""data_dictionary/sources/influenza/snapshots/sra_viral_summaries_all.json""]",https://www.ncbi.nlm.nih.gov/sra/SRR5092655,3501521,SRP091397,CW_113_5007_2_PA,https://www.ncbi.nlm.nih.gov/sra/SRR5092655,public_SRA_metadata
https://www.ncbi.nlm.nih.gov/sra/SRR5092654,repository_or_publication_landing_page,public,PRJNA347853,raw_sequence_reads,FLU:SRP091397,included_human_influenza_challenge,SRX2409487,FLUFILE_5bb43154df7a32221d,,False,SRR5092654,,,SRR5092654,not_inspected_at_biological_file_level,,"{""data_dictionary/sources/influenza/snapshots/PMC5126380.html"":""958f1a1040292570eebb8fff7c9ac4bb2f900fa6c8085cd439c0517121511f27"",""data_dictionary/sources/influenza/snapshots/sra_viral_summaries_all.json"":""207c715e471e861d328810bbf39ad7a9e1b8b4ced5312442d8c89aab2df89514""}",data_dictionary/sources/influenza/snapshots/sra_viral_summaries_all.json,"[""data_dictionary/sources/influenza/snapshots/PMC5126380.html"",""data_dictionary/sources/influenza/snapshots/sra_viral_summaries_all.json""]",https://www.ncbi.nlm.nih.gov/sra/SRR5092654,3501520,SRP091397,CW_127_5006_3_NS,https://www.ncbi.nlm.nih.gov/sra/SRR5092654,public_SRA_metadata
https://www.ncbi.nlm.nih.gov/sra/SRR5092653,repository_or_publication_landing_page,public,PRJNA347853,raw_sequence_reads,FLU:SRP091397,included_human_influenza_challenge,SRX2409486,FLUFILE_08570114d809d6d33e,,False,SRR5092653,,,SRR5092653,not_inspected_at_biological_file_level,,"{""data_dictionary/sources/influenza/snapshots/PMC5126380.html"":""958f1a1040292570eebb8fff7c9ac4bb2f900fa6c8085cd439c0517121511f27"",""data_dictionary/sources/influenza/snapshots/sra_viral_summaries_all.json"":""207c715e471e861d328810bbf39ad7a9e1b8b4ced5312442d8c89aab2df89514""}",data_dictionary/sources/influenza/snapshots/sra_viral_summaries_all.json,"[""data_dictionary/sources/influenza/snapshots/PMC5126380.html"",""data_dictionary/sources/influenza/snapshots/sra_viral_summaries_all.json""]",https://www.ncbi.nlm.nih.gov/sra/SRR5092653,3501519,SRP091397,CW_116_5019_2_NP,https://www.ncbi.nlm.nih.gov/sra/SRR5092653,public_SRA_metadata
https://www.ncbi.nlm.nih.gov/sra/SRR5092652,repository_or_publication_landing_page,public,PRJNA347853,raw_sequence_reads,FLU:SRP091397,included_human_influenza_challenge,SRX2409485,FLUFILE_86ca908a9ccb83272c,,False,SRR5092652,,,SRR5092652,not_inspected_at_biological_file_level,,"{""data_dictionary/sources/influenza/snapshots/PMC5126380.html"":""958f1a1040292570eebb8fff7c9ac4bb2f900fa6c8085cd439c0517121511f27"",""data_dictionary/sources/influenza/snapshots/sra_viral_summaries_all.json"":""207c715e471e861d328810bbf39ad7a9e1b8b4ced5312442d8c89aab2df89514""}",data_dictionary/sources/influenza/snapshots/sra_viral_summaries_all.json,"[""data_dictionary/sources/influenza/snapshots/PMC5126380.html"",""data_dictionary/sources/influenza/snapshots/sra_viral_summaries_all.json""]",https://www.ncbi.nlm.nih.gov/sra/SRR5092652,3501518,SRP091397,CW_131_5001_3_NP,https://www.ncbi.nlm.nih.gov/sra/SRR5092652,public_SRA_metadata
https://www.ncbi.nlm.nih.gov/sra/SRR5092651,repository_or_publication_landing_page,public,PRJNA347853,raw_sequence_reads,FLU:SRP091397,included_human_influenza_challenge,SRX2409484,FLUFILE_65e87c2ca8338b819a,,False,SRR5092651,,,SRR5092651,not_inspected_at_biological_file_level,,"{""data_dictionary/sources/influenza/snapshots/PMC5126380.html"":""958f1a1040292570eebb8fff7c9ac4bb2f900fa6c8085cd439c0517121511f27"",""data_dictionary/sources/influenza/snapshots/sra_viral_summaries_all.json"":""207c715e471e861d328810bbf39ad7a9e1b8b4ced5312442d8c89aab2df89514""}",data_dictionary/sources/influenza/snapshots/sra_viral_summaries_all.json,"[""data_dictionary/sources/influenza/snapshots/PMC5126380.html"",""data_dictionary/sources/influenza/snapshots/sra_viral_summaries_all.json""]",https://www.ncbi.nlm.nih.gov/sra/SRR5092651,3501517,SRP091397,CW_120_5004_5_NS,https://www.ncbi.nlm.nih.gov/sra/SRR5092651,public_SRA_metadata
https://www.ncbi.nlm.nih.gov/sra/SRR5092650,repository_or_publication_landing_page,public,PRJNA347853,raw_sequence_reads,FLU:SRP091397,included_human_influenza_challenge,SRX2409483,FLUFILE_7a3d0d0619c5ee1694,,False,SRR5092650,,,SRR5092650,not_inspected_at_biological_file_level,,"{""data_dictionary/sources/influenza/snapshots/PMC5126380.html"":""958f1a1040292570eebb8fff7c9ac4bb2f900fa6c8085cd439c0517121511f27"",""data_dictionary/sources/influenza/snapshots/sra_viral_summaries_all.json"":""207c715e471e861d328810bbf39ad7a9e1b8b4ced5312442d8c89aab2df89514""}",data_dictionary/sources/influenza/snapshots/sra_viral_summaries_all.json,"[""data_dictionary/sources/influenza/snapshots/PMC5126380.html"",""data_dictionary/sources/influenza/snapshots/sra_viral_summaries_all.json""]",https://www.ncbi.nlm.nih.gov/sra/SRR5092650,3501516,SRP091397,CW_119_5001_5_MP,https://www.ncbi.nlm.nih.gov/sra/SRR5092650,public_SRA_metadata
https://www.ncbi.nlm.nih.gov/sra/SRR5092649,repository_or_publication_landing_page,public,PRJNA347853,raw_sequence_reads,FLU:SRP091397,included_human_influenza_challenge,SRX2409482,FLUFILE_3055f519c4ff2f4e8f,,False,SRR5092649,,,SRR5092649,not_inspected_at_biological_file_level,,"{""data_dictionary/sources/influenza/snapshots/PMC5126380.html"":""958f1a1040292570eebb8fff7c9ac4bb2f900fa6c8085cd439c0517121511f27"",""data_dictionary/sources/influenza/snapshots/sra_viral_summaries_all.json"":""207c715e471e861d328810bbf39ad7a9e1b8b4ced5312442d8c89aab2df89514""}",data_dictionary/sources/influenza/snapshots/sra_viral_summaries_all.json,"[""data_dictionary/sources/influenza/snapshots/PMC5126380.html"",""data_dictionary/sources/influenza/snapshots/sra_viral_summaries_all.json""]",https://www.ncbi.nlm.nih.gov/sra/SRR5092649,3501515,SRP091397,CW_107_5004_2_PA,https://www.ncbi.nlm.nih.gov/sra/SRR5092649,public_SRA_metadata
https://www.ncbi.nlm.nih.gov/sra/SRR5092648,repository_or_publication_landing_page,public,PRJNA347853,raw_sequence_reads,FLU:SRP091397,included_human_influenza_challenge,SRX2409481,FLUFILE_827b35acf0cebb0c2c,,False,SRR5092648,,,SRR5092648,not_inspected_at_biological_file_level,,"{""data_dictionary/sources/influenza/snapshots/PMC5126380.html"":""958f1a1040292570eebb8fff7c9ac4bb2f900fa6c8085cd439c0517121511f27"",""data_dictionary/sources/influenza/snapshots/sra_viral_summaries_all.json"":""207c715e471e861d328810bbf39ad7a9e1b8b4ced5312442d8c89aab2df89514""}",data_dictionary/sources/influenza/snapshots/sra_viral_summaries_all.json,"[""data_dictionary/sources/influenza/snapshots/PMC5126380.html"",""data_dictionary/sources/influenza/snapshots/sra_viral_summaries_all.json""]",https://www.ncbi.nlm.nih.gov/sra/SRR5092648,3501514,SRP091397,CW_119_5001_5_PB1,https://www.ncbi.nlm.nih.gov/sra/SRR5092648,public_SRA_metadata
https://www.ncbi.nlm.nih.gov/sra/SRR5092647,repository_or_publication_landing_page,public,PRJNA347853,raw_sequence_reads,FLU:SRP091397,included_human_influenza_challenge,SRX2409480,FLUFILE_8d47c466fa84587de1,,False,SRR5092647,,,SRR5092647,not_inspected_at_biological_file_level,,"{""data_dictionary/sources/influenza/snapshots/PMC5126380.html"":""958f1a1040292570eebb8fff7c9ac4bb2f900fa6c8085cd439c0517121511f27"",""data_dictionary/sources/influenza/snapshots/sra_viral_summaries_all.json"":""207c715e471e861d328810bbf39ad7a9e1b8b4ced5312442d8c89aab2df89514""}",data_dictionary/sources/influenza/snapshots/sra_viral_summaries_all.json,"[""data_dictionary/sources/influenza/snapshots/PMC5126380.html"",""data_dictionary/sources/influenza/snapshots/sra_viral_summaries_all.json""]",https://www.ncbi.nlm.nih.gov/sra/SRR5092647,3501513,SRP091397,CW_102_5007_1_NA,https://www.ncbi.nlm.nih.gov/sra/SRR5092647,public_SRA_metadata
https://www.ncbi.nlm.nih.gov/sra/SRR5092646,repository_or_publication_landing_page,public,PRJNA347853,raw_sequence_reads,FLU:SRP091397,included_human_influenza_challenge,SRX2409479,FLUFILE_c5d2719f274699f7e1,,False,SRR5092646,,,SRR5092646,not_inspected_at_biological_file_level,,"{""data_dictionary/sources/influenza/snapshots/PMC5126380.html"":""958f1a1040292570eebb8fff7c9ac4bb2f900fa6c8085cd439c0517121511f27"",""data_dictionary/sources/influenza/snapshots/sra_viral_summaries_all.json"":""207c715e471e861d328810bbf39ad7a9e1b8b4ced5312442d8c89aab2df89514""}",data_dictionary/sources/influenza/snapshots/sra_viral_summaries_all.json,"[""data_dictionary/sources/influenza/snapshots/PMC5126380.html"",""data_dictionary/sources/influenza/snapshots/sra_viral_summaries_all.json""]",https://www.ncbi.nlm.nih.gov/sra/SRR5092646,3501512,SRP091397,CW_117_5020_2_PB2,https://www.ncbi.nlm.nih.gov/sra/SRR5092646,public_SRA_metadata
https://www.ncbi.nlm.nih.gov/sra/SRR5092645,repository_or_publication_landing_page,public,PRJNA347853,raw_sequence_reads,FLU:SRP091397,included_human_influenza_challenge,SRX2409478,FLUFILE_c6de7646cd15317c36,,False,SRR5092645,,,SRR5092645,not_inspected_at_biological_file_level,,"{""data_dictionary/sources/influenza/snapshots/PMC5126380.html"":""958f1a1040292570eebb8fff7c9ac4bb2f900fa6c8085cd439c0517121511f27"",""data_dictionary/sources/influenza/snapshots/sra_viral_summaries_all.json"":""207c715e471e861d328810bbf39ad7a9e1b8b4ced5312442d8c89aab2df89514""}",data_dictionary/sources/influenza/snapshots/sra_viral_summaries_all.json,"[""data_dictionary/sources/influenza/snapshots/PMC5126380.html"",""data_dictionary/sources/influenza/snapshots/sra_viral_summaries_all.json""]",https://www.ncbi.nlm.nih.gov/sra/SRR5092645,3501511,SRP091397,CW_124_5019_3_PB2,https://www.ncbi.nlm.nih.gov/sra/SRR5092645,public_SRA_metadata
https://www.ncbi.nlm.nih.gov/sra/SRR5092644,repository_or_publication_landing_page,public,PRJNA347853,raw_sequence_reads,FLU:SRP091397,included_human_influenza_challenge,SRX2409477,FLUFILE_43604d85369c27fac0,,False,SRR5092644,,,SRR5092644,not_inspected_at_biological_file_level,,"{""data_dictionary/sources/influenza/snapshots/PMC5126380.html"":""958f1a1040292570eebb8fff7c9ac4bb2f900fa6c8085cd439c0517121511f27"",""data_dictionary/sources/influenza/snapshots/sra_viral_summaries_all.json"":""207c715e471e861d328810bbf39ad7a9e1b8b4ced5312442d8c89aab2df89514""}",data_dictionary/sources/influenza/snapshots/sra_viral_summaries_all.json,"[""data_dictionary/sources/influenza/snapshots/PMC5126380.html"",""data_dictionary/sources/influenza/snapshots/sra_viral_summaries_all.json""]",https://www.ncbi.nlm.nih.gov/sra/SRR5092644,3501510,SRP091397,CW_121_5020_4_MP,https://www.ncbi.nlm.nih.gov/sra/SRR5092644,public_SRA_metadata
https://www.ncbi.nlm.nih.gov/sra/SRR5092643,repository_or_publication_landing_page,public,PRJNA347853,raw_sequence_reads,FLU:SRP091397,included_human_influenza_challenge,SRX2409476,FLUFILE_77f5a92cbd04ea6515,,False,SRR5092643,,,SRR5092643,not_inspected_at_biological_file_level,,"{""data_dictionary/sources/influenza/snapshots/PMC5126380.html"":""958f1a1040292570eebb8fff7c9ac4bb2f900fa6c8085cd439c0517121511f27"",""data_dictionary/sources/influenza/snapshots/sra_viral_summaries_all.json"":""207c715e471e861d328810bbf39ad7a9e1b8b4ced5312442d8c89aab2df89514""}",data_dictionary/sources/influenza/snapshots/sra_viral_summaries_all.json,"[""data_dictionary/sources/influenza/snapshots/PMC5126380.html"",""data_dictionary/sources/influenza/snapshots/sra_viral_summaries_all.json""]",https://www.ncbi.nlm.nih.gov/sra/SRR5092643,3501509,SRP091397,CW_101_5018_1_PA,https://www.ncbi.nlm.nih.gov/sra/SRR5092643,public_SRA_metadata
https://www.ncbi.nlm.nih.gov/sra/SRR5092642,repository_or_publication_landing_page,public,PRJNA347853,raw_sequence_reads,FLU:SRP091397,included_human_influenza_challenge,SRX2409475,FLUFILE_bb8779d37ac7808ffc,,False,SRR5092642,,,SRR5092642,not_inspected_at_biological_file_level,,"{""data_dictionary/sources/influenza/snapshots/PMC5126380.html"":""958f1a1040292570eebb8fff7c9ac4bb2f900fa6c8085cd439c0517121511f27"",""data_dictionary/sources/influenza/snapshots/sra_viral_summaries_all.json"":""207c715e471e861d328810bbf39ad7a9e1b8b4ced5312442d8c89aab2df89514""}",data_dictionary/sources/influenza/snapshots/sra_viral_summaries_all.json,"[""data_dictionary/sources/influenza/snapshots/PMC5126380.html"",""data_dictionary/sources/influenza/snapshots/sra_viral_summaries_all.json""]",https://www.ncbi.nlm.nih.gov/sra/SRR5092642,3501508,SRP091397,CW_120_5004_5_HA,https://www.ncbi.nlm.nih.gov/sra/SRR5092642,public_SRA_metadata
https://www.ncbi.nlm.nih.gov/sra/SRR5092641,repository_or_publication_landing_page,public,PRJNA347853,raw_sequence_reads,FLU:SRP091397,included_human_influenza_challenge,SRX2409474,FLUFILE_ef712a6ae9d099a91c,,False,SRR5092641,,,SRR5092641,not_inspected_at_biological_file_level,,"{""data_dictionary/sources/influenza/snapshots/PMC5126380.html"":""958f1a1040292570eebb8fff7c9ac4bb2f900fa6c8085cd439c0517121511f27"",""data_dictionary/sources/influenza/snapshots/sra_viral_summaries_all.json"":""207c715e471e861d328810bbf39ad7a9e1b8b4ced5312442d8c89aab2df89514""}",data_dictionary/sources/influenza/snapshots/sra_viral_summaries_all.json,"[""data_dictionary/sources/influenza/snapshots/PMC5126380.html"",""data_dictionary/sources/influenza/snapshots/sra_viral_summaries_all.json""]",https://www.ncbi.nlm.nih.gov/sra/SRR5092641,3501507,SRP091397,CW_101_5018_1_PB2,https://www.ncbi.nlm.nih.gov/sra/SRR5092641,public_SRA_metadata
https://www.ncbi.nlm.nih.gov/sra/SRR5092640,repository_or_publication_landing_page,public,PRJNA347853,raw_sequence_reads,FLU:SRP091397,included_human_influenza_challenge,SRX2409473,FLUFILE_5e0d8559f1cf34cc9f,,False,SRR5092640,,,SRR5092640,not_inspected_at_biological_file_level,,"{""data_dictionary/sources/influenza/snapshots/PMC5126380.html"":""958f1a1040292570eebb8fff7c9ac4bb2f900fa6c8085cd439c0517121511f27"",""data_dictionary/sources/influenza/snapshots/sra_viral_summaries_all.json"":""207c715e471e861d328810bbf39ad7a9e1b8b4ced5312442d8c89aab2df89514""}",data_dictionary/sources/influenza/snapshots/sra_viral_summaries_all.json,"[""data_dictionary/sources/influenza/snapshots/PMC5126380.html"",""data_dictionary/sources/influenza/snapshots/sra_viral_summaries_all.json""]",https://www.ncbi.nlm.nih.gov/sra/SRR5092640,3501506,SRP091397,CW_131_5001_3_PA,https://www.ncbi.nlm.nih.gov/sra/SRR5092640,public_SRA_metadata
https://www.ncbi.nlm.nih.gov/sra/SRR5092639,repository_or_publication_landing_page,public,PRJNA347853,raw_sequence_reads,FLU:SRP091397,included_human_influenza_challenge,SRX2409472,FLUFILE_c26e9334c30ffa8e78,,False,SRR5092639,,,SRR5092639,not_inspected_at_biological_file_level,,"{""data_dictionary/sources/influenza/snapshots/PMC5126380.html"":""958f1a1040292570eebb8fff7c9ac4bb2f900fa6c8085cd439c0517121511f27"",""data_dictionary/sources/influenza/snapshots/sra_viral_summaries_all.json"":""207c715e471e861d328810bbf39ad7a9e1b8b4ced5312442d8c89aab2df89514""}",data_dictionary/sources/influenza/snapshots/sra_viral_summaries_all.json,"[""data_dictionary/sources/influenza/snapshots/PMC5126380.html"",""data_dictionary/sources/influenza/snapshots/sra_viral_summaries_all.json""]",https://www.ncbi.nlm.nih.gov/sra/SRR5092639,3501505,SRP091397,CW_115_5018_2_PB2,https://www.ncbi.nlm.nih.gov/sra/SRR5092639,public_SRA_metadata
https://www.ncbi.nlm.nih.gov/sra/SRR5092638,repository_or_publication_landing_page,public,PRJNA347853,raw_sequence_reads,FLU:SRP091397,included_human_influenza_challenge,SRX2409471,FLUFILE_2334cb61461ccaf741,,False,SRR5092638,,,SRR5092638,not_inspected_at_biological_file_level,,"{""data_dictionary/sources/influenza/snapshots/PMC5126380.html"":""958f1a1040292570eebb8fff7c9ac4bb2f900fa6c8085cd439c0517121511f27"",""data_dictionary/sources/influenza/snapshots/sra_viral_summaries_all.json"":""207c715e471e861d328810bbf39ad7a9e1b8b4ced5312442d8c89aab2df89514""}",data_dictionary/sources/influenza/snapshots/sra_viral_summaries_all.json,"[""data_dictionary/sources/influenza/snapshots/PMC5126380.html"",""data_dictionary/sources/influenza/snapshots/sra_viral_summaries_all.json""]",https://www.ncbi.nlm.nih.gov/sra/SRR5092638,3501504,SRP091397,CW_101_5018_1_NP,https://www.ncbi.nlm.nih.gov/sra/SRR5092638,public_SRA_metadata
https://www.ncbi.nlm.nih.gov/sra/SRR5092637,repository_or_publication_landing_page,public,PRJNA347853,raw_sequence_reads,FLU:SRP091397,included_human_influenza_challenge,SRX2409470,FLUFILE_d5f7f3630ad5360af5,,False,SRR5092637,,,SRR5092637,not_inspected_at_biological_file_level,,"{""data_dictionary/sources/influenza/snapshots/PMC5126380.html"":""958f1a1040292570eebb8fff7c9ac4bb2f900fa6c8085cd439c0517121511f27"",""data_dictionary/sources/influenza/snapshots/sra_viral_summaries_all.json"":""207c715e471e861d328810bbf39ad7a9e1b8b4ced5312442d8c89aab2df89514""}",data_dictionary/sources/influenza/snapshots/sra_viral_summaries_all.json,"[""data_dictionary/sources/influenza/snapshots/PMC5126380.html"",""data_dictionary/sources/influenza/snapshots/sra_viral_summaries_all.json""]",https://www.ncbi.nlm.nih.gov/sra/SRR5092637,3501503,SRP091397,CW_121_5020_4_NS,https://www.ncbi.nlm.nih.gov/sra/SRR5092637,public_SRA_metadata
https://www.ncbi.nlm.nih.gov/sra/SRR5092636,repository_or_publication_landing_page,public,PRJNA347853,raw_sequence_reads,FLU:SRP091397,included_human_influenza_challenge,SRX2409469,FLUFILE_fe1322d8cb5554389b,,False,SRR5092636,,,SRR5092636,not_inspected_at_biological_file_level,,"{""data_dictionary/sources/influenza/snapshots/PMC5126380.html"":""958f1a1040292570eebb8fff7c9ac4bb2f900fa6c8085cd439c0517121511f27"",""data_dictionary/sources/influenza/snapshots/sra_viral_summaries_all.json"":""207c715e471e861d328810bbf39ad7a9e1b8b4ced5312442d8c89aab2df89514""}",data_dictionary/sources/influenza/snapshots/sra_viral_summaries_all.json,"[""data_dictionary/sources/influenza/snapshots/PMC5126380.html"",""data_dictionary/sources/influenza/snapshots/sra_viral_summaries_all.json""]",https://www.ncbi.nlm.nih.gov/sra/SRR5092636,3501502,SRP091397,CW_110_5021_1_PA,https://www.ncbi.nlm.nih.gov/sra/SRR5092636,public_SRA_metadata
https://www.ncbi.nlm.nih.gov/sra/SRR5092635,repository_or_publication_landing_page,public,PRJNA347853,raw_sequence_reads,FLU:SRP091397,included_human_influenza_challenge,SRX2409468,FLUFILE_5b57872d2bc435b1c6,,False,SRR5092635,,,SRR5092635,not_inspected_at_biological_file_level,,"{""data_dictionary/sources/influenza/snapshots/PMC5126380.html"":""958f1a1040292570eebb8fff7c9ac4bb2f900fa6c8085cd439c0517121511f27"",""data_dictionary/sources/influenza/snapshots/sra_viral_summaries_all.json"":""207c715e471e861d328810bbf39ad7a9e1b8b4ced5312442d8c89aab2df89514""}",data_dictionary/sources/influenza/snapshots/sra_viral_summaries_all.json,"[""data_dictionary/sources/influenza/snapshots/PMC5126380.html"",""data_dictionary/sources/influenza/snapshots/sra_viral_summaries_all.json""]",https://www.ncbi.nlm.nih.gov/sra/SRR5092635,3501501,SRP091397,CW_128_5021_3_PB2,https://www.ncbi.nlm.nih.gov/sra/SRR5092635,public_SRA_metadata
https://www.ncbi.nlm.nih.gov/sra/SRR5092634,repository_or_publication_landing_page,public,PRJNA347853,raw_sequence_reads,FLU:SRP091397,included_human_influenza_challenge,SRX2409467,FLUFILE_96a5ee81721a17b465,,False,SRR5092634,,,SRR5092634,not_inspected_at_biological_file_level,,"{""data_dictionary/sources/influenza/snapshots/PMC5126380.html"":""958f1a1040292570eebb8fff7c9ac4bb2f900fa6c8085cd439c0517121511f27"",""data_dictionary/sources/influenza/snapshots/sra_viral_summaries_all.json"":""207c715e471e861d328810bbf39ad7a9e1b8b4ced5312442d8c89aab2df89514""}",data_dictionary/sources/influenza/snapshots/sra_viral_summaries_all.json,"[""data_dictionary/sources/influenza/snapshots/PMC5126380.html"",""data_dictionary/sources/influenza/snapshots/sra_viral_summaries_all.json""]",https://www.ncbi.nlm.nih.gov/sra/SRR5092634,3501500,SRP091397,CW_108_5019_1_HA,https://www.ncbi.nlm.nih.gov/sra/SRR5092634,public_SRA_metadata
https://www.ncbi.nlm.nih.gov/sra/SRR5092633,repository_or_publication_landing_page,public,PRJNA347853,raw_sequence_reads,FLU:SRP091397,included_human_influenza_challenge,SRX2409466,FLUFILE_ef1d64d478fe897803,,False,SRR5092633,,,SRR5092633,not_inspected_at_biological_file_level,,"{""data_dictionary/sources/influenza/snapshots/PMC5126380.html"":""958f1a1040292570eebb8fff7c9ac4bb2f900fa6c8085cd439c0517121511f27"",""data_dictionary/sources/influenza/snapshots/sra_viral_summaries_all.json"":""207c715e471e861d328810bbf39ad7a9e1b8b4ced5312442d8c89aab2df89514""}",data_dictionary/sources/influenza/snapshots/sra_viral_summaries_all.json,"[""data_dictionary/sources/influenza/snapshots/PMC5126380.html"",""data_dictionary/sources/influenza/snapshots/sra_viral_summaries_all.json""]",https://www.ncbi.nlm.nih.gov/sra/SRR5092633,3501499,SRP091397,CW_108_5019_1_PB1,https://www.ncbi.nlm.nih.gov/sra/SRR5092633,public_SRA_metadata
https://www.ncbi.nlm.nih.gov/sra/SRR5092632,repository_or_publication_landing_page,public,PRJNA347853,raw_sequence_reads,FLU:SRP091397,included_human_influenza_challenge,SRX2409465,FLUFILE_e4e81c31629198076e,,False,SRR5092632,,,SRR5092632,not_inspected_at_biological_file_level,,"{""data_dictionary/sources/influenza/snapshots/PMC5126380.html"":""958f1a1040292570eebb8fff7c9ac4bb2f900fa6c8085cd439c0517121511f27"",""data_dictionary/sources/influenza/snapshots/sra_viral_summaries_all.json"":""207c715e471e861d328810bbf39ad7a9e1b8b4ced5312442d8c89aab2df89514""}",data_dictionary/sources/influenza/snapshots/sra_viral_summaries_all.json,"[""data_dictionary/sources/influenza/snapshots/PMC5126380.html"",""data_dictionary/sources/influenza/snapshots/sra_viral_summaries_all.json""]",https://www.ncbi.nlm.nih.gov/sra/SRR5092632,3501498,SRP091397,CW_104_5006_1_NS,https://www.ncbi.nlm.nih.gov/sra/SRR5092632,public_SRA_metadata
https://www.ncbi.nlm.nih.gov/sra/SRR5092631,repository_or_publication_landing_page,public,PRJNA347853,raw_sequence_reads,FLU:SRP091397,included_human_influenza_challenge,SRX2409464,FLUFILE_10345f86805ac02268,,False,SRR5092631,,,SRR5092631,not_inspected_at_biological_file_level,,"{""data_dictionary/sources/influenza/snapshots/PMC5126380.html"":""958f1a1040292570eebb8fff7c9ac4bb2f900fa6c8085cd439c0517121511f27"",""data_dictionary/sources/influenza/snapshots/sra_viral_summaries_all.json"":""207c715e471e861d328810bbf39ad7a9e1b8b4ced5312442d8c89aab2df89514""}",data_dictionary/sources/influenza/snapshots/sra_viral_summaries_all.json,"[""data_dictionary/sources/influenza/snapshots/PMC5126380.html"",""data_dictionary/sources/influenza/snapshots/sra_viral_summaries_all.json""]",https://www.ncbi.nlm.nih.gov/sra/SRR5092631,3501497,SRP091397,CW_123_5021_4_NS,https://www.ncbi.nlm.nih.gov/sra/SRR5092631,public_SRA_metadata
https://www.ncbi.nlm.nih.gov/sra/SRR5092630,repository_or_publication_landing_page,public,PRJNA347853,raw_sequence_reads,FLU:SRP091397,included_human_influenza_challenge,SRX2409463,FLUFILE_c640f518faa6bb91ef,,False,SRR5092630,,,SRR5092630,not_inspected_at_biological_file_level,,"{""data_dictionary/sources/influenza/snapshots/PMC5126380.html"":""958f1a1040292570eebb8fff7c9ac4bb2f900fa6c8085cd439c0517121511f27"",""data_dictionary/sources/influenza/snapshots/sra_viral_summaries_all.json"":""207c715e471e861d328810bbf39ad7a9e1b8b4ced5312442d8c89aab2df89514""}",data_dictionary/sources/influenza/snapshots/sra_viral_summaries_all.json,"[""data_dictionary/sources/influenza/snapshots/PMC5126380.html"",""data_dictionary/sources/influenza/snapshots/sra_viral_summaries_all.json""]",https://www.ncbi.nlm.nih.gov/sra/SRR5092630,3501496,SRP091397,CW_116_5019_2_NA,https://www.ncbi.nlm.nih.gov/sra/SRR5092630,public_SRA_metadata
https://www.ncbi.nlm.nih.gov/sra/SRR5092629,repository_or_publication_landing_page,public,PRJNA347853,raw_sequence_reads,FLU:SRP091397,included_human_influenza_challenge,SRX2409462,FLUFILE_0fdcf2fb6248ca634b,,False,SRR5092629,,,SRR5092629,not_inspected_at_biological_file_level,,"{""data_dictionary/sources/influenza/snapshots/PMC5126380.html"":""958f1a1040292570eebb8fff7c9ac4bb2f900fa6c8085cd439c0517121511f27"",""data_dictionary/sources/influenza/snapshots/sra_viral_summaries_all.json"":""207c715e471e861d328810bbf39ad7a9e1b8b4ced5312442d8c89aab2df89514""}",data_dictionary/sources/influenza/snapshots/sra_viral_summaries_all.json,"[""data_dictionary/sources/influenza/snapshots/PMC5126380.html"",""data_dictionary/sources/influenza/snapshots/sra_viral_summaries_all.json""]",https://www.ncbi.nlm.nih.gov/sra/SRR5092629,3501495,SRP091397,CW_129_5004_3_PB1,https://www.ncbi.nlm.nih.gov/sra/SRR5092629,public_SRA_metadata
https://www.ncbi.nlm.nih.gov/sra/SRR5092628,repository_or_publication_landing_page,public,PRJNA347853,raw_sequence_reads,FLU:SRP091397,included_human_influenza_challenge,SRX2409461,FLUFILE_2f7d710691461bedc5,,False,SRR5092628,,,SRR5092628,not_inspected_at_biological_file_level,,"{""data_dictionary/sources/influenza/snapshots/PMC5126380.html"":""958f1a1040292570eebb8fff7c9ac4bb2f900fa6c8085cd439c0517121511f27"",""data_dictionary/sources/influenza/snapshots/sra_viral_summaries_all.json"":""207c715e471e861d328810bbf39ad7a9e1b8b4ced5312442d8c89aab2df89514""}",data_dictionary/sources/influenza/snapshots/sra_viral_summaries_all.json,"[""data_dictionary/sources/influenza/snapshots/PMC5126380.html"",""data_dictionary/sources/influenza/snapshots/sra_viral_summaries_all.json""]",https://www.ncbi.nlm.nih.gov/sra/SRR5092628,3501494,SRP091397,CW_111_5002_2_PB2,https://www.ncbi.nlm.nih.gov/sra/SRR5092628,public_SRA_metadata
https://www.ncbi.nlm.nih.gov/sra/SRR5092627,repository_or_publication_landing_page,public,PRJNA347853,raw_sequence_reads,FLU:SRP091397,included_human_influenza_challenge,SRX2409460,FLUFILE_ba23dd7c83c6af665e,,False,SRR5092627,,,SRR5092627,not_inspected_at_biological_file_level,,"{""data_dictionary/sources/influenza/snapshots/PMC5126380.html"":""958f1a1040292570eebb8fff7c9ac4bb2f900fa6c8085cd439c0517121511f27"",""data_dictionary/sources/influenza/snapshots/sra_viral_summaries_all.json"":""207c715e471e861d328810bbf39ad7a9e1b8b4ced5312442d8c89aab2df89514""}",data_dictionary/sources/influenza/snapshots/sra_viral_summaries_all.json,"[""data_dictionary/sources/influenza/snapshots/PMC5126380.html"",""data_dictionary/sources/influenza/snapshots/sra_viral_summaries_all.json""]",https://www.ncbi.nlm.nih.gov/sra/SRR5092627,3501493,SRP091397,CW_126_5020_3_HA,https://www.ncbi.nlm.nih.gov/sra/SRR5092627,public_SRA_metadata
https://www.ncbi.nlm.nih.gov/sra/SRR5092626,repository_or_publication_landing_page,public,PRJNA347853,raw_sequence_reads,FLU:SRP091397,included_human_influenza_challenge,SRX2409459,FLUFILE_5b5f3bddb1157246d2,,False,SRR5092626,,,SRR5092626,not_inspected_at_biological_file_level,,"{""data_dictionary/sources/influenza/snapshots/PMC5126380.html"":""958f1a1040292570eebb8fff7c9ac4bb2f900fa6c8085cd439c0517121511f27"",""data_dictionary/sources/influenza/snapshots/sra_viral_summaries_all.json"":""207c715e471e861d328810bbf39ad7a9e1b8b4ced5312442d8c89aab2df89514""}",data_dictionary/sources/influenza/snapshots/sra_viral_summaries_all.json,"[""data_dictionary/sources/influenza/snapshots/PMC5126380.html"",""data_dictionary/sources/influenza/snapshots/sra_viral_summaries_all.json""]",https://www.ncbi.nlm.nih.gov/sra/SRR5092626,3501492,SRP091397,CW_111_5002_2_PB1,https://www.ncbi.nlm.nih.gov/sra/SRR5092626,public_SRA_metadata
https://www.ncbi.nlm.nih.gov/sra/SRR5092625,repository_or_publication_landing_page,public,PRJNA347853,raw_sequence_reads,FLU:SRP091397,included_human_influenza_challenge,SRX2409458,FLUFILE_bba87ee749e0e6590f,,False,SRR5092625,,,SRR5092625,not_inspected_at_biological_file_level,,"{""data_dictionary/sources/influenza/snapshots/PMC5126380.html"":""958f1a1040292570eebb8fff7c9ac4bb2f900fa6c8085cd439c0517121511f27"",""data_dictionary/sources/influenza/snapshots/sra_viral_summaries_all.json"":""207c715e471e861d328810bbf39ad7a9e1b8b4ced5312442d8c89aab2df89514""}",data_dictionary/sources/influenza/snapshots/sra_viral_summaries_all.json,"[""data_dictionary/sources/influenza/snapshots/PMC5126380.html"",""data_dictionary/sources/influenza/snapshots/sra_viral_summaries_all.json""]",https://www.ncbi.nlm.nih.gov/sra/SRR5092625,3501491,SRP091397,CW_108_5019_1_NP,https://www.ncbi.nlm.nih.gov/sra/SRR5092625,public_SRA_metadata
https://www.ncbi.nlm.nih.gov/sra/SRR5092624,repository_or_publication_landing_page,public,PRJNA347853,raw_sequence_reads,FLU:SRP091397,included_human_influenza_challenge,SRX2409457,FLUFILE_5f7d4e6e04b52fef5b,,False,SRR5092624,,,SRR5092624,not_inspected_at_biological_file_level,,"{""data_dictionary/sources/influenza/snapshots/PMC5126380.html"":""958f1a1040292570eebb8fff7c9ac4bb2f900fa6c8085cd439c0517121511f27"",""data_dictionary/sources/influenza/snapshots/sra_viral_summaries_all.json"":""207c715e471e861d328810bbf39ad7a9e1b8b4ced5312442d8c89aab2df89514""}",data_dictionary/sources/influenza/snapshots/sra_viral_summaries_all.json,"[""data_dictionary/sources/influenza/snapshots/PMC5126380.html"",""data_dictionary/sources/influenza/snapshots/sra_viral_summaries_all.json""]",https://www.ncbi.nlm.nih.gov/sra/SRR5092624,3501490,SRP091397,CW_131_5001_3_NS,https://www.ncbi.nlm.nih.gov/sra/SRR5092624,public_SRA_metadata
https://www.ncbi.nlm.nih.gov/sra/SRR5092623,repository_or_publication_landing_page,public,PRJNA347853,raw_sequence_reads,FLU:SRP091397,included_human_influenza_challenge,SRX2409456,FLUFILE_841c47307aed61d212,,False,SRR5092623,,,SRR5092623,not_inspected_at_biological_file_level,,"{""data_dictionary/sources/influenza/snapshots/PMC5126380.html"":""958f1a1040292570eebb8fff7c9ac4bb2f900fa6c8085cd439c0517121511f27"",""data_dictionary/sources/influenza/snapshots/sra_viral_summaries_all.json"":""207c715e471e861d328810bbf39ad7a9e1b8b4ced5312442d8c89aab2df89514""}",data_dictionary/sources/influenza/snapshots/sra_viral_summaries_all.json,"[""data_dictionary/sources/influenza/snapshots/PMC5126380.html"",""data_dictionary/sources/influenza/snapshots/sra_viral_summaries_all.json""]",https://www.ncbi.nlm.nih.gov/sra/SRR5092623,3501489,SRP091397,CW_125_5007_3_HA,https://www.ncbi.nlm.nih.gov/sra/SRR5092623,public_SRA_metadata
https://www.ncbi.nlm.nih.gov/sra/SRR5092622,repository_or_publication_landing_page,public,PRJNA347853,raw_sequence_reads,FLU:SRP091397,included_human_influenza_challenge,SRX2409455,FLUFILE_fa66652b94d1ba447d,,False,SRR5092622,,,SRR5092622,not_inspected_at_biological_file_level,,"{""data_dictionary/sources/influenza/snapshots/PMC5126380.html"":""958f1a1040292570eebb8fff7c9ac4bb2f900fa6c8085cd439c0517121511f27"",""data_dictionary/sources/influenza/snapshots/sra_viral_summaries_all.json"":""207c715e471e861d328810bbf39ad7a9e1b8b4ced5312442d8c89aab2df89514""}",data_dictionary/sources/influenza/snapshots/sra_viral_summaries_all.json,"[""data_dictionary/sources/influenza/snapshots/PMC5126380.html"",""data_dictionary/sources/influenza/snapshots/sra_viral_summaries_all.json""]",https://www.ncbi.nlm.nih.gov/sra/SRR5092622,3501488,SRP091397,CW_113_5007_2_NS,https://www.ncbi.nlm.nih.gov/sra/SRR5092622,public_SRA_metadata
https://www.ncbi.nlm.nih.gov/sra/SRR5092621,repository_or_publication_landing_page,public,PRJNA347853,raw_sequence_reads,FLU:SRP091397,included_human_influenza_challenge,SRX2409454,FLUFILE_e23c2d39a68527d66c,,False,SRR5092621,,,SRR5092621,not_inspected_at_biological_file_level,,"{""data_dictionary/sources/influenza/snapshots/PMC5126380.html"":""958f1a1040292570eebb8fff7c9ac4bb2f900fa6c8085cd439c0517121511f27"",""data_dictionary/sources/influenza/snapshots/sra_viral_summaries_all.json"":""207c715e471e861d328810bbf39ad7a9e1b8b4ced5312442d8c89aab2df89514""}",data_dictionary/sources/influenza/snapshots/sra_viral_summaries_all.json,"[""data_dictionary/sources/influenza/snapshots/PMC5126380.html"",""data_dictionary/sources/influenza/snapshots/sra_viral_summaries_all.json""]",https://www.ncbi.nlm.nih.gov/sra/SRR5092621,3501487,SRP091397,CW_123_5021_4_NP,https://www.ncbi.nlm.nih.gov/sra/SRR5092621,public_SRA_metadata
https://www.ncbi.nlm.nih.gov/sra/SRR5092620,repository_or_publication_landing_page,public,PRJNA347853,raw_sequence_reads,FLU:SRP091397,included_human_influenza_challenge,SRX2409453,FLUFILE_5cf06cd71a12af1213,,False,SRR5092620,,,SRR5092620,not_inspected_at_biological_file_level,,"{""data_dictionary/sources/influenza/snapshots/PMC5126380.html"":""958f1a1040292570eebb8fff7c9ac4bb2f900fa6c8085cd439c0517121511f27"",""data_dictionary/sources/influenza/snapshots/sra_viral_summaries_all.json"":""207c715e471e861d328810bbf39ad7a9e1b8b4ced5312442d8c89aab2df89514""}",data_dictionary/sources/influenza/snapshots/sra_viral_summaries_all.json,"[""data_dictionary/sources/influenza/snapshots/PMC5126380.html"",""data_dictionary/sources/influenza/snapshots/sra_viral_summaries_all.json""]",https://www.ncbi.nlm.nih.gov/sra/SRR5092620,3501486,SRP091397,CW_114_5017_2_HA,https://www.ncbi.nlm.nih.gov/sra/SRR5092620,public_SRA_metadata
https://www.ncbi.nlm.nih.gov/sra/SRR5092619,repository_or_publication_landing_page,public,PRJNA347853,raw_sequence_reads,FLU:SRP091397,included_human_influenza_challenge,SRX2409452,FLUFILE_3cfa8e9a60a6a940e7,,False,SRR5092619,,,SRR5092619,not_inspected_at_biological_file_level,,"{""data_dictionary/sources/influenza/snapshots/PMC5126380.html"":""958f1a1040292570eebb8fff7c9ac4bb2f900fa6c8085cd439c0517121511f27"",""data_dictionary/sources/influenza/snapshots/sra_viral_summaries_all.json"":""207c715e471e861d328810bbf39ad7a9e1b8b4ced5312442d8c89aab2df89514""}",data_dictionary/sources/influenza/snapshots/sra_viral_summaries_all.json,"[""data_dictionary/sources/influenza/snapshots/PMC5126380.html"",""data_dictionary/sources/influenza/snapshots/sra_viral_summaries_all.json""]",https://www.ncbi.nlm.nih.gov/sra/SRR5092619,3501485,SRP091397,CW_103_5001_2_MP,https://www.ncbi.nlm.nih.gov/sra/SRR5092619,public_SRA_metadata
https://www.ncbi.nlm.nih.gov/sra/SRR5092618,repository_or_publication_landing_page,public,PRJNA347853,raw_sequence_reads,FLU:SRP091397,included_human_influenza_challenge,SRX2409451,FLUFILE_ad36f5a4fb4b58cfca,,False,SRR5092618,,,SRR5092618,not_inspected_at_biological_file_level,,"{""data_dictionary/sources/influenza/snapshots/PMC5126380.html"":""958f1a1040292570eebb8fff7c9ac4bb2f900fa6c8085cd439c0517121511f27"",""data_dictionary/sources/influenza/snapshots/sra_viral_summaries_all.json"":""207c715e471e861d328810bbf39ad7a9e1b8b4ced5312442d8c89aab2df89514""}",data_dictionary/sources/influenza/snapshots/sra_viral_summaries_all.json,"[""data_dictionary/sources/influenza/snapshots/PMC5126380.html"",""data_dictionary/sources/influenza/snapshots/sra_viral_summaries_all.json""]",https://www.ncbi.nlm.nih.gov/sra/SRR5092618,3501484,SRP091397,CW_117_5020_2_PA,https://www.ncbi.nlm.nih.gov/sra/SRR5092618,public_SRA_metadata
https://www.ncbi.nlm.nih.gov/sra/SRR5092617,repository_or_publication_landing_page,public,PRJNA347853,raw_sequence_reads,FLU:SRP091397,included_human_influenza_challenge,SRX2409450,FLUFILE_5ee4244ee66210338b,,False,SRR5092617,,,SRR5092617,not_inspected_at_biological_file_level,,"{""data_dictionary/sources/influenza/snapshots/PMC5126380.html"":""958f1a1040292570eebb8fff7c9ac4bb2f900fa6c8085cd439c0517121511f27"",""data_dictionary/sources/influenza/snapshots/sra_viral_summaries_all.json"":""207c715e471e861d328810bbf39ad7a9e1b8b4ced5312442d8c89aab2df89514""}",data_dictionary/sources/influenza/snapshots/sra_viral_summaries_all.json,"[""data_dictionary/sources/influenza/snapshots/PMC5126380.html"",""data_dictionary/sources/influenza/snapshots/sra_viral_summaries_all.json""]",https://www.ncbi.nlm.nih.gov/sra/SRR5092617,3501483,SRP091397,CW_105_5004_4_PA,https://www.ncbi.nlm.nih.gov/sra/SRR5092617,public_SRA_metadata
https://www.ncbi.nlm.nih.gov/sra/SRR5092616,repository_or_publication_landing_page,public,PRJNA347853,raw_sequence_reads,FLU:SRP091397,included_human_influenza_challenge,SRX2409449,FLUFILE_bf8b64ece446b8f783,,False,SRR5092616,,,SRR5092616,not_inspected_at_biological_file_level,,"{""data_dictionary/sources/influenza/snapshots/PMC5126380.html"":""958f1a1040292570eebb8fff7c9ac4bb2f900fa6c8085cd439c0517121511f27"",""data_dictionary/sources/influenza/snapshots/sra_viral_summaries_all.json"":""207c715e471e861d328810bbf39ad7a9e1b8b4ced5312442d8c89aab2df89514""}",data_dictionary/sources/influenza/snapshots/sra_viral_summaries_all.json,"[""data_dictionary/sources/influenza/snapshots/PMC5126380.html"",""data_dictionary/sources/influenza/snapshots/sra_viral_summaries_all.json""]",https://www.ncbi.nlm.nih.gov/sra/SRR5092616,3501482,SRP091397,CW_126_5020_3_MP,https://www.ncbi.nlm.nih.gov/sra/SRR5092616,public_SRA_metadata
https://www.ncbi.nlm.nih.gov/sra/SRR5092615,repository_or_publication_landing_page,public,PRJNA347853,raw_sequence_reads,FLU:SRP091397,included_human_influenza_challenge,SRX2409448,FLUFILE_e79ea20ac9e20a9553,,False,SRR5092615,,,SRR5092615,not_inspected_at_biological_file_level,,"{""data_dictionary/sources/influenza/snapshots/PMC5126380.html"":""958f1a1040292570eebb8fff7c9ac4bb2f900fa6c8085cd439c0517121511f27"",""data_dictionary/sources/influenza/snapshots/sra_viral_summaries_all.json"":""207c715e471e861d328810bbf39ad7a9e1b8b4ced5312442d8c89aab2df89514""}",data_dictionary/sources/influenza/snapshots/sra_viral_summaries_all.json,"[""data_dictionary/sources/influenza/snapshots/PMC5126380.html"",""data_dictionary/sources/influenza/snapshots/sra_viral_summaries_all.json""]",https://www.ncbi.nlm.nih.gov/sra/SRR5092615,3501481,SRP091397,CW_109_5020_1_NS,https://www.ncbi.nlm.nih.gov/sra/SRR5092615,public_SRA_metadata
https://www.ncbi.nlm.nih.gov/sra/SRR5092614,repository_or_publication_landing_page,public,PRJNA347853,raw_sequence_reads,FLU:SRP091397,included_human_influenza_challenge,SRX2409447,FLUFILE_e3ccd88d381b8ea78e,,False,SRR5092614,,,SRR5092614,not_inspected_at_biological_file_level,,"{""data_dictionary/sources/influenza/snapshots/PMC5126380.html"":""958f1a1040292570eebb8fff7c9ac4bb2f900fa6c8085cd439c0517121511f27"",""data_dictionary/sources/influenza/snapshots/sra_viral_summaries_all.json"":""207c715e471e861d328810bbf39ad7a9e1b8b4ced5312442d8c89aab2df89514""}",data_dictionary/sources/influenza/snapshots/sra_viral_summaries_all.json,"[""data_dictionary/sources/influenza/snapshots/PMC5126380.html"",""data_dictionary/sources/influenza/snapshots/sra_viral_summaries_all.json""]",https://www.ncbi.nlm.nih.gov/sra/SRR5092614,3501480,SRP091397,CW_112_5006_2_PB1,https://www.ncbi.nlm.nih.gov/sra/SRR5092614,public_SRA_metadata
https://www.ncbi.nlm.nih.gov/sra/SRR5092613,repository_or_publication_landing_page,public,PRJNA347853,raw_sequence_reads,FLU:SRP091397,included_human_influenza_challenge,SRX2409446,FLUFILE_d91fecf2c6278fe0ab,,False,SRR5092613,,,SRR5092613,not_inspected_at_biological_file_level,,"{""data_dictionary/sources/influenza/snapshots/PMC5126380.html"":""958f1a1040292570eebb8fff7c9ac4bb2f900fa6c8085cd439c0517121511f27"",""data_dictionary/sources/influenza/snapshots/sra_viral_summaries_all.json"":""207c715e471e861d328810bbf39ad7a9e1b8b4ced5312442d8c89aab2df89514""}",data_dictionary/sources/influenza/snapshots/sra_viral_summaries_all.json,"[""data_dictionary/sources/influenza/snapshots/PMC5126380.html"",""data_dictionary/sources/influenza/snapshots/sra_viral_summaries_all.json""]",https://www.ncbi.nlm.nih.gov/sra/SRR5092613,3501479,SRP091397,CW_109_5020_1_NP,https://www.ncbi.nlm.nih.gov/sra/SRR5092613,public_SRA_metadata
https://www.ncbi.nlm.nih.gov/sra/SRR5092612,repository_or_publication_landing_page,public,PRJNA347853,raw_sequence_reads,FLU:SRP091397,included_human_influenza_challenge,SRX2409445,FLUFILE_966192ef1b74fb1683,,False,SRR5092612,,,SRR5092612,not_inspected_at_biological_file_level,,"{""data_dictionary/sources/influenza/snapshots/PMC5126380.html"":""958f1a1040292570eebb8fff7c9ac4bb2f900fa6c8085cd439c0517121511f27"",""data_dictionary/sources/influenza/snapshots/sra_viral_summaries_all.json"":""207c715e471e861d328810bbf39ad7a9e1b8b4ced5312442d8c89aab2df89514""}",data_dictionary/sources/influenza/snapshots/sra_viral_summaries_all.json,"[""data_dictionary/sources/influenza/snapshots/PMC5126380.html"",""data_dictionary/sources/influenza/snapshots/sra_viral_summaries_all.json""]",https://www.ncbi.nlm.nih.gov/sra/SRR5092612,3501478,SRP091397,CW_122_5021_5_HA,https://www.ncbi.nlm.nih.gov/sra/SRR5092612,public_SRA_metadata
https://www.ncbi.nlm.nih.gov/sra/SRR5092611,repository_or_publication_landing_page,public,PRJNA347853,raw_sequence_reads,FLU:SRP091397,included_human_influenza_challenge,SRX2409444,FLUFILE_4c32d915de1e8415eb,,False,SRR5092611,,,SRR5092611,not_inspected_at_biological_file_level,,"{""data_dictionary/sources/influenza/snapshots/PMC5126380.html"":""958f1a1040292570eebb8fff7c9ac4bb2f900fa6c8085cd439c0517121511f27"",""data_dictionary/sources/influenza/snapshots/sra_viral_summaries_all.json"":""207c715e471e861d328810bbf39ad7a9e1b8b4ced5312442d8c89aab2df89514""}",data_dictionary/sources/influenza/snapshots/sra_viral_summaries_all.json,"[""data_dictionary/sources/influenza/snapshots/PMC5126380.html"",""data_dictionary/sources/influenza/snapshots/sra_viral_summaries_all.json""]",https://www.ncbi.nlm.nih.gov/sra/SRR5092611,3501477,SRP091397,CW_116_5019_2_PA,https://www.ncbi.nlm.nih.gov/sra/SRR5092611,public_SRA_metadata
https://www.ncbi.nlm.nih.gov/sra/SRR5092610,repository_or_publication_landing_page,public,PRJNA347853,raw_sequence_reads,FLU:SRP091397,included_human_influenza_challenge,SRX2409443,FLUFILE_f4ae498602194e5814,,False,SRR5092610,,,SRR5092610,not_inspected_at_biological_file_level,,"{""data_dictionary/sources/influenza/snapshots/PMC5126380.html"":""958f1a1040292570eebb8fff7c9ac4bb2f900fa6c8085cd439c0517121511f27"",""data_dictionary/sources/influenza/snapshots/sra_viral_summaries_all.json"":""207c715e471e861d328810bbf39ad7a9e1b8b4ced5312442d8c89aab2df89514""}",data_dictionary/sources/influenza/snapshots/sra_viral_summaries_all.json,"[""data_dictionary/sources/influenza/snapshots/PMC5126380.html"",""data_dictionary/sources/influenza/snapshots/sra_viral_summaries_all.json""]",https://www.ncbi.nlm.nih.gov/sra/SRR5092610,3501476,SRP091397,CW_126_5020_3_PB2,https://www.ncbi.nlm.nih.gov/sra/SRR5092610,public_SRA_metadata
https://www.ncbi.nlm.nih.gov/sra/SRR5092609,repository_or_publication_landing_page,public,PRJNA347853,raw_sequence_reads,FLU:SRP091397,included_human_influenza_challenge,SRX2409442,FLUFILE_e368e20a924ea8157b,,False,SRR5092609,,,SRR5092609,not_inspected_at_biological_file_level,,"{""data_dictionary/sources/influenza/snapshots/PMC5126380.html"":""958f1a1040292570eebb8fff7c9ac4bb2f900fa6c8085cd439c0517121511f27"",""data_dictionary/sources/influenza/snapshots/sra_viral_summaries_all.json"":""207c715e471e861d328810bbf39ad7a9e1b8b4ced5312442d8c89aab2df89514""}",data_dictionary/sources/influenza/snapshots/sra_viral_summaries_all.json,"[""data_dictionary/sources/influenza/snapshots/PMC5126380.html"",""data_dictionary/sources/influenza/snapshots/sra_viral_summaries_all.json""]",https://www.ncbi.nlm.nih.gov/sra/SRR5092609,3501475,SRP091397,CW_102_5007_1_PB1,https://www.ncbi.nlm.nih.gov/sra/SRR5092609,public_SRA_metadata
https://www.ncbi.nlm.nih.gov/sra/SRR5092608,repository_or_publication_landing_page,public,PRJNA347853,raw_sequence_reads,FLU:SRP091397,included_human_influenza_challenge,SRX2409441,FLUFILE_e370874d1fa1f23727,,False,SRR5092608,,,SRR5092608,not_inspected_at_biological_file_level,,"{""data_dictionary/sources/influenza/snapshots/PMC5126380.html"":""958f1a1040292570eebb8fff7c9ac4bb2f900fa6c8085cd439c0517121511f27"",""data_dictionary/sources/influenza/snapshots/sra_viral_summaries_all.json"":""207c715e471e861d328810bbf39ad7a9e1b8b4ced5312442d8c89aab2df89514""}",data_dictionary/sources/influenza/snapshots/sra_viral_summaries_all.json,"[""data_dictionary/sources/influenza/snapshots/PMC5126380.html"",""data_dictionary/sources/influenza/snapshots/sra_viral_summaries_all.json""]",https://www.ncbi.nlm.nih.gov/sra/SRR5092608,3501474,SRP091397,CW_110_5021_1_PB2,https://www.ncbi.nlm.nih.gov/sra/SRR5092608,public_SRA_metadata
https://www.ncbi.nlm.nih.gov/sra/SRR5092607,repository_or_publication_landing_page,public,PRJNA347853,raw_sequence_reads,FLU:SRP091397,included_human_influenza_challenge,SRX2409440,FLUFILE_74aae45e93715cd12f,,False,SRR5092607,,,SRR5092607,not_inspected_at_biological_file_level,,"{""data_dictionary/sources/influenza/snapshots/PMC5126380.html"":""958f1a1040292570eebb8fff7c9ac4bb2f900fa6c8085cd439c0517121511f27"",""data_dictionary/sources/influenza/snapshots/sra_viral_summaries_all.json"":""207c715e471e861d328810bbf39ad7a9e1b8b4ced5312442d8c89aab2df89514""}",data_dictionary/sources/influenza/snapshots/sra_viral_summaries_all.json,"[""data_dictionary/sources/influenza/snapshots/PMC5126380.html"",""data_dictionary/sources/influenza/snapshots/sra_viral_summaries_all.json""]",https://www.ncbi.nlm.nih.gov/sra/SRR5092607,3501473,SRP091397,CW_117_5020_2_NA,https://www.ncbi.nlm.nih.gov/sra/SRR5092607,public_SRA_metadata
https://www.ncbi.nlm.nih.gov/sra/SRR5092606,repository_or_publication_landing_page,public,PRJNA347853,raw_sequence_reads,FLU:SRP091397,included_human_influenza_challenge,SRX2409439,FLUFILE_ca9e8143cf939a141c,,False,SRR5092606,,,SRR5092606,not_inspected_at_biological_file_level,,"{""data_dictionary/sources/influenza/snapshots/PMC5126380.html"":""958f1a1040292570eebb8fff7c9ac4bb2f900fa6c8085cd439c0517121511f27"",""data_dictionary/sources/influenza/snapshots/sra_viral_summaries_all.json"":""207c715e471e861d328810bbf39ad7a9e1b8b4ced5312442d8c89aab2df89514""}",data_dictionary/sources/influenza/snapshots/sra_viral_summaries_all.json,"[""data_dictionary/sources/influenza/snapshots/PMC5126380.html"",""data_dictionary/sources/influenza/snapshots/sra_viral_summaries_all.json""]",https://www.ncbi.nlm.nih.gov/sra/SRR5092606,3501472,SRP091397,CW_123_5021_4_PA,https://www.ncbi.nlm.nih.gov/sra/SRR5092606,public_SRA_metadata
https://www.ncbi.nlm.nih.gov/sra/SRR5092605,repository_or_publication_landing_page,public,PRJNA347853,raw_sequence_reads,FLU:SRP091397,included_human_influenza_challenge,SRX2409438,FLUFILE_d34e507975b4fbdaab,,False,SRR5092605,,,SRR5092605,not_inspected_at_biological_file_level,,"{""data_dictionary/sources/influenza/snapshots/PMC5126380.html"":""958f1a1040292570eebb8fff7c9ac4bb2f900fa6c8085cd439c0517121511f27"",""data_dictionary/sources/influenza/snapshots/sra_viral_summaries_all.json"":""207c715e471e861d328810bbf39ad7a9e1b8b4ced5312442d8c89aab2df89514""}",data_dictionary/sources/influenza/snapshots/sra_viral_summaries_all.json,"[""data_dictionary/sources/influenza/snapshots/PMC5126380.html"",""data_dictionary/sources/influenza/snapshots/sra_viral_summaries_all.json""]",https://www.ncbi.nlm.nih.gov/sra/SRR5092605,3501471,SRP091397,CW_131_5001_3_HA,https://www.ncbi.nlm.nih.gov/sra/SRR5092605,public_SRA_metadata
https://www.ncbi.nlm.nih.gov/sra/SRR5092604,repository_or_publication_landing_page,public,PRJNA347853,raw_sequence_reads,FLU:SRP091397,included_human_influenza_challenge,SRX2409437,FLUFILE_3888516b6120815b33,,False,SRR5092604,,,SRR5092604,not_inspected_at_biological_file_level,,"{""data_dictionary/sources/influenza/snapshots/PMC5126380.html"":""958f1a1040292570eebb8fff7c9ac4bb2f900fa6c8085cd439c0517121511f27"",""data_dictionary/sources/influenza/snapshots/sra_viral_summaries_all.json"":""207c715e471e861d328810bbf39ad7a9e1b8b4ced5312442d8c89aab2df89514""}",data_dictionary/sources/influenza/snapshots/sra_viral_summaries_all.json,"[""data_dictionary/sources/influenza/snapshots/PMC5126380.html"",""data_dictionary/sources/influenza/snapshots/sra_viral_summaries_all.json""]",https://www.ncbi.nlm.nih.gov/sra/SRR5092604,3501470,SRP091397,CW_115_5018_2_MP,https://www.ncbi.nlm.nih.gov/sra/SRR5092604,public_SRA_metadata
https://www.ncbi.nlm.nih.gov/sra/SRR5092603,repository_or_publication_landing_page,public,PRJNA347853,raw_sequence_reads,FLU:SRP091397,included_human_influenza_challenge,SRX2409436,FLUFILE_5ec95136409b80004e,,False,SRR5092603,,,SRR5092603,not_inspected_at_biological_file_level,,"{""data_dictionary/sources/influenza/snapshots/PMC5126380.html"":""958f1a1040292570eebb8fff7c9ac4bb2f900fa6c8085cd439c0517121511f27"",""data_dictionary/sources/influenza/snapshots/sra_viral_summaries_all.json"":""207c715e471e861d328810bbf39ad7a9e1b8b4ced5312442d8c89aab2df89514""}",data_dictionary/sources/influenza/snapshots/sra_viral_summaries_all.json,"[""data_dictionary/sources/influenza/snapshots/PMC5126380.html"",""data_dictionary/sources/influenza/snapshots/sra_viral_summaries_all.json""]",https://www.ncbi.nlm.nih.gov/sra/SRR5092603,3501469,SRP091397,CW_112_5006_2_NS,https://www.ncbi.nlm.nih.gov/sra/SRR5092603,public_SRA_metadata
https://www.ncbi.nlm.nih.gov/sra/SRR5092602,repository_or_publication_landing_page,public,PRJNA347853,raw_sequence_reads,FLU:SRP091397,included_human_influenza_challenge,SRX2409435,FLUFILE_e76469b1eaec3c8044,,False,SRR5092602,,,SRR5092602,not_inspected_at_biological_file_level,,"{""data_dictionary/sources/influenza/snapshots/PMC5126380.html"":""958f1a1040292570eebb8fff7c9ac4bb2f900fa6c8085cd439c0517121511f27"",""data_dictionary/sources/influenza/snapshots/sra_viral_summaries_all.json"":""207c715e471e861d328810bbf39ad7a9e1b8b4ced5312442d8c89aab2df89514""}",data_dictionary/sources/influenza/snapshots/sra_viral_summaries_all.json,"[""data_dictionary/sources/influenza/snapshots/PMC5126380.html"",""data_dictionary/sources/influenza/snapshots/sra_viral_summaries_all.json""]",https://www.ncbi.nlm.nih.gov/sra/SRR5092602,3501468,SRP091397,CW_108_5019_1_NA,https://www.ncbi.nlm.nih.gov/sra/SRR5092602,public_SRA_metadata
https://www.ncbi.nlm.nih.gov/sra/SRR5092601,repository_or_publication_landing_page,public,PRJNA347853,raw_sequence_reads,FLU:SRP091397,included_human_influenza_challenge,SRX2409434,FLUFILE_15de2ac1dcf70b3331,,False,SRR5092601,,,SRR5092601,not_inspected_at_biological_file_level,,"{""data_dictionary/sources/influenza/snapshots/PMC5126380.html"":""958f1a1040292570eebb8fff7c9ac4bb2f900fa6c8085cd439c0517121511f27"",""data_dictionary/sources/influenza/snapshots/sra_viral_summaries_all.json"":""207c715e471e861d328810bbf39ad7a9e1b8b4ced5312442d8c89aab2df89514""}",data_dictionary/sources/influenza/snapshots/sra_viral_summaries_all.json,"[""data_dictionary/sources/influenza/snapshots/PMC5126380.html"",""data_dictionary/sources/influenza/snapshots/sra_viral_summaries_all.json""]",https://www.ncbi.nlm.nih.gov/sra/SRR5092601,3501467,SRP091397,CW_107_5004_2_NA,https://www.ncbi.nlm.nih.gov/sra/SRR5092601,public_SRA_metadata
https://www.ncbi.nlm.nih.gov/sra/SRR5092600,repository_or_publication_landing_page,public,PRJNA347853,raw_sequence_reads,FLU:SRP091397,included_human_influenza_challenge,SRX2409433,FLUFILE_30284e01733237a224,,False,SRR5092600,,,SRR5092600,not_inspected_at_biological_file_level,,"{""data_dictionary/sources/influenza/snapshots/PMC5126380.html"":""958f1a1040292570eebb8fff7c9ac4bb2f900fa6c8085cd439c0517121511f27"",""data_dictionary/sources/influenza/snapshots/sra_viral_summaries_all.json"":""207c715e471e861d328810bbf39ad7a9e1b8b4ced5312442d8c89aab2df89514""}",data_dictionary/sources/influenza/snapshots/sra_viral_summaries_all.json,"[""data_dictionary/sources/influenza/snapshots/PMC5126380.html"",""data_dictionary/sources/influenza/snapshots/sra_viral_summaries_all.json""]",https://www.ncbi.nlm.nih.gov/sra/SRR5092600,3501466,SRP091397,CW_105_5004_4_PB1,https://www.ncbi.nlm.nih.gov/sra/SRR5092600,public_SRA_metadata
https://www.ncbi.nlm.nih.gov/sra/SRR5092599,repository_or_publication_landing_page,public,PRJNA347853,raw_sequence_reads,FLU:SRP091397,included_human_influenza_challenge,SRX2409432,FLUFILE_2ced84e0856c73d875,,False,SRR5092599,,,SRR5092599,not_inspected_at_biological_file_level,,"{""data_dictionary/sources/influenza/snapshots/PMC5126380.html"":""958f1a1040292570eebb8fff7c9ac4bb2f900fa6c8085cd439c0517121511f27"",""data_dictionary/sources/influenza/snapshots/sra_viral_summaries_all.json"":""207c715e471e861d328810bbf39ad7a9e1b8b4ced5312442d8c89aab2df89514""}",data_dictionary/sources/influenza/snapshots/sra_viral_summaries_all.json,"[""data_dictionary/sources/influenza/snapshots/PMC5126380.html"",""data_dictionary/sources/influenza/snapshots/sra_viral_summaries_all.json""]",https://www.ncbi.nlm.nih.gov/sra/SRR5092599,3501465,SRP091397,CW_121_5020_4_NP,https://www.ncbi.nlm.nih.gov/sra/SRR5092599,public_SRA_metadata
https://www.ncbi.nlm.nih.gov/sra/SRR5092598,repository_or_publication_landing_page,public,PRJNA347853,raw_sequence_reads,FLU:SRP091397,included_human_influenza_challenge,SRX2409431,FLUFILE_c96e75b8bbfe9f0b8a,,False,SRR5092598,,,SRR5092598,not_inspected_at_biological_file_level,,"{""data_dictionary/sources/influenza/snapshots/PMC5126380.html"":""958f1a1040292570eebb8fff7c9ac4bb2f900fa6c8085cd439c0517121511f27"",""data_dictionary/sources/influenza/snapshots/sra_viral_summaries_all.json"":""207c715e471e861d328810bbf39ad7a9e1b8b4ced5312442d8c89aab2df89514""}",data_dictionary/sources/influenza/snapshots/sra_viral_summaries_all.json,"[""data_dictionary/sources/influenza/snapshots/PMC5126380.html"",""data_dictionary/sources/influenza/snapshots/sra_viral_summaries_all.json""]",https://www.ncbi.nlm.nih.gov/sra/SRR5092598,3501464,SRP091397,CW_123_5021_4_MP,https://www.ncbi.nlm.nih.gov/sra/SRR5092598,public_SRA_metadata
https://www.ncbi.nlm.nih.gov/sra/SRR5092597,repository_or_publication_landing_page,public,PRJNA347853,raw_sequence_reads,FLU:SRP091397,included_human_influenza_challenge,SRX2409430,FLUFILE_99922e1c32d4a210ef,,False,SRR5092597,,,SRR5092597,not_inspected_at_biological_file_level,,"{""data_dictionary/sources/influenza/snapshots/PMC5126380.html"":""958f1a1040292570eebb8fff7c9ac4bb2f900fa6c8085cd439c0517121511f27"",""data_dictionary/sources/influenza/snapshots/sra_viral_summaries_all.json"":""207c715e471e861d328810bbf39ad7a9e1b8b4ced5312442d8c89aab2df89514""}",data_dictionary/sources/influenza/snapshots/sra_viral_summaries_all.json,"[""data_dictionary/sources/influenza/snapshots/PMC5126380.html"",""data_dictionary/sources/influenza/snapshots/sra_viral_summaries_all.json""]",https://www.ncbi.nlm.nih.gov/sra/SRR5092597,3501463,SRP091397,CW_107_5004_2_PB2,https://www.ncbi.nlm.nih.gov/sra/SRR5092597,public_SRA_metadata
https://www.ncbi.nlm.nih.gov/sra/SRR5092596,repository_or_publication_landing_page,public,PRJNA347853,raw_sequence_reads,FLU:SRP091397,included_human_influenza_challenge,SRX2409429,FLUFILE_a6e5accad860f50ebe,,False,SRR5092596,,,SRR5092596,not_inspected_at_biological_file_level,,"{""data_dictionary/sources/influenza/snapshots/PMC5126380.html"":""958f1a1040292570eebb8fff7c9ac4bb2f900fa6c8085cd439c0517121511f27"",""data_dictionary/sources/influenza/snapshots/sra_viral_summaries_all.json"":""207c715e471e861d328810bbf39ad7a9e1b8b4ced5312442d8c89aab2df89514""}",data_dictionary/sources/influenza/snapshots/sra_viral_summaries_all.json,"[""data_dictionary/sources/influenza/snapshots/PMC5126380.html"",""data_dictionary/sources/influenza/snapshots/sra_viral_summaries_all.json""]",https://www.ncbi.nlm.nih.gov/sra/SRR5092596,3501462,SRP091397,CW_122_5021_5_NA,https://www.ncbi.nlm.nih.gov/sra/SRR5092596,public_SRA_metadata
https://www.ncbi.nlm.nih.gov/sra/SRR5092595,repository_or_publication_landing_page,public,PRJNA347853,raw_sequence_reads,FLU:SRP091397,included_human_influenza_challenge,SRX2409428,FLUFILE_507afd9918fb685c73,,False,SRR5092595,,,SRR5092595,not_inspected_at_biological_file_level,,"{""data_dictionary/sources/influenza/snapshots/PMC5126380.html"":""958f1a1040292570eebb8fff7c9ac4bb2f900fa6c8085cd439c0517121511f27"",""data_dictionary/sources/influenza/snapshots/sra_viral_summaries_all.json"":""207c715e471e861d328810bbf39ad7a9e1b8b4ced5312442d8c89aab2df89514""}",data_dictionary/sources/influenza/snapshots/sra_viral_summaries_all.json,"[""data_dictionary/sources/influenza/snapshots/PMC5126380.html"",""data_dictionary/sources/influenza/snapshots/sra_viral_summaries_all.json""]",https://www.ncbi.nlm.nih.gov/sra/SRR5092595,3501461,SRP091397,CW_120_5004_5_NA,https://www.ncbi.nlm.nih.gov/sra/SRR5092595,public_SRA_metadata
https://www.ncbi.nlm.nih.gov/sra/SRR5092594,repository_or_publication_landing_page,public,PRJNA347853,raw_sequence_reads,FLU:SRP091397,included_human_influenza_challenge,SRX2409427,FLUFILE_807d068be971e6dfcb,,False,SRR5092594,,,SRR5092594,not_inspected_at_biological_file_level,,"{""data_dictionary/sources/influenza/snapshots/PMC5126380.html"":""958f1a1040292570eebb8fff7c9ac4bb2f900fa6c8085cd439c0517121511f27"",""data_dictionary/sources/influenza/snapshots/sra_viral_summaries_all.json"":""207c715e471e861d328810bbf39ad7a9e1b8b4ced5312442d8c89aab2df89514""}",data_dictionary/sources/influenza/snapshots/sra_viral_summaries_all.json,"[""data_dictionary/sources/influenza/snapshots/PMC5126380.html"",""data_dictionary/sources/influenza/snapshots/sra_viral_summaries_all.json""]",https://www.ncbi.nlm.nih.gov/sra/SRR5092594,3501460,SRP091397,CW_127_5006_3_PB1,https://www.ncbi.nlm.nih.gov/sra/SRR5092594,public_SRA_metadata
https://www.ncbi.nlm.nih.gov/sra/SRR5092593,repository_or_publication_landing_page,public,PRJNA347853,raw_sequence_reads,FLU:SRP091397,included_human_influenza_challenge,SRX2409426,FLUFILE_30944cec9a8750c85b,,False,SRR5092593,,,SRR5092593,not_inspected_at_biological_file_level,,"{""data_dictionary/sources/influenza/snapshots/PMC5126380.html"":""958f1a1040292570eebb8fff7c9ac4bb2f900fa6c8085cd439c0517121511f27"",""data_dictionary/sources/influenza/snapshots/sra_viral_summaries_all.json"":""207c715e471e861d328810bbf39ad7a9e1b8b4ced5312442d8c89aab2df89514""}",data_dictionary/sources/influenza/snapshots/sra_viral_summaries_all.json,"[""data_dictionary/sources/influenza/snapshots/PMC5126380.html"",""data_dictionary/sources/influenza/snapshots/sra_viral_summaries_all.json""]",https://www.ncbi.nlm.nih.gov/sra/SRR5092593,3501459,SRP091397,CW_130_5002_3_PA,https://www.ncbi.nlm.nih.gov/sra/SRR5092593,public_SRA_metadata
https://www.ncbi.nlm.nih.gov/sra/SRR5092592,repository_or_publication_landing_page,public,PRJNA347853,raw_sequence_reads,FLU:SRP091397,included_human_influenza_challenge,SRX2409425,FLUFILE_66da911a16def9198b,,False,SRR5092592,,,SRR5092592,not_inspected_at_biological_file_level,,"{""data_dictionary/sources/influenza/snapshots/PMC5126380.html"":""958f1a1040292570eebb8fff7c9ac4bb2f900fa6c8085cd439c0517121511f27"",""data_dictionary/sources/influenza/snapshots/sra_viral_summaries_all.json"":""207c715e471e861d328810bbf39ad7a9e1b8b4ced5312442d8c89aab2df89514""}",data_dictionary/sources/influenza/snapshots/sra_viral_summaries_all.json,"[""data_dictionary/sources/influenza/snapshots/PMC5126380.html"",""data_dictionary/sources/influenza/snapshots/sra_viral_summaries_all.json""]",https://www.ncbi.nlm.nih.gov/sra/SRR5092592,3501458,SRP091397,CW_126_5020_3_NA,https://www.ncbi.nlm.nih.gov/sra/SRR5092592,public_SRA_metadata
https://www.ncbi.nlm.nih.gov/sra/SRR5092591,repository_or_publication_landing_page,public,PRJNA347853,raw_sequence_reads,FLU:SRP091397,included_human_influenza_challenge,SRX2409424,FLUFILE_5ae83a2d151e50920c,,False,SRR5092591,,,SRR5092591,not_inspected_at_biological_file_level,,"{""data_dictionary/sources/influenza/snapshots/PMC5126380.html"":""958f1a1040292570eebb8fff7c9ac4bb2f900fa6c8085cd439c0517121511f27"",""data_dictionary/sources/influenza/snapshots/sra_viral_summaries_all.json"":""207c715e471e861d328810bbf39ad7a9e1b8b4ced5312442d8c89aab2df89514""}",data_dictionary/sources/influenza/snapshots/sra_viral_summaries_all.json,"[""data_dictionary/sources/influenza/snapshots/PMC5126380.html"",""data_dictionary/sources/influenza/snapshots/sra_viral_summaries_all.json""]",https://www.ncbi.nlm.nih.gov/sra/SRR5092591,3501457,SRP091397,CW_130_5002_3_HA,https://www.ncbi.nlm.nih.gov/sra/SRR5092591,public_SRA_metadata
https://www.ncbi.nlm.nih.gov/sra/SRR5092590,repository_or_publication_landing_page,public,PRJNA347853,raw_sequence_reads,FLU:SRP091397,included_human_influenza_challenge,SRX2409423,FLUFILE_975bfc7e3749a8107b,,False,SRR5092590,,,SRR5092590,not_inspected_at_biological_file_level,,"{""data_dictionary/sources/influenza/snapshots/PMC5126380.html"":""958f1a1040292570eebb8fff7c9ac4bb2f900fa6c8085cd439c0517121511f27"",""data_dictionary/sources/influenza/snapshots/sra_viral_summaries_all.json"":""207c715e471e861d328810bbf39ad7a9e1b8b4ced5312442d8c89aab2df89514""}",data_dictionary/sources/influenza/snapshots/sra_viral_summaries_all.json,"[""data_dictionary/sources/influenza/snapshots/PMC5126380.html"",""data_dictionary/sources/influenza/snapshots/sra_viral_summaries_all.json""]",https://www.ncbi.nlm.nih.gov/sra/SRR5092590,3501456,SRP091397,CW_123_5021_4_HA,https://www.ncbi.nlm.nih.gov/sra/SRR5092590,public_SRA_metadata
https://www.ncbi.nlm.nih.gov/sra/SRR5092589,repository_or_publication_landing_page,public,PRJNA347853,raw_sequence_reads,FLU:SRP091397,included_human_influenza_challenge,SRX2409422,FLUFILE_190f2044deb4534d4f,,False,SRR5092589,,,SRR5092589,not_inspected_at_biological_file_level,,"{""data_dictionary/sources/influenza/snapshots/PMC5126380.html"":""958f1a1040292570eebb8fff7c9ac4bb2f900fa6c8085cd439c0517121511f27"",""data_dictionary/sources/influenza/snapshots/sra_viral_summaries_all.json"":""207c715e471e861d328810bbf39ad7a9e1b8b4ced5312442d8c89aab2df89514""}",data_dictionary/sources/influenza/snapshots/sra_viral_summaries_all.json,"[""data_dictionary/sources/influenza/snapshots/PMC5126380.html"",""data_dictionary/sources/influenza/snapshots/sra_viral_summaries_all.json""]",https://www.ncbi.nlm.nih.gov/sra/SRR5092589,3501455,SRP091397,CW_130_5002_3_NA,https://www.ncbi.nlm.nih.gov/sra/SRR5092589,public_SRA_metadata
https://www.ncbi.nlm.nih.gov/sra/SRR5092588,repository_or_publication_landing_page,public,PRJNA347853,raw_sequence_reads,FLU:SRP091397,included_human_influenza_challenge,SRX2409421,FLUFILE_84ed073301b865515b,,False,SRR5092588,,,SRR5092588,not_inspected_at_biological_file_level,,"{""data_dictionary/sources/influenza/snapshots/PMC5126380.html"":""958f1a1040292570eebb8fff7c9ac4bb2f900fa6c8085cd439c0517121511f27"",""data_dictionary/sources/influenza/snapshots/sra_viral_summaries_all.json"":""207c715e471e861d328810bbf39ad7a9e1b8b4ced5312442d8c89aab2df89514""}",data_dictionary/sources/influenza/snapshots/sra_viral_summaries_all.json,"[""data_dictionary/sources/influenza/snapshots/PMC5126380.html"",""data_dictionary/sources/influenza/snapshots/sra_viral_summaries_all.json""]",https://www.ncbi.nlm.nih.gov/sra/SRR5092588,3501454,SRP091397,CW_124_5019_3_PB1,https://www.ncbi.nlm.nih.gov/sra/SRR5092588,public_SRA_metadata
https://www.ncbi.nlm.nih.gov/sra/SRR5092587,repository_or_publication_landing_page,public,PRJNA347853,raw_sequence_reads,FLU:SRP091397,included_human_influenza_challenge,SRX2409420,FLUFILE_af5aefa62fca47e1d2,,False,SRR5092587,,,SRR5092587,not_inspected_at_biological_file_level,,"{""data_dictionary/sources/influenza/snapshots/PMC5126380.html"":""958f1a1040292570eebb8fff7c9ac4bb2f900fa6c8085cd439c0517121511f27"",""data_dictionary/sources/influenza/snapshots/sra_viral_summaries_all.json"":""207c715e471e861d328810bbf39ad7a9e1b8b4ced5312442d8c89aab2df89514""}",data_dictionary/sources/influenza/snapshots/sra_viral_summaries_all.json,"[""data_dictionary/sources/influenza/snapshots/PMC5126380.html"",""data_dictionary/sources/influenza/snapshots/sra_viral_summaries_all.json""]",https://www.ncbi.nlm.nih.gov/sra/SRR5092587,3501453,SRP091397,CW_119_5001_5_NA,https://www.ncbi.nlm.nih.gov/sra/SRR5092587,public_SRA_metadata
https://www.ncbi.nlm.nih.gov/sra/SRR5092586,repository_or_publication_landing_page,public,PRJNA347853,raw_sequence_reads,FLU:SRP091397,included_human_influenza_challenge,SRX2409419,FLUFILE_d1564344fef7af3da1,,False,SRR5092586,,,SRR5092586,not_inspected_at_biological_file_level,,"{""data_dictionary/sources/influenza/snapshots/PMC5126380.html"":""958f1a1040292570eebb8fff7c9ac4bb2f900fa6c8085cd439c0517121511f27"",""data_dictionary/sources/influenza/snapshots/sra_viral_summaries_all.json"":""207c715e471e861d328810bbf39ad7a9e1b8b4ced5312442d8c89aab2df89514""}",data_dictionary/sources/influenza/snapshots/sra_viral_summaries_all.json,"[""data_dictionary/sources/influenza/snapshots/PMC5126380.html"",""data_dictionary/sources/influenza/snapshots/sra_viral_summaries_all.json""]",https://www.ncbi.nlm.nih.gov/sra/SRR5092586,3501452,SRP091397,CW_115_5018_2_NP,https://www.ncbi.nlm.nih.gov/sra/SRR5092586,public_SRA_metadata
https://www.ncbi.nlm.nih.gov/sra/SRR5092585,repository_or_publication_landing_page,public,PRJNA347853,raw_sequence_reads,FLU:SRP091397,included_human_influenza_challenge,SRX2409418,FLUFILE_3a89b18f6a4bdc1517,,False,SRR5092585,,,SRR5092585,not_inspected_at_biological_file_level,,"{""data_dictionary/sources/influenza/snapshots/PMC5126380.html"":""958f1a1040292570eebb8fff7c9ac4bb2f900fa6c8085cd439c0517121511f27"",""data_dictionary/sources/influenza/snapshots/sra_viral_summaries_all.json"":""207c715e471e861d328810bbf39ad7a9e1b8b4ced5312442d8c89aab2df89514""}",data_dictionary/sources/influenza/snapshots/sra_viral_summaries_all.json,"[""data_dictionary/sources/influenza/snapshots/PMC5126380.html"",""data_dictionary/sources/influenza/snapshots/sra_viral_summaries_all.json""]",https://www.ncbi.nlm.nih.gov/sra/SRR5092585,3501451,SRP091397,CW_101_5018_1_MP,https://www.ncbi.nlm.nih.gov/sra/SRR5092585,public_SRA_metadata
https://www.ncbi.nlm.nih.gov/sra/SRR5092584,repository_or_publication_landing_page,public,PRJNA347853,raw_sequence_reads,FLU:SRP091397,included_human_influenza_challenge,SRX2409417,FLUFILE_fbc1a594d98f91dd80,,False,SRR5092584,,,SRR5092584,not_inspected_at_biological_file_level,,"{""data_dictionary/sources/influenza/snapshots/PMC5126380.html"":""958f1a1040292570eebb8fff7c9ac4bb2f900fa6c8085cd439c0517121511f27"",""data_dictionary/sources/influenza/snapshots/sra_viral_summaries_all.json"":""207c715e471e861d328810bbf39ad7a9e1b8b4ced5312442d8c89aab2df89514""}",data_dictionary/sources/influenza/snapshots/sra_viral_summaries_all.json,"[""data_dictionary/sources/influenza/snapshots/PMC5126380.html"",""data_dictionary/sources/influenza/snapshots/sra_viral_summaries_all.json""]",https://www.ncbi.nlm.nih.gov/sra/SRR5092584,3501450,SRP091397,CW_109_5020_1_PB2,https://www.ncbi.nlm.nih.gov/sra/SRR5092584,public_SRA_metadata
https://www.ncbi.nlm.nih.gov/sra/SRR5092583,repository_or_publication_landing_page,public,PRJNA347853,raw_sequence_reads,FLU:SRP091397,included_human_influenza_challenge,SRX2409416,FLUFILE_b779e50864d26dd707,,False,SRR5092583,,,SRR5092583,not_inspected_at_biological_file_level,,"{""data_dictionary/sources/influenza/snapshots/PMC5126380.html"":""958f1a1040292570eebb8fff7c9ac4bb2f900fa6c8085cd439c0517121511f27"",""data_dictionary/sources/influenza/snapshots/sra_viral_summaries_all.json"":""207c715e471e861d328810bbf39ad7a9e1b8b4ced5312442d8c89aab2df89514""}",data_dictionary/sources/influenza/snapshots/sra_viral_summaries_all.json,"[""data_dictionary/sources/influenza/snapshots/PMC5126380.html"",""data_dictionary/sources/influenza/snapshots/sra_viral_summaries_all.json""]",https://www.ncbi.nlm.nih.gov/sra/SRR5092583,3501449,SRP091397,CW_129_5004_3_MP,https://www.ncbi.nlm.nih.gov/sra/SRR5092583,public_SRA_metadata
https://www.ncbi.nlm.nih.gov/sra/SRR5092582,repository_or_publication_landing_page,public,PRJNA347853,raw_sequence_reads,FLU:SRP091397,included_human_influenza_challenge,SRX2409415,FLUFILE_f01b3a72dcc54b8053,,False,SRR5092582,,,SRR5092582,not_inspected_at_biological_file_level,,"{""data_dictionary/sources/influenza/snapshots/PMC5126380.html"":""958f1a1040292570eebb8fff7c9ac4bb2f900fa6c8085cd439c0517121511f27"",""data_dictionary/sources/influenza/snapshots/sra_viral_summaries_all.json"":""207c715e471e861d328810bbf39ad7a9e1b8b4ced5312442d8c89aab2df89514""}",data_dictionary/sources/influenza/snapshots/sra_viral_summaries_all.json,"[""data_dictionary/sources/influenza/snapshots/PMC5126380.html"",""data_dictionary/sources/influenza/snapshots/sra_viral_summaries_all.json""]",https://www.ncbi.nlm.nih.gov/sra/SRR5092582,3501448,SRP091397,CW_130_5002_3_MP,https://www.ncbi.nlm.nih.gov/sra/SRR5092582,public_SRA_metadata
https://www.ncbi.nlm.nih.gov/sra/SRR4416125,repository_or_publication_landing_page,public,PRJNA347853,raw_sequence_reads,FLU:SRP091397,included_human_influenza_challenge,SRX2239113,FLUFILE_7f86be7303123f3d65,,False,SRR4416125,,,SRR4416125,not_inspected_at_biological_file_level,,"{""data_dictionary/sources/influenza/snapshots/PMC5126380.html"":""958f1a1040292570eebb8fff7c9ac4bb2f900fa6c8085cd439c0517121511f27"",""data_dictionary/sources/influenza/snapshots/sra_viral_summaries_all.json"":""207c715e471e861d328810bbf39ad7a9e1b8b4ced5312442d8c89aab2df89514""}",data_dictionary/sources/influenza/snapshots/sra_viral_summaries_all.json,"[""data_dictionary/sources/influenza/snapshots/PMC5126380.html"",""data_dictionary/sources/influenza/snapshots/sra_viral_summaries_all.json""]",https://www.ncbi.nlm.nih.gov/sra/SRR4416125,3283778,SRP091397,RNA-seq of Influenza A virus:CW_021_1012_6,https://www.ncbi.nlm.nih.gov/sra/SRR4416125,public_SRA_metadata
https://www.ncbi.nlm.nih.gov/sra/SRR5027890,repository_or_publication_landing_page,public,PRJNA347853,raw_sequence_reads,FLU:SRP091397,included_human_influenza_challenge,SRX2239113,FLUFILE_8f8ef99edcf96e51f4,,False,SRR5027890,,,SRR5027890,not_inspected_at_biological_file_level,,"{""data_dictionary/sources/influenza/snapshots/PMC5126380.html"":""958f1a1040292570eebb8fff7c9ac4bb2f900fa6c8085cd439c0517121511f27"",""data_dictionary/sources/influenza/snapshots/sra_viral_summaries_all.json"":""207c715e471e861d328810bbf39ad7a9e1b8b4ced5312442d8c89aab2df89514""}",data_dictionary/sources/influenza/snapshots/sra_viral_summaries_all.json,"[""data_dictionary/sources/influenza/snapshots/PMC5126380.html"",""data_dictionary/sources/influenza/snapshots/sra_viral_summaries_all.json""]",https://www.ncbi.nlm.nih.gov/sra/SRR5027890,3283778,SRP091397,RNA-seq of Influenza A virus:CW_021_1012_6,https://www.ncbi.nlm.nih.gov/sra/SRR5027890,public_SRA_metadata
https://www.ncbi.nlm.nih.gov/sra/SRR4416124,repository_or_publication_landing_page,public,PRJNA347853,raw_sequence_reads,FLU:SRP091397,included_human_influenza_challenge,SRX2239112,FLUFILE_c122d41d3e76578767,,False,SRR4416124,,,SRR4416124,not_inspected_at_biological_file_level,,"{""data_dictionary/sources/influenza/snapshots/PMC5126380.html"":""958f1a1040292570eebb8fff7c9ac4bb2f900fa6c8085cd439c0517121511f27"",""data_dictionary/sources/influenza/snapshots/sra_viral_summaries_all.json"":""207c715e471e861d328810bbf39ad7a9e1b8b4ced5312442d8c89aab2df89514""}",data_dictionary/sources/influenza/snapshots/sra_viral_summaries_all.json,"[""data_dictionary/sources/influenza/snapshots/PMC5126380.html"",""data_dictionary/sources/influenza/snapshots/sra_viral_summaries_all.json""]",https://www.ncbi.nlm.nih.gov/sra/SRR4416124,3283777,SRP091397,RNA-seq of Influenza A virus:CW_021_1012_6,https://www.ncbi.nlm.nih.gov/sra/SRR4416124,public_SRA_metadata
https://www.ncbi.nlm.nih.gov/sra/SRR5027542,repository_or_publication_landing_page,public,PRJNA347853,raw_sequence_reads,FLU:SRP091397,included_human_influenza_challenge,SRX2239112,FLUFILE_6254281330446e7866,,False,SRR5027542,,,SRR5027542,not_inspected_at_biological_file_level,,"{""data_dictionary/sources/influenza/snapshots/PMC5126380.html"":""958f1a1040292570eebb8fff7c9ac4bb2f900fa6c8085cd439c0517121511f27"",""data_dictionary/sources/influenza/snapshots/sra_viral_summaries_all.json"":""207c715e471e861d328810bbf39ad7a9e1b8b4ced5312442d8c89aab2df89514""}",data_dictionary/sources/influenza/snapshots/sra_viral_summaries_all.json,"[""data_dictionary/sources/influenza/snapshots/PMC5126380.html"",""data_dictionary/sources/influenza/snapshots/sra_viral_summaries_all.json""]",https://www.ncbi.nlm.nih.gov/sra/SRR5027542,3283777,SRP091397,RNA-seq of Influenza A virus:CW_021_1012_6,https://www.ncbi.nlm.nih.gov/sra/SRR5027542,public_SRA_metadata
https://www.ncbi.nlm.nih.gov/sra/SRR4416123,repository_or_publication_landing_page,public,PRJNA347853,raw_sequence_reads,FLU:SRP091397,included_human_influenza_challenge,SRX2239111,FLUFILE_4c3cf311e16a936453,,False,SRR4416123,,,SRR4416123,not_inspected_at_biological_file_level,,"{""data_dictionary/sources/influenza/snapshots/PMC5126380.html"":""958f1a1040292570eebb8fff7c9ac4bb2f900fa6c8085cd439c0517121511f27"",""data_dictionary/sources/influenza/snapshots/sra_viral_summaries_all.json"":""207c715e471e861d328810bbf39ad7a9e1b8b4ced5312442d8c89aab2df89514""}",data_dictionary/sources/influenza/snapshots/sra_viral_summaries_all.json,"[""data_dictionary/sources/influenza/snapshots/PMC5126380.html"",""data_dictionary/sources/influenza/snapshots/sra_viral_summaries_all.json""]",https://www.ncbi.nlm.nih.gov/sra/SRR4416123,3283776,SRP091397,RNA-seq of Influenza A virus:CW_021_1012_6,https://www.ncbi.nlm.nih.gov/sra/SRR4416123,public_SRA_metadata
https://www.ncbi.nlm.nih.gov/sra/SRR5027541,repository_or_publication_landing_page,public,PRJNA347853,raw_sequence_reads,FLU:SRP091397,included_human_influenza_challenge,SRX2239111,FLUFILE_db2457823bd5d26d1c,,False,SRR5027541,,,SRR5027541,not_inspected_at_biological_file_level,,"{""data_dictionary/sources/influenza/snapshots/PMC5126380.html"":""958f1a1040292570eebb8fff7c9ac4bb2f900fa6c8085cd439c0517121511f27"",""data_dictionary/sources/influenza/snapshots/sra_viral_summaries_all.json"":""207c715e471e861d328810bbf39ad7a9e1b8b4ced5312442d8c89aab2df89514""}",data_dictionary/sources/influenza/snapshots/sra_viral_summaries_all.json,"[""data_dictionary/sources/influenza/snapshots/PMC5126380.html"",""data_dictionary/sources/influenza/snapshots/sra_viral_summaries_all.json""]",https://www.ncbi.nlm.nih.gov/sra/SRR5027541,3283776,SRP091397,RNA-seq of Influenza A virus:CW_021_1012_6,https://www.ncbi.nlm.nih.gov/sra/SRR5027541,public_SRA_metadata
https://www.ncbi.nlm.nih.gov/sra/SRR4416122,repository_or_publication_landing_page,public,PRJNA347853,raw_sequence_reads,FLU:SRP091397,included_human_influenza_challenge,SRX2239110,FLUFILE_60b5c2310690426554,,False,SRR4416122,,,SRR4416122,not_inspected_at_biological_file_level,,"{""data_dictionary/sources/influenza/snapshots/PMC5126380.html"":""958f1a1040292570eebb8fff7c9ac4bb2f900fa6c8085cd439c0517121511f27"",""data_dictionary/sources/influenza/snapshots/sra_viral_summaries_all.json"":""207c715e471e861d328810bbf39ad7a9e1b8b4ced5312442d8c89aab2df89514""}",data_dictionary/sources/influenza/snapshots/sra_viral_summaries_all.json,"[""data_dictionary/sources/influenza/snapshots/PMC5126380.html"",""data_dictionary/sources/influenza/snapshots/sra_viral_summaries_all.json""]",https://www.ncbi.nlm.nih.gov/sra/SRR4416122,3283775,SRP091397,RNA-seq of Influenza A virus:CW_021_1012_6,https://www.ncbi.nlm.nih.gov/sra/SRR4416122,public_SRA_metadata
https://www.ncbi.nlm.nih.gov/sra/SRR5027808,repository_or_publication_landing_page,public,PRJNA347853,raw_sequence_reads,FLU:SRP091397,included_human_influenza_challenge,SRX2239110,FLUFILE_17f4859ec2693426d8,,False,SRR5027808,,,SRR5027808,not_inspected_at_biological_file_level,,"{""data_dictionary/sources/influenza/snapshots/PMC5126380.html"":""958f1a1040292570eebb8fff7c9ac4bb2f900fa6c8085cd439c0517121511f27"",""data_dictionary/sources/influenza/snapshots/sra_viral_summaries_all.json"":""207c715e471e861d328810bbf39ad7a9e1b8b4ced5312442d8c89aab2df89514""}",data_dictionary/sources/influenza/snapshots/sra_viral_summaries_all.json,"[""data_dictionary/sources/influenza/snapshots/PMC5126380.html"",""data_dictionary/sources/influenza/snapshots/sra_viral_summaries_all.json""]",https://www.ncbi.nlm.nih.gov/sra/SRR5027808,3283775,SRP091397,RNA-seq of Influenza A virus:CW_021_1012_6,https://www.ncbi.nlm.nih.gov/sra/SRR5027808,public_SRA_metadata
https://www.ncbi.nlm.nih.gov/sra/SRR4416121,repository_or_publication_landing_page,public,PRJNA347853,raw_sequence_reads,FLU:SRP091397,included_human_influenza_challenge,SRX2239109,FLUFILE_f6b14a7bfd01e38c11,,False,SRR4416121,,,SRR4416121,not_inspected_at_biological_file_level,,"{""data_dictionary/sources/influenza/snapshots/PMC5126380.html"":""958f1a1040292570eebb8fff7c9ac4bb2f900fa6c8085cd439c0517121511f27"",""data_dictionary/sources/influenza/snapshots/sra_viral_summaries_all.json"":""207c715e471e861d328810bbf39ad7a9e1b8b4ced5312442d8c89aab2df89514""}",data_dictionary/sources/influenza/snapshots/sra_viral_summaries_all.json,"[""data_dictionary/sources/influenza/snapshots/PMC5126380.html"",""data_dictionary/sources/influenza/snapshots/sra_viral_summaries_all.json""]",https://www.ncbi.nlm.nih.gov/sra/SRR4416121,3283774,SRP091397,RNA-seq of Influenza A virus:CW_021_1012_6,https://www.ncbi.nlm.nih.gov/sra/SRR4416121,public_SRA_metadata
https://www.ncbi.nlm.nih.gov/sra/SRR5027853,repository_or_publication_landing_page,public,PRJNA347853,raw_sequence_reads,FLU:SRP091397,included_human_influenza_challenge,SRX2239109,FLUFILE_c443e077d55f2488b2,,False,SRR5027853,,,SRR5027853,not_inspected_at_biological_file_level,,"{""data_dictionary/sources/influenza/snapshots/PMC5126380.html"":""958f1a1040292570eebb8fff7c9ac4bb2f900fa6c8085cd439c0517121511f27"",""data_dictionary/sources/influenza/snapshots/sra_viral_summaries_all.json"":""207c715e471e861d328810bbf39ad7a9e1b8b4ced5312442d8c89aab2df89514""}",data_dictionary/sources/influenza/snapshots/sra_viral_summaries_all.json,"[""data_dictionary/sources/influenza/snapshots/PMC5126380.html"",""data_dictionary/sources/influenza/snapshots/sra_viral_summaries_all.json""]",https://www.ncbi.nlm.nih.gov/sra/SRR5027853,3283774,SRP091397,RNA-seq of Influenza A virus:CW_021_1012_6,https://www.ncbi.nlm.nih.gov/sra/SRR5027853,public_SRA_metadata
https://www.ncbi.nlm.nih.gov/sra/SRR4416120,repository_or_publication_landing_page,public,PRJNA347853,raw_sequence_reads,FLU:SRP091397,included_human_influenza_challenge,SRX2239108,FLUFILE_8c664ac83df9c970e0,,False,SRR4416120,,,SRR4416120,not_inspected_at_biological_file_level,,"{""data_dictionary/sources/influenza/snapshots/PMC5126380.html"":""958f1a1040292570eebb8fff7c9ac4bb2f900fa6c8085cd439c0517121511f27"",""data_dictionary/sources/influenza/snapshots/sra_viral_summaries_all.json"":""207c715e471e861d328810bbf39ad7a9e1b8b4ced5312442d8c89aab2df89514""}",data_dictionary/sources/influenza/snapshots/sra_viral_summaries_all.json,"[""data_dictionary/sources/influenza/snapshots/PMC5126380.html"",""data_dictionary/sources/influenza/snapshots/sra_viral_summaries_all.json""]",https://www.ncbi.nlm.nih.gov/sra/SRR4416120,3283773,SRP091397,RNA-seq of Influenza A virus:CW_021_1012_6,https://www.ncbi.nlm.nih.gov/sra/SRR4416120,public_SRA_metadata
https://www.ncbi.nlm.nih.gov/sra/SRR5027526,repository_or_publication_landing_page,public,PRJNA347853,raw_sequence_reads,FLU:SRP091397,included_human_influenza_challenge,SRX2239108,FLUFILE_1375fbba25328b7ee5,,False,SRR5027526,,,SRR5027526,not_inspected_at_biological_file_level,,"{""data_dictionary/sources/influenza/snapshots/PMC5126380.html"":""958f1a1040292570eebb8fff7c9ac4bb2f900fa6c8085cd439c0517121511f27"",""data_dictionary/sources/influenza/snapshots/sra_viral_summaries_all.json"":""207c715e471e861d328810bbf39ad7a9e1b8b4ced5312442d8c89aab2df89514""}",data_dictionary/sources/influenza/snapshots/sra_viral_summaries_all.json,"[""data_dictionary/sources/influenza/snapshots/PMC5126380.html"",""data_dictionary/sources/influenza/snapshots/sra_viral_summaries_all.json""]",https://www.ncbi.nlm.nih.gov/sra/SRR5027526,3283773,SRP091397,RNA-seq of Influenza A virus:CW_021_1012_6,https://www.ncbi.nlm.nih.gov/sra/SRR5027526,public_SRA_metadata
https://www.ncbi.nlm.nih.gov/sra/SRR4416119,repository_or_publication_landing_page,public,PRJNA347853,raw_sequence_reads,FLU:SRP091397,included_human_influenza_challenge,SRX2239107,FLUFILE_1568752d0fa50b157d,,False,SRR4416119,,,SRR4416119,not_inspected_at_biological_file_level,,"{""data_dictionary/sources/influenza/snapshots/PMC5126380.html"":""958f1a1040292570eebb8fff7c9ac4bb2f900fa6c8085cd439c0517121511f27"",""data_dictionary/sources/influenza/snapshots/sra_viral_summaries_all.json"":""207c715e471e861d328810bbf39ad7a9e1b8b4ced5312442d8c89aab2df89514""}",data_dictionary/sources/influenza/snapshots/sra_viral_summaries_all.json,"[""data_dictionary/sources/influenza/snapshots/PMC5126380.html"",""data_dictionary/sources/influenza/snapshots/sra_viral_summaries_all.json""]",https://www.ncbi.nlm.nih.gov/sra/SRR4416119,3283750,SRP091397,RNA-seq of Influenza A virus:CW_021_1012_6,https://www.ncbi.nlm.nih.gov/sra/SRR4416119,public_SRA_metadata
https://www.ncbi.nlm.nih.gov/sra/SRR5027525,repository_or_publication_landing_page,public,PRJNA347853,raw_sequence_reads,FLU:SRP091397,included_human_influenza_challenge,SRX2239107,FLUFILE_0a3b22659bc9700087,,False,SRR5027525,,,SRR5027525,not_inspected_at_biological_file_level,,"{""data_dictionary/sources/influenza/snapshots/PMC5126380.html"":""958f1a1040292570eebb8fff7c9ac4bb2f900fa6c8085cd439c0517121511f27"",""data_dictionary/sources/influenza/snapshots/sra_viral_summaries_all.json"":""207c715e471e861d328810bbf39ad7a9e1b8b4ced5312442d8c89aab2df89514""}",data_dictionary/sources/influenza/snapshots/sra_viral_summaries_all.json,"[""data_dictionary/sources/influenza/snapshots/PMC5126380.html"",""data_dictionary/sources/influenza/snapshots/sra_viral_summaries_all.json""]",https://www.ncbi.nlm.nih.gov/sra/SRR5027525,3283750,SRP091397,RNA-seq of Influenza A virus:CW_021_1012_6,https://www.ncbi.nlm.nih.gov/sra/SRR5027525,public_SRA_metadata
https://www.ncbi.nlm.nih.gov/sra/SRR4416118,repository_or_publication_landing_page,public,PRJNA347853,raw_sequence_reads,FLU:SRP091397,included_human_influenza_challenge,SRX2239106,FLUFILE_7ff54c5a8c7ed667ad,,False,SRR4416118,,,SRR4416118,not_inspected_at_biological_file_level,,"{""data_dictionary/sources/influenza/snapshots/PMC5126380.html"":""958f1a1040292570eebb8fff7c9ac4bb2f900fa6c8085cd439c0517121511f27"",""data_dictionary/sources/influenza/snapshots/sra_viral_summaries_all.json"":""207c715e471e861d328810bbf39ad7a9e1b8b4ced5312442d8c89aab2df89514""}",data_dictionary/sources/influenza/snapshots/sra_viral_summaries_all.json,"[""data_dictionary/sources/influenza/snapshots/PMC5126380.html"",""data_dictionary/sources/influenza/snapshots/sra_viral_summaries_all.json""]",https://www.ncbi.nlm.nih.gov/sra/SRR4416118,3283749,SRP091397,RNA-seq of Influenza A virus:CW_021_1012_6,https://www.ncbi.nlm.nih.gov/sra/SRR4416118,public_SRA_metadata
https://www.ncbi.nlm.nih.gov/sra/SRR5027400,repository_or_publication_landing_page,public,PRJNA347853,raw_sequence_reads,FLU:SRP091397,included_human_influenza_challenge,SRX2239106,FLUFILE_01078897b961354cbb,,False,SRR5027400,,,SRR5027400,not_inspected_at_biological_file_level,,"{""data_dictionary/sources/influenza/snapshots/PMC5126380.html"":""958f1a1040292570eebb8fff7c9ac4bb2f900fa6c8085cd439c0517121511f27"",""data_dictionary/sources/influenza/snapshots/sra_viral_summaries_all.json"":""207c715e471e861d328810bbf39ad7a9e1b8b4ced5312442d8c89aab2df89514""}",data_dictionary/sources/influenza/snapshots/sra_viral_summaries_all.json,"[""data_dictionary/sources/influenza/snapshots/PMC5126380.html"",""data_dictionary/sources/influenza/snapshots/sra_viral_summaries_all.json""]",https://www.ncbi.nlm.nih.gov/sra/SRR5027400,3283749,SRP091397,RNA-seq of Influenza A virus:CW_021_1012_6,https://www.ncbi.nlm.nih.gov/sra/SRR5027400,public_SRA_metadata
https://www.ncbi.nlm.nih.gov/sra/SRR4416117,repository_or_publication_landing_page,public,PRJNA347853,raw_sequence_reads,FLU:SRP091397,included_human_influenza_challenge,SRX2239105,FLUFILE_4d426034881c0512c3,,False,SRR4416117,,,SRR4416117,not_inspected_at_biological_file_level,,"{""data_dictionary/sources/influenza/snapshots/PMC5126380.html"":""958f1a1040292570eebb8fff7c9ac4bb2f900fa6c8085cd439c0517121511f27"",""data_dictionary/sources/influenza/snapshots/sra_viral_summaries_all.json"":""207c715e471e861d328810bbf39ad7a9e1b8b4ced5312442d8c89aab2df89514""}",data_dictionary/sources/influenza/snapshots/sra_viral_summaries_all.json,"[""data_dictionary/sources/influenza/snapshots/PMC5126380.html"",""data_dictionary/sources/influenza/snapshots/sra_viral_summaries_all.json""]",https://www.ncbi.nlm.nih.gov/sra/SRR4416117,3283748,SRP091397,RNA-seq of Influenza A virus:CW_021_1012_6,https://www.ncbi.nlm.nih.gov/sra/SRR4416117,public_SRA_metadata
https://www.ncbi.nlm.nih.gov/sra/SRR5027335,repository_or_publication_landing_page,public,PRJNA347853,raw_sequence_reads,FLU:SRP091397,included_human_influenza_challenge,SRX2239105,FLUFILE_64a08d325ed0660d1d,,False,SRR5027335,,,SRR5027335,not_inspected_at_biological_file_level,,"{""data_dictionary/sources/influenza/snapshots/PMC5126380.html"":""958f1a1040292570eebb8fff7c9ac4bb2f900fa6c8085cd439c0517121511f27"",""data_dictionary/sources/influenza/snapshots/sra_viral_summaries_all.json"":""207c715e471e861d328810bbf39ad7a9e1b8b4ced5312442d8c89aab2df89514""}",data_dictionary/sources/influenza/snapshots/sra_viral_summaries_all.json,"[""data_dictionary/sources/influenza/snapshots/PMC5126380.html"",""data_dictionary/sources/influenza/snapshots/sra_viral_summaries_all.json""]",https://www.ncbi.nlm.nih.gov/sra/SRR5027335,3283748,SRP091397,RNA-seq of Influenza A virus:CW_021_1012_6,https://www.ncbi.nlm.nih.gov/sra/SRR5027335,public_SRA_metadata
https://www.ncbi.nlm.nih.gov/sra/SRR4416116,repository_or_publication_landing_page,public,PRJNA347853,raw_sequence_reads,FLU:SRP091397,included_human_influenza_challenge,SRX2239104,FLUFILE_7676bb6ab825ab41f2,,False,SRR4416116,,,SRR4416116,not_inspected_at_biological_file_level,,"{""data_dictionary/sources/influenza/snapshots/PMC5126380.html"":""958f1a1040292570eebb8fff7c9ac4bb2f900fa6c8085cd439c0517121511f27"",""data_dictionary/sources/influenza/snapshots/sra_viral_summaries_all.json"":""207c715e471e861d328810bbf39ad7a9e1b8b4ced5312442d8c89aab2df89514""}",data_dictionary/sources/influenza/snapshots/sra_viral_summaries_all.json,"[""data_dictionary/sources/influenza/snapshots/PMC5126380.html"",""data_dictionary/sources/influenza/snapshots/sra_viral_summaries_all.json""]",https://www.ncbi.nlm.nih.gov/sra/SRR4416116,3283747,SRP091397,RNA-seq of Influenza A virus:CW_021_1012_6,https://www.ncbi.nlm.nih.gov/sra/SRR4416116,public_SRA_metadata
https://www.ncbi.nlm.nih.gov/sra/SRR5023903,repository_or_publication_landing_page,public,PRJNA347853,raw_sequence_reads,FLU:SRP091397,included_human_influenza_challenge,SRX2239104,FLUFILE_a4b7659fc2ad75e960,,False,SRR5023903,,,SRR5023903,not_inspected_at_biological_file_level,,"{""data_dictionary/sources/influenza/snapshots/PMC5126380.html"":""958f1a1040292570eebb8fff7c9ac4bb2f900fa6c8085cd439c0517121511f27"",""data_dictionary/sources/influenza/snapshots/sra_viral_summaries_all.json"":""207c715e471e861d328810bbf39ad7a9e1b8b4ced5312442d8c89aab2df89514""}",data_dictionary/sources/influenza/snapshots/sra_viral_summaries_all.json,"[""data_dictionary/sources/influenza/snapshots/PMC5126380.html"",""data_dictionary/sources/influenza/snapshots/sra_viral_summaries_all.json""]",https://www.ncbi.nlm.nih.gov/sra/SRR5023903,3283747,SRP091397,RNA-seq of Influenza A virus:CW_021_1012_6,https://www.ncbi.nlm.nih.gov/sra/SRR5023903,public_SRA_metadata
https://www.ncbi.nlm.nih.gov/sra/SRR4416115,repository_or_publication_landing_page,public,PRJNA347853,raw_sequence_reads,FLU:SRP091397,included_human_influenza_challenge,SRX2239103,FLUFILE_e210b482f38220a8be,,False,SRR4416115,,,SRR4416115,not_inspected_at_biological_file_level,,"{""data_dictionary/sources/influenza/snapshots/PMC5126380.html"":""958f1a1040292570eebb8fff7c9ac4bb2f900fa6c8085cd439c0517121511f27"",""data_dictionary/sources/influenza/snapshots/sra_viral_summaries_all.json"":""207c715e471e861d328810bbf39ad7a9e1b8b4ced5312442d8c89aab2df89514""}",data_dictionary/sources/influenza/snapshots/sra_viral_summaries_all.json,"[""data_dictionary/sources/influenza/snapshots/PMC5126380.html"",""data_dictionary/sources/influenza/snapshots/sra_viral_summaries_all.json""]",https://www.ncbi.nlm.nih.gov/sra/SRR4416115,3283746,SRP091397,RNA-seq of Influenza A virus:CW_021_1012_6,https://www.ncbi.nlm.nih.gov/sra/SRR4416115,public_SRA_metadata
https://www.ncbi.nlm.nih.gov/sra/SRR5023786,repository_or_publication_landing_page,public,PRJNA347853,raw_sequence_reads,FLU:SRP091397,included_human_influenza_challenge,SRX2239103,FLUFILE_0a51c0b31673b75542,,False,SRR5023786,,,SRR5023786,not_inspected_at_biological_file_level,,"{""data_dictionary/sources/influenza/snapshots/PMC5126380.html"":""958f1a1040292570eebb8fff7c9ac4bb2f900fa6c8085cd439c0517121511f27"",""data_dictionary/sources/influenza/snapshots/sra_viral_summaries_all.json"":""207c715e471e861d328810bbf39ad7a9e1b8b4ced5312442d8c89aab2df89514""}",data_dictionary/sources/influenza/snapshots/sra_viral_summaries_all.json,"[""data_dictionary/sources/influenza/snapshots/PMC5126380.html"",""data_dictionary/sources/influenza/snapshots/sra_viral_summaries_all.json""]",https://www.ncbi.nlm.nih.gov/sra/SRR5023786,3283746,SRP091397,RNA-seq of Influenza A virus:CW_021_1012_6,https://www.ncbi.nlm.nih.gov/sra/SRR5023786,public_SRA_metadata
https://www.ncbi.nlm.nih.gov/sra/SRR4416114,repository_or_publication_landing_page,public,PRJNA347853,raw_sequence_reads,FLU:SRP091397,included_human_influenza_challenge,SRX2239102,FLUFILE_6f8823191abcbf2802,,False,SRR4416114,,,SRR4416114,not_inspected_at_biological_file_level,,"{""data_dictionary/sources/influenza/snapshots/PMC5126380.html"":""958f1a1040292570eebb8fff7c9ac4bb2f900fa6c8085cd439c0517121511f27"",""data_dictionary/sources/influenza/snapshots/sra_viral_summaries_all.json"":""207c715e471e861d328810bbf39ad7a9e1b8b4ced5312442d8c89aab2df89514""}",data_dictionary/sources/influenza/snapshots/sra_viral_summaries_all.json,"[""data_dictionary/sources/influenza/snapshots/PMC5126380.html"",""data_dictionary/sources/influenza/snapshots/sra_viral_summaries_all.json""]",https://www.ncbi.nlm.nih.gov/sra/SRR4416114,3283745,SRP091397,RNA-seq of Influenza A virus:CW_021_1012_6,https://www.ncbi.nlm.nih.gov/sra/SRR4416114,public_SRA_metadata
https://www.ncbi.nlm.nih.gov/sra/SRR5023269,repository_or_publication_landing_page,public,PRJNA347853,raw_sequence_reads,FLU:SRP091397,included_human_influenza_challenge,SRX2239102,FLUFILE_56e22ffceda458572f,,False,SRR5023269,,,SRR5023269,not_inspected_at_biological_file_level,,"{""data_dictionary/sources/influenza/snapshots/PMC5126380.html"":""958f1a1040292570eebb8fff7c9ac4bb2f900fa6c8085cd439c0517121511f27"",""data_dictionary/sources/influenza/snapshots/sra_viral_summaries_all.json"":""207c715e471e861d328810bbf39ad7a9e1b8b4ced5312442d8c89aab2df89514""}",data_dictionary/sources/influenza/snapshots/sra_viral_summaries_all.json,"[""data_dictionary/sources/influenza/snapshots/PMC5126380.html"",""data_dictionary/sources/influenza/snapshots/sra_viral_summaries_all.json""]",https://www.ncbi.nlm.nih.gov/sra/SRR5023269,3283745,SRP091397,RNA-seq of Influenza A virus:CW_021_1012_6,https://www.ncbi.nlm.nih.gov/sra/SRR5023269,public_SRA_metadata
https://www.ncbi.nlm.nih.gov/sra/SRR4416113,repository_or_publication_landing_page,public,PRJNA347853,raw_sequence_reads,FLU:SRP091397,included_human_influenza_challenge,SRX2239101,FLUFILE_76ae13a2aa5e02943b,,False,SRR4416113,,,SRR4416113,not_inspected_at_biological_file_level,,"{""data_dictionary/sources/influenza/snapshots/PMC5126380.html"":""958f1a1040292570eebb8fff7c9ac4bb2f900fa6c8085cd439c0517121511f27"",""data_dictionary/sources/influenza/snapshots/sra_viral_summaries_all.json"":""207c715e471e861d328810bbf39ad7a9e1b8b4ced5312442d8c89aab2df89514""}",data_dictionary/sources/influenza/snapshots/sra_viral_summaries_all.json,"[""data_dictionary/sources/influenza/snapshots/PMC5126380.html"",""data_dictionary/sources/influenza/snapshots/sra_viral_summaries_all.json""]",https://www.ncbi.nlm.nih.gov/sra/SRR4416113,3283744,SRP091397,RNA-seq of Influenza A virus:CW_021_1012_6,https://www.ncbi.nlm.nih.gov/sra/SRR4416113,public_SRA_metadata
https://www.ncbi.nlm.nih.gov/sra/SRR5023013,repository_or_publication_landing_page,public,PRJNA347853,raw_sequence_reads,FLU:SRP091397,included_human_influenza_challenge,SRX2239101,FLUFILE_66c5184bef64c184b0,,False,SRR5023013,,,SRR5023013,not_inspected_at_biological_file_level,,"{""data_dictionary/sources/influenza/snapshots/PMC5126380.html"":""958f1a1040292570eebb8fff7c9ac4bb2f900fa6c8085cd439c0517121511f27"",""data_dictionary/sources/influenza/snapshots/sra_viral_summaries_all.json"":""207c715e471e861d328810bbf39ad7a9e1b8b4ced5312442d8c89aab2df89514""}",data_dictionary/sources/influenza/snapshots/sra_viral_summaries_all.json,"[""data_dictionary/sources/influenza/snapshots/PMC5126380.html"",""data_dictionary/sources/influenza/snapshots/sra_viral_summaries_all.json""]",https://www.ncbi.nlm.nih.gov/sra/SRR5023013,3283744,SRP091397,RNA-seq of Influenza A virus:CW_021_1012_6,https://www.ncbi.nlm.nih.gov/sra/SRR5023013,public_SRA_metadata
https://www.ncbi.nlm.nih.gov/sra/SRR8782329,repository_or_publication_landing_page,public,PRJNA528931,raw_sequence_reads,FLU:PRJNA528931,included_human_influenza_challenge,SRX5572338,FLUFILE_fdb357131ab4c80ca4,,False,SRR8782329,,,SRR8782329,not_inspected_at_biological_file_level,,"{""data_dictionary/sources/influenza/snapshots/PMC6652224.html"":""29368fcf3534713270b637816de2e22c124a46907c629fb73091615b94a3e17c"",""data_dictionary/sources/influenza/snapshots/sra_viral_summaries_all.json"":""207c715e471e861d328810bbf39ad7a9e1b8b4ced5312442d8c89aab2df89514""}",data_dictionary/sources/influenza/snapshots/sra_viral_summaries_all.json,"[""data_dictionary/sources/influenza/snapshots/PMC6652224.html"",""data_dictionary/sources/influenza/snapshots/sra_viral_summaries_all.json""]",https://www.ncbi.nlm.nih.gov/sra/SRR8782329,7520973,SRP189350,RNA-Seq of human clinical sample: nasal wash,https://www.ncbi.nlm.nih.gov/sra/SRR8782329,public_SRA_metadata
https://www.ncbi.nlm.nih.gov/sra/SRR8782330,repository_or_publication_landing_page,public,PRJNA528931,raw_sequence_reads,FLU:PRJNA528931,included_human_influenza_challenge,SRX5572337,FLUFILE_04d06df125830d09ec,,False,SRR8782330,,,SRR8782330,not_inspected_at_biological_file_level,,"{""data_dictionary/sources/influenza/snapshots/PMC6652224.html"":""29368fcf3534713270b637816de2e22c124a46907c629fb73091615b94a3e17c"",""data_dictionary/sources/influenza/snapshots/sra_viral_summaries_all.json"":""207c715e471e861d328810bbf39ad7a9e1b8b4ced5312442d8c89aab2df89514""}",data_dictionary/sources/influenza/snapshots/sra_viral_summaries_all.json,"[""data_dictionary/sources/influenza/snapshots/PMC6652224.html"",""data_dictionary/sources/influenza/snapshots/sra_viral_summaries_all.json""]",https://www.ncbi.nlm.nih.gov/sra/SRR8782330,7520972,SRP189350,RNA-Seq of human clinical sample: nasal wash,https://www.ncbi.nlm.nih.gov/sra/SRR8782330,public_SRA_metadata
https://www.ncbi.nlm.nih.gov/sra/SRR8782331,repository_or_publication_landing_page,public,PRJNA528931,raw_sequence_reads,FLU:PRJNA528931,included_human_influenza_challenge,SRX5572336,FLUFILE_680f3ff76b5d57ef98,,False,SRR8782331,,,SRR8782331,not_inspected_at_biological_file_level,,"{""data_dictionary/sources/influenza/snapshots/PMC6652224.html"":""29368fcf3534713270b637816de2e22c124a46907c629fb73091615b94a3e17c"",""data_dictionary/sources/influenza/snapshots/sra_viral_summaries_all.json"":""207c715e471e861d328810bbf39ad7a9e1b8b4ced5312442d8c89aab2df89514""}",data_dictionary/sources/influenza/snapshots/sra_viral_summaries_all.json,"[""data_dictionary/sources/influenza/snapshots/PMC6652224.html"",""data_dictionary/sources/influenza/snapshots/sra_viral_summaries_all.json""]",https://www.ncbi.nlm.nih.gov/sra/SRR8782331,7520971,SRP189350,RNA-Seq of human clinical sample: nasal wash,https://www.ncbi.nlm.nih.gov/sra/SRR8782331,public_SRA_metadata
https://www.ncbi.nlm.nih.gov/sra/SRR8782332,repository_or_publication_landing_page,public,PRJNA528931,raw_sequence_reads,FLU:PRJNA528931,included_human_influenza_challenge,SRX5572335,FLUFILE_f76f789f52bab465fd,,False,SRR8782332,,,SRR8782332,not_inspected_at_biological_file_level,,"{""data_dictionary/sources/influenza/snapshots/PMC6652224.html"":""29368fcf3534713270b637816de2e22c124a46907c629fb73091615b94a3e17c"",""data_dictionary/sources/influenza/snapshots/sra_viral_summaries_all.json"":""207c715e471e861d328810bbf39ad7a9e1b8b4ced5312442d8c89aab2df89514""}",data_dictionary/sources/influenza/snapshots/sra_viral_summaries_all.json,"[""data_dictionary/sources/influenza/snapshots/PMC6652224.html"",""data_dictionary/sources/influenza/snapshots/sra_viral_summaries_all.json""]",https://www.ncbi.nlm.nih.gov/sra/SRR8782332,7520970,SRP189350,RNA-Seq of human clinical sample: nasal wash,https://www.ncbi.nlm.nih.gov/sra/SRR8782332,public_SRA_metadata
https://www.ncbi.nlm.nih.gov/sra/SRR8782333,repository_or_publication_landing_page,public,PRJNA528931,raw_sequence_reads,FLU:PRJNA528931,included_human_influenza_challenge,SRX5572334,FLUFILE_552609b4ca5d3fb682,,False,SRR8782333,,,SRR8782333,not_inspected_at_biological_file_level,,"{""data_dictionary/sources/influenza/snapshots/PMC6652224.html"":""29368fcf3534713270b637816de2e22c124a46907c629fb73091615b94a3e17c"",""data_dictionary/sources/influenza/snapshots/sra_viral_summaries_all.json"":""207c715e471e861d328810bbf39ad7a9e1b8b4ced5312442d8c89aab2df89514""}",data_dictionary/sources/influenza/snapshots/sra_viral_summaries_all.json,"[""data_dictionary/sources/influenza/snapshots/PMC6652224.html"",""data_dictionary/sources/influenza/snapshots/sra_viral_summaries_all.json""]",https://www.ncbi.nlm.nih.gov/sra/SRR8782333,7520969,SRP189350,RNA-Seq of human clinical sample: nasal wash,https://www.ncbi.nlm.nih.gov/sra/SRR8782333,public_SRA_metadata
https://www.ncbi.nlm.nih.gov/sra/SRR8782334,repository_or_publication_landing_page,public,PRJNA528931,raw_sequence_reads,FLU:PRJNA528931,included_human_influenza_challenge,SRX5572333,FLUFILE_7244a6c1fc5b854a1b,,False,SRR8782334,,,SRR8782334,not_inspected_at_biological_file_level,,"{""data_dictionary/sources/influenza/snapshots/PMC6652224.html"":""29368fcf3534713270b637816de2e22c124a46907c629fb73091615b94a3e17c"",""data_dictionary/sources/influenza/snapshots/sra_viral_summaries_all.json"":""207c715e471e861d328810bbf39ad7a9e1b8b4ced5312442d8c89aab2df89514""}",data_dictionary/sources/influenza/snapshots/sra_viral_summaries_all.json,"[""data_dictionary/sources/influenza/snapshots/PMC6652224.html"",""data_dictionary/sources/influenza/snapshots/sra_viral_summaries_all.json""]",https://www.ncbi.nlm.nih.gov/sra/SRR8782334,7520968,SRP189350,RNA-Seq of human clinical sample: nasal wash,https://www.ncbi.nlm.nih.gov/sra/SRR8782334,public_SRA_metadata
https://www.ncbi.nlm.nih.gov/sra/SRR8782335,repository_or_publication_landing_page,public,PRJNA528931,raw_sequence_reads,FLU:PRJNA528931,included_human_influenza_challenge,SRX5572332,FLUFILE_841e777c66c45414f9,,False,SRR8782335,,,SRR8782335,not_inspected_at_biological_file_level,,"{""data_dictionary/sources/influenza/snapshots/PMC6652224.html"":""29368fcf3534713270b637816de2e22c124a46907c629fb73091615b94a3e17c"",""data_dictionary/sources/influenza/snapshots/sra_viral_summaries_all.json"":""207c715e471e861d328810bbf39ad7a9e1b8b4ced5312442d8c89aab2df89514""}",data_dictionary/sources/influenza/snapshots/sra_viral_summaries_all.json,"[""data_dictionary/sources/influenza/snapshots/PMC6652224.html"",""data_dictionary/sources/influenza/snapshots/sra_viral_summaries_all.json""]",https://www.ncbi.nlm.nih.gov/sra/SRR8782335,7520967,SRP189350,RNA-Seq of human clinical sample: nasal wash,https://www.ncbi.nlm.nih.gov/sra/SRR8782335,public_SRA_metadata
https://www.ncbi.nlm.nih.gov/sra/SRR8782336,repository_or_publication_landing_page,public,PRJNA528931,raw_sequence_reads,FLU:PRJNA528931,included_human_influenza_challenge,SRX5572331,FLUFILE_0fc01f76f9aa13b6ab,,False,SRR8782336,,,SRR8782336,not_inspected_at_biological_file_level,,"{""data_dictionary/sources/influenza/snapshots/PMC6652224.html"":""29368fcf3534713270b637816de2e22c124a46907c629fb73091615b94a3e17c"",""data_dictionary/sources/influenza/snapshots/sra_viral_summaries_all.json"":""207c715e471e861d328810bbf39ad7a9e1b8b4ced5312442d8c89aab2df89514""}",data_dictionary/sources/influenza/snapshots/sra_viral_summaries_all.json,"[""data_dictionary/sources/influenza/snapshots/PMC6652224.html"",""data_dictionary/sources/influenza/snapshots/sra_viral_summaries_all.json""]",https://www.ncbi.nlm.nih.gov/sra/SRR8782336,7520966,SRP189350,RNA-Seq of human clinical sample: nasal wash,https://www.ncbi.nlm.nih.gov/sra/SRR8782336,public_SRA_metadata
https://www.ncbi.nlm.nih.gov/sra/SRR8782337,repository_or_publication_landing_page,public,PRJNA528931,raw_sequence_reads,FLU:PRJNA528931,included_human_influenza_challenge,SRX5572330,FLUFILE_83ecfadecf44380330,,False,SRR8782337,,,SRR8782337,not_inspected_at_biological_file_level,,"{""data_dictionary/sources/influenza/snapshots/PMC6652224.html"":""29368fcf3534713270b637816de2e22c124a46907c629fb73091615b94a3e17c"",""data_dictionary/sources/influenza/snapshots/sra_viral_summaries_all.json"":""207c715e471e861d328810bbf39ad7a9e1b8b4ced5312442d8c89aab2df89514""}",data_dictionary/sources/influenza/snapshots/sra_viral_summaries_all.json,"[""data_dictionary/sources/influenza/snapshots/PMC6652224.html"",""data_dictionary/sources/influenza/snapshots/sra_viral_summaries_all.json""]",https://www.ncbi.nlm.nih.gov/sra/SRR8782337,7520965,SRP189350,RNA-Seq of human clinical sample: nasal wash,https://www.ncbi.nlm.nih.gov/sra/SRR8782337,public_SRA_metadata
https://www.ncbi.nlm.nih.gov/sra/SRR8782338,repository_or_publication_landing_page,public,PRJNA528931,raw_sequence_reads,FLU:PRJNA528931,included_human_influenza_challenge,SRX5572329,FLUFILE_d356aba72eec183355,,False,SRR8782338,,,SRR8782338,not_inspected_at_biological_file_level,,"{""data_dictionary/sources/influenza/snapshots/PMC6652224.html"":""29368fcf3534713270b637816de2e22c124a46907c629fb73091615b94a3e17c"",""data_dictionary/sources/influenza/snapshots/sra_viral_summaries_all.json"":""207c715e471e861d328810bbf39ad7a9e1b8b4ced5312442d8c89aab2df89514""}",data_dictionary/sources/influenza/snapshots/sra_viral_summaries_all.json,"[""data_dictionary/sources/influenza/snapshots/PMC6652224.html"",""data_dictionary/sources/influenza/snapshots/sra_viral_summaries_all.json""]",https://www.ncbi.nlm.nih.gov/sra/SRR8782338,7520964,SRP189350,RNA-Seq of human clinical sample: nasal wash,https://www.ncbi.nlm.nih.gov/sra/SRR8782338,public_SRA_metadata
https://www.ncbi.nlm.nih.gov/sra/SRR8782339,repository_or_publication_landing_page,public,PRJNA528931,raw_sequence_reads,FLU:PRJNA528931,included_human_influenza_challenge,SRX5572328,FLUFILE_afb7908ff2828fcf73,,False,SRR8782339,,,SRR8782339,not_inspected_at_biological_file_level,,"{""data_dictionary/sources/influenza/snapshots/PMC6652224.html"":""29368fcf3534713270b637816de2e22c124a46907c629fb73091615b94a3e17c"",""data_dictionary/sources/influenza/snapshots/sra_viral_summaries_all.json"":""207c715e471e861d328810bbf39ad7a9e1b8b4ced5312442d8c89aab2df89514""}",data_dictionary/sources/influenza/snapshots/sra_viral_summaries_all.json,"[""data_dictionary/sources/influenza/snapshots/PMC6652224.html"",""data_dictionary/sources/influenza/snapshots/sra_viral_summaries_all.json""]",https://www.ncbi.nlm.nih.gov/sra/SRR8782339,7520963,SRP189350,RNA-Seq of human clinical sample: nasal wash,https://www.ncbi.nlm.nih.gov/sra/SRR8782339,public_SRA_metadata
https://www.ncbi.nlm.nih.gov/sra/SRR8782340,repository_or_publication_landing_page,public,PRJNA528931,raw_sequence_reads,FLU:PRJNA528931,included_human_influenza_challenge,SRX5572327,FLUFILE_8cefe45661440cb028,,False,SRR8782340,,,SRR8782340,not_inspected_at_biological_file_level,,"{""data_dictionary/sources/influenza/snapshots/PMC6652224.html"":""29368fcf3534713270b637816de2e22c124a46907c629fb73091615b94a3e17c"",""data_dictionary/sources/influenza/snapshots/sra_viral_summaries_all.json"":""207c715e471e861d328810bbf39ad7a9e1b8b4ced5312442d8c89aab2df89514""}",data_dictionary/sources/influenza/snapshots/sra_viral_summaries_all.json,"[""data_dictionary/sources/influenza/snapshots/PMC6652224.html"",""data_dictionary/sources/influenza/snapshots/sra_viral_summaries_all.json""]",https://www.ncbi.nlm.nih.gov/sra/SRR8782340,7520962,SRP189350,RNA-Seq of human clinical sample: nasal wash,https://www.ncbi.nlm.nih.gov/sra/SRR8782340,public_SRA_metadata
https://www.ncbi.nlm.nih.gov/sra/SRR8782341,repository_or_publication_landing_page,public,PRJNA528931,raw_sequence_reads,FLU:PRJNA528931,included_human_influenza_challenge,SRX5572326,FLUFILE_725daf433e766a6b58,,False,SRR8782341,,,SRR8782341,not_inspected_at_biological_file_level,,"{""data_dictionary/sources/influenza/snapshots/PMC6652224.html"":""29368fcf3534713270b637816de2e22c124a46907c629fb73091615b94a3e17c"",""data_dictionary/sources/influenza/snapshots/sra_viral_summaries_all.json"":""207c715e471e861d328810bbf39ad7a9e1b8b4ced5312442d8c89aab2df89514""}",data_dictionary/sources/influenza/snapshots/sra_viral_summaries_all.json,"[""data_dictionary/sources/influenza/snapshots/PMC6652224.html"",""data_dictionary/sources/influenza/snapshots/sra_viral_summaries_all.json""]",https://www.ncbi.nlm.nih.gov/sra/SRR8782341,7520961,SRP189350,RNA-Seq of human clinical sample: nasal wash,https://www.ncbi.nlm.nih.gov/sra/SRR8782341,public_SRA_metadata
https://www.ncbi.nlm.nih.gov/sra/SRR8782342,repository_or_publication_landing_page,public,PRJNA528931,raw_sequence_reads,FLU:PRJNA528931,included_human_influenza_challenge,SRX5572325,FLUFILE_5606ee1a93bb0e21c2,,False,SRR8782342,,,SRR8782342,not_inspected_at_biological_file_level,,"{""data_dictionary/sources/influenza/snapshots/PMC6652224.html"":""29368fcf3534713270b637816de2e22c124a46907c629fb73091615b94a3e17c"",""data_dictionary/sources/influenza/snapshots/sra_viral_summaries_all.json"":""207c715e471e861d328810bbf39ad7a9e1b8b4ced5312442d8c89aab2df89514""}",data_dictionary/sources/influenza/snapshots/sra_viral_summaries_all.json,"[""data_dictionary/sources/influenza/snapshots/PMC6652224.html"",""data_dictionary/sources/influenza/snapshots/sra_viral_summaries_all.json""]",https://www.ncbi.nlm.nih.gov/sra/SRR8782342,7520960,SRP189350,RNA-Seq of human clinical sample: nasal wash,https://www.ncbi.nlm.nih.gov/sra/SRR8782342,public_SRA_metadata
https://www.ncbi.nlm.nih.gov/sra/SRR8782343,repository_or_publication_landing_page,public,PRJNA528931,raw_sequence_reads,FLU:PRJNA528931,included_human_influenza_challenge,SRX5572324,FLUFILE_6fe83bf13c7fb6e0bb,,False,SRR8782343,,,SRR8782343,not_inspected_at_biological_file_level,,"{""data_dictionary/sources/influenza/snapshots/PMC6652224.html"":""29368fcf3534713270b637816de2e22c124a46907c629fb73091615b94a3e17c"",""data_dictionary/sources/influenza/snapshots/sra_viral_summaries_all.json"":""207c715e471e861d328810bbf39ad7a9e1b8b4ced5312442d8c89aab2df89514""}",data_dictionary/sources/influenza/snapshots/sra_viral_summaries_all.json,"[""data_dictionary/sources/influenza/snapshots/PMC6652224.html"",""data_dictionary/sources/influenza/snapshots/sra_viral_summaries_all.json""]",https://www.ncbi.nlm.nih.gov/sra/SRR8782343,7520959,SRP189350,RNA-Seq of human clinical sample: nasal wash,https://www.ncbi.nlm.nih.gov/sra/SRR8782343,public_SRA_metadata
https://www.ncbi.nlm.nih.gov/sra/SRR8782344,repository_or_publication_landing_page,public,PRJNA528931,raw_sequence_reads,FLU:PRJNA528931,included_human_influenza_challenge,SRX5572323,FLUFILE_a29f7663022bf66583,,False,SRR8782344,,,SRR8782344,not_inspected_at_biological_file_level,,"{""data_dictionary/sources/influenza/snapshots/PMC6652224.html"":""29368fcf3534713270b637816de2e22c124a46907c629fb73091615b94a3e17c"",""data_dictionary/sources/influenza/snapshots/sra_viral_summaries_all.json"":""207c715e471e861d328810bbf39ad7a9e1b8b4ced5312442d8c89aab2df89514""}",data_dictionary/sources/influenza/snapshots/sra_viral_summaries_all.json,"[""data_dictionary/sources/influenza/snapshots/PMC6652224.html"",""data_dictionary/sources/influenza/snapshots/sra_viral_summaries_all.json""]",https://www.ncbi.nlm.nih.gov/sra/SRR8782344,7520958,SRP189350,RNA-Seq of human clinical sample: nasal wash,https://www.ncbi.nlm.nih.gov/sra/SRR8782344,public_SRA_metadata
https://www.ncbi.nlm.nih.gov/sra/SRR8782345,repository_or_publication_landing_page,public,PRJNA528931,raw_sequence_reads,FLU:PRJNA528931,included_human_influenza_challenge,SRX5572322,FLUFILE_d4aeaea5fb39a8c332,,False,SRR8782345,,,SRR8782345,not_inspected_at_biological_file_level,,"{""data_dictionary/sources/influenza/snapshots/PMC6652224.html"":""29368fcf3534713270b637816de2e22c124a46907c629fb73091615b94a3e17c"",""data_dictionary/sources/influenza/snapshots/sra_viral_summaries_all.json"":""207c715e471e861d328810bbf39ad7a9e1b8b4ced5312442d8c89aab2df89514""}",data_dictionary/sources/influenza/snapshots/sra_viral_summaries_all.json,"[""data_dictionary/sources/influenza/snapshots/PMC6652224.html"",""data_dictionary/sources/influenza/snapshots/sra_viral_summaries_all.json""]",https://www.ncbi.nlm.nih.gov/sra/SRR8782345,7520957,SRP189350,RNA-Seq of human clinical sample: nasal wash,https://www.ncbi.nlm.nih.gov/sra/SRR8782345,public_SRA_metadata
https://www.ncbi.nlm.nih.gov/sra/SRR8782346,repository_or_publication_landing_page,public,PRJNA528931,raw_sequence_reads,FLU:PRJNA528931,included_human_influenza_challenge,SRX5572321,FLUFILE_24ef4a8edfc5a6b586,,False,SRR8782346,,,SRR8782346,not_inspected_at_biological_file_level,,"{""data_dictionary/sources/influenza/snapshots/PMC6652224.html"":""29368fcf3534713270b637816de2e22c124a46907c629fb73091615b94a3e17c"",""data_dictionary/sources/influenza/snapshots/sra_viral_summaries_all.json"":""207c715e471e861d328810bbf39ad7a9e1b8b4ced5312442d8c89aab2df89514""}",data_dictionary/sources/influenza/snapshots/sra_viral_summaries_all.json,"[""data_dictionary/sources/influenza/snapshots/PMC6652224.html"",""data_dictionary/sources/influenza/snapshots/sra_viral_summaries_all.json""]",https://www.ncbi.nlm.nih.gov/sra/SRR8782346,7520956,SRP189350,RNA-Seq of human clinical sample: nasal wash,https://www.ncbi.nlm.nih.gov/sra/SRR8782346,public_SRA_metadata
https://www.ncbi.nlm.nih.gov/sra/SRR8782347,repository_or_publication_landing_page,public,PRJNA528931,raw_sequence_reads,FLU:PRJNA528931,included_human_influenza_challenge,SRX5572320,FLUFILE_ad7d297c0cb589d2c2,,False,SRR8782347,,,SRR8782347,not_inspected_at_biological_file_level,,"{""data_dictionary/sources/influenza/snapshots/PMC6652224.html"":""29368fcf3534713270b637816de2e22c124a46907c629fb73091615b94a3e17c"",""data_dictionary/sources/influenza/snapshots/sra_viral_summaries_all.json"":""207c715e471e861d328810bbf39ad7a9e1b8b4ced5312442d8c89aab2df89514""}",data_dictionary/sources/influenza/snapshots/sra_viral_summaries_all.json,"[""data_dictionary/sources/influenza/snapshots/PMC6652224.html"",""data_dictionary/sources/influenza/snapshots/sra_viral_summaries_all.json""]",https://www.ncbi.nlm.nih.gov/sra/SRR8782347,7520955,SRP189350,RNA-Seq of human clinical sample: nasal wash,https://www.ncbi.nlm.nih.gov/sra/SRR8782347,public_SRA_metadata
https://www.ncbi.nlm.nih.gov/sra/SRR8782348,repository_or_publication_landing_page,public,PRJNA528931,raw_sequence_reads,FLU:PRJNA528931,included_human_influenza_challenge,SRX5572319,FLUFILE_49bf2ab49f3be28942,,False,SRR8782348,,,SRR8782348,not_inspected_at_biological_file_level,,"{""data_dictionary/sources/influenza/snapshots/PMC6652224.html"":""29368fcf3534713270b637816de2e22c124a46907c629fb73091615b94a3e17c"",""data_dictionary/sources/influenza/snapshots/sra_viral_summaries_all.json"":""207c715e471e861d328810bbf39ad7a9e1b8b4ced5312442d8c89aab2df89514""}",data_dictionary/sources/influenza/snapshots/sra_viral_summaries_all.json,"[""data_dictionary/sources/influenza/snapshots/PMC6652224.html"",""data_dictionary/sources/influenza/snapshots/sra_viral_summaries_all.json""]",https://www.ncbi.nlm.nih.gov/sra/SRR8782348,7520954,SRP189350,RNA-Seq of human clinical sample: nasal wash,https://www.ncbi.nlm.nih.gov/sra/SRR8782348,public_SRA_metadata
https://www.ebi.ac.uk/biostudies/arrayexpress/studies/E-MTAB-15137,repository_or_publication_landing_page,public,,processed_expression,FLU:E-MTAB-15137,included_human_influenza_challenge,,FLUFILE_4d39379febd71913df,,False,gene_counts_matrix.csv,,,,not_inspected_at_biological_file_level,36381161,"{""data_dictionary/sources/influenza/snapshots/E-MTAB-15137.json"":""af6a702e863cc71c698cec662f29f8fb1c51fd3cb5034a5792a062c2398c7258"",""data_dictionary/sources/influenza/snapshots/INFLUENZA_BCG2026.html"":""a88a2f28e4054ab7f64391cffc21f1ff05beb47a80f9f4c50e318224c00be642""}",,"[""data_dictionary/sources/influenza/snapshots/E-MTAB-15137.json"",""data_dictionary/sources/influenza/snapshots/INFLUENZA_BCG2026.html""]",,,,,https://www.ebi.ac.uk/biostudies/arrayexpress/studies/E-MTAB-15137,listed_in_repository_API
https://www.ebi.ac.uk/biostudies/arrayexpress/studies/E-MTAB-15137,repository_or_publication_landing_page,public,,metadata,FLU:E-MTAB-15137,included_human_influenza_challenge,,FLUFILE_f259edc713f00a634e,,False,E-MTAB-15137.idf.txt,,,,not_inspected_at_biological_file_level,4904,"{""data_dictionary/sources/influenza/snapshots/E-MTAB-15137.json"":""af6a702e863cc71c698cec662f29f8fb1c51fd3cb5034a5792a062c2398c7258"",""data_dictionary/sources/influenza/snapshots/INFLUENZA_BCG2026.html"":""a88a2f28e4054ab7f64391cffc21f1ff05beb47a80f9f4c50e318224c00be642""}",,"[""data_dictionary/sources/influenza/snapshots/E-MTAB-15137.json"",""data_dictionary/sources/influenza/snapshots/INFLUENZA_BCG2026.html""]",,,,,https://www.ebi.ac.uk/biostudies/arrayexpress/studies/E-MTAB-15137,listed_in_repository_API
https://www.ebi.ac.uk/biostudies/arrayexpress/studies/E-MTAB-15137,repository_or_publication_landing_page,public,,metadata,FLU:E-MTAB-15137,included_human_influenza_challenge,,FLUFILE_530189c7803e0b3a85,,False,E-MTAB-15137.sdrf.txt,,,,not_inspected_at_biological_file_level,111093,"{""data_dictionary/sources/influenza/snapshots/E-MTAB-15137.json"":""af6a702e863cc71c698cec662f29f8fb1c51fd3cb5034a5792a062c2398c7258"",""data_dictionary/sources/influenza/snapshots/INFLUENZA_BCG2026.html"":""a88a2f28e4054ab7f64391cffc21f1ff05beb47a80f9f4c50e318224c00be642""}",,"[""data_dictionary/sources/influenza/snapshots/E-MTAB-15137.json"",""data_dictionary/sources/influenza/snapshots/INFLUENZA_BCG2026.html""]",,,,,https://www.ebi.ac.uk/biostudies/arrayexpress/studies/E-MTAB-15137,listed_in_repository_API
https://ega-archive.org/datasets/EGAD50000002407,repository_or_publication_landing_page,controlled,,raw_reads,FLU:EGAD50000002407,included_human_influenza_challenge,,FLUFILE_11a549d1e8ffb4fab9,,False,,,,,not_inspected_at_biological_file_level,,"{""data_dictionary/sources/influenza/snapshots/EGAS50000001677.html"":""b3ad35464eab9db11e3851d227e8cf1c2704a591ed6560c1ad14d9639185b35e"",""data_dictionary/sources/influenza/snapshots/INFLUENZA_BCG2026.html"":""a88a2f28e4054ab7f64391cffc21f1ff05beb47a80f9f4c50e318224c00be642""}",,"[""data_dictionary/sources/influenza/snapshots/EGAS50000001677.html"",""data_dictionary/sources/influenza/snapshots/INFLUENZA_BCG2026.html""]",,,,,https://ega-archive.org/datasets/EGAD50000002407,parent_study_dataset_link_and_primary_paper; individual file inventory pending
