change_id,prior_id,previous_version,new_version,previous_parameters,new_parameters,reason
CHANGE_PRIOR_C-A12_context_specific,PRIOR_C-A12_context_specific,0.1.0,0.2.0,{},"{""context_id"":""CTX_06143ac118d95f65""}",modified evidence-derived prior; compared against preserved previous release.
CHANGE_PRIOR_C-A12_direction,PRIOR_C-A12_direction,0.1.0,0.2.0,{},{},modified evidence-derived prior; compared against preserved previous release.
CHANGE_PRIOR_C-A12_effect_class,PRIOR_C-A12_effect_class,0.1.0,0.2.0,{},"{""observed_direction"":""null""}",modified evidence-derived prior; compared against preserved previous release.
CHANGE_PRIOR_C-A12_existence,PRIOR_C-A12_existence,0.1.0,0.2.0,{},{},modified evidence-derived prior; compared against preserved previous release.
CHANGE_PRIOR_C-A12_expression,PRIOR_C-A12_expression,0.1.0,0.2.0,{},{},modified evidence-derived prior; compared against preserved previous release.
CHANGE_PRIOR_C-A12_genetic_modifier,PRIOR_C-A12_genetic_modifier,0.1.0,0.2.0,{},{},modified evidence-derived prior; compared against preserved previous release.
CHANGE_PRIOR_C-A12_human_transportability,PRIOR_C-A12_human_transportability,0.1.0,0.2.0,{},{},modified evidence-derived prior; compared against preserved previous release.
CHANGE_PRIOR_C-A12_magnitude,PRIOR_C-A12_magnitude,0.1.0,0.2.0,{},{},modified evidence-derived prior; compared against preserved previous release.
CHANGE_PRIOR_C-A12_protein_availability,PRIOR_C-A12_protein_availability,0.1.0,0.2.0,{},{},modified evidence-derived prior; compared against preserved previous release.
CHANGE_PRIOR_C-A12_temporal,PRIOR_C-A12_temporal,0.1.0,0.2.0,{},{},modified evidence-derived prior; compared against preserved previous release.
CHANGE_PRIOR_C-A18_context_specific,PRIOR_C-A18_context_specific,0.1.0,0.2.0,{},"{""context_id"":""CTX_d30cf808aebdd1cd""}",modified evidence-derived prior; compared against preserved previous release.
CHANGE_PRIOR_C-A18_direction,PRIOR_C-A18_direction,0.1.0,0.2.0,{},"{""alpha"":[1.0,2.0,1.0],""categories"":[""increase"",""decrease"",""other""]}",modified evidence-derived prior; compared against preserved previous release.
CHANGE_PRIOR_C-A18_effect_class,PRIOR_C-A18_effect_class,0.1.0,0.2.0,{},"{""observed_direction"":""decrease""}",modified evidence-derived prior; compared against preserved previous release.
CHANGE_PRIOR_C-A18_existence,PRIOR_C-A18_existence,0.1.0,0.2.0,{},"{""alpha"":2.0,""beta"":1.0}",modified evidence-derived prior; compared against preserved previous release.
CHANGE_PRIOR_C-A18_expression,PRIOR_C-A18_expression,0.1.0,0.2.0,{},{},modified evidence-derived prior; compared against preserved previous release.
CHANGE_PRIOR_C-A18_genetic_modifier,PRIOR_C-A18_genetic_modifier,0.1.0,0.2.0,{},{},modified evidence-derived prior; compared against preserved previous release.
CHANGE_PRIOR_C-A18_human_transportability,PRIOR_C-A18_human_transportability,0.1.0,0.2.0,{},{},modified evidence-derived prior; compared against preserved previous release.
CHANGE_PRIOR_C-A18_magnitude,PRIOR_C-A18_magnitude,0.1.0,0.2.0,{},{},modified evidence-derived prior; compared against preserved previous release.
CHANGE_PRIOR_C-A18_protein_availability,PRIOR_C-A18_protein_availability,0.1.0,0.2.0,{},{},modified evidence-derived prior; compared against preserved previous release.
CHANGE_PRIOR_C-A18_temporal,PRIOR_C-A18_temporal,0.1.0,0.2.0,{},{},modified evidence-derived prior; compared against preserved previous release.
CHANGE_PRIOR_C-A19_context_specific,PRIOR_C-A19_context_specific,0.1.0,0.2.0,{},"{""context_id"":""CTX_6e01c342635e6508""}",modified evidence-derived prior; compared against preserved previous release.
CHANGE_PRIOR_C-A19_direction,PRIOR_C-A19_direction,0.1.0,0.2.0,{},"{""alpha"":[1.0,2.0,1.0],""categories"":[""increase"",""decrease"",""other""]}",modified evidence-derived prior; compared against preserved previous release.
CHANGE_PRIOR_C-A19_effect_class,PRIOR_C-A19_effect_class,0.1.0,0.2.0,{},"{""observed_direction"":""decrease""}",modified evidence-derived prior; compared against preserved previous release.
CHANGE_PRIOR_C-A19_existence,PRIOR_C-A19_existence,0.1.0,0.2.0,{},"{""alpha"":2.0,""beta"":1.0}",modified evidence-derived prior; compared against preserved previous release.
CHANGE_PRIOR_C-A19_expression,PRIOR_C-A19_expression,0.1.0,0.2.0,{},{},modified evidence-derived prior; compared against preserved previous release.
CHANGE_PRIOR_C-A19_genetic_modifier,PRIOR_C-A19_genetic_modifier,0.1.0,0.2.0,{},{},modified evidence-derived prior; compared against preserved previous release.
CHANGE_PRIOR_C-A19_human_transportability,PRIOR_C-A19_human_transportability,0.1.0,0.2.0,{},{},modified evidence-derived prior; compared against preserved previous release.
CHANGE_PRIOR_C-A19_magnitude,PRIOR_C-A19_magnitude,0.1.0,0.2.0,{},{},modified evidence-derived prior; compared against preserved previous release.
CHANGE_PRIOR_C-A19_protein_availability,PRIOR_C-A19_protein_availability,0.1.0,0.2.0,{},{},modified evidence-derived prior; compared against preserved previous release.
CHANGE_PRIOR_C-A19_temporal,PRIOR_C-A19_temporal,0.1.0,0.2.0,{},{},modified evidence-derived prior; compared against preserved previous release.
CHANGE_PRIOR_C-A20_context_specific,PRIOR_C-A20_context_specific,0.1.0,0.2.0,{},"{""context_id"":""CTX_248741c25c8636ad""}",modified evidence-derived prior; compared against preserved previous release.
CHANGE_PRIOR_C-A20_direction,PRIOR_C-A20_direction,0.1.0,0.2.0,{},{},modified evidence-derived prior; compared against preserved previous release.
CHANGE_PRIOR_C-A20_effect_class,PRIOR_C-A20_effect_class,0.1.0,0.2.0,{},"{""observed_direction"":""null""}",modified evidence-derived prior; compared against preserved previous release.
CHANGE_PRIOR_C-A20_existence,PRIOR_C-A20_existence,0.1.0,0.2.0,{},{},modified evidence-derived prior; compared against preserved previous release.
CHANGE_PRIOR_C-A20_expression,PRIOR_C-A20_expression,0.1.0,0.2.0,{},{},modified evidence-derived prior; compared against preserved previous release.
CHANGE_PRIOR_C-A20_genetic_modifier,PRIOR_C-A20_genetic_modifier,0.1.0,0.2.0,{},{},modified evidence-derived prior; compared against preserved previous release.
CHANGE_PRIOR_C-A20_human_transportability,PRIOR_C-A20_human_transportability,0.1.0,0.2.0,{},{},modified evidence-derived prior; compared against preserved previous release.
CHANGE_PRIOR_C-A20_magnitude,PRIOR_C-A20_magnitude,0.1.0,0.2.0,{},{},modified evidence-derived prior; compared against preserved previous release.
CHANGE_PRIOR_C-A20_protein_availability,PRIOR_C-A20_protein_availability,0.1.0,0.2.0,{},{},modified evidence-derived prior; compared against preserved previous release.
CHANGE_PRIOR_C-A20_temporal,PRIOR_C-A20_temporal,0.1.0,0.2.0,{},{},modified evidence-derived prior; compared against preserved previous release.
CHANGE_PRIOR_G-A020_context_specific,PRIOR_G-A020_context_specific,0.1.0,0.2.0,{},"{""context_id"":""CTX_cf2962a2555cc651""}",modified evidence-derived prior; compared against preserved previous release.
CHANGE_PRIOR_G-A020_direction,PRIOR_G-A020_direction,0.1.0,0.2.0,{},"{""alpha"":[1.0,1.0,1.25],""categories"":[""increase"",""decrease"",""other""]}",modified evidence-derived prior; compared against preserved previous release.
CHANGE_PRIOR_G-A020_effect_class,PRIOR_G-A020_effect_class,0.1.0,0.2.0,{},"{""observed_direction"":""association""}",modified evidence-derived prior; compared against preserved previous release.
CHANGE_PRIOR_G-A020_existence,PRIOR_G-A020_existence,0.1.0,0.2.0,{},"{""alpha"":1.25,""beta"":1.0}",modified evidence-derived prior; compared against preserved previous release.
CHANGE_PRIOR_G-A020_expression,PRIOR_G-A020_expression,0.1.0,0.2.0,{},{},modified evidence-derived prior; compared against preserved previous release.
CHANGE_PRIOR_G-A020_genetic_modifier,PRIOR_G-A020_genetic_modifier,0.1.0,0.2.0,{},{},modified evidence-derived prior; compared against preserved previous release.
CHANGE_PRIOR_G-A020_human_transportability,PRIOR_G-A020_human_transportability,0.1.0,0.2.0,{},{},modified evidence-derived prior; compared against preserved previous release.
CHANGE_PRIOR_G-A020_magnitude,PRIOR_G-A020_magnitude,0.1.0,0.2.0,{},{},modified evidence-derived prior; compared against preserved previous release.
CHANGE_PRIOR_G-A020_protein_availability,PRIOR_G-A020_protein_availability,0.1.0,0.2.0,{},{},modified evidence-derived prior; compared against preserved previous release.
CHANGE_PRIOR_G-A020_temporal,PRIOR_G-A020_temporal,0.1.0,0.2.0,{},{},modified evidence-derived prior; compared against preserved previous release.
CHANGE_PRIOR_P_A01_context_specific,PRIOR_P_A01_context_specific,0.1.0,0.2.0,{},"{""context_id"":""CTX_4afed5fcc768a11e""}",modified evidence-derived prior; compared against preserved previous release.
CHANGE_PRIOR_P_A01_direction,PRIOR_P_A01_direction,0.1.0,0.2.0,{},{},modified evidence-derived prior; compared against preserved previous release.
CHANGE_PRIOR_P_A01_effect_class,PRIOR_P_A01_effect_class,0.1.0,0.2.0,{},"{""observed_direction"":""association""}",modified evidence-derived prior; compared against preserved previous release.
CHANGE_PRIOR_P_A01_existence,PRIOR_P_A01_existence,0.1.0,0.2.0,{},{},modified evidence-derived prior; compared against preserved previous release.
CHANGE_PRIOR_P_A01_expression,PRIOR_P_A01_expression,0.1.0,0.2.0,{},{},modified evidence-derived prior; compared against preserved previous release.
CHANGE_PRIOR_P_A01_genetic_modifier,PRIOR_P_A01_genetic_modifier,0.1.0,0.2.0,{},{},modified evidence-derived prior; compared against preserved previous release.
CHANGE_PRIOR_P_A01_human_transportability,PRIOR_P_A01_human_transportability,0.1.0,0.2.0,{},{},modified evidence-derived prior; compared against preserved previous release.
CHANGE_PRIOR_P_A01_magnitude,PRIOR_P_A01_magnitude,0.1.0,0.2.0,{},{},modified evidence-derived prior; compared against preserved previous release.
CHANGE_PRIOR_P_A01_protein_availability,PRIOR_P_A01_protein_availability,0.1.0,0.2.0,{},{},modified evidence-derived prior; compared against preserved previous release.
CHANGE_PRIOR_P_A01_temporal,PRIOR_P_A01_temporal,0.1.0,0.2.0,{},{},modified evidence-derived prior; compared against preserved previous release.
CHANGE_PRIOR_P_A07_context_specific,PRIOR_P_A07_context_specific,0.1.0,0.2.0,{},"{""context_id"":""CTX_d157419dd15f3116""}",modified evidence-derived prior; compared against preserved previous release.
CHANGE_PRIOR_P_A07_direction,PRIOR_P_A07_direction,0.1.0,0.2.0,{},"{""alpha"":[1.0,1.0,1.5],""categories"":[""increase"",""decrease"",""other""]}",modified evidence-derived prior; compared against preserved previous release.
CHANGE_PRIOR_P_A07_effect_class,PRIOR_P_A07_effect_class,0.1.0,0.2.0,{},"{""observed_direction"":""association""}",modified evidence-derived prior; compared against preserved previous release.
CHANGE_PRIOR_P_A07_existence,PRIOR_P_A07_existence,0.1.0,0.2.0,{},"{""alpha"":1.5,""beta"":1.0}",modified evidence-derived prior; compared against preserved previous release.
CHANGE_PRIOR_P_A07_expression,PRIOR_P_A07_expression,0.1.0,0.2.0,{},{},modified evidence-derived prior; compared against preserved previous release.
CHANGE_PRIOR_P_A07_genetic_modifier,PRIOR_P_A07_genetic_modifier,0.1.0,0.2.0,{},{},modified evidence-derived prior; compared against preserved previous release.
CHANGE_PRIOR_P_A07_human_transportability,PRIOR_P_A07_human_transportability,0.1.0,0.2.0,{},{},modified evidence-derived prior; compared against preserved previous release.
CHANGE_PRIOR_P_A07_magnitude,PRIOR_P_A07_magnitude,0.1.0,0.2.0,{},{},modified evidence-derived prior; compared against preserved previous release.
CHANGE_PRIOR_P_A07_protein_availability,PRIOR_P_A07_protein_availability,0.1.0,0.2.0,{},{},modified evidence-derived prior; compared against preserved previous release.
CHANGE_PRIOR_P_A07_temporal,PRIOR_P_A07_temporal,0.1.0,0.2.0,{},{},modified evidence-derived prior; compared against preserved previous release.
CHANGE_PRIOR_P_A08_context_specific,PRIOR_P_A08_context_specific,0.1.0,0.2.0,{},"{""context_id"":""CTX_d157419dd15f3116""}",modified evidence-derived prior; compared against preserved previous release.
CHANGE_PRIOR_P_A08_direction,PRIOR_P_A08_direction,0.1.0,0.2.0,{},{},modified evidence-derived prior; compared against preserved previous release.
CHANGE_PRIOR_P_A08_effect_class,PRIOR_P_A08_effect_class,0.1.0,0.2.0,{},"{""observed_direction"":""null""}",modified evidence-derived prior; compared against preserved previous release.
CHANGE_PRIOR_P_A08_existence,PRIOR_P_A08_existence,0.1.0,0.2.0,{},{},modified evidence-derived prior; compared against preserved previous release.
CHANGE_PRIOR_P_A08_expression,PRIOR_P_A08_expression,0.1.0,0.2.0,{},{},modified evidence-derived prior; compared against preserved previous release.
CHANGE_PRIOR_P_A08_genetic_modifier,PRIOR_P_A08_genetic_modifier,0.1.0,0.2.0,{},{},modified evidence-derived prior; compared against preserved previous release.
CHANGE_PRIOR_P_A08_human_transportability,PRIOR_P_A08_human_transportability,0.1.0,0.2.0,{},{},modified evidence-derived prior; compared against preserved previous release.
CHANGE_PRIOR_P_A08_magnitude,PRIOR_P_A08_magnitude,0.1.0,0.2.0,{},{},modified evidence-derived prior; compared against preserved previous release.
CHANGE_PRIOR_P_A08_protein_availability,PRIOR_P_A08_protein_availability,0.1.0,0.2.0,{},{},modified evidence-derived prior; compared against preserved previous release.
CHANGE_PRIOR_P_A08_temporal,PRIOR_P_A08_temporal,0.1.0,0.2.0,{},{},modified evidence-derived prior; compared against preserved previous release.
CHANGE_PRIOR_XCH_A001_context_specific,PRIOR_XCH_A001_context_specific,0.1.0,0.2.0,unavailable,"{""context_id"":""CTX_9c260f199fe4c64a""}",added evidence-derived prior; compared against preserved previous release.
CHANGE_PRIOR_XCH_A001_direction,PRIOR_XCH_A001_direction,0.1.0,0.2.0,unavailable,"{""alpha"":[1.75,1.0,1.0],""categories"":[""increase"",""decrease"",""other""]}",added evidence-derived prior; compared against preserved previous release.
CHANGE_PRIOR_XCH_A001_effect_class,PRIOR_XCH_A001_effect_class,0.1.0,0.2.0,unavailable,"{""observed_direction"":""increase""}",added evidence-derived prior; compared against preserved previous release.
CHANGE_PRIOR_XCH_A001_existence,PRIOR_XCH_A001_existence,0.1.0,0.2.0,unavailable,"{""alpha"":1.75,""beta"":1.0}",added evidence-derived prior; compared against preserved previous release.
CHANGE_PRIOR_XCH_A001_expression,PRIOR_XCH_A001_expression,0.1.0,0.2.0,unavailable,{},added evidence-derived prior; compared against preserved previous release.
CHANGE_PRIOR_XCH_A001_genetic_modifier,PRIOR_XCH_A001_genetic_modifier,0.1.0,0.2.0,unavailable,{},added evidence-derived prior; compared against preserved previous release.
CHANGE_PRIOR_XCH_A001_human_transportability,PRIOR_XCH_A001_human_transportability,0.1.0,0.2.0,unavailable,{},added evidence-derived prior; compared against preserved previous release.
CHANGE_PRIOR_XCH_A001_magnitude,PRIOR_XCH_A001_magnitude,0.1.0,0.2.0,unavailable,{},added evidence-derived prior; compared against preserved previous release.
CHANGE_PRIOR_XCH_A001_protein_availability,PRIOR_XCH_A001_protein_availability,0.1.0,0.2.0,unavailable,{},added evidence-derived prior; compared against preserved previous release.
CHANGE_PRIOR_XCH_A001_temporal,PRIOR_XCH_A001_temporal,0.1.0,0.2.0,unavailable,{},added evidence-derived prior; compared against preserved previous release.
CHANGE_PRIOR_XCH_A002_context_specific,PRIOR_XCH_A002_context_specific,0.1.0,0.2.0,unavailable,"{""context_id"":""CTX_448bb5440a8a631b""}",added evidence-derived prior; compared against preserved previous release.
CHANGE_PRIOR_XCH_A002_direction,PRIOR_XCH_A002_direction,0.1.0,0.2.0,unavailable,"{""alpha"":[1.75,1.0,1.0],""categories"":[""increase"",""decrease"",""other""]}",added evidence-derived prior; compared against preserved previous release.
CHANGE_PRIOR_XCH_A002_effect_class,PRIOR_XCH_A002_effect_class,0.1.0,0.2.0,unavailable,"{""observed_direction"":""increase""}",added evidence-derived prior; compared against preserved previous release.
CHANGE_PRIOR_XCH_A002_existence,PRIOR_XCH_A002_existence,0.1.0,0.2.0,unavailable,"{""alpha"":1.75,""beta"":1.0}",added evidence-derived prior; compared against preserved previous release.
CHANGE_PRIOR_XCH_A002_expression,PRIOR_XCH_A002_expression,0.1.0,0.2.0,unavailable,{},added evidence-derived prior; compared against preserved previous release.
CHANGE_PRIOR_XCH_A002_genetic_modifier,PRIOR_XCH_A002_genetic_modifier,0.1.0,0.2.0,unavailable,{},added evidence-derived prior; compared against preserved previous release.
CHANGE_PRIOR_XCH_A002_human_transportability,PRIOR_XCH_A002_human_transportability,0.1.0,0.2.0,unavailable,{},added evidence-derived prior; compared against preserved previous release.
CHANGE_PRIOR_XCH_A002_magnitude,PRIOR_XCH_A002_magnitude,0.1.0,0.2.0,unavailable,{},added evidence-derived prior; compared against preserved previous release.
CHANGE_PRIOR_XCH_A002_protein_availability,PRIOR_XCH_A002_protein_availability,0.1.0,0.2.0,unavailable,{},added evidence-derived prior; compared against preserved previous release.
CHANGE_PRIOR_XCH_A002_temporal,PRIOR_XCH_A002_temporal,0.1.0,0.2.0,unavailable,{},added evidence-derived prior; compared against preserved previous release.
CHANGE_PRIOR_XCH_A003_context_specific,PRIOR_XCH_A003_context_specific,0.1.0,0.2.0,unavailable,"{""context_id"":""CTX_f6357345a82f7b1d""}",added evidence-derived prior; compared against preserved previous release.
CHANGE_PRIOR_XCH_A003_direction,PRIOR_XCH_A003_direction,0.1.0,0.2.0,unavailable,"{""alpha"":[1.75,1.0,1.0],""categories"":[""increase"",""decrease"",""other""]}",added evidence-derived prior; compared against preserved previous release.
CHANGE_PRIOR_XCH_A003_effect_class,PRIOR_XCH_A003_effect_class,0.1.0,0.2.0,unavailable,"{""observed_direction"":""increase""}",added evidence-derived prior; compared against preserved previous release.
CHANGE_PRIOR_XCH_A003_existence,PRIOR_XCH_A003_existence,0.1.0,0.2.0,unavailable,"{""alpha"":1.75,""beta"":1.0}",added evidence-derived prior; compared against preserved previous release.
CHANGE_PRIOR_XCH_A003_expression,PRIOR_XCH_A003_expression,0.1.0,0.2.0,unavailable,{},added evidence-derived prior; compared against preserved previous release.
CHANGE_PRIOR_XCH_A003_genetic_modifier,PRIOR_XCH_A003_genetic_modifier,0.1.0,0.2.0,unavailable,{},added evidence-derived prior; compared against preserved previous release.
CHANGE_PRIOR_XCH_A003_human_transportability,PRIOR_XCH_A003_human_transportability,0.1.0,0.2.0,unavailable,{},added evidence-derived prior; compared against preserved previous release.
CHANGE_PRIOR_XCH_A003_magnitude,PRIOR_XCH_A003_magnitude,0.1.0,0.2.0,unavailable,{},added evidence-derived prior; compared against preserved previous release.
CHANGE_PRIOR_XCH_A003_protein_availability,PRIOR_XCH_A003_protein_availability,0.1.0,0.2.0,unavailable,{},added evidence-derived prior; compared against preserved previous release.
CHANGE_PRIOR_XCH_A003_temporal,PRIOR_XCH_A003_temporal,0.1.0,0.2.0,unavailable,{},added evidence-derived prior; compared against preserved previous release.
CHANGE_PRIOR_XCH_A004_context_specific,PRIOR_XCH_A004_context_specific,0.1.0,0.2.0,unavailable,"{""context_id"":""CTX_c094afc97d0fcfc4""}",added evidence-derived prior; compared against preserved previous release.
CHANGE_PRIOR_XCH_A004_direction,PRIOR_XCH_A004_direction,0.1.0,0.2.0,unavailable,"{""alpha"":[1.75,1.0,1.0],""categories"":[""increase"",""decrease"",""other""]}",added evidence-derived prior; compared against preserved previous release.
CHANGE_PRIOR_XCH_A004_effect_class,PRIOR_XCH_A004_effect_class,0.1.0,0.2.0,unavailable,"{""observed_direction"":""increase""}",added evidence-derived prior; compared against preserved previous release.
CHANGE_PRIOR_XCH_A004_existence,PRIOR_XCH_A004_existence,0.1.0,0.2.0,unavailable,"{""alpha"":1.75,""beta"":1.0}",added evidence-derived prior; compared against preserved previous release.
CHANGE_PRIOR_XCH_A004_expression,PRIOR_XCH_A004_expression,0.1.0,0.2.0,unavailable,{},added evidence-derived prior; compared against preserved previous release.
CHANGE_PRIOR_XCH_A004_genetic_modifier,PRIOR_XCH_A004_genetic_modifier,0.1.0,0.2.0,unavailable,{},added evidence-derived prior; compared against preserved previous release.
CHANGE_PRIOR_XCH_A004_human_transportability,PRIOR_XCH_A004_human_transportability,0.1.0,0.2.0,unavailable,{},added evidence-derived prior; compared against preserved previous release.
CHANGE_PRIOR_XCH_A004_magnitude,PRIOR_XCH_A004_magnitude,0.1.0,0.2.0,unavailable,{},added evidence-derived prior; compared against preserved previous release.
CHANGE_PRIOR_XCH_A004_protein_availability,PRIOR_XCH_A004_protein_availability,0.1.0,0.2.0,unavailable,{},added evidence-derived prior; compared against preserved previous release.
CHANGE_PRIOR_XCH_A004_temporal,PRIOR_XCH_A004_temporal,0.1.0,0.2.0,unavailable,{},added evidence-derived prior; compared against preserved previous release.
CHANGE_PRIOR_XCH_A005_context_specific,PRIOR_XCH_A005_context_specific,0.1.0,0.2.0,unavailable,"{""context_id"":""CTX_e3ecc915250050c7""}",added evidence-derived prior; compared against preserved previous release.
CHANGE_PRIOR_XCH_A005_direction,PRIOR_XCH_A005_direction,0.1.0,0.2.0,unavailable,"{""alpha"":[2.5,1.0,1.0],""categories"":[""increase"",""decrease"",""other""]}",added evidence-derived prior; compared against preserved previous release.
CHANGE_PRIOR_XCH_A005_effect_class,PRIOR_XCH_A005_effect_class,0.1.0,0.2.0,unavailable,"{""observed_direction"":""increase""}",added evidence-derived prior; compared against preserved previous release.
CHANGE_PRIOR_XCH_A005_existence,PRIOR_XCH_A005_existence,0.1.0,0.2.0,unavailable,"{""alpha"":2.5,""beta"":1.0}",added evidence-derived prior; compared against preserved previous release.
CHANGE_PRIOR_XCH_A005_expression,PRIOR_XCH_A005_expression,0.1.0,0.2.0,unavailable,{},added evidence-derived prior; compared against preserved previous release.
CHANGE_PRIOR_XCH_A005_genetic_modifier,PRIOR_XCH_A005_genetic_modifier,0.1.0,0.2.0,unavailable,{},added evidence-derived prior; compared against preserved previous release.
CHANGE_PRIOR_XCH_A005_human_transportability,PRIOR_XCH_A005_human_transportability,0.1.0,0.2.0,unavailable,{},added evidence-derived prior; compared against preserved previous release.
CHANGE_PRIOR_XCH_A005_magnitude,PRIOR_XCH_A005_magnitude,0.1.0,0.2.0,unavailable,{},added evidence-derived prior; compared against preserved previous release.
CHANGE_PRIOR_XCH_A005_protein_availability,PRIOR_XCH_A005_protein_availability,0.1.0,0.2.0,unavailable,{},added evidence-derived prior; compared against preserved previous release.
CHANGE_PRIOR_XCH_A005_temporal,PRIOR_XCH_A005_temporal,0.1.0,0.2.0,unavailable,{},added evidence-derived prior; compared against preserved previous release.
CHANGE_PRIOR_XCH_A006_context_specific,PRIOR_XCH_A006_context_specific,0.1.0,0.2.0,unavailable,"{""context_id"":""CTX_d72076e3f5dc15fc""}",added evidence-derived prior; compared against preserved previous release.
CHANGE_PRIOR_XCH_A006_direction,PRIOR_XCH_A006_direction,0.1.0,0.2.0,unavailable,"{""alpha"":[2.0,1.0,1.0],""categories"":[""increase"",""decrease"",""other""]}",added evidence-derived prior; compared against preserved previous release.
CHANGE_PRIOR_XCH_A006_effect_class,PRIOR_XCH_A006_effect_class,0.1.0,0.2.0,unavailable,"{""observed_direction"":""increase""}",added evidence-derived prior; compared against preserved previous release.
CHANGE_PRIOR_XCH_A006_existence,PRIOR_XCH_A006_existence,0.1.0,0.2.0,unavailable,"{""alpha"":2.0,""beta"":1.0}",added evidence-derived prior; compared against preserved previous release.
CHANGE_PRIOR_XCH_A006_expression,PRIOR_XCH_A006_expression,0.1.0,0.2.0,unavailable,{},added evidence-derived prior; compared against preserved previous release.
CHANGE_PRIOR_XCH_A006_genetic_modifier,PRIOR_XCH_A006_genetic_modifier,0.1.0,0.2.0,unavailable,{},added evidence-derived prior; compared against preserved previous release.
CHANGE_PRIOR_XCH_A006_human_transportability,PRIOR_XCH_A006_human_transportability,0.1.0,0.2.0,unavailable,{},added evidence-derived prior; compared against preserved previous release.
CHANGE_PRIOR_XCH_A006_magnitude,PRIOR_XCH_A006_magnitude,0.1.0,0.2.0,unavailable,{},added evidence-derived prior; compared against preserved previous release.
CHANGE_PRIOR_XCH_A006_protein_availability,PRIOR_XCH_A006_protein_availability,0.1.0,0.2.0,unavailable,{},added evidence-derived prior; compared against preserved previous release.
CHANGE_PRIOR_XCH_A006_temporal,PRIOR_XCH_A006_temporal,0.1.0,0.2.0,unavailable,{},added evidence-derived prior; compared against preserved previous release.
CHANGE_PRIOR_XCH_A007_context_specific,PRIOR_XCH_A007_context_specific,0.1.0,0.2.0,unavailable,"{""context_id"":""CTX_0ae312d5662b0f3b""}",added evidence-derived prior; compared against preserved previous release.
CHANGE_PRIOR_XCH_A007_direction,PRIOR_XCH_A007_direction,0.1.0,0.2.0,unavailable,{},added evidence-derived prior; compared against preserved previous release.
CHANGE_PRIOR_XCH_A007_effect_class,PRIOR_XCH_A007_effect_class,0.1.0,0.2.0,unavailable,"{""observed_direction"":""null""}",added evidence-derived prior; compared against preserved previous release.
CHANGE_PRIOR_XCH_A007_existence,PRIOR_XCH_A007_existence,0.1.0,0.2.0,unavailable,{},added evidence-derived prior; compared against preserved previous release.
CHANGE_PRIOR_XCH_A007_expression,PRIOR_XCH_A007_expression,0.1.0,0.2.0,unavailable,{},added evidence-derived prior; compared against preserved previous release.
CHANGE_PRIOR_XCH_A007_genetic_modifier,PRIOR_XCH_A007_genetic_modifier,0.1.0,0.2.0,unavailable,{},added evidence-derived prior; compared against preserved previous release.
CHANGE_PRIOR_XCH_A007_human_transportability,PRIOR_XCH_A007_human_transportability,0.1.0,0.2.0,unavailable,{},added evidence-derived prior; compared against preserved previous release.
CHANGE_PRIOR_XCH_A007_magnitude,PRIOR_XCH_A007_magnitude,0.1.0,0.2.0,unavailable,{},added evidence-derived prior; compared against preserved previous release.
CHANGE_PRIOR_XCH_A007_protein_availability,PRIOR_XCH_A007_protein_availability,0.1.0,0.2.0,unavailable,{},added evidence-derived prior; compared against preserved previous release.
CHANGE_PRIOR_XCH_A007_temporal,PRIOR_XCH_A007_temporal,0.1.0,0.2.0,unavailable,{},added evidence-derived prior; compared against preserved previous release.
CHANGE_PRIOR_XCH_A008_context_specific,PRIOR_XCH_A008_context_specific,0.1.0,0.2.0,unavailable,"{""context_id"":""CTX_6dcee583112b4597""}",added evidence-derived prior; compared against preserved previous release.
CHANGE_PRIOR_XCH_A008_direction,PRIOR_XCH_A008_direction,0.1.0,0.2.0,unavailable,"{""alpha"":[2.0,1.0,1.0],""categories"":[""increase"",""decrease"",""other""]}",added evidence-derived prior; compared against preserved previous release.
CHANGE_PRIOR_XCH_A008_effect_class,PRIOR_XCH_A008_effect_class,0.1.0,0.2.0,unavailable,"{""observed_direction"":""increase""}",added evidence-derived prior; compared against preserved previous release.
CHANGE_PRIOR_XCH_A008_existence,PRIOR_XCH_A008_existence,0.1.0,0.2.0,unavailable,"{""alpha"":2.0,""beta"":1.0}",added evidence-derived prior; compared against preserved previous release.
CHANGE_PRIOR_XCH_A008_expression,PRIOR_XCH_A008_expression,0.1.0,0.2.0,unavailable,{},added evidence-derived prior; compared against preserved previous release.
CHANGE_PRIOR_XCH_A008_genetic_modifier,PRIOR_XCH_A008_genetic_modifier,0.1.0,0.2.0,unavailable,{},added evidence-derived prior; compared against preserved previous release.
CHANGE_PRIOR_XCH_A008_human_transportability,PRIOR_XCH_A008_human_transportability,0.1.0,0.2.0,unavailable,{},added evidence-derived prior; compared against preserved previous release.
CHANGE_PRIOR_XCH_A008_magnitude,PRIOR_XCH_A008_magnitude,0.1.0,0.2.0,unavailable,{},added evidence-derived prior; compared against preserved previous release.
CHANGE_PRIOR_XCH_A008_protein_availability,PRIOR_XCH_A008_protein_availability,0.1.0,0.2.0,unavailable,{},added evidence-derived prior; compared against preserved previous release.
CHANGE_PRIOR_XCH_A008_temporal,PRIOR_XCH_A008_temporal,0.1.0,0.2.0,unavailable,{},added evidence-derived prior; compared against preserved previous release.
CHANGE_PRIOR_XCH_A009_context_specific,PRIOR_XCH_A009_context_specific,0.1.0,0.2.0,unavailable,"{""context_id"":""CTX_9f065f34a8ad0d05""}",added evidence-derived prior; compared against preserved previous release.
CHANGE_PRIOR_XCH_A009_direction,PRIOR_XCH_A009_direction,0.1.0,0.2.0,unavailable,"{""alpha"":[1.0,1.0,1.5],""categories"":[""increase"",""decrease"",""other""]}",added evidence-derived prior; compared against preserved previous release.
CHANGE_PRIOR_XCH_A009_effect_class,PRIOR_XCH_A009_effect_class,0.1.0,0.2.0,unavailable,"{""observed_direction"":""association""}",added evidence-derived prior; compared against preserved previous release.
CHANGE_PRIOR_XCH_A009_existence,PRIOR_XCH_A009_existence,0.1.0,0.2.0,unavailable,"{""alpha"":1.5,""beta"":1.0}",added evidence-derived prior; compared against preserved previous release.
CHANGE_PRIOR_XCH_A009_expression,PRIOR_XCH_A009_expression,0.1.0,0.2.0,unavailable,{},added evidence-derived prior; compared against preserved previous release.
CHANGE_PRIOR_XCH_A009_genetic_modifier,PRIOR_XCH_A009_genetic_modifier,0.1.0,0.2.0,unavailable,{},added evidence-derived prior; compared against preserved previous release.
CHANGE_PRIOR_XCH_A009_human_transportability,PRIOR_XCH_A009_human_transportability,0.1.0,0.2.0,unavailable,{},added evidence-derived prior; compared against preserved previous release.
CHANGE_PRIOR_XCH_A009_magnitude,PRIOR_XCH_A009_magnitude,0.1.0,0.2.0,unavailable,{},added evidence-derived prior; compared against preserved previous release.
CHANGE_PRIOR_XCH_A009_protein_availability,PRIOR_XCH_A009_protein_availability,0.1.0,0.2.0,unavailable,{},added evidence-derived prior; compared against preserved previous release.
CHANGE_PRIOR_XCH_A009_temporal,PRIOR_XCH_A009_temporal,0.1.0,0.2.0,unavailable,{},added evidence-derived prior; compared against preserved previous release.
CHANGE_PRIOR_XCH_A010_context_specific,PRIOR_XCH_A010_context_specific,0.1.0,0.2.0,unavailable,"{""context_id"":""CTX_ab0a0c3f43b27d83""}",added evidence-derived prior; compared against preserved previous release.
CHANGE_PRIOR_XCH_A010_direction,PRIOR_XCH_A010_direction,0.1.0,0.2.0,unavailable,"{""alpha"":[2.0,1.0,1.0],""categories"":[""increase"",""decrease"",""other""]}",added evidence-derived prior; compared against preserved previous release.
CHANGE_PRIOR_XCH_A010_effect_class,PRIOR_XCH_A010_effect_class,0.1.0,0.2.0,unavailable,"{""observed_direction"":""increase""}",added evidence-derived prior; compared against preserved previous release.
CHANGE_PRIOR_XCH_A010_existence,PRIOR_XCH_A010_existence,0.1.0,0.2.0,unavailable,"{""alpha"":2.0,""beta"":1.0}",added evidence-derived prior; compared against preserved previous release.
CHANGE_PRIOR_XCH_A010_expression,PRIOR_XCH_A010_expression,0.1.0,0.2.0,unavailable,{},added evidence-derived prior; compared against preserved previous release.
CHANGE_PRIOR_XCH_A010_genetic_modifier,PRIOR_XCH_A010_genetic_modifier,0.1.0,0.2.0,unavailable,{},added evidence-derived prior; compared against preserved previous release.
CHANGE_PRIOR_XCH_A010_human_transportability,PRIOR_XCH_A010_human_transportability,0.1.0,0.2.0,unavailable,{},added evidence-derived prior; compared against preserved previous release.
CHANGE_PRIOR_XCH_A010_magnitude,PRIOR_XCH_A010_magnitude,0.1.0,0.2.0,unavailable,{},added evidence-derived prior; compared against preserved previous release.
CHANGE_PRIOR_XCH_A010_protein_availability,PRIOR_XCH_A010_protein_availability,0.1.0,0.2.0,unavailable,{},added evidence-derived prior; compared against preserved previous release.
CHANGE_PRIOR_XCH_A010_temporal,PRIOR_XCH_A010_temporal,0.1.0,0.2.0,unavailable,{},added evidence-derived prior; compared against preserved previous release.
CHANGE_PRIOR_XCH_A011_context_specific,PRIOR_XCH_A011_context_specific,0.1.0,0.2.0,unavailable,"{""context_id"":""CTX_253602809a7b4e3f""}",added evidence-derived prior; compared against preserved previous release.
CHANGE_PRIOR_XCH_A011_direction,PRIOR_XCH_A011_direction,0.1.0,0.2.0,unavailable,"{""alpha"":[2.0,1.0,1.0],""categories"":[""increase"",""decrease"",""other""]}",added evidence-derived prior; compared against preserved previous release.
CHANGE_PRIOR_XCH_A011_effect_class,PRIOR_XCH_A011_effect_class,0.1.0,0.2.0,unavailable,"{""observed_direction"":""increase""}",added evidence-derived prior; compared against preserved previous release.
CHANGE_PRIOR_XCH_A011_existence,PRIOR_XCH_A011_existence,0.1.0,0.2.0,unavailable,"{""alpha"":2.0,""beta"":1.0}",added evidence-derived prior; compared against preserved previous release.
CHANGE_PRIOR_XCH_A011_expression,PRIOR_XCH_A011_expression,0.1.0,0.2.0,unavailable,{},added evidence-derived prior; compared against preserved previous release.
CHANGE_PRIOR_XCH_A011_genetic_modifier,PRIOR_XCH_A011_genetic_modifier,0.1.0,0.2.0,unavailable,{},added evidence-derived prior; compared against preserved previous release.
CHANGE_PRIOR_XCH_A011_human_transportability,PRIOR_XCH_A011_human_transportability,0.1.0,0.2.0,unavailable,{},added evidence-derived prior; compared against preserved previous release.
CHANGE_PRIOR_XCH_A011_magnitude,PRIOR_XCH_A011_magnitude,0.1.0,0.2.0,unavailable,{},added evidence-derived prior; compared against preserved previous release.
CHANGE_PRIOR_XCH_A011_protein_availability,PRIOR_XCH_A011_protein_availability,0.1.0,0.2.0,unavailable,{},added evidence-derived prior; compared against preserved previous release.
CHANGE_PRIOR_XCH_A011_temporal,PRIOR_XCH_A011_temporal,0.1.0,0.2.0,unavailable,{},added evidence-derived prior; compared against preserved previous release.
CHANGE_PRIOR_XCH_A012_context_specific,PRIOR_XCH_A012_context_specific,0.1.0,0.2.0,unavailable,{},added evidence-derived prior; compared against preserved previous release.
CHANGE_PRIOR_XCH_A012_direction,PRIOR_XCH_A012_direction,0.1.0,0.2.0,unavailable,{},added evidence-derived prior; compared against preserved previous release.
CHANGE_PRIOR_XCH_A012_effect_class,PRIOR_XCH_A012_effect_class,0.1.0,0.2.0,unavailable,{},added evidence-derived prior; compared against preserved previous release.
CHANGE_PRIOR_XCH_A012_existence,PRIOR_XCH_A012_existence,0.1.0,0.2.0,unavailable,{},added evidence-derived prior; compared against preserved previous release.
CHANGE_PRIOR_XCH_A012_expression,PRIOR_XCH_A012_expression,0.1.0,0.2.0,unavailable,{},added evidence-derived prior; compared against preserved previous release.
CHANGE_PRIOR_XCH_A012_genetic_modifier,PRIOR_XCH_A012_genetic_modifier,0.1.0,0.2.0,unavailable,{},added evidence-derived prior; compared against preserved previous release.
CHANGE_PRIOR_XCH_A012_human_transportability,PRIOR_XCH_A012_human_transportability,0.1.0,0.2.0,unavailable,{},added evidence-derived prior; compared against preserved previous release.
CHANGE_PRIOR_XCH_A012_magnitude,PRIOR_XCH_A012_magnitude,0.1.0,0.2.0,unavailable,{},added evidence-derived prior; compared against preserved previous release.
CHANGE_PRIOR_XCH_A012_protein_availability,PRIOR_XCH_A012_protein_availability,0.1.0,0.2.0,unavailable,{},added evidence-derived prior; compared against preserved previous release.
CHANGE_PRIOR_XCH_A012_temporal,PRIOR_XCH_A012_temporal,0.1.0,0.2.0,unavailable,{},added evidence-derived prior; compared against preserved previous release.
CHANGE_PRIOR_XCH_A013_context_specific,PRIOR_XCH_A013_context_specific,0.1.0,0.2.0,unavailable,{},added evidence-derived prior; compared against preserved previous release.
CHANGE_PRIOR_XCH_A013_direction,PRIOR_XCH_A013_direction,0.1.0,0.2.0,unavailable,{},added evidence-derived prior; compared against preserved previous release.
CHANGE_PRIOR_XCH_A013_effect_class,PRIOR_XCH_A013_effect_class,0.1.0,0.2.0,unavailable,{},added evidence-derived prior; compared against preserved previous release.
CHANGE_PRIOR_XCH_A013_existence,PRIOR_XCH_A013_existence,0.1.0,0.2.0,unavailable,{},added evidence-derived prior; compared against preserved previous release.
CHANGE_PRIOR_XCH_A013_expression,PRIOR_XCH_A013_expression,0.1.0,0.2.0,unavailable,{},added evidence-derived prior; compared against preserved previous release.
CHANGE_PRIOR_XCH_A013_genetic_modifier,PRIOR_XCH_A013_genetic_modifier,0.1.0,0.2.0,unavailable,{},added evidence-derived prior; compared against preserved previous release.
CHANGE_PRIOR_XCH_A013_human_transportability,PRIOR_XCH_A013_human_transportability,0.1.0,0.2.0,unavailable,{},added evidence-derived prior; compared against preserved previous release.
CHANGE_PRIOR_XCH_A013_magnitude,PRIOR_XCH_A013_magnitude,0.1.0,0.2.0,unavailable,{},added evidence-derived prior; compared against preserved previous release.
CHANGE_PRIOR_XCH_A013_protein_availability,PRIOR_XCH_A013_protein_availability,0.1.0,0.2.0,unavailable,{},added evidence-derived prior; compared against preserved previous release.
CHANGE_PRIOR_XCH_A013_temporal,PRIOR_XCH_A013_temporal,0.1.0,0.2.0,unavailable,{},added evidence-derived prior; compared against preserved previous release.
CHANGE_PRIOR_XCH_A014_context_specific,PRIOR_XCH_A014_context_specific,0.1.0,0.2.0,unavailable,{},added evidence-derived prior; compared against preserved previous release.
CHANGE_PRIOR_XCH_A014_direction,PRIOR_XCH_A014_direction,0.1.0,0.2.0,unavailable,{},added evidence-derived prior; compared against preserved previous release.
CHANGE_PRIOR_XCH_A014_effect_class,PRIOR_XCH_A014_effect_class,0.1.0,0.2.0,unavailable,{},added evidence-derived prior; compared against preserved previous release.
CHANGE_PRIOR_XCH_A014_existence,PRIOR_XCH_A014_existence,0.1.0,0.2.0,unavailable,{},added evidence-derived prior; compared against preserved previous release.
CHANGE_PRIOR_XCH_A014_expression,PRIOR_XCH_A014_expression,0.1.0,0.2.0,unavailable,{},added evidence-derived prior; compared against preserved previous release.
CHANGE_PRIOR_XCH_A014_genetic_modifier,PRIOR_XCH_A014_genetic_modifier,0.1.0,0.2.0,unavailable,{},added evidence-derived prior; compared against preserved previous release.
CHANGE_PRIOR_XCH_A014_human_transportability,PRIOR_XCH_A014_human_transportability,0.1.0,0.2.0,unavailable,{},added evidence-derived prior; compared against preserved previous release.
CHANGE_PRIOR_XCH_A014_magnitude,PRIOR_XCH_A014_magnitude,0.1.0,0.2.0,unavailable,{},added evidence-derived prior; compared against preserved previous release.
CHANGE_PRIOR_XCH_A014_protein_availability,PRIOR_XCH_A014_protein_availability,0.1.0,0.2.0,unavailable,{},added evidence-derived prior; compared against preserved previous release.
CHANGE_PRIOR_XCH_A014_temporal,PRIOR_XCH_A014_temporal,0.1.0,0.2.0,unavailable,{},added evidence-derived prior; compared against preserved previous release.
CHANGE_PRIOR_XCH_A015_context_specific,PRIOR_XCH_A015_context_specific,0.1.0,0.2.0,unavailable,{},added evidence-derived prior; compared against preserved previous release.
CHANGE_PRIOR_XCH_A015_direction,PRIOR_XCH_A015_direction,0.1.0,0.2.0,unavailable,{},added evidence-derived prior; compared against preserved previous release.
CHANGE_PRIOR_XCH_A015_effect_class,PRIOR_XCH_A015_effect_class,0.1.0,0.2.0,unavailable,{},added evidence-derived prior; compared against preserved previous release.
CHANGE_PRIOR_XCH_A015_existence,PRIOR_XCH_A015_existence,0.1.0,0.2.0,unavailable,{},added evidence-derived prior; compared against preserved previous release.
CHANGE_PRIOR_XCH_A015_expression,PRIOR_XCH_A015_expression,0.1.0,0.2.0,unavailable,{},added evidence-derived prior; compared against preserved previous release.
CHANGE_PRIOR_XCH_A015_genetic_modifier,PRIOR_XCH_A015_genetic_modifier,0.1.0,0.2.0,unavailable,{},added evidence-derived prior; compared against preserved previous release.
CHANGE_PRIOR_XCH_A015_human_transportability,PRIOR_XCH_A015_human_transportability,0.1.0,0.2.0,unavailable,{},added evidence-derived prior; compared against preserved previous release.
CHANGE_PRIOR_XCH_A015_magnitude,PRIOR_XCH_A015_magnitude,0.1.0,0.2.0,unavailable,{},added evidence-derived prior; compared against preserved previous release.
CHANGE_PRIOR_XCH_A015_protein_availability,PRIOR_XCH_A015_protein_availability,0.1.0,0.2.0,unavailable,{},added evidence-derived prior; compared against preserved previous release.
CHANGE_PRIOR_XCH_A015_temporal,PRIOR_XCH_A015_temporal,0.1.0,0.2.0,unavailable,{},added evidence-derived prior; compared against preserved previous release.
CHANGE_PRIOR_XCH_A016_context_specific,PRIOR_XCH_A016_context_specific,0.1.0,0.2.0,unavailable,{},added evidence-derived prior; compared against preserved previous release.
CHANGE_PRIOR_XCH_A016_direction,PRIOR_XCH_A016_direction,0.1.0,0.2.0,unavailable,{},added evidence-derived prior; compared against preserved previous release.
CHANGE_PRIOR_XCH_A016_effect_class,PRIOR_XCH_A016_effect_class,0.1.0,0.2.0,unavailable,{},added evidence-derived prior; compared against preserved previous release.
CHANGE_PRIOR_XCH_A016_existence,PRIOR_XCH_A016_existence,0.1.0,0.2.0,unavailable,{},added evidence-derived prior; compared against preserved previous release.
CHANGE_PRIOR_XCH_A016_expression,PRIOR_XCH_A016_expression,0.1.0,0.2.0,unavailable,{},added evidence-derived prior; compared against preserved previous release.
CHANGE_PRIOR_XCH_A016_genetic_modifier,PRIOR_XCH_A016_genetic_modifier,0.1.0,0.2.0,unavailable,{},added evidence-derived prior; compared against preserved previous release.
CHANGE_PRIOR_XCH_A016_human_transportability,PRIOR_XCH_A016_human_transportability,0.1.0,0.2.0,unavailable,{},added evidence-derived prior; compared against preserved previous release.
CHANGE_PRIOR_XCH_A016_magnitude,PRIOR_XCH_A016_magnitude,0.1.0,0.2.0,unavailable,{},added evidence-derived prior; compared against preserved previous release.
CHANGE_PRIOR_XCH_A016_protein_availability,PRIOR_XCH_A016_protein_availability,0.1.0,0.2.0,unavailable,{},added evidence-derived prior; compared against preserved previous release.
CHANGE_PRIOR_XCH_A016_temporal,PRIOR_XCH_A016_temporal,0.1.0,0.2.0,unavailable,{},added evidence-derived prior; compared against preserved previous release.
CHANGE_PRIOR_XCH_A017_context_specific,PRIOR_XCH_A017_context_specific,0.1.0,0.2.0,unavailable,{},added evidence-derived prior; compared against preserved previous release.
CHANGE_PRIOR_XCH_A017_direction,PRIOR_XCH_A017_direction,0.1.0,0.2.0,unavailable,{},added evidence-derived prior; compared against preserved previous release.
CHANGE_PRIOR_XCH_A017_effect_class,PRIOR_XCH_A017_effect_class,0.1.0,0.2.0,unavailable,{},added evidence-derived prior; compared against preserved previous release.
CHANGE_PRIOR_XCH_A017_existence,PRIOR_XCH_A017_existence,0.1.0,0.2.0,unavailable,{},added evidence-derived prior; compared against preserved previous release.
CHANGE_PRIOR_XCH_A017_expression,PRIOR_XCH_A017_expression,0.1.0,0.2.0,unavailable,{},added evidence-derived prior; compared against preserved previous release.
CHANGE_PRIOR_XCH_A017_genetic_modifier,PRIOR_XCH_A017_genetic_modifier,0.1.0,0.2.0,unavailable,{},added evidence-derived prior; compared against preserved previous release.
CHANGE_PRIOR_XCH_A017_human_transportability,PRIOR_XCH_A017_human_transportability,0.1.0,0.2.0,unavailable,{},added evidence-derived prior; compared against preserved previous release.
CHANGE_PRIOR_XCH_A017_magnitude,PRIOR_XCH_A017_magnitude,0.1.0,0.2.0,unavailable,{},added evidence-derived prior; compared against preserved previous release.
CHANGE_PRIOR_XCH_A017_protein_availability,PRIOR_XCH_A017_protein_availability,0.1.0,0.2.0,unavailable,{},added evidence-derived prior; compared against preserved previous release.
CHANGE_PRIOR_XCH_A017_temporal,PRIOR_XCH_A017_temporal,0.1.0,0.2.0,unavailable,{},added evidence-derived prior; compared against preserved previous release.
CHANGE_PRIOR_XCH_A018_context_specific,PRIOR_XCH_A018_context_specific,0.1.0,0.2.0,unavailable,"{""context_id"":""CTX_749fe00869857bd7""}",added evidence-derived prior; compared against preserved previous release.
CHANGE_PRIOR_XCH_A018_direction,PRIOR_XCH_A018_direction,0.1.0,0.2.0,unavailable,"{""alpha"":[2.0,1.0,1.0],""categories"":[""increase"",""decrease"",""other""]}",added evidence-derived prior; compared against preserved previous release.
CHANGE_PRIOR_XCH_A018_effect_class,PRIOR_XCH_A018_effect_class,0.1.0,0.2.0,unavailable,"{""observed_direction"":""increase""}",added evidence-derived prior; compared against preserved previous release.
CHANGE_PRIOR_XCH_A018_existence,PRIOR_XCH_A018_existence,0.1.0,0.2.0,unavailable,"{""alpha"":2.0,""beta"":1.0}",added evidence-derived prior; compared against preserved previous release.
CHANGE_PRIOR_XCH_A018_expression,PRIOR_XCH_A018_expression,0.1.0,0.2.0,unavailable,{},added evidence-derived prior; compared against preserved previous release.
CHANGE_PRIOR_XCH_A018_genetic_modifier,PRIOR_XCH_A018_genetic_modifier,0.1.0,0.2.0,unavailable,{},added evidence-derived prior; compared against preserved previous release.
CHANGE_PRIOR_XCH_A018_human_transportability,PRIOR_XCH_A018_human_transportability,0.1.0,0.2.0,unavailable,{},added evidence-derived prior; compared against preserved previous release.
CHANGE_PRIOR_XCH_A018_magnitude,PRIOR_XCH_A018_magnitude,0.1.0,0.2.0,unavailable,{},added evidence-derived prior; compared against preserved previous release.
CHANGE_PRIOR_XCH_A018_protein_availability,PRIOR_XCH_A018_protein_availability,0.1.0,0.2.0,unavailable,{},added evidence-derived prior; compared against preserved previous release.
CHANGE_PRIOR_XCH_A018_temporal,PRIOR_XCH_A018_temporal,0.1.0,0.2.0,unavailable,{},added evidence-derived prior; compared against preserved previous release.
CHANGE_PRIOR_XCH_A019_context_specific,PRIOR_XCH_A019_context_specific,0.1.0,0.2.0,unavailable,"{""context_id"":""CTX_40ddeeeba3d0cbd3""}",added evidence-derived prior; compared against preserved previous release.
CHANGE_PRIOR_XCH_A019_direction,PRIOR_XCH_A019_direction,0.1.0,0.2.0,unavailable,"{""alpha"":[2.0,1.0,1.0],""categories"":[""increase"",""decrease"",""other""]}",added evidence-derived prior; compared against preserved previous release.
CHANGE_PRIOR_XCH_A019_effect_class,PRIOR_XCH_A019_effect_class,0.1.0,0.2.0,unavailable,"{""observed_direction"":""increase""}",added evidence-derived prior; compared against preserved previous release.
CHANGE_PRIOR_XCH_A019_existence,PRIOR_XCH_A019_existence,0.1.0,0.2.0,unavailable,"{""alpha"":2.0,""beta"":1.0}",added evidence-derived prior; compared against preserved previous release.
CHANGE_PRIOR_XCH_A019_expression,PRIOR_XCH_A019_expression,0.1.0,0.2.0,unavailable,{},added evidence-derived prior; compared against preserved previous release.
CHANGE_PRIOR_XCH_A019_genetic_modifier,PRIOR_XCH_A019_genetic_modifier,0.1.0,0.2.0,unavailable,{},added evidence-derived prior; compared against preserved previous release.
CHANGE_PRIOR_XCH_A019_human_transportability,PRIOR_XCH_A019_human_transportability,0.1.0,0.2.0,unavailable,{},added evidence-derived prior; compared against preserved previous release.
CHANGE_PRIOR_XCH_A019_magnitude,PRIOR_XCH_A019_magnitude,0.1.0,0.2.0,unavailable,{},added evidence-derived prior; compared against preserved previous release.
CHANGE_PRIOR_XCH_A019_protein_availability,PRIOR_XCH_A019_protein_availability,0.1.0,0.2.0,unavailable,{},added evidence-derived prior; compared against preserved previous release.
CHANGE_PRIOR_XCH_A019_temporal,PRIOR_XCH_A019_temporal,0.1.0,0.2.0,unavailable,{},added evidence-derived prior; compared against preserved previous release.
CHANGE_PRIOR_XCH_A020_context_specific,PRIOR_XCH_A020_context_specific,0.1.0,0.2.0,unavailable,"{""context_id"":""CTX_50d660bf700414d0""}",added evidence-derived prior; compared against preserved previous release.
CHANGE_PRIOR_XCH_A020_direction,PRIOR_XCH_A020_direction,0.1.0,0.2.0,unavailable,"{""alpha"":[2.5,1.0,1.0],""categories"":[""increase"",""decrease"",""other""]}",added evidence-derived prior; compared against preserved previous release.
CHANGE_PRIOR_XCH_A020_effect_class,PRIOR_XCH_A020_effect_class,0.1.0,0.2.0,unavailable,"{""observed_direction"":""increase""}",added evidence-derived prior; compared against preserved previous release.
CHANGE_PRIOR_XCH_A020_existence,PRIOR_XCH_A020_existence,0.1.0,0.2.0,unavailable,"{""alpha"":2.5,""beta"":1.0}",added evidence-derived prior; compared against preserved previous release.
CHANGE_PRIOR_XCH_A020_expression,PRIOR_XCH_A020_expression,0.1.0,0.2.0,unavailable,{},added evidence-derived prior; compared against preserved previous release.
CHANGE_PRIOR_XCH_A020_genetic_modifier,PRIOR_XCH_A020_genetic_modifier,0.1.0,0.2.0,unavailable,{},added evidence-derived prior; compared against preserved previous release.
CHANGE_PRIOR_XCH_A020_human_transportability,PRIOR_XCH_A020_human_transportability,0.1.0,0.2.0,unavailable,{},added evidence-derived prior; compared against preserved previous release.
CHANGE_PRIOR_XCH_A020_magnitude,PRIOR_XCH_A020_magnitude,0.1.0,0.2.0,unavailable,{},added evidence-derived prior; compared against preserved previous release.
CHANGE_PRIOR_XCH_A020_protein_availability,PRIOR_XCH_A020_protein_availability,0.1.0,0.2.0,unavailable,{},added evidence-derived prior; compared against preserved previous release.
CHANGE_PRIOR_XCH_A020_temporal,PRIOR_XCH_A020_temporal,0.1.0,0.2.0,unavailable,{},added evidence-derived prior; compared against preserved previous release.
CHANGE_PRIOR_XCH_A021_context_specific,PRIOR_XCH_A021_context_specific,0.1.0,0.2.0,unavailable,"{""context_id"":""CTX_51d57ffcc6dc1c9e""}",added evidence-derived prior; compared against preserved previous release.
CHANGE_PRIOR_XCH_A021_direction,PRIOR_XCH_A021_direction,0.1.0,0.2.0,unavailable,"{""alpha"":[1.0,1.0,1.5],""categories"":[""increase"",""decrease"",""other""]}",added evidence-derived prior; compared against preserved previous release.
CHANGE_PRIOR_XCH_A021_effect_class,PRIOR_XCH_A021_effect_class,0.1.0,0.2.0,unavailable,"{""observed_direction"":""association""}",added evidence-derived prior; compared against preserved previous release.
CHANGE_PRIOR_XCH_A021_existence,PRIOR_XCH_A021_existence,0.1.0,0.2.0,unavailable,"{""alpha"":1.5,""beta"":1.0}",added evidence-derived prior; compared against preserved previous release.
CHANGE_PRIOR_XCH_A021_expression,PRIOR_XCH_A021_expression,0.1.0,0.2.0,unavailable,{},added evidence-derived prior; compared against preserved previous release.
CHANGE_PRIOR_XCH_A021_genetic_modifier,PRIOR_XCH_A021_genetic_modifier,0.1.0,0.2.0,unavailable,{},added evidence-derived prior; compared against preserved previous release.
CHANGE_PRIOR_XCH_A021_human_transportability,PRIOR_XCH_A021_human_transportability,0.1.0,0.2.0,unavailable,{},added evidence-derived prior; compared against preserved previous release.
CHANGE_PRIOR_XCH_A021_magnitude,PRIOR_XCH_A021_magnitude,0.1.0,0.2.0,unavailable,{},added evidence-derived prior; compared against preserved previous release.
CHANGE_PRIOR_XCH_A021_protein_availability,PRIOR_XCH_A021_protein_availability,0.1.0,0.2.0,unavailable,{},added evidence-derived prior; compared against preserved previous release.
CHANGE_PRIOR_XCH_A021_temporal,PRIOR_XCH_A021_temporal,0.1.0,0.2.0,unavailable,{},added evidence-derived prior; compared against preserved previous release.
CHANGE_PRIOR_XCH_A022_context_specific,PRIOR_XCH_A022_context_specific,0.1.0,0.2.0,unavailable,"{""context_id"":""CTX_25328b0ef00f8fc7""}",added evidence-derived prior; compared against preserved previous release.
CHANGE_PRIOR_XCH_A022_direction,PRIOR_XCH_A022_direction,0.1.0,0.2.0,unavailable,"{""alpha"":[1.0,1.0,1.5],""categories"":[""increase"",""decrease"",""other""]}",added evidence-derived prior; compared against preserved previous release.
CHANGE_PRIOR_XCH_A022_effect_class,PRIOR_XCH_A022_effect_class,0.1.0,0.2.0,unavailable,"{""observed_direction"":""association""}",added evidence-derived prior; compared against preserved previous release.
CHANGE_PRIOR_XCH_A022_existence,PRIOR_XCH_A022_existence,0.1.0,0.2.0,unavailable,"{""alpha"":1.5,""beta"":1.0}",added evidence-derived prior; compared against preserved previous release.
CHANGE_PRIOR_XCH_A022_expression,PRIOR_XCH_A022_expression,0.1.0,0.2.0,unavailable,{},added evidence-derived prior; compared against preserved previous release.
CHANGE_PRIOR_XCH_A022_genetic_modifier,PRIOR_XCH_A022_genetic_modifier,0.1.0,0.2.0,unavailable,{},added evidence-derived prior; compared against preserved previous release.
CHANGE_PRIOR_XCH_A022_human_transportability,PRIOR_XCH_A022_human_transportability,0.1.0,0.2.0,unavailable,{},added evidence-derived prior; compared against preserved previous release.
CHANGE_PRIOR_XCH_A022_magnitude,PRIOR_XCH_A022_magnitude,0.1.0,0.2.0,unavailable,{},added evidence-derived prior; compared against preserved previous release.
CHANGE_PRIOR_XCH_A022_protein_availability,PRIOR_XCH_A022_protein_availability,0.1.0,0.2.0,unavailable,{},added evidence-derived prior; compared against preserved previous release.
CHANGE_PRIOR_XCH_A022_temporal,PRIOR_XCH_A022_temporal,0.1.0,0.2.0,unavailable,{},added evidence-derived prior; compared against preserved previous release.
CHANGE_PRIOR_XCH_A023_context_specific,PRIOR_XCH_A023_context_specific,0.1.0,0.2.0,unavailable,"{""context_id"":""CTX_3f8bc576458379bf""}",added evidence-derived prior; compared against preserved previous release.
CHANGE_PRIOR_XCH_A023_direction,PRIOR_XCH_A023_direction,0.1.0,0.2.0,unavailable,"{""alpha"":[1.0,1.0,1.5],""categories"":[""increase"",""decrease"",""other""]}",added evidence-derived prior; compared against preserved previous release.
CHANGE_PRIOR_XCH_A023_effect_class,PRIOR_XCH_A023_effect_class,0.1.0,0.2.0,unavailable,"{""observed_direction"":""association""}",added evidence-derived prior; compared against preserved previous release.
CHANGE_PRIOR_XCH_A023_existence,PRIOR_XCH_A023_existence,0.1.0,0.2.0,unavailable,"{""alpha"":1.5,""beta"":1.0}",added evidence-derived prior; compared against preserved previous release.
CHANGE_PRIOR_XCH_A023_expression,PRIOR_XCH_A023_expression,0.1.0,0.2.0,unavailable,{},added evidence-derived prior; compared against preserved previous release.
CHANGE_PRIOR_XCH_A023_genetic_modifier,PRIOR_XCH_A023_genetic_modifier,0.1.0,0.2.0,unavailable,{},added evidence-derived prior; compared against preserved previous release.
CHANGE_PRIOR_XCH_A023_human_transportability,PRIOR_XCH_A023_human_transportability,0.1.0,0.2.0,unavailable,{},added evidence-derived prior; compared against preserved previous release.
CHANGE_PRIOR_XCH_A023_magnitude,PRIOR_XCH_A023_magnitude,0.1.0,0.2.0,unavailable,{},added evidence-derived prior; compared against preserved previous release.
CHANGE_PRIOR_XCH_A023_protein_availability,PRIOR_XCH_A023_protein_availability,0.1.0,0.2.0,unavailable,{},added evidence-derived prior; compared against preserved previous release.
CHANGE_PRIOR_XCH_A023_temporal,PRIOR_XCH_A023_temporal,0.1.0,0.2.0,unavailable,{},added evidence-derived prior; compared against preserved previous release.
CHANGE_PRIOR_XCH_A024_context_specific,PRIOR_XCH_A024_context_specific,0.1.0,0.2.0,unavailable,"{""context_id"":""CTX_3f8bc576458379bf""}",added evidence-derived prior; compared against preserved previous release.
CHANGE_PRIOR_XCH_A024_direction,PRIOR_XCH_A024_direction,0.1.0,0.2.0,unavailable,"{""alpha"":[1.0,1.0,1.5],""categories"":[""increase"",""decrease"",""other""]}",added evidence-derived prior; compared against preserved previous release.
CHANGE_PRIOR_XCH_A024_effect_class,PRIOR_XCH_A024_effect_class,0.1.0,0.2.0,unavailable,"{""observed_direction"":""association""}",added evidence-derived prior; compared against preserved previous release.
CHANGE_PRIOR_XCH_A024_existence,PRIOR_XCH_A024_existence,0.1.0,0.2.0,unavailable,"{""alpha"":1.5,""beta"":1.0}",added evidence-derived prior; compared against preserved previous release.
CHANGE_PRIOR_XCH_A024_expression,PRIOR_XCH_A024_expression,0.1.0,0.2.0,unavailable,{},added evidence-derived prior; compared against preserved previous release.
CHANGE_PRIOR_XCH_A024_genetic_modifier,PRIOR_XCH_A024_genetic_modifier,0.1.0,0.2.0,unavailable,{},added evidence-derived prior; compared against preserved previous release.
CHANGE_PRIOR_XCH_A024_human_transportability,PRIOR_XCH_A024_human_transportability,0.1.0,0.2.0,unavailable,{},added evidence-derived prior; compared against preserved previous release.
CHANGE_PRIOR_XCH_A024_magnitude,PRIOR_XCH_A024_magnitude,0.1.0,0.2.0,unavailable,{},added evidence-derived prior; compared against preserved previous release.
CHANGE_PRIOR_XCH_A024_protein_availability,PRIOR_XCH_A024_protein_availability,0.1.0,0.2.0,unavailable,{},added evidence-derived prior; compared against preserved previous release.
CHANGE_PRIOR_XCH_A024_temporal,PRIOR_XCH_A024_temporal,0.1.0,0.2.0,unavailable,{},added evidence-derived prior; compared against preserved previous release.
CHANGE_PRIOR_XCH_A025_context_specific,PRIOR_XCH_A025_context_specific,0.1.0,0.2.0,unavailable,"{""context_id"":""CTX_bc550ab86d25d646""}",added evidence-derived prior; compared against preserved previous release.
CHANGE_PRIOR_XCH_A025_direction,PRIOR_XCH_A025_direction,0.1.0,0.2.0,unavailable,"{""alpha"":[2.0,1.0,1.0],""categories"":[""increase"",""decrease"",""other""]}",added evidence-derived prior; compared against preserved previous release.
CHANGE_PRIOR_XCH_A025_effect_class,PRIOR_XCH_A025_effect_class,0.1.0,0.2.0,unavailable,"{""observed_direction"":""increase""}",added evidence-derived prior; compared against preserved previous release.
CHANGE_PRIOR_XCH_A025_existence,PRIOR_XCH_A025_existence,0.1.0,0.2.0,unavailable,"{""alpha"":2.0,""beta"":1.0}",added evidence-derived prior; compared against preserved previous release.
CHANGE_PRIOR_XCH_A025_expression,PRIOR_XCH_A025_expression,0.1.0,0.2.0,unavailable,{},added evidence-derived prior; compared against preserved previous release.
CHANGE_PRIOR_XCH_A025_genetic_modifier,PRIOR_XCH_A025_genetic_modifier,0.1.0,0.2.0,unavailable,{},added evidence-derived prior; compared against preserved previous release.
CHANGE_PRIOR_XCH_A025_human_transportability,PRIOR_XCH_A025_human_transportability,0.1.0,0.2.0,unavailable,{},added evidence-derived prior; compared against preserved previous release.
CHANGE_PRIOR_XCH_A025_magnitude,PRIOR_XCH_A025_magnitude,0.1.0,0.2.0,unavailable,{},added evidence-derived prior; compared against preserved previous release.
CHANGE_PRIOR_XCH_A025_protein_availability,PRIOR_XCH_A025_protein_availability,0.1.0,0.2.0,unavailable,{},added evidence-derived prior; compared against preserved previous release.
CHANGE_PRIOR_XCH_A025_temporal,PRIOR_XCH_A025_temporal,0.1.0,0.2.0,unavailable,{},added evidence-derived prior; compared against preserved previous release.
CHANGE_PRIOR_XCH_A026_context_specific,PRIOR_XCH_A026_context_specific,0.1.0,0.2.0,unavailable,"{""context_id"":""CTX_5c30675555a93022""}",added evidence-derived prior; compared against preserved previous release.
CHANGE_PRIOR_XCH_A026_direction,PRIOR_XCH_A026_direction,0.1.0,0.2.0,unavailable,{},added evidence-derived prior; compared against preserved previous release.
CHANGE_PRIOR_XCH_A026_effect_class,PRIOR_XCH_A026_effect_class,0.1.0,0.2.0,unavailable,"{""observed_direction"":""null""}",added evidence-derived prior; compared against preserved previous release.
CHANGE_PRIOR_XCH_A026_existence,PRIOR_XCH_A026_existence,0.1.0,0.2.0,unavailable,{},added evidence-derived prior; compared against preserved previous release.
CHANGE_PRIOR_XCH_A026_expression,PRIOR_XCH_A026_expression,0.1.0,0.2.0,unavailable,{},added evidence-derived prior; compared against preserved previous release.
CHANGE_PRIOR_XCH_A026_genetic_modifier,PRIOR_XCH_A026_genetic_modifier,0.1.0,0.2.0,unavailable,{},added evidence-derived prior; compared against preserved previous release.
CHANGE_PRIOR_XCH_A026_human_transportability,PRIOR_XCH_A026_human_transportability,0.1.0,0.2.0,unavailable,{},added evidence-derived prior; compared against preserved previous release.
CHANGE_PRIOR_XCH_A026_magnitude,PRIOR_XCH_A026_magnitude,0.1.0,0.2.0,unavailable,{},added evidence-derived prior; compared against preserved previous release.
CHANGE_PRIOR_XCH_A026_protein_availability,PRIOR_XCH_A026_protein_availability,0.1.0,0.2.0,unavailable,{},added evidence-derived prior; compared against preserved previous release.
CHANGE_PRIOR_XCH_A026_temporal,PRIOR_XCH_A026_temporal,0.1.0,0.2.0,unavailable,{},added evidence-derived prior; compared against preserved previous release.
CHANGE_PRIOR_XCI-A01_context_specific,PRIOR_XCI-A01_context_specific,0.1.0,0.2.0,unavailable,"{""context_id"":""CTX_c833aca395fc1041""}",added evidence-derived prior; compared against preserved previous release.
CHANGE_PRIOR_XCI-A01_direction,PRIOR_XCI-A01_direction,0.1.0,0.2.0,unavailable,"{""alpha"":[2.0,1.0,1.0],""categories"":[""increase"",""decrease"",""other""]}",added evidence-derived prior; compared against preserved previous release.
CHANGE_PRIOR_XCI-A01_effect_class,PRIOR_XCI-A01_effect_class,0.1.0,0.2.0,unavailable,"{""observed_direction"":""increase""}",added evidence-derived prior; compared against preserved previous release.
CHANGE_PRIOR_XCI-A01_existence,PRIOR_XCI-A01_existence,0.1.0,0.2.0,unavailable,"{""alpha"":2.0,""beta"":1.0}",added evidence-derived prior; compared against preserved previous release.
CHANGE_PRIOR_XCI-A01_expression,PRIOR_XCI-A01_expression,0.1.0,0.2.0,unavailable,{},added evidence-derived prior; compared against preserved previous release.
CHANGE_PRIOR_XCI-A01_genetic_modifier,PRIOR_XCI-A01_genetic_modifier,0.1.0,0.2.0,unavailable,{},added evidence-derived prior; compared against preserved previous release.
CHANGE_PRIOR_XCI-A01_human_transportability,PRIOR_XCI-A01_human_transportability,0.1.0,0.2.0,unavailable,{},added evidence-derived prior; compared against preserved previous release.
CHANGE_PRIOR_XCI-A01_magnitude,PRIOR_XCI-A01_magnitude,0.1.0,0.2.0,unavailable,{},added evidence-derived prior; compared against preserved previous release.
CHANGE_PRIOR_XCI-A01_protein_availability,PRIOR_XCI-A01_protein_availability,0.1.0,0.2.0,unavailable,{},added evidence-derived prior; compared against preserved previous release.
CHANGE_PRIOR_XCI-A01_temporal,PRIOR_XCI-A01_temporal,0.1.0,0.2.0,unavailable,{},added evidence-derived prior; compared against preserved previous release.
CHANGE_PRIOR_XCI-A02_context_specific,PRIOR_XCI-A02_context_specific,0.1.0,0.2.0,unavailable,"{""context_id"":""CTX_a25ffe348514c215""}",added evidence-derived prior; compared against preserved previous release.
CHANGE_PRIOR_XCI-A02_direction,PRIOR_XCI-A02_direction,0.1.0,0.2.0,unavailable,"{""alpha"":[1.0,2.0,1.0],""categories"":[""increase"",""decrease"",""other""]}",added evidence-derived prior; compared against preserved previous release.
CHANGE_PRIOR_XCI-A02_effect_class,PRIOR_XCI-A02_effect_class,0.1.0,0.2.0,unavailable,"{""observed_direction"":""decrease""}",added evidence-derived prior; compared against preserved previous release.
CHANGE_PRIOR_XCI-A02_existence,PRIOR_XCI-A02_existence,0.1.0,0.2.0,unavailable,"{""alpha"":2.0,""beta"":1.0}",added evidence-derived prior; compared against preserved previous release.
CHANGE_PRIOR_XCI-A02_expression,PRIOR_XCI-A02_expression,0.1.0,0.2.0,unavailable,{},added evidence-derived prior; compared against preserved previous release.
CHANGE_PRIOR_XCI-A02_genetic_modifier,PRIOR_XCI-A02_genetic_modifier,0.1.0,0.2.0,unavailable,{},added evidence-derived prior; compared against preserved previous release.
CHANGE_PRIOR_XCI-A02_human_transportability,PRIOR_XCI-A02_human_transportability,0.1.0,0.2.0,unavailable,{},added evidence-derived prior; compared against preserved previous release.
CHANGE_PRIOR_XCI-A02_magnitude,PRIOR_XCI-A02_magnitude,0.1.0,0.2.0,unavailable,{},added evidence-derived prior; compared against preserved previous release.
CHANGE_PRIOR_XCI-A02_protein_availability,PRIOR_XCI-A02_protein_availability,0.1.0,0.2.0,unavailable,{},added evidence-derived prior; compared against preserved previous release.
CHANGE_PRIOR_XCI-A02_temporal,PRIOR_XCI-A02_temporal,0.1.0,0.2.0,unavailable,{},added evidence-derived prior; compared against preserved previous release.
CHANGE_PRIOR_XCI-A03_context_specific,PRIOR_XCI-A03_context_specific,0.1.0,0.2.0,unavailable,"{""context_id"":""CTX_736131d999868c3c""}",added evidence-derived prior; compared against preserved previous release.
CHANGE_PRIOR_XCI-A03_direction,PRIOR_XCI-A03_direction,0.1.0,0.2.0,unavailable,"{""alpha"":[1.0,2.0,1.0],""categories"":[""increase"",""decrease"",""other""]}",added evidence-derived prior; compared against preserved previous release.
CHANGE_PRIOR_XCI-A03_effect_class,PRIOR_XCI-A03_effect_class,0.1.0,0.2.0,unavailable,"{""observed_direction"":""decrease""}",added evidence-derived prior; compared against preserved previous release.
CHANGE_PRIOR_XCI-A03_existence,PRIOR_XCI-A03_existence,0.1.0,0.2.0,unavailable,"{""alpha"":2.0,""beta"":1.0}",added evidence-derived prior; compared against preserved previous release.
CHANGE_PRIOR_XCI-A03_expression,PRIOR_XCI-A03_expression,0.1.0,0.2.0,unavailable,{},added evidence-derived prior; compared against preserved previous release.
CHANGE_PRIOR_XCI-A03_genetic_modifier,PRIOR_XCI-A03_genetic_modifier,0.1.0,0.2.0,unavailable,{},added evidence-derived prior; compared against preserved previous release.
CHANGE_PRIOR_XCI-A03_human_transportability,PRIOR_XCI-A03_human_transportability,0.1.0,0.2.0,unavailable,{},added evidence-derived prior; compared against preserved previous release.
CHANGE_PRIOR_XCI-A03_magnitude,PRIOR_XCI-A03_magnitude,0.1.0,0.2.0,unavailable,{},added evidence-derived prior; compared against preserved previous release.
CHANGE_PRIOR_XCI-A03_protein_availability,PRIOR_XCI-A03_protein_availability,0.1.0,0.2.0,unavailable,{},added evidence-derived prior; compared against preserved previous release.
CHANGE_PRIOR_XCI-A03_temporal,PRIOR_XCI-A03_temporal,0.1.0,0.2.0,unavailable,{},added evidence-derived prior; compared against preserved previous release.
CHANGE_PRIOR_XCI-A04_context_specific,PRIOR_XCI-A04_context_specific,0.1.0,0.2.0,unavailable,"{""context_id"":""CTX_d3710b9f929dd61e""}",added evidence-derived prior; compared against preserved previous release.
CHANGE_PRIOR_XCI-A04_direction,PRIOR_XCI-A04_direction,0.1.0,0.2.0,unavailable,"{""alpha"":[2.0,1.0,1.0],""categories"":[""increase"",""decrease"",""other""]}",added evidence-derived prior; compared against preserved previous release.
CHANGE_PRIOR_XCI-A04_effect_class,PRIOR_XCI-A04_effect_class,0.1.0,0.2.0,unavailable,"{""observed_direction"":""increase""}",added evidence-derived prior; compared against preserved previous release.
CHANGE_PRIOR_XCI-A04_existence,PRIOR_XCI-A04_existence,0.1.0,0.2.0,unavailable,"{""alpha"":2.0,""beta"":1.0}",added evidence-derived prior; compared against preserved previous release.
CHANGE_PRIOR_XCI-A04_expression,PRIOR_XCI-A04_expression,0.1.0,0.2.0,unavailable,{},added evidence-derived prior; compared against preserved previous release.
CHANGE_PRIOR_XCI-A04_genetic_modifier,PRIOR_XCI-A04_genetic_modifier,0.1.0,0.2.0,unavailable,{},added evidence-derived prior; compared against preserved previous release.
CHANGE_PRIOR_XCI-A04_human_transportability,PRIOR_XCI-A04_human_transportability,0.1.0,0.2.0,unavailable,{},added evidence-derived prior; compared against preserved previous release.
CHANGE_PRIOR_XCI-A04_magnitude,PRIOR_XCI-A04_magnitude,0.1.0,0.2.0,unavailable,{},added evidence-derived prior; compared against preserved previous release.
CHANGE_PRIOR_XCI-A04_protein_availability,PRIOR_XCI-A04_protein_availability,0.1.0,0.2.0,unavailable,{},added evidence-derived prior; compared against preserved previous release.
CHANGE_PRIOR_XCI-A04_temporal,PRIOR_XCI-A04_temporal,0.1.0,0.2.0,unavailable,{},added evidence-derived prior; compared against preserved previous release.
CHANGE_PRIOR_XCI-A05_context_specific,PRIOR_XCI-A05_context_specific,0.1.0,0.2.0,unavailable,"{""context_id"":""CTX_407a24fb96c8a262""}",added evidence-derived prior; compared against preserved previous release.
CHANGE_PRIOR_XCI-A05_direction,PRIOR_XCI-A05_direction,0.1.0,0.2.0,unavailable,"{""alpha"":[2.0,1.0,1.0],""categories"":[""increase"",""decrease"",""other""]}",added evidence-derived prior; compared against preserved previous release.
CHANGE_PRIOR_XCI-A05_effect_class,PRIOR_XCI-A05_effect_class,0.1.0,0.2.0,unavailable,"{""observed_direction"":""increase""}",added evidence-derived prior; compared against preserved previous release.
CHANGE_PRIOR_XCI-A05_existence,PRIOR_XCI-A05_existence,0.1.0,0.2.0,unavailable,"{""alpha"":2.0,""beta"":1.0}",added evidence-derived prior; compared against preserved previous release.
CHANGE_PRIOR_XCI-A05_expression,PRIOR_XCI-A05_expression,0.1.0,0.2.0,unavailable,{},added evidence-derived prior; compared against preserved previous release.
CHANGE_PRIOR_XCI-A05_genetic_modifier,PRIOR_XCI-A05_genetic_modifier,0.1.0,0.2.0,unavailable,{},added evidence-derived prior; compared against preserved previous release.
CHANGE_PRIOR_XCI-A05_human_transportability,PRIOR_XCI-A05_human_transportability,0.1.0,0.2.0,unavailable,{},added evidence-derived prior; compared against preserved previous release.
CHANGE_PRIOR_XCI-A05_magnitude,PRIOR_XCI-A05_magnitude,0.1.0,0.2.0,unavailable,{},added evidence-derived prior; compared against preserved previous release.
CHANGE_PRIOR_XCI-A05_protein_availability,PRIOR_XCI-A05_protein_availability,0.1.0,0.2.0,unavailable,{},added evidence-derived prior; compared against preserved previous release.
CHANGE_PRIOR_XCI-A05_temporal,PRIOR_XCI-A05_temporal,0.1.0,0.2.0,unavailable,{},added evidence-derived prior; compared against preserved previous release.
CHANGE_PRIOR_XCI-A06_context_specific,PRIOR_XCI-A06_context_specific,0.1.0,0.2.0,unavailable,"{""context_id"":""CTX_a709a0d52bd1cb36""}",added evidence-derived prior; compared against preserved previous release.
CHANGE_PRIOR_XCI-A06_direction,PRIOR_XCI-A06_direction,0.1.0,0.2.0,unavailable,"{""alpha"":[1.0,2.0,1.0],""categories"":[""increase"",""decrease"",""other""]}",added evidence-derived prior; compared against preserved previous release.
CHANGE_PRIOR_XCI-A06_effect_class,PRIOR_XCI-A06_effect_class,0.1.0,0.2.0,unavailable,"{""observed_direction"":""decrease""}",added evidence-derived prior; compared against preserved previous release.
CHANGE_PRIOR_XCI-A06_existence,PRIOR_XCI-A06_existence,0.1.0,0.2.0,unavailable,"{""alpha"":2.0,""beta"":1.0}",added evidence-derived prior; compared against preserved previous release.
CHANGE_PRIOR_XCI-A06_expression,PRIOR_XCI-A06_expression,0.1.0,0.2.0,unavailable,{},added evidence-derived prior; compared against preserved previous release.
CHANGE_PRIOR_XCI-A06_genetic_modifier,PRIOR_XCI-A06_genetic_modifier,0.1.0,0.2.0,unavailable,{},added evidence-derived prior; compared against preserved previous release.
CHANGE_PRIOR_XCI-A06_human_transportability,PRIOR_XCI-A06_human_transportability,0.1.0,0.2.0,unavailable,{},added evidence-derived prior; compared against preserved previous release.
CHANGE_PRIOR_XCI-A06_magnitude,PRIOR_XCI-A06_magnitude,0.1.0,0.2.0,unavailable,{},added evidence-derived prior; compared against preserved previous release.
CHANGE_PRIOR_XCI-A06_protein_availability,PRIOR_XCI-A06_protein_availability,0.1.0,0.2.0,unavailable,{},added evidence-derived prior; compared against preserved previous release.
CHANGE_PRIOR_XCI-A06_temporal,PRIOR_XCI-A06_temporal,0.1.0,0.2.0,unavailable,{},added evidence-derived prior; compared against preserved previous release.
CHANGE_PRIOR_XCI-A07_context_specific,PRIOR_XCI-A07_context_specific,0.1.0,0.2.0,unavailable,"{""context_id"":""CTX_13816c07bf3a37fe""}",added evidence-derived prior; compared against preserved previous release.
CHANGE_PRIOR_XCI-A07_direction,PRIOR_XCI-A07_direction,0.1.0,0.2.0,unavailable,"{""alpha"":[2.0,1.0,1.0],""categories"":[""increase"",""decrease"",""other""]}",added evidence-derived prior; compared against preserved previous release.
CHANGE_PRIOR_XCI-A07_effect_class,PRIOR_XCI-A07_effect_class,0.1.0,0.2.0,unavailable,"{""observed_direction"":""increase""}",added evidence-derived prior; compared against preserved previous release.
CHANGE_PRIOR_XCI-A07_existence,PRIOR_XCI-A07_existence,0.1.0,0.2.0,unavailable,"{""alpha"":2.0,""beta"":1.0}",added evidence-derived prior; compared against preserved previous release.
CHANGE_PRIOR_XCI-A07_expression,PRIOR_XCI-A07_expression,0.1.0,0.2.0,unavailable,{},added evidence-derived prior; compared against preserved previous release.
CHANGE_PRIOR_XCI-A07_genetic_modifier,PRIOR_XCI-A07_genetic_modifier,0.1.0,0.2.0,unavailable,{},added evidence-derived prior; compared against preserved previous release.
CHANGE_PRIOR_XCI-A07_human_transportability,PRIOR_XCI-A07_human_transportability,0.1.0,0.2.0,unavailable,{},added evidence-derived prior; compared against preserved previous release.
CHANGE_PRIOR_XCI-A07_magnitude,PRIOR_XCI-A07_magnitude,0.1.0,0.2.0,unavailable,{},added evidence-derived prior; compared against preserved previous release.
CHANGE_PRIOR_XCI-A07_protein_availability,PRIOR_XCI-A07_protein_availability,0.1.0,0.2.0,unavailable,{},added evidence-derived prior; compared against preserved previous release.
CHANGE_PRIOR_XCI-A07_temporal,PRIOR_XCI-A07_temporal,0.1.0,0.2.0,unavailable,{},added evidence-derived prior; compared against preserved previous release.
CHANGE_PRIOR_XCI-A08_context_specific,PRIOR_XCI-A08_context_specific,0.1.0,0.2.0,unavailable,"{""context_id"":""CTX_13816c07bf3a37fe""}",added evidence-derived prior; compared against preserved previous release.
CHANGE_PRIOR_XCI-A08_direction,PRIOR_XCI-A08_direction,0.1.0,0.2.0,unavailable,"{""alpha"":[1.0,1.0,1.5],""categories"":[""increase"",""decrease"",""other""]}",added evidence-derived prior; compared against preserved previous release.
CHANGE_PRIOR_XCI-A08_effect_class,PRIOR_XCI-A08_effect_class,0.1.0,0.2.0,unavailable,"{""observed_direction"":""association""}",added evidence-derived prior; compared against preserved previous release.
CHANGE_PRIOR_XCI-A08_existence,PRIOR_XCI-A08_existence,0.1.0,0.2.0,unavailable,"{""alpha"":1.5,""beta"":1.0}",added evidence-derived prior; compared against preserved previous release.
CHANGE_PRIOR_XCI-A08_expression,PRIOR_XCI-A08_expression,0.1.0,0.2.0,unavailable,{},added evidence-derived prior; compared against preserved previous release.
CHANGE_PRIOR_XCI-A08_genetic_modifier,PRIOR_XCI-A08_genetic_modifier,0.1.0,0.2.0,unavailable,{},added evidence-derived prior; compared against preserved previous release.
CHANGE_PRIOR_XCI-A08_human_transportability,PRIOR_XCI-A08_human_transportability,0.1.0,0.2.0,unavailable,{},added evidence-derived prior; compared against preserved previous release.
CHANGE_PRIOR_XCI-A08_magnitude,PRIOR_XCI-A08_magnitude,0.1.0,0.2.0,unavailable,{},added evidence-derived prior; compared against preserved previous release.
CHANGE_PRIOR_XCI-A08_protein_availability,PRIOR_XCI-A08_protein_availability,0.1.0,0.2.0,unavailable,{},added evidence-derived prior; compared against preserved previous release.
CHANGE_PRIOR_XCI-A08_temporal,PRIOR_XCI-A08_temporal,0.1.0,0.2.0,unavailable,{},added evidence-derived prior; compared against preserved previous release.
CHANGE_PRIOR_XCI-A09_context_specific,PRIOR_XCI-A09_context_specific,0.1.0,0.2.0,unavailable,"{""context_id"":""CTX_905f6dde76ef3b9d""}",added evidence-derived prior; compared against preserved previous release.
CHANGE_PRIOR_XCI-A09_direction,PRIOR_XCI-A09_direction,0.1.0,0.2.0,unavailable,{},added evidence-derived prior; compared against preserved previous release.
CHANGE_PRIOR_XCI-A09_effect_class,PRIOR_XCI-A09_effect_class,0.1.0,0.2.0,unavailable,"{""observed_direction"":""null""}",added evidence-derived prior; compared against preserved previous release.
CHANGE_PRIOR_XCI-A09_existence,PRIOR_XCI-A09_existence,0.1.0,0.2.0,unavailable,{},added evidence-derived prior; compared against preserved previous release.
CHANGE_PRIOR_XCI-A09_expression,PRIOR_XCI-A09_expression,0.1.0,0.2.0,unavailable,{},added evidence-derived prior; compared against preserved previous release.
CHANGE_PRIOR_XCI-A09_genetic_modifier,PRIOR_XCI-A09_genetic_modifier,0.1.0,0.2.0,unavailable,{},added evidence-derived prior; compared against preserved previous release.
CHANGE_PRIOR_XCI-A09_human_transportability,PRIOR_XCI-A09_human_transportability,0.1.0,0.2.0,unavailable,{},added evidence-derived prior; compared against preserved previous release.
CHANGE_PRIOR_XCI-A09_magnitude,PRIOR_XCI-A09_magnitude,0.1.0,0.2.0,unavailable,{},added evidence-derived prior; compared against preserved previous release.
CHANGE_PRIOR_XCI-A09_protein_availability,PRIOR_XCI-A09_protein_availability,0.1.0,0.2.0,unavailable,{},added evidence-derived prior; compared against preserved previous release.
CHANGE_PRIOR_XCI-A09_temporal,PRIOR_XCI-A09_temporal,0.1.0,0.2.0,unavailable,{},added evidence-derived prior; compared against preserved previous release.
CHANGE_PRIOR_XCI-A10_context_specific,PRIOR_XCI-A10_context_specific,0.1.0,0.2.0,unavailable,"{""context_id"":""CTX_c7b0983764682c63""}",added evidence-derived prior; compared against preserved previous release.
CHANGE_PRIOR_XCI-A10_direction,PRIOR_XCI-A10_direction,0.1.0,0.2.0,unavailable,"{""alpha"":[2.0,1.0,1.0],""categories"":[""increase"",""decrease"",""other""]}",added evidence-derived prior; compared against preserved previous release.
CHANGE_PRIOR_XCI-A10_effect_class,PRIOR_XCI-A10_effect_class,0.1.0,0.2.0,unavailable,"{""observed_direction"":""increase""}",added evidence-derived prior; compared against preserved previous release.
CHANGE_PRIOR_XCI-A10_existence,PRIOR_XCI-A10_existence,0.1.0,0.2.0,unavailable,"{""alpha"":2.0,""beta"":1.0}",added evidence-derived prior; compared against preserved previous release.
CHANGE_PRIOR_XCI-A10_expression,PRIOR_XCI-A10_expression,0.1.0,0.2.0,unavailable,{},added evidence-derived prior; compared against preserved previous release.
CHANGE_PRIOR_XCI-A10_genetic_modifier,PRIOR_XCI-A10_genetic_modifier,0.1.0,0.2.0,unavailable,{},added evidence-derived prior; compared against preserved previous release.
CHANGE_PRIOR_XCI-A10_human_transportability,PRIOR_XCI-A10_human_transportability,0.1.0,0.2.0,unavailable,{},added evidence-derived prior; compared against preserved previous release.
CHANGE_PRIOR_XCI-A10_magnitude,PRIOR_XCI-A10_magnitude,0.1.0,0.2.0,unavailable,{},added evidence-derived prior; compared against preserved previous release.
CHANGE_PRIOR_XCI-A10_protein_availability,PRIOR_XCI-A10_protein_availability,0.1.0,0.2.0,unavailable,{},added evidence-derived prior; compared against preserved previous release.
CHANGE_PRIOR_XCI-A10_temporal,PRIOR_XCI-A10_temporal,0.1.0,0.2.0,unavailable,{},added evidence-derived prior; compared against preserved previous release.
CHANGE_PRIOR_XCI-A11_context_specific,PRIOR_XCI-A11_context_specific,0.1.0,0.2.0,unavailable,"{""context_id"":""CTX_5bbb610de7a3d1fd""}",added evidence-derived prior; compared against preserved previous release.
CHANGE_PRIOR_XCI-A11_direction,PRIOR_XCI-A11_direction,0.1.0,0.2.0,unavailable,"{""alpha"":[1.0,2.0,1.0],""categories"":[""increase"",""decrease"",""other""]}",added evidence-derived prior; compared against preserved previous release.
CHANGE_PRIOR_XCI-A11_effect_class,PRIOR_XCI-A11_effect_class,0.1.0,0.2.0,unavailable,"{""observed_direction"":""decrease""}",added evidence-derived prior; compared against preserved previous release.
CHANGE_PRIOR_XCI-A11_existence,PRIOR_XCI-A11_existence,0.1.0,0.2.0,unavailable,"{""alpha"":2.0,""beta"":1.0}",added evidence-derived prior; compared against preserved previous release.
CHANGE_PRIOR_XCI-A11_expression,PRIOR_XCI-A11_expression,0.1.0,0.2.0,unavailable,{},added evidence-derived prior; compared against preserved previous release.
CHANGE_PRIOR_XCI-A11_genetic_modifier,PRIOR_XCI-A11_genetic_modifier,0.1.0,0.2.0,unavailable,{},added evidence-derived prior; compared against preserved previous release.
CHANGE_PRIOR_XCI-A11_human_transportability,PRIOR_XCI-A11_human_transportability,0.1.0,0.2.0,unavailable,{},added evidence-derived prior; compared against preserved previous release.
CHANGE_PRIOR_XCI-A11_magnitude,PRIOR_XCI-A11_magnitude,0.1.0,0.2.0,unavailable,{},added evidence-derived prior; compared against preserved previous release.
CHANGE_PRIOR_XCI-A11_protein_availability,PRIOR_XCI-A11_protein_availability,0.1.0,0.2.0,unavailable,{},added evidence-derived prior; compared against preserved previous release.
CHANGE_PRIOR_XCI-A11_temporal,PRIOR_XCI-A11_temporal,0.1.0,0.2.0,unavailable,{},added evidence-derived prior; compared against preserved previous release.
CHANGE_PRIOR_XCI-A12_context_specific,PRIOR_XCI-A12_context_specific,0.1.0,0.2.0,unavailable,"{""context_id"":""CTX_78d1d19c8183a8d3""}",added evidence-derived prior; compared against preserved previous release.
CHANGE_PRIOR_XCI-A12_direction,PRIOR_XCI-A12_direction,0.1.0,0.2.0,unavailable,{},added evidence-derived prior; compared against preserved previous release.
CHANGE_PRIOR_XCI-A12_effect_class,PRIOR_XCI-A12_effect_class,0.1.0,0.2.0,unavailable,"{""observed_direction"":""null""}",added evidence-derived prior; compared against preserved previous release.
CHANGE_PRIOR_XCI-A12_existence,PRIOR_XCI-A12_existence,0.1.0,0.2.0,unavailable,{},added evidence-derived prior; compared against preserved previous release.
CHANGE_PRIOR_XCI-A12_expression,PRIOR_XCI-A12_expression,0.1.0,0.2.0,unavailable,{},added evidence-derived prior; compared against preserved previous release.
CHANGE_PRIOR_XCI-A12_genetic_modifier,PRIOR_XCI-A12_genetic_modifier,0.1.0,0.2.0,unavailable,{},added evidence-derived prior; compared against preserved previous release.
CHANGE_PRIOR_XCI-A12_human_transportability,PRIOR_XCI-A12_human_transportability,0.1.0,0.2.0,unavailable,{},added evidence-derived prior; compared against preserved previous release.
CHANGE_PRIOR_XCI-A12_magnitude,PRIOR_XCI-A12_magnitude,0.1.0,0.2.0,unavailable,{},added evidence-derived prior; compared against preserved previous release.
CHANGE_PRIOR_XCI-A12_protein_availability,PRIOR_XCI-A12_protein_availability,0.1.0,0.2.0,unavailable,{},added evidence-derived prior; compared against preserved previous release.
CHANGE_PRIOR_XCI-A12_temporal,PRIOR_XCI-A12_temporal,0.1.0,0.2.0,unavailable,{},added evidence-derived prior; compared against preserved previous release.
CHANGE_PRIOR_XCI-A13_context_specific,PRIOR_XCI-A13_context_specific,0.1.0,0.2.0,unavailable,"{""context_id"":""CTX_618c82954b3ee0e5""}",added evidence-derived prior; compared against preserved previous release.
CHANGE_PRIOR_XCI-A13_direction,PRIOR_XCI-A13_direction,0.1.0,0.2.0,unavailable,"{""alpha"":[1.5,1.0,1.0],""categories"":[""increase"",""decrease"",""other""]}",added evidence-derived prior; compared against preserved previous release.
CHANGE_PRIOR_XCI-A13_effect_class,PRIOR_XCI-A13_effect_class,0.1.0,0.2.0,unavailable,"{""observed_direction"":""increase""}",added evidence-derived prior; compared against preserved previous release.
CHANGE_PRIOR_XCI-A13_existence,PRIOR_XCI-A13_existence,0.1.0,0.2.0,unavailable,"{""alpha"":1.5,""beta"":1.0}",added evidence-derived prior; compared against preserved previous release.
CHANGE_PRIOR_XCI-A13_expression,PRIOR_XCI-A13_expression,0.1.0,0.2.0,unavailable,{},added evidence-derived prior; compared against preserved previous release.
CHANGE_PRIOR_XCI-A13_genetic_modifier,PRIOR_XCI-A13_genetic_modifier,0.1.0,0.2.0,unavailable,{},added evidence-derived prior; compared against preserved previous release.
CHANGE_PRIOR_XCI-A13_human_transportability,PRIOR_XCI-A13_human_transportability,0.1.0,0.2.0,unavailable,{},added evidence-derived prior; compared against preserved previous release.
CHANGE_PRIOR_XCI-A13_magnitude,PRIOR_XCI-A13_magnitude,0.1.0,0.2.0,unavailable,{},added evidence-derived prior; compared against preserved previous release.
CHANGE_PRIOR_XCI-A13_protein_availability,PRIOR_XCI-A13_protein_availability,0.1.0,0.2.0,unavailable,{},added evidence-derived prior; compared against preserved previous release.
CHANGE_PRIOR_XCI-A13_temporal,PRIOR_XCI-A13_temporal,0.1.0,0.2.0,unavailable,{},added evidence-derived prior; compared against preserved previous release.
CHANGE_PRIOR_XCI-A14_context_specific,PRIOR_XCI-A14_context_specific,0.1.0,0.2.0,unavailable,"{""context_id"":""CTX_42c581d04851ea78""}",added evidence-derived prior; compared against preserved previous release.
CHANGE_PRIOR_XCI-A14_direction,PRIOR_XCI-A14_direction,0.1.0,0.2.0,unavailable,{},added evidence-derived prior; compared against preserved previous release.
CHANGE_PRIOR_XCI-A14_effect_class,PRIOR_XCI-A14_effect_class,0.1.0,0.2.0,unavailable,"{""observed_direction"":""null""}",added evidence-derived prior; compared against preserved previous release.
CHANGE_PRIOR_XCI-A14_existence,PRIOR_XCI-A14_existence,0.1.0,0.2.0,unavailable,{},added evidence-derived prior; compared against preserved previous release.
CHANGE_PRIOR_XCI-A14_expression,PRIOR_XCI-A14_expression,0.1.0,0.2.0,unavailable,{},added evidence-derived prior; compared against preserved previous release.
CHANGE_PRIOR_XCI-A14_genetic_modifier,PRIOR_XCI-A14_genetic_modifier,0.1.0,0.2.0,unavailable,{},added evidence-derived prior; compared against preserved previous release.
CHANGE_PRIOR_XCI-A14_human_transportability,PRIOR_XCI-A14_human_transportability,0.1.0,0.2.0,unavailable,{},added evidence-derived prior; compared against preserved previous release.
CHANGE_PRIOR_XCI-A14_magnitude,PRIOR_XCI-A14_magnitude,0.1.0,0.2.0,unavailable,{},added evidence-derived prior; compared against preserved previous release.
CHANGE_PRIOR_XCI-A14_protein_availability,PRIOR_XCI-A14_protein_availability,0.1.0,0.2.0,unavailable,{},added evidence-derived prior; compared against preserved previous release.
CHANGE_PRIOR_XCI-A14_temporal,PRIOR_XCI-A14_temporal,0.1.0,0.2.0,unavailable,{},added evidence-derived prior; compared against preserved previous release.
CHANGE_PRIOR_XCI-A15_context_specific,PRIOR_XCI-A15_context_specific,0.1.0,0.2.0,unavailable,"{""context_id"":""CTX_a8270b6e266f245b""}",added evidence-derived prior; compared against preserved previous release.
CHANGE_PRIOR_XCI-A15_direction,PRIOR_XCI-A15_direction,0.1.0,0.2.0,unavailable,"{""alpha"":[2.0,1.0,1.0],""categories"":[""increase"",""decrease"",""other""]}",added evidence-derived prior; compared against preserved previous release.
CHANGE_PRIOR_XCI-A15_effect_class,PRIOR_XCI-A15_effect_class,0.1.0,0.2.0,unavailable,"{""observed_direction"":""increase""}",added evidence-derived prior; compared against preserved previous release.
CHANGE_PRIOR_XCI-A15_existence,PRIOR_XCI-A15_existence,0.1.0,0.2.0,unavailable,"{""alpha"":2.0,""beta"":1.0}",added evidence-derived prior; compared against preserved previous release.
CHANGE_PRIOR_XCI-A15_expression,PRIOR_XCI-A15_expression,0.1.0,0.2.0,unavailable,{},added evidence-derived prior; compared against preserved previous release.
CHANGE_PRIOR_XCI-A15_genetic_modifier,PRIOR_XCI-A15_genetic_modifier,0.1.0,0.2.0,unavailable,{},added evidence-derived prior; compared against preserved previous release.
CHANGE_PRIOR_XCI-A15_human_transportability,PRIOR_XCI-A15_human_transportability,0.1.0,0.2.0,unavailable,{},added evidence-derived prior; compared against preserved previous release.
CHANGE_PRIOR_XCI-A15_magnitude,PRIOR_XCI-A15_magnitude,0.1.0,0.2.0,unavailable,{},added evidence-derived prior; compared against preserved previous release.
CHANGE_PRIOR_XCI-A15_protein_availability,PRIOR_XCI-A15_protein_availability,0.1.0,0.2.0,unavailable,{},added evidence-derived prior; compared against preserved previous release.
CHANGE_PRIOR_XCI-A15_temporal,PRIOR_XCI-A15_temporal,0.1.0,0.2.0,unavailable,{},added evidence-derived prior; compared against preserved previous release.
CHANGE_PRIOR_XCI-A16_context_specific,PRIOR_XCI-A16_context_specific,0.1.0,0.2.0,unavailable,"{""context_id"":""CTX_b790fad4c54f08c7""}",added evidence-derived prior; compared against preserved previous release.
CHANGE_PRIOR_XCI-A16_direction,PRIOR_XCI-A16_direction,0.1.0,0.2.0,unavailable,"{""alpha"":[1.0,2.0,1.0],""categories"":[""increase"",""decrease"",""other""]}",added evidence-derived prior; compared against preserved previous release.
CHANGE_PRIOR_XCI-A16_effect_class,PRIOR_XCI-A16_effect_class,0.1.0,0.2.0,unavailable,"{""observed_direction"":""decrease""}",added evidence-derived prior; compared against preserved previous release.
CHANGE_PRIOR_XCI-A16_existence,PRIOR_XCI-A16_existence,0.1.0,0.2.0,unavailable,"{""alpha"":2.0,""beta"":1.0}",added evidence-derived prior; compared against preserved previous release.
CHANGE_PRIOR_XCI-A16_expression,PRIOR_XCI-A16_expression,0.1.0,0.2.0,unavailable,{},added evidence-derived prior; compared against preserved previous release.
CHANGE_PRIOR_XCI-A16_genetic_modifier,PRIOR_XCI-A16_genetic_modifier,0.1.0,0.2.0,unavailable,{},added evidence-derived prior; compared against preserved previous release.
CHANGE_PRIOR_XCI-A16_human_transportability,PRIOR_XCI-A16_human_transportability,0.1.0,0.2.0,unavailable,{},added evidence-derived prior; compared against preserved previous release.
CHANGE_PRIOR_XCI-A16_magnitude,PRIOR_XCI-A16_magnitude,0.1.0,0.2.0,unavailable,{},added evidence-derived prior; compared against preserved previous release.
CHANGE_PRIOR_XCI-A16_protein_availability,PRIOR_XCI-A16_protein_availability,0.1.0,0.2.0,unavailable,{},added evidence-derived prior; compared against preserved previous release.
CHANGE_PRIOR_XCI-A16_temporal,PRIOR_XCI-A16_temporal,0.1.0,0.2.0,unavailable,{},added evidence-derived prior; compared against preserved previous release.
CHANGE_PRIOR_XCI-A17_context_specific,PRIOR_XCI-A17_context_specific,0.1.0,0.2.0,unavailable,"{""context_id"":""CTX_a4c81dfd39797cab""}",added evidence-derived prior; compared against preserved previous release.
CHANGE_PRIOR_XCI-A17_direction,PRIOR_XCI-A17_direction,0.1.0,0.2.0,unavailable,"{""alpha"":[1.5,1.0,1.0],""categories"":[""increase"",""decrease"",""other""]}",added evidence-derived prior; compared against preserved previous release.
CHANGE_PRIOR_XCI-A17_effect_class,PRIOR_XCI-A17_effect_class,0.1.0,0.2.0,unavailable,"{""observed_direction"":""increase""}",added evidence-derived prior; compared against preserved previous release.
CHANGE_PRIOR_XCI-A17_existence,PRIOR_XCI-A17_existence,0.1.0,0.2.0,unavailable,"{""alpha"":1.5,""beta"":1.0}",added evidence-derived prior; compared against preserved previous release.
CHANGE_PRIOR_XCI-A17_expression,PRIOR_XCI-A17_expression,0.1.0,0.2.0,unavailable,{},added evidence-derived prior; compared against preserved previous release.
CHANGE_PRIOR_XCI-A17_genetic_modifier,PRIOR_XCI-A17_genetic_modifier,0.1.0,0.2.0,unavailable,{},added evidence-derived prior; compared against preserved previous release.
CHANGE_PRIOR_XCI-A17_human_transportability,PRIOR_XCI-A17_human_transportability,0.1.0,0.2.0,unavailable,{},added evidence-derived prior; compared against preserved previous release.
CHANGE_PRIOR_XCI-A17_magnitude,PRIOR_XCI-A17_magnitude,0.1.0,0.2.0,unavailable,{},added evidence-derived prior; compared against preserved previous release.
CHANGE_PRIOR_XCI-A17_protein_availability,PRIOR_XCI-A17_protein_availability,0.1.0,0.2.0,unavailable,{},added evidence-derived prior; compared against preserved previous release.
CHANGE_PRIOR_XCI-A17_temporal,PRIOR_XCI-A17_temporal,0.1.0,0.2.0,unavailable,{},added evidence-derived prior; compared against preserved previous release.
CHANGE_PRIOR_XCI-A18_context_specific,PRIOR_XCI-A18_context_specific,0.1.0,0.2.0,unavailable,"{""context_id"":""CTX_7f7b1f22a4433cb1""}",added evidence-derived prior; compared against preserved previous release.
CHANGE_PRIOR_XCI-A18_direction,PRIOR_XCI-A18_direction,0.1.0,0.2.0,unavailable,"{""alpha"":[1.5,1.0,1.0],""categories"":[""increase"",""decrease"",""other""]}",added evidence-derived prior; compared against preserved previous release.
CHANGE_PRIOR_XCI-A18_effect_class,PRIOR_XCI-A18_effect_class,0.1.0,0.2.0,unavailable,"{""observed_direction"":""increase""}",added evidence-derived prior; compared against preserved previous release.
CHANGE_PRIOR_XCI-A18_existence,PRIOR_XCI-A18_existence,0.1.0,0.2.0,unavailable,"{""alpha"":1.5,""beta"":1.0}",added evidence-derived prior; compared against preserved previous release.
CHANGE_PRIOR_XCI-A18_expression,PRIOR_XCI-A18_expression,0.1.0,0.2.0,unavailable,{},added evidence-derived prior; compared against preserved previous release.
CHANGE_PRIOR_XCI-A18_genetic_modifier,PRIOR_XCI-A18_genetic_modifier,0.1.0,0.2.0,unavailable,{},added evidence-derived prior; compared against preserved previous release.
CHANGE_PRIOR_XCI-A18_human_transportability,PRIOR_XCI-A18_human_transportability,0.1.0,0.2.0,unavailable,{},added evidence-derived prior; compared against preserved previous release.
CHANGE_PRIOR_XCI-A18_magnitude,PRIOR_XCI-A18_magnitude,0.1.0,0.2.0,unavailable,{},added evidence-derived prior; compared against preserved previous release.
CHANGE_PRIOR_XCI-A18_protein_availability,PRIOR_XCI-A18_protein_availability,0.1.0,0.2.0,unavailable,{},added evidence-derived prior; compared against preserved previous release.
CHANGE_PRIOR_XCI-A18_temporal,PRIOR_XCI-A18_temporal,0.1.0,0.2.0,unavailable,{},added evidence-derived prior; compared against preserved previous release.
CHANGE_PRIOR_XCI-A19_context_specific,PRIOR_XCI-A19_context_specific,0.1.0,0.2.0,unavailable,"{""context_id"":""CTX_8de117cd2f6439c8""}",added evidence-derived prior; compared against preserved previous release.
CHANGE_PRIOR_XCI-A19_direction,PRIOR_XCI-A19_direction,0.1.0,0.2.0,unavailable,{},added evidence-derived prior; compared against preserved previous release.
CHANGE_PRIOR_XCI-A19_effect_class,PRIOR_XCI-A19_effect_class,0.1.0,0.2.0,unavailable,"{""observed_direction"":""null""}",added evidence-derived prior; compared against preserved previous release.
CHANGE_PRIOR_XCI-A19_existence,PRIOR_XCI-A19_existence,0.1.0,0.2.0,unavailable,{},added evidence-derived prior; compared against preserved previous release.
CHANGE_PRIOR_XCI-A19_expression,PRIOR_XCI-A19_expression,0.1.0,0.2.0,unavailable,{},added evidence-derived prior; compared against preserved previous release.
CHANGE_PRIOR_XCI-A19_genetic_modifier,PRIOR_XCI-A19_genetic_modifier,0.1.0,0.2.0,unavailable,{},added evidence-derived prior; compared against preserved previous release.
CHANGE_PRIOR_XCI-A19_human_transportability,PRIOR_XCI-A19_human_transportability,0.1.0,0.2.0,unavailable,{},added evidence-derived prior; compared against preserved previous release.
CHANGE_PRIOR_XCI-A19_magnitude,PRIOR_XCI-A19_magnitude,0.1.0,0.2.0,unavailable,{},added evidence-derived prior; compared against preserved previous release.
CHANGE_PRIOR_XCI-A19_protein_availability,PRIOR_XCI-A19_protein_availability,0.1.0,0.2.0,unavailable,{},added evidence-derived prior; compared against preserved previous release.
CHANGE_PRIOR_XCI-A19_temporal,PRIOR_XCI-A19_temporal,0.1.0,0.2.0,unavailable,{},added evidence-derived prior; compared against preserved previous release.
CHANGE_PRIOR_XCI-A20_context_specific,PRIOR_XCI-A20_context_specific,0.1.0,0.2.0,unavailable,"{""context_id"":""CTX_49d955ca81644dfb""}",added evidence-derived prior; compared against preserved previous release.
CHANGE_PRIOR_XCI-A20_direction,PRIOR_XCI-A20_direction,0.1.0,0.2.0,unavailable,{},added evidence-derived prior; compared against preserved previous release.
CHANGE_PRIOR_XCI-A20_effect_class,PRIOR_XCI-A20_effect_class,0.1.0,0.2.0,unavailable,"{""observed_direction"":""null""}",added evidence-derived prior; compared against preserved previous release.
CHANGE_PRIOR_XCI-A20_existence,PRIOR_XCI-A20_existence,0.1.0,0.2.0,unavailable,{},added evidence-derived prior; compared against preserved previous release.
CHANGE_PRIOR_XCI-A20_expression,PRIOR_XCI-A20_expression,0.1.0,0.2.0,unavailable,{},added evidence-derived prior; compared against preserved previous release.
CHANGE_PRIOR_XCI-A20_genetic_modifier,PRIOR_XCI-A20_genetic_modifier,0.1.0,0.2.0,unavailable,{},added evidence-derived prior; compared against preserved previous release.
CHANGE_PRIOR_XCI-A20_human_transportability,PRIOR_XCI-A20_human_transportability,0.1.0,0.2.0,unavailable,{},added evidence-derived prior; compared against preserved previous release.
CHANGE_PRIOR_XCI-A20_magnitude,PRIOR_XCI-A20_magnitude,0.1.0,0.2.0,unavailable,{},added evidence-derived prior; compared against preserved previous release.
CHANGE_PRIOR_XCI-A20_protein_availability,PRIOR_XCI-A20_protein_availability,0.1.0,0.2.0,unavailable,{},added evidence-derived prior; compared against preserved previous release.
CHANGE_PRIOR_XCI-A20_temporal,PRIOR_XCI-A20_temporal,0.1.0,0.2.0,unavailable,{},added evidence-derived prior; compared against preserved previous release.
CHANGE_PRIOR_XCI-A21_context_specific,PRIOR_XCI-A21_context_specific,0.1.0,0.2.0,unavailable,"{""context_id"":""CTX_1759394c68c064de""}",added evidence-derived prior; compared against preserved previous release.
CHANGE_PRIOR_XCI-A21_direction,PRIOR_XCI-A21_direction,0.1.0,0.2.0,unavailable,"{""alpha"":[2.0,1.0,1.0],""categories"":[""increase"",""decrease"",""other""]}",added evidence-derived prior; compared against preserved previous release.
CHANGE_PRIOR_XCI-A21_effect_class,PRIOR_XCI-A21_effect_class,0.1.0,0.2.0,unavailable,"{""observed_direction"":""increase""}",added evidence-derived prior; compared against preserved previous release.
CHANGE_PRIOR_XCI-A21_existence,PRIOR_XCI-A21_existence,0.1.0,0.2.0,unavailable,"{""alpha"":2.0,""beta"":1.0}",added evidence-derived prior; compared against preserved previous release.
CHANGE_PRIOR_XCI-A21_expression,PRIOR_XCI-A21_expression,0.1.0,0.2.0,unavailable,{},added evidence-derived prior; compared against preserved previous release.
CHANGE_PRIOR_XCI-A21_genetic_modifier,PRIOR_XCI-A21_genetic_modifier,0.1.0,0.2.0,unavailable,{},added evidence-derived prior; compared against preserved previous release.
CHANGE_PRIOR_XCI-A21_human_transportability,PRIOR_XCI-A21_human_transportability,0.1.0,0.2.0,unavailable,{},added evidence-derived prior; compared against preserved previous release.
CHANGE_PRIOR_XCI-A21_magnitude,PRIOR_XCI-A21_magnitude,0.1.0,0.2.0,unavailable,{},added evidence-derived prior; compared against preserved previous release.
CHANGE_PRIOR_XCI-A21_protein_availability,PRIOR_XCI-A21_protein_availability,0.1.0,0.2.0,unavailable,{},added evidence-derived prior; compared against preserved previous release.
CHANGE_PRIOR_XCI-A21_temporal,PRIOR_XCI-A21_temporal,0.1.0,0.2.0,unavailable,{},added evidence-derived prior; compared against preserved previous release.
CHANGE_PRIOR_XCI-A22_context_specific,PRIOR_XCI-A22_context_specific,0.1.0,0.2.0,unavailable,"{""context_id"":""CTX_e4951b75227a6980""}",added evidence-derived prior; compared against preserved previous release.
CHANGE_PRIOR_XCI-A22_direction,PRIOR_XCI-A22_direction,0.1.0,0.2.0,unavailable,"{""alpha"":[1.5,1.0,1.0],""categories"":[""increase"",""decrease"",""other""]}",added evidence-derived prior; compared against preserved previous release.
CHANGE_PRIOR_XCI-A22_effect_class,PRIOR_XCI-A22_effect_class,0.1.0,0.2.0,unavailable,"{""observed_direction"":""increase""}",added evidence-derived prior; compared against preserved previous release.
CHANGE_PRIOR_XCI-A22_existence,PRIOR_XCI-A22_existence,0.1.0,0.2.0,unavailable,"{""alpha"":1.5,""beta"":1.0}",added evidence-derived prior; compared against preserved previous release.
CHANGE_PRIOR_XCI-A22_expression,PRIOR_XCI-A22_expression,0.1.0,0.2.0,unavailable,{},added evidence-derived prior; compared against preserved previous release.
CHANGE_PRIOR_XCI-A22_genetic_modifier,PRIOR_XCI-A22_genetic_modifier,0.1.0,0.2.0,unavailable,{},added evidence-derived prior; compared against preserved previous release.
CHANGE_PRIOR_XCI-A22_human_transportability,PRIOR_XCI-A22_human_transportability,0.1.0,0.2.0,unavailable,{},added evidence-derived prior; compared against preserved previous release.
CHANGE_PRIOR_XCI-A22_magnitude,PRIOR_XCI-A22_magnitude,0.1.0,0.2.0,unavailable,{},added evidence-derived prior; compared against preserved previous release.
CHANGE_PRIOR_XCI-A22_protein_availability,PRIOR_XCI-A22_protein_availability,0.1.0,0.2.0,unavailable,{},added evidence-derived prior; compared against preserved previous release.
CHANGE_PRIOR_XCI-A22_temporal,PRIOR_XCI-A22_temporal,0.1.0,0.2.0,unavailable,{},added evidence-derived prior; compared against preserved previous release.
CHANGE_PRIOR_XRE-A01_context_specific,PRIOR_XRE-A01_context_specific,0.1.0,0.2.0,unavailable,"{""context_id"":""CTX_d904fdc17ebc89b7""}",added evidence-derived prior; compared against preserved previous release.
CHANGE_PRIOR_XRE-A01_direction,PRIOR_XRE-A01_direction,0.1.0,0.2.0,unavailable,"{""alpha"":[2.0,1.0,1.0],""categories"":[""increase"",""decrease"",""other""]}",added evidence-derived prior; compared against preserved previous release.
CHANGE_PRIOR_XRE-A01_effect_class,PRIOR_XRE-A01_effect_class,0.1.0,0.2.0,unavailable,"{""observed_direction"":""increase""}",added evidence-derived prior; compared against preserved previous release.
CHANGE_PRIOR_XRE-A01_existence,PRIOR_XRE-A01_existence,0.1.0,0.2.0,unavailable,"{""alpha"":2.0,""beta"":1.0}",added evidence-derived prior; compared against preserved previous release.
CHANGE_PRIOR_XRE-A01_expression,PRIOR_XRE-A01_expression,0.1.0,0.2.0,unavailable,{},added evidence-derived prior; compared against preserved previous release.
CHANGE_PRIOR_XRE-A01_genetic_modifier,PRIOR_XRE-A01_genetic_modifier,0.1.0,0.2.0,unavailable,{},added evidence-derived prior; compared against preserved previous release.
CHANGE_PRIOR_XRE-A01_human_transportability,PRIOR_XRE-A01_human_transportability,0.1.0,0.2.0,unavailable,{},added evidence-derived prior; compared against preserved previous release.
CHANGE_PRIOR_XRE-A01_magnitude,PRIOR_XRE-A01_magnitude,0.1.0,0.2.0,unavailable,{},added evidence-derived prior; compared against preserved previous release.
CHANGE_PRIOR_XRE-A01_protein_availability,PRIOR_XRE-A01_protein_availability,0.1.0,0.2.0,unavailable,{},added evidence-derived prior; compared against preserved previous release.
CHANGE_PRIOR_XRE-A01_temporal,PRIOR_XRE-A01_temporal,0.1.0,0.2.0,unavailable,{},added evidence-derived prior; compared against preserved previous release.
CHANGE_PRIOR_XRE-A02_context_specific,PRIOR_XRE-A02_context_specific,0.1.0,0.2.0,unavailable,"{""context_id"":""CTX_76a808f3a7dad884""}",added evidence-derived prior; compared against preserved previous release.
CHANGE_PRIOR_XRE-A02_direction,PRIOR_XRE-A02_direction,0.1.0,0.2.0,unavailable,{},added evidence-derived prior; compared against preserved previous release.
CHANGE_PRIOR_XRE-A02_effect_class,PRIOR_XRE-A02_effect_class,0.1.0,0.2.0,unavailable,"{""observed_direction"":""no_detectable_change""}",added evidence-derived prior; compared against preserved previous release.
CHANGE_PRIOR_XRE-A02_existence,PRIOR_XRE-A02_existence,0.1.0,0.2.0,unavailable,{},added evidence-derived prior; compared against preserved previous release.
CHANGE_PRIOR_XRE-A02_expression,PRIOR_XRE-A02_expression,0.1.0,0.2.0,unavailable,{},added evidence-derived prior; compared against preserved previous release.
CHANGE_PRIOR_XRE-A02_genetic_modifier,PRIOR_XRE-A02_genetic_modifier,0.1.0,0.2.0,unavailable,{},added evidence-derived prior; compared against preserved previous release.
CHANGE_PRIOR_XRE-A02_human_transportability,PRIOR_XRE-A02_human_transportability,0.1.0,0.2.0,unavailable,{},added evidence-derived prior; compared against preserved previous release.
CHANGE_PRIOR_XRE-A02_magnitude,PRIOR_XRE-A02_magnitude,0.1.0,0.2.0,unavailable,{},added evidence-derived prior; compared against preserved previous release.
CHANGE_PRIOR_XRE-A02_protein_availability,PRIOR_XRE-A02_protein_availability,0.1.0,0.2.0,unavailable,{},added evidence-derived prior; compared against preserved previous release.
CHANGE_PRIOR_XRE-A02_temporal,PRIOR_XRE-A02_temporal,0.1.0,0.2.0,unavailable,{},added evidence-derived prior; compared against preserved previous release.
CHANGE_PRIOR_XRE-A03_context_specific,PRIOR_XRE-A03_context_specific,0.1.0,0.2.0,unavailable,"{""context_id"":""CTX_39fd3b84a275bb4b""}",added evidence-derived prior; compared against preserved previous release.
CHANGE_PRIOR_XRE-A03_direction,PRIOR_XRE-A03_direction,0.1.0,0.2.0,unavailable,"{""alpha"":[2.0,1.0,1.0],""categories"":[""increase"",""decrease"",""other""]}",added evidence-derived prior; compared against preserved previous release.
CHANGE_PRIOR_XRE-A03_effect_class,PRIOR_XRE-A03_effect_class,0.1.0,0.2.0,unavailable,"{""observed_direction"":""increase""}",added evidence-derived prior; compared against preserved previous release.
CHANGE_PRIOR_XRE-A03_existence,PRIOR_XRE-A03_existence,0.1.0,0.2.0,unavailable,"{""alpha"":2.0,""beta"":1.0}",added evidence-derived prior; compared against preserved previous release.
CHANGE_PRIOR_XRE-A03_expression,PRIOR_XRE-A03_expression,0.1.0,0.2.0,unavailable,{},added evidence-derived prior; compared against preserved previous release.
CHANGE_PRIOR_XRE-A03_genetic_modifier,PRIOR_XRE-A03_genetic_modifier,0.1.0,0.2.0,unavailable,{},added evidence-derived prior; compared against preserved previous release.
CHANGE_PRIOR_XRE-A03_human_transportability,PRIOR_XRE-A03_human_transportability,0.1.0,0.2.0,unavailable,{},added evidence-derived prior; compared against preserved previous release.
CHANGE_PRIOR_XRE-A03_magnitude,PRIOR_XRE-A03_magnitude,0.1.0,0.2.0,unavailable,{},added evidence-derived prior; compared against preserved previous release.
CHANGE_PRIOR_XRE-A03_protein_availability,PRIOR_XRE-A03_protein_availability,0.1.0,0.2.0,unavailable,{},added evidence-derived prior; compared against preserved previous release.
CHANGE_PRIOR_XRE-A03_temporal,PRIOR_XRE-A03_temporal,0.1.0,0.2.0,unavailable,{},added evidence-derived prior; compared against preserved previous release.
CHANGE_PRIOR_XRE-A04_context_specific,PRIOR_XRE-A04_context_specific,0.1.0,0.2.0,unavailable,"{""context_id"":""CTX_9fa25aa505f87def""}",added evidence-derived prior; compared against preserved previous release.
CHANGE_PRIOR_XRE-A04_direction,PRIOR_XRE-A04_direction,0.1.0,0.2.0,unavailable,{},added evidence-derived prior; compared against preserved previous release.
CHANGE_PRIOR_XRE-A04_effect_class,PRIOR_XRE-A04_effect_class,0.1.0,0.2.0,unavailable,"{""observed_direction"":""no_detectable_change""}",added evidence-derived prior; compared against preserved previous release.
CHANGE_PRIOR_XRE-A04_existence,PRIOR_XRE-A04_existence,0.1.0,0.2.0,unavailable,{},added evidence-derived prior; compared against preserved previous release.
CHANGE_PRIOR_XRE-A04_expression,PRIOR_XRE-A04_expression,0.1.0,0.2.0,unavailable,{},added evidence-derived prior; compared against preserved previous release.
CHANGE_PRIOR_XRE-A04_genetic_modifier,PRIOR_XRE-A04_genetic_modifier,0.1.0,0.2.0,unavailable,{},added evidence-derived prior; compared against preserved previous release.
CHANGE_PRIOR_XRE-A04_human_transportability,PRIOR_XRE-A04_human_transportability,0.1.0,0.2.0,unavailable,{},added evidence-derived prior; compared against preserved previous release.
CHANGE_PRIOR_XRE-A04_magnitude,PRIOR_XRE-A04_magnitude,0.1.0,0.2.0,unavailable,{},added evidence-derived prior; compared against preserved previous release.
CHANGE_PRIOR_XRE-A04_protein_availability,PRIOR_XRE-A04_protein_availability,0.1.0,0.2.0,unavailable,{},added evidence-derived prior; compared against preserved previous release.
CHANGE_PRIOR_XRE-A04_temporal,PRIOR_XRE-A04_temporal,0.1.0,0.2.0,unavailable,{},added evidence-derived prior; compared against preserved previous release.
CHANGE_PRIOR_XRE-A05_context_specific,PRIOR_XRE-A05_context_specific,0.1.0,0.2.0,unavailable,"{""context_id"":""CTX_d7007697129ae70c""}",added evidence-derived prior; compared against preserved previous release.
CHANGE_PRIOR_XRE-A05_direction,PRIOR_XRE-A05_direction,0.1.0,0.2.0,unavailable,"{""alpha"":[2.0,1.0,1.0],""categories"":[""increase"",""decrease"",""other""]}",added evidence-derived prior; compared against preserved previous release.
CHANGE_PRIOR_XRE-A05_effect_class,PRIOR_XRE-A05_effect_class,0.1.0,0.2.0,unavailable,"{""observed_direction"":""increase""}",added evidence-derived prior; compared against preserved previous release.
CHANGE_PRIOR_XRE-A05_existence,PRIOR_XRE-A05_existence,0.1.0,0.2.0,unavailable,"{""alpha"":2.0,""beta"":1.0}",added evidence-derived prior; compared against preserved previous release.
CHANGE_PRIOR_XRE-A05_expression,PRIOR_XRE-A05_expression,0.1.0,0.2.0,unavailable,{},added evidence-derived prior; compared against preserved previous release.
CHANGE_PRIOR_XRE-A05_genetic_modifier,PRIOR_XRE-A05_genetic_modifier,0.1.0,0.2.0,unavailable,{},added evidence-derived prior; compared against preserved previous release.
CHANGE_PRIOR_XRE-A05_human_transportability,PRIOR_XRE-A05_human_transportability,0.1.0,0.2.0,unavailable,{},added evidence-derived prior; compared against preserved previous release.
CHANGE_PRIOR_XRE-A05_magnitude,PRIOR_XRE-A05_magnitude,0.1.0,0.2.0,unavailable,{},added evidence-derived prior; compared against preserved previous release.
CHANGE_PRIOR_XRE-A05_protein_availability,PRIOR_XRE-A05_protein_availability,0.1.0,0.2.0,unavailable,{},added evidence-derived prior; compared against preserved previous release.
CHANGE_PRIOR_XRE-A05_temporal,PRIOR_XRE-A05_temporal,0.1.0,0.2.0,unavailable,{},added evidence-derived prior; compared against preserved previous release.
CHANGE_PRIOR_XRE-A06_context_specific,PRIOR_XRE-A06_context_specific,0.1.0,0.2.0,unavailable,"{""context_id"":""CTX_25bae4f7da8b8990""}",added evidence-derived prior; compared against preserved previous release.
CHANGE_PRIOR_XRE-A06_direction,PRIOR_XRE-A06_direction,0.1.0,0.2.0,unavailable,"{""alpha"":[2.0,1.0,1.0],""categories"":[""increase"",""decrease"",""other""]}",added evidence-derived prior; compared against preserved previous release.
CHANGE_PRIOR_XRE-A06_effect_class,PRIOR_XRE-A06_effect_class,0.1.0,0.2.0,unavailable,"{""observed_direction"":""increase""}",added evidence-derived prior; compared against preserved previous release.
CHANGE_PRIOR_XRE-A06_existence,PRIOR_XRE-A06_existence,0.1.0,0.2.0,unavailable,"{""alpha"":2.0,""beta"":1.0}",added evidence-derived prior; compared against preserved previous release.
CHANGE_PRIOR_XRE-A06_expression,PRIOR_XRE-A06_expression,0.1.0,0.2.0,unavailable,{},added evidence-derived prior; compared against preserved previous release.
CHANGE_PRIOR_XRE-A06_genetic_modifier,PRIOR_XRE-A06_genetic_modifier,0.1.0,0.2.0,unavailable,{},added evidence-derived prior; compared against preserved previous release.
CHANGE_PRIOR_XRE-A06_human_transportability,PRIOR_XRE-A06_human_transportability,0.1.0,0.2.0,unavailable,{},added evidence-derived prior; compared against preserved previous release.
CHANGE_PRIOR_XRE-A06_magnitude,PRIOR_XRE-A06_magnitude,0.1.0,0.2.0,unavailable,{},added evidence-derived prior; compared against preserved previous release.
CHANGE_PRIOR_XRE-A06_protein_availability,PRIOR_XRE-A06_protein_availability,0.1.0,0.2.0,unavailable,{},added evidence-derived prior; compared against preserved previous release.
CHANGE_PRIOR_XRE-A06_temporal,PRIOR_XRE-A06_temporal,0.1.0,0.2.0,unavailable,{},added evidence-derived prior; compared against preserved previous release.
CHANGE_PRIOR_XRE-A07_context_specific,PRIOR_XRE-A07_context_specific,0.1.0,0.2.0,unavailable,"{""context_id"":""CTX_af12b47c69a05577""}",added evidence-derived prior; compared against preserved previous release.
CHANGE_PRIOR_XRE-A07_direction,PRIOR_XRE-A07_direction,0.1.0,0.2.0,unavailable,"{""alpha"":[2.0,1.0,1.0],""categories"":[""increase"",""decrease"",""other""]}",added evidence-derived prior; compared against preserved previous release.
CHANGE_PRIOR_XRE-A07_effect_class,PRIOR_XRE-A07_effect_class,0.1.0,0.2.0,unavailable,"{""observed_direction"":""increase""}",added evidence-derived prior; compared against preserved previous release.
CHANGE_PRIOR_XRE-A07_existence,PRIOR_XRE-A07_existence,0.1.0,0.2.0,unavailable,"{""alpha"":2.0,""beta"":1.0}",added evidence-derived prior; compared against preserved previous release.
CHANGE_PRIOR_XRE-A07_expression,PRIOR_XRE-A07_expression,0.1.0,0.2.0,unavailable,{},added evidence-derived prior; compared against preserved previous release.
CHANGE_PRIOR_XRE-A07_genetic_modifier,PRIOR_XRE-A07_genetic_modifier,0.1.0,0.2.0,unavailable,{},added evidence-derived prior; compared against preserved previous release.
CHANGE_PRIOR_XRE-A07_human_transportability,PRIOR_XRE-A07_human_transportability,0.1.0,0.2.0,unavailable,{},added evidence-derived prior; compared against preserved previous release.
CHANGE_PRIOR_XRE-A07_magnitude,PRIOR_XRE-A07_magnitude,0.1.0,0.2.0,unavailable,{},added evidence-derived prior; compared against preserved previous release.
CHANGE_PRIOR_XRE-A07_protein_availability,PRIOR_XRE-A07_protein_availability,0.1.0,0.2.0,unavailable,{},added evidence-derived prior; compared against preserved previous release.
CHANGE_PRIOR_XRE-A07_temporal,PRIOR_XRE-A07_temporal,0.1.0,0.2.0,unavailable,{},added evidence-derived prior; compared against preserved previous release.
CHANGE_PRIOR_XRE-A08_context_specific,PRIOR_XRE-A08_context_specific,0.1.0,0.2.0,unavailable,"{""context_id"":""CTX_652915df3b2edcdf""}",added evidence-derived prior; compared against preserved previous release.
CHANGE_PRIOR_XRE-A08_direction,PRIOR_XRE-A08_direction,0.1.0,0.2.0,unavailable,"{""alpha"":[1.0,1.0,1.5],""categories"":[""increase"",""decrease"",""other""]}",added evidence-derived prior; compared against preserved previous release.
CHANGE_PRIOR_XRE-A08_effect_class,PRIOR_XRE-A08_effect_class,0.1.0,0.2.0,unavailable,"{""observed_direction"":""association""}",added evidence-derived prior; compared against preserved previous release.
CHANGE_PRIOR_XRE-A08_existence,PRIOR_XRE-A08_existence,0.1.0,0.2.0,unavailable,"{""alpha"":1.5,""beta"":1.0}",added evidence-derived prior; compared against preserved previous release.
CHANGE_PRIOR_XRE-A08_expression,PRIOR_XRE-A08_expression,0.1.0,0.2.0,unavailable,{},added evidence-derived prior; compared against preserved previous release.
CHANGE_PRIOR_XRE-A08_genetic_modifier,PRIOR_XRE-A08_genetic_modifier,0.1.0,0.2.0,unavailable,{},added evidence-derived prior; compared against preserved previous release.
CHANGE_PRIOR_XRE-A08_human_transportability,PRIOR_XRE-A08_human_transportability,0.1.0,0.2.0,unavailable,{},added evidence-derived prior; compared against preserved previous release.
CHANGE_PRIOR_XRE-A08_magnitude,PRIOR_XRE-A08_magnitude,0.1.0,0.2.0,unavailable,{},added evidence-derived prior; compared against preserved previous release.
CHANGE_PRIOR_XRE-A08_protein_availability,PRIOR_XRE-A08_protein_availability,0.1.0,0.2.0,unavailable,{},added evidence-derived prior; compared against preserved previous release.
CHANGE_PRIOR_XRE-A08_temporal,PRIOR_XRE-A08_temporal,0.1.0,0.2.0,unavailable,{},added evidence-derived prior; compared against preserved previous release.
CHANGE_PRIOR_XRE-A09_context_specific,PRIOR_XRE-A09_context_specific,0.1.0,0.2.0,unavailable,"{""context_id"":""CTX_8ca93c7e7cad3abd""}",added evidence-derived prior; compared against preserved previous release.
CHANGE_PRIOR_XRE-A09_direction,PRIOR_XRE-A09_direction,0.1.0,0.2.0,unavailable,"{""alpha"":[1.0,1.0,1.5],""categories"":[""increase"",""decrease"",""other""]}",added evidence-derived prior; compared against preserved previous release.
CHANGE_PRIOR_XRE-A09_effect_class,PRIOR_XRE-A09_effect_class,0.1.0,0.2.0,unavailable,"{""observed_direction"":""association""}",added evidence-derived prior; compared against preserved previous release.
CHANGE_PRIOR_XRE-A09_existence,PRIOR_XRE-A09_existence,0.1.0,0.2.0,unavailable,"{""alpha"":1.5,""beta"":1.0}",added evidence-derived prior; compared against preserved previous release.
CHANGE_PRIOR_XRE-A09_expression,PRIOR_XRE-A09_expression,0.1.0,0.2.0,unavailable,{},added evidence-derived prior; compared against preserved previous release.
CHANGE_PRIOR_XRE-A09_genetic_modifier,PRIOR_XRE-A09_genetic_modifier,0.1.0,0.2.0,unavailable,{},added evidence-derived prior; compared against preserved previous release.
CHANGE_PRIOR_XRE-A09_human_transportability,PRIOR_XRE-A09_human_transportability,0.1.0,0.2.0,unavailable,{},added evidence-derived prior; compared against preserved previous release.
CHANGE_PRIOR_XRE-A09_magnitude,PRIOR_XRE-A09_magnitude,0.1.0,0.2.0,unavailable,{},added evidence-derived prior; compared against preserved previous release.
CHANGE_PRIOR_XRE-A09_protein_availability,PRIOR_XRE-A09_protein_availability,0.1.0,0.2.0,unavailable,{},added evidence-derived prior; compared against preserved previous release.
CHANGE_PRIOR_XRE-A09_temporal,PRIOR_XRE-A09_temporal,0.1.0,0.2.0,unavailable,{},added evidence-derived prior; compared against preserved previous release.
CHANGE_PRIOR_XRE-A10_context_specific,PRIOR_XRE-A10_context_specific,0.1.0,0.2.0,unavailable,"{""context_id"":""CTX_b0b5203692457e4a""}",added evidence-derived prior; compared against preserved previous release.
CHANGE_PRIOR_XRE-A10_direction,PRIOR_XRE-A10_direction,0.1.0,0.2.0,unavailable,{},added evidence-derived prior; compared against preserved previous release.
CHANGE_PRIOR_XRE-A10_effect_class,PRIOR_XRE-A10_effect_class,0.1.0,0.2.0,unavailable,"{""observed_direction"":""no_detectable_change""}",added evidence-derived prior; compared against preserved previous release.
CHANGE_PRIOR_XRE-A10_existence,PRIOR_XRE-A10_existence,0.1.0,0.2.0,unavailable,{},added evidence-derived prior; compared against preserved previous release.
CHANGE_PRIOR_XRE-A10_expression,PRIOR_XRE-A10_expression,0.1.0,0.2.0,unavailable,{},added evidence-derived prior; compared against preserved previous release.
CHANGE_PRIOR_XRE-A10_genetic_modifier,PRIOR_XRE-A10_genetic_modifier,0.1.0,0.2.0,unavailable,{},added evidence-derived prior; compared against preserved previous release.
CHANGE_PRIOR_XRE-A10_human_transportability,PRIOR_XRE-A10_human_transportability,0.1.0,0.2.0,unavailable,{},added evidence-derived prior; compared against preserved previous release.
CHANGE_PRIOR_XRE-A10_magnitude,PRIOR_XRE-A10_magnitude,0.1.0,0.2.0,unavailable,{},added evidence-derived prior; compared against preserved previous release.
CHANGE_PRIOR_XRE-A10_protein_availability,PRIOR_XRE-A10_protein_availability,0.1.0,0.2.0,unavailable,{},added evidence-derived prior; compared against preserved previous release.
CHANGE_PRIOR_XRE-A10_temporal,PRIOR_XRE-A10_temporal,0.1.0,0.2.0,unavailable,{},added evidence-derived prior; compared against preserved previous release.
CHANGE_PRIOR_XRE-A11_context_specific,PRIOR_XRE-A11_context_specific,0.1.0,0.2.0,unavailable,"{""context_id"":""CTX_51eaf1c568a5d64b""}",added evidence-derived prior; compared against preserved previous release.
CHANGE_PRIOR_XRE-A11_direction,PRIOR_XRE-A11_direction,0.1.0,0.2.0,unavailable,{},added evidence-derived prior; compared against preserved previous release.
CHANGE_PRIOR_XRE-A11_effect_class,PRIOR_XRE-A11_effect_class,0.1.0,0.2.0,unavailable,"{""observed_direction"":""no_detectable_change""}",added evidence-derived prior; compared against preserved previous release.
CHANGE_PRIOR_XRE-A11_existence,PRIOR_XRE-A11_existence,0.1.0,0.2.0,unavailable,{},added evidence-derived prior; compared against preserved previous release.
CHANGE_PRIOR_XRE-A11_expression,PRIOR_XRE-A11_expression,0.1.0,0.2.0,unavailable,{},added evidence-derived prior; compared against preserved previous release.
CHANGE_PRIOR_XRE-A11_genetic_modifier,PRIOR_XRE-A11_genetic_modifier,0.1.0,0.2.0,unavailable,{},added evidence-derived prior; compared against preserved previous release.
CHANGE_PRIOR_XRE-A11_human_transportability,PRIOR_XRE-A11_human_transportability,0.1.0,0.2.0,unavailable,{},added evidence-derived prior; compared against preserved previous release.
CHANGE_PRIOR_XRE-A11_magnitude,PRIOR_XRE-A11_magnitude,0.1.0,0.2.0,unavailable,{},added evidence-derived prior; compared against preserved previous release.
CHANGE_PRIOR_XRE-A11_protein_availability,PRIOR_XRE-A11_protein_availability,0.1.0,0.2.0,unavailable,{},added evidence-derived prior; compared against preserved previous release.
CHANGE_PRIOR_XRE-A11_temporal,PRIOR_XRE-A11_temporal,0.1.0,0.2.0,unavailable,{},added evidence-derived prior; compared against preserved previous release.
CHANGE_PRIOR_XRE-A12_context_specific,PRIOR_XRE-A12_context_specific,0.1.0,0.2.0,unavailable,"{""context_id"":""CTX_399d6aa6caa20465""}",added evidence-derived prior; compared against preserved previous release.
CHANGE_PRIOR_XRE-A12_direction,PRIOR_XRE-A12_direction,0.1.0,0.2.0,unavailable,"{""alpha"":[2.0,1.0,1.0],""categories"":[""increase"",""decrease"",""other""]}",added evidence-derived prior; compared against preserved previous release.
CHANGE_PRIOR_XRE-A12_effect_class,PRIOR_XRE-A12_effect_class,0.1.0,0.2.0,unavailable,"{""observed_direction"":""increase""}",added evidence-derived prior; compared against preserved previous release.
CHANGE_PRIOR_XRE-A12_existence,PRIOR_XRE-A12_existence,0.1.0,0.2.0,unavailable,"{""alpha"":2.0,""beta"":1.0}",added evidence-derived prior; compared against preserved previous release.
CHANGE_PRIOR_XRE-A12_expression,PRIOR_XRE-A12_expression,0.1.0,0.2.0,unavailable,{},added evidence-derived prior; compared against preserved previous release.
CHANGE_PRIOR_XRE-A12_genetic_modifier,PRIOR_XRE-A12_genetic_modifier,0.1.0,0.2.0,unavailable,{},added evidence-derived prior; compared against preserved previous release.
CHANGE_PRIOR_XRE-A12_human_transportability,PRIOR_XRE-A12_human_transportability,0.1.0,0.2.0,unavailable,{},added evidence-derived prior; compared against preserved previous release.
CHANGE_PRIOR_XRE-A12_magnitude,PRIOR_XRE-A12_magnitude,0.1.0,0.2.0,unavailable,{},added evidence-derived prior; compared against preserved previous release.
CHANGE_PRIOR_XRE-A12_protein_availability,PRIOR_XRE-A12_protein_availability,0.1.0,0.2.0,unavailable,{},added evidence-derived prior; compared against preserved previous release.
CHANGE_PRIOR_XRE-A12_temporal,PRIOR_XRE-A12_temporal,0.1.0,0.2.0,unavailable,{},added evidence-derived prior; compared against preserved previous release.
CHANGE_PRIOR_XRE-A13_context_specific,PRIOR_XRE-A13_context_specific,0.1.0,0.2.0,unavailable,"{""context_id"":""CTX_f18f3f79a32ab5ae""}",added evidence-derived prior; compared against preserved previous release.
CHANGE_PRIOR_XRE-A13_direction,PRIOR_XRE-A13_direction,0.1.0,0.2.0,unavailable,"{""alpha"":[1.0,2.0,1.0],""categories"":[""increase"",""decrease"",""other""]}",added evidence-derived prior; compared against preserved previous release.
CHANGE_PRIOR_XRE-A13_effect_class,PRIOR_XRE-A13_effect_class,0.1.0,0.2.0,unavailable,"{""observed_direction"":""decrease""}",added evidence-derived prior; compared against preserved previous release.
CHANGE_PRIOR_XRE-A13_existence,PRIOR_XRE-A13_existence,0.1.0,0.2.0,unavailable,"{""alpha"":2.0,""beta"":1.0}",added evidence-derived prior; compared against preserved previous release.
CHANGE_PRIOR_XRE-A13_expression,PRIOR_XRE-A13_expression,0.1.0,0.2.0,unavailable,{},added evidence-derived prior; compared against preserved previous release.
CHANGE_PRIOR_XRE-A13_genetic_modifier,PRIOR_XRE-A13_genetic_modifier,0.1.0,0.2.0,unavailable,{},added evidence-derived prior; compared against preserved previous release.
CHANGE_PRIOR_XRE-A13_human_transportability,PRIOR_XRE-A13_human_transportability,0.1.0,0.2.0,unavailable,{},added evidence-derived prior; compared against preserved previous release.
CHANGE_PRIOR_XRE-A13_magnitude,PRIOR_XRE-A13_magnitude,0.1.0,0.2.0,unavailable,{},added evidence-derived prior; compared against preserved previous release.
CHANGE_PRIOR_XRE-A13_protein_availability,PRIOR_XRE-A13_protein_availability,0.1.0,0.2.0,unavailable,{},added evidence-derived prior; compared against preserved previous release.
CHANGE_PRIOR_XRE-A13_temporal,PRIOR_XRE-A13_temporal,0.1.0,0.2.0,unavailable,{},added evidence-derived prior; compared against preserved previous release.
CHANGE_PRIOR_XRE-A14_context_specific,PRIOR_XRE-A14_context_specific,0.1.0,0.2.0,unavailable,"{""context_id"":""CTX_92860b268da73286""}",added evidence-derived prior; compared against preserved previous release.
CHANGE_PRIOR_XRE-A14_direction,PRIOR_XRE-A14_direction,0.1.0,0.2.0,unavailable,"{""alpha"":[1.0,1.0,1.5],""categories"":[""increase"",""decrease"",""other""]}",added evidence-derived prior; compared against preserved previous release.
CHANGE_PRIOR_XRE-A14_effect_class,PRIOR_XRE-A14_effect_class,0.1.0,0.2.0,unavailable,"{""observed_direction"":""association""}",added evidence-derived prior; compared against preserved previous release.
CHANGE_PRIOR_XRE-A14_existence,PRIOR_XRE-A14_existence,0.1.0,0.2.0,unavailable,"{""alpha"":1.5,""beta"":1.0}",added evidence-derived prior; compared against preserved previous release.
CHANGE_PRIOR_XRE-A14_expression,PRIOR_XRE-A14_expression,0.1.0,0.2.0,unavailable,{},added evidence-derived prior; compared against preserved previous release.
CHANGE_PRIOR_XRE-A14_genetic_modifier,PRIOR_XRE-A14_genetic_modifier,0.1.0,0.2.0,unavailable,{},added evidence-derived prior; compared against preserved previous release.
CHANGE_PRIOR_XRE-A14_human_transportability,PRIOR_XRE-A14_human_transportability,0.1.0,0.2.0,unavailable,{},added evidence-derived prior; compared against preserved previous release.
CHANGE_PRIOR_XRE-A14_magnitude,PRIOR_XRE-A14_magnitude,0.1.0,0.2.0,unavailable,{},added evidence-derived prior; compared against preserved previous release.
CHANGE_PRIOR_XRE-A14_protein_availability,PRIOR_XRE-A14_protein_availability,0.1.0,0.2.0,unavailable,{},added evidence-derived prior; compared against preserved previous release.
CHANGE_PRIOR_XRE-A14_temporal,PRIOR_XRE-A14_temporal,0.1.0,0.2.0,unavailable,{},added evidence-derived prior; compared against preserved previous release.
CHANGE_PRIOR_XRE-A15_context_specific,PRIOR_XRE-A15_context_specific,0.1.0,0.2.0,unavailable,"{""context_id"":""CTX_5c12473148e01941""}",added evidence-derived prior; compared against preserved previous release.
CHANGE_PRIOR_XRE-A15_direction,PRIOR_XRE-A15_direction,0.1.0,0.2.0,unavailable,"{""alpha"":[2.0,1.0,1.0],""categories"":[""increase"",""decrease"",""other""]}",added evidence-derived prior; compared against preserved previous release.
CHANGE_PRIOR_XRE-A15_effect_class,PRIOR_XRE-A15_effect_class,0.1.0,0.2.0,unavailable,"{""observed_direction"":""increase""}",added evidence-derived prior; compared against preserved previous release.
CHANGE_PRIOR_XRE-A15_existence,PRIOR_XRE-A15_existence,0.1.0,0.2.0,unavailable,"{""alpha"":2.0,""beta"":1.0}",added evidence-derived prior; compared against preserved previous release.
CHANGE_PRIOR_XRE-A15_expression,PRIOR_XRE-A15_expression,0.1.0,0.2.0,unavailable,{},added evidence-derived prior; compared against preserved previous release.
CHANGE_PRIOR_XRE-A15_genetic_modifier,PRIOR_XRE-A15_genetic_modifier,0.1.0,0.2.0,unavailable,{},added evidence-derived prior; compared against preserved previous release.
CHANGE_PRIOR_XRE-A15_human_transportability,PRIOR_XRE-A15_human_transportability,0.1.0,0.2.0,unavailable,{},added evidence-derived prior; compared against preserved previous release.
CHANGE_PRIOR_XRE-A15_magnitude,PRIOR_XRE-A15_magnitude,0.1.0,0.2.0,unavailable,{},added evidence-derived prior; compared against preserved previous release.
CHANGE_PRIOR_XRE-A15_protein_availability,PRIOR_XRE-A15_protein_availability,0.1.0,0.2.0,unavailable,{},added evidence-derived prior; compared against preserved previous release.
CHANGE_PRIOR_XRE-A15_temporal,PRIOR_XRE-A15_temporal,0.1.0,0.2.0,unavailable,{},added evidence-derived prior; compared against preserved previous release.
CHANGE_PRIOR_XRE-A16_context_specific,PRIOR_XRE-A16_context_specific,0.1.0,0.2.0,unavailable,"{""context_id"":""CTX_1cbb27b145933c62""}",added evidence-derived prior; compared against preserved previous release.
CHANGE_PRIOR_XRE-A16_direction,PRIOR_XRE-A16_direction,0.1.0,0.2.0,unavailable,"{""alpha"":[2.0,1.0,1.0],""categories"":[""increase"",""decrease"",""other""]}",added evidence-derived prior; compared against preserved previous release.
CHANGE_PRIOR_XRE-A16_effect_class,PRIOR_XRE-A16_effect_class,0.1.0,0.2.0,unavailable,"{""observed_direction"":""increase""}",added evidence-derived prior; compared against preserved previous release.
CHANGE_PRIOR_XRE-A16_existence,PRIOR_XRE-A16_existence,0.1.0,0.2.0,unavailable,"{""alpha"":2.0,""beta"":1.0}",added evidence-derived prior; compared against preserved previous release.
CHANGE_PRIOR_XRE-A16_expression,PRIOR_XRE-A16_expression,0.1.0,0.2.0,unavailable,{},added evidence-derived prior; compared against preserved previous release.
CHANGE_PRIOR_XRE-A16_genetic_modifier,PRIOR_XRE-A16_genetic_modifier,0.1.0,0.2.0,unavailable,{},added evidence-derived prior; compared against preserved previous release.
CHANGE_PRIOR_XRE-A16_human_transportability,PRIOR_XRE-A16_human_transportability,0.1.0,0.2.0,unavailable,{},added evidence-derived prior; compared against preserved previous release.
CHANGE_PRIOR_XRE-A16_magnitude,PRIOR_XRE-A16_magnitude,0.1.0,0.2.0,unavailable,{},added evidence-derived prior; compared against preserved previous release.
CHANGE_PRIOR_XRE-A16_protein_availability,PRIOR_XRE-A16_protein_availability,0.1.0,0.2.0,unavailable,{},added evidence-derived prior; compared against preserved previous release.
CHANGE_PRIOR_XRE-A16_temporal,PRIOR_XRE-A16_temporal,0.1.0,0.2.0,unavailable,{},added evidence-derived prior; compared against preserved previous release.
CHANGE_PRIOR_XRE-A17_context_specific,PRIOR_XRE-A17_context_specific,0.1.0,0.2.0,unavailable,"{""context_id"":""CTX_8bda07cdf74f683d""}",added evidence-derived prior; compared against preserved previous release.
CHANGE_PRIOR_XRE-A17_direction,PRIOR_XRE-A17_direction,0.1.0,0.2.0,unavailable,{},added evidence-derived prior; compared against preserved previous release.
CHANGE_PRIOR_XRE-A17_effect_class,PRIOR_XRE-A17_effect_class,0.1.0,0.2.0,unavailable,"{""observed_direction"":""no_detectable_change""}",added evidence-derived prior; compared against preserved previous release.
CHANGE_PRIOR_XRE-A17_existence,PRIOR_XRE-A17_existence,0.1.0,0.2.0,unavailable,{},added evidence-derived prior; compared against preserved previous release.
CHANGE_PRIOR_XRE-A17_expression,PRIOR_XRE-A17_expression,0.1.0,0.2.0,unavailable,{},added evidence-derived prior; compared against preserved previous release.
CHANGE_PRIOR_XRE-A17_genetic_modifier,PRIOR_XRE-A17_genetic_modifier,0.1.0,0.2.0,unavailable,{},added evidence-derived prior; compared against preserved previous release.
CHANGE_PRIOR_XRE-A17_human_transportability,PRIOR_XRE-A17_human_transportability,0.1.0,0.2.0,unavailable,{},added evidence-derived prior; compared against preserved previous release.
CHANGE_PRIOR_XRE-A17_magnitude,PRIOR_XRE-A17_magnitude,0.1.0,0.2.0,unavailable,{},added evidence-derived prior; compared against preserved previous release.
CHANGE_PRIOR_XRE-A17_protein_availability,PRIOR_XRE-A17_protein_availability,0.1.0,0.2.0,unavailable,{},added evidence-derived prior; compared against preserved previous release.
CHANGE_PRIOR_XRE-A17_temporal,PRIOR_XRE-A17_temporal,0.1.0,0.2.0,unavailable,{},added evidence-derived prior; compared against preserved previous release.
CHANGE_PRIOR_XRE-A18_context_specific,PRIOR_XRE-A18_context_specific,0.1.0,0.2.0,unavailable,"{""context_id"":""CTX_1e324a40219c9957""}",added evidence-derived prior; compared against preserved previous release.
CHANGE_PRIOR_XRE-A18_direction,PRIOR_XRE-A18_direction,0.1.0,0.2.0,unavailable,"{""alpha"":[2.0,1.0,1.0],""categories"":[""increase"",""decrease"",""other""]}",added evidence-derived prior; compared against preserved previous release.
CHANGE_PRIOR_XRE-A18_effect_class,PRIOR_XRE-A18_effect_class,0.1.0,0.2.0,unavailable,"{""observed_direction"":""increase""}",added evidence-derived prior; compared against preserved previous release.
CHANGE_PRIOR_XRE-A18_existence,PRIOR_XRE-A18_existence,0.1.0,0.2.0,unavailable,"{""alpha"":2.0,""beta"":1.0}",added evidence-derived prior; compared against preserved previous release.
CHANGE_PRIOR_XRE-A18_expression,PRIOR_XRE-A18_expression,0.1.0,0.2.0,unavailable,{},added evidence-derived prior; compared against preserved previous release.
CHANGE_PRIOR_XRE-A18_genetic_modifier,PRIOR_XRE-A18_genetic_modifier,0.1.0,0.2.0,unavailable,{},added evidence-derived prior; compared against preserved previous release.
CHANGE_PRIOR_XRE-A18_human_transportability,PRIOR_XRE-A18_human_transportability,0.1.0,0.2.0,unavailable,{},added evidence-derived prior; compared against preserved previous release.
CHANGE_PRIOR_XRE-A18_magnitude,PRIOR_XRE-A18_magnitude,0.1.0,0.2.0,unavailable,{},added evidence-derived prior; compared against preserved previous release.
CHANGE_PRIOR_XRE-A18_protein_availability,PRIOR_XRE-A18_protein_availability,0.1.0,0.2.0,unavailable,{},added evidence-derived prior; compared against preserved previous release.
CHANGE_PRIOR_XRE-A18_temporal,PRIOR_XRE-A18_temporal,0.1.0,0.2.0,unavailable,{},added evidence-derived prior; compared against preserved previous release.
CHANGE_PRIOR_XRE-A19_context_specific,PRIOR_XRE-A19_context_specific,0.1.0,0.2.0,unavailable,"{""context_id"":""CTX_5721ffe14dd9db8e""}",added evidence-derived prior; compared against preserved previous release.
CHANGE_PRIOR_XRE-A19_direction,PRIOR_XRE-A19_direction,0.1.0,0.2.0,unavailable,"{""alpha"":[1.0,2.5,1.0],""categories"":[""increase"",""decrease"",""other""]}",added evidence-derived prior; compared against preserved previous release.
CHANGE_PRIOR_XRE-A19_effect_class,PRIOR_XRE-A19_effect_class,0.1.0,0.2.0,unavailable,"{""observed_direction"":""decrease""}",added evidence-derived prior; compared against preserved previous release.
CHANGE_PRIOR_XRE-A19_existence,PRIOR_XRE-A19_existence,0.1.0,0.2.0,unavailable,"{""alpha"":2.5,""beta"":1.0}",added evidence-derived prior; compared against preserved previous release.
CHANGE_PRIOR_XRE-A19_expression,PRIOR_XRE-A19_expression,0.1.0,0.2.0,unavailable,{},added evidence-derived prior; compared against preserved previous release.
CHANGE_PRIOR_XRE-A19_genetic_modifier,PRIOR_XRE-A19_genetic_modifier,0.1.0,0.2.0,unavailable,{},added evidence-derived prior; compared against preserved previous release.
CHANGE_PRIOR_XRE-A19_human_transportability,PRIOR_XRE-A19_human_transportability,0.1.0,0.2.0,unavailable,{},added evidence-derived prior; compared against preserved previous release.
CHANGE_PRIOR_XRE-A19_magnitude,PRIOR_XRE-A19_magnitude,0.1.0,0.2.0,unavailable,{},added evidence-derived prior; compared against preserved previous release.
CHANGE_PRIOR_XRE-A19_protein_availability,PRIOR_XRE-A19_protein_availability,0.1.0,0.2.0,unavailable,{},added evidence-derived prior; compared against preserved previous release.
CHANGE_PRIOR_XRE-A19_temporal,PRIOR_XRE-A19_temporal,0.1.0,0.2.0,unavailable,{},added evidence-derived prior; compared against preserved previous release.
CHANGE_PRIOR_XRE-A20_context_specific,PRIOR_XRE-A20_context_specific,0.1.0,0.2.0,unavailable,"{""context_id"":""CTX_bb13cd5796a35608""}",added evidence-derived prior; compared against preserved previous release.
CHANGE_PRIOR_XRE-A20_direction,PRIOR_XRE-A20_direction,0.1.0,0.2.0,unavailable,"{""alpha"":[2.0,1.0,1.0],""categories"":[""increase"",""decrease"",""other""]}",added evidence-derived prior; compared against preserved previous release.
CHANGE_PRIOR_XRE-A20_effect_class,PRIOR_XRE-A20_effect_class,0.1.0,0.2.0,unavailable,"{""observed_direction"":""increase""}",added evidence-derived prior; compared against preserved previous release.
CHANGE_PRIOR_XRE-A20_existence,PRIOR_XRE-A20_existence,0.1.0,0.2.0,unavailable,"{""alpha"":2.0,""beta"":1.0}",added evidence-derived prior; compared against preserved previous release.
CHANGE_PRIOR_XRE-A20_expression,PRIOR_XRE-A20_expression,0.1.0,0.2.0,unavailable,{},added evidence-derived prior; compared against preserved previous release.
CHANGE_PRIOR_XRE-A20_genetic_modifier,PRIOR_XRE-A20_genetic_modifier,0.1.0,0.2.0,unavailable,{},added evidence-derived prior; compared against preserved previous release.
CHANGE_PRIOR_XRE-A20_human_transportability,PRIOR_XRE-A20_human_transportability,0.1.0,0.2.0,unavailable,{},added evidence-derived prior; compared against preserved previous release.
CHANGE_PRIOR_XRE-A20_magnitude,PRIOR_XRE-A20_magnitude,0.1.0,0.2.0,unavailable,{},added evidence-derived prior; compared against preserved previous release.
CHANGE_PRIOR_XRE-A20_protein_availability,PRIOR_XRE-A20_protein_availability,0.1.0,0.2.0,unavailable,{},added evidence-derived prior; compared against preserved previous release.
CHANGE_PRIOR_XRE-A20_temporal,PRIOR_XRE-A20_temporal,0.1.0,0.2.0,unavailable,{},added evidence-derived prior; compared against preserved previous release.
