prior_id,assertion_id,parameter_family,distribution,parameters,estimate,estimate_without_journal,independent_groups,calibration_status,availability,rationale
PRIOR_C-A01_context_specific,C-A01,context_specific,categorical_annotation,"{""context_id"":""CTX_cb7b3069ec44579a""}",,,1,uncalibrated,available,"Observed annotation only, no numeric distribution inferred."
PRIOR_C-A01_direction,C-A01,direction,Dirichlet,"{""alpha"":[2.0,1.0,1.0],""categories"":[""increase"",""decrease"",""other""]}",,,1,uncalibrated,available,Direction uncertainty is separate from existence and from effect magnitude.
PRIOR_C-A01_effect_class,C-A01,effect_class,categorical_annotation,"{""observed_direction"":""increase""}",,,1,uncalibrated,available,"Observed annotation only, no numeric distribution inferred."
PRIOR_C-A01_existence,C-A01,existence,Beta,"{""alpha"":2.0,""beta"":1.0}",0.6666666666666666,0.6666666666666666,1,uncalibrated,available,"Tier/access/confidence weights, biological cohort cap; not calibrated probability of truth."
PRIOR_C-A01_expression,C-A01,expression,unavailable,{},,,0,uncalibrated,unavailable,Quantitative parameterization requires compatible effect/uncertainty data or validated calibration; unavailable in this release.
PRIOR_C-A01_genetic_modifier,C-A01,genetic_modifier,unavailable,{},,,0,uncalibrated,unavailable,Quantitative parameterization requires compatible effect/uncertainty data or validated calibration; unavailable in this release.
PRIOR_C-A01_human_transportability,C-A01,human_transportability,unavailable,{},,,0,uncalibrated,unavailable,Quantitative parameterization requires compatible effect/uncertainty data or validated calibration; unavailable in this release.
PRIOR_C-A01_magnitude,C-A01,magnitude,unavailable,{},,,0,uncalibrated,unavailable,Quantitative parameterization requires compatible effect/uncertainty data or validated calibration; unavailable in this release.
PRIOR_C-A01_protein_availability,C-A01,protein_availability,unavailable,{},,,0,uncalibrated,unavailable,Quantitative parameterization requires compatible effect/uncertainty data or validated calibration; unavailable in this release.
PRIOR_C-A01_temporal,C-A01,temporal,unavailable,{},,,0,uncalibrated,unavailable,Quantitative parameterization requires compatible effect/uncertainty data or validated calibration; unavailable in this release.
PRIOR_C-A02_context_specific,C-A02,context_specific,categorical_annotation,"{""context_id"":""CTX_b782d5a6330f6966""}",,,1,uncalibrated,available,"Observed annotation only, no numeric distribution inferred."
PRIOR_C-A02_direction,C-A02,direction,Dirichlet,"{""alpha"":[2.0,1.0,1.0],""categories"":[""increase"",""decrease"",""other""]}",,,1,uncalibrated,available,Direction uncertainty is separate from existence and from effect magnitude.
PRIOR_C-A02_effect_class,C-A02,effect_class,categorical_annotation,"{""observed_direction"":""increase""}",,,1,uncalibrated,available,"Observed annotation only, no numeric distribution inferred."
PRIOR_C-A02_existence,C-A02,existence,Beta,"{""alpha"":2.0,""beta"":1.0}",0.6666666666666666,0.6666666666666666,1,uncalibrated,available,"Tier/access/confidence weights, biological cohort cap; not calibrated probability of truth."
PRIOR_C-A02_expression,C-A02,expression,unavailable,{},,,0,uncalibrated,unavailable,Quantitative parameterization requires compatible effect/uncertainty data or validated calibration; unavailable in this release.
PRIOR_C-A02_genetic_modifier,C-A02,genetic_modifier,unavailable,{},,,0,uncalibrated,unavailable,Quantitative parameterization requires compatible effect/uncertainty data or validated calibration; unavailable in this release.
PRIOR_C-A02_human_transportability,C-A02,human_transportability,unavailable,{},,,0,uncalibrated,unavailable,Quantitative parameterization requires compatible effect/uncertainty data or validated calibration; unavailable in this release.
PRIOR_C-A02_magnitude,C-A02,magnitude,unavailable,{},,,0,uncalibrated,unavailable,Quantitative parameterization requires compatible effect/uncertainty data or validated calibration; unavailable in this release.
PRIOR_C-A02_protein_availability,C-A02,protein_availability,unavailable,{},,,0,uncalibrated,unavailable,Quantitative parameterization requires compatible effect/uncertainty data or validated calibration; unavailable in this release.
PRIOR_C-A02_temporal,C-A02,temporal,unavailable,{},,,0,uncalibrated,unavailable,Quantitative parameterization requires compatible effect/uncertainty data or validated calibration; unavailable in this release.
PRIOR_C-A03_context_specific,C-A03,context_specific,categorical_annotation,"{""context_id"":""CTX_1891c32fe94ea351""}",,,1,uncalibrated,available,"Observed annotation only, no numeric distribution inferred."
PRIOR_C-A03_direction,C-A03,direction,Dirichlet,"{""alpha"":[2.0,1.0,1.0],""categories"":[""increase"",""decrease"",""other""]}",,,1,uncalibrated,available,Direction uncertainty is separate from existence and from effect magnitude.
PRIOR_C-A03_effect_class,C-A03,effect_class,categorical_annotation,"{""observed_direction"":""increase""}",,,1,uncalibrated,available,"Observed annotation only, no numeric distribution inferred."
PRIOR_C-A03_existence,C-A03,existence,Beta,"{""alpha"":2.0,""beta"":1.0}",0.6666666666666666,0.6666666666666666,1,uncalibrated,available,"Tier/access/confidence weights, biological cohort cap; not calibrated probability of truth."
PRIOR_C-A03_expression,C-A03,expression,unavailable,{},,,0,uncalibrated,unavailable,Quantitative parameterization requires compatible effect/uncertainty data or validated calibration; unavailable in this release.
PRIOR_C-A03_genetic_modifier,C-A03,genetic_modifier,unavailable,{},,,0,uncalibrated,unavailable,Quantitative parameterization requires compatible effect/uncertainty data or validated calibration; unavailable in this release.
PRIOR_C-A03_human_transportability,C-A03,human_transportability,unavailable,{},,,0,uncalibrated,unavailable,Quantitative parameterization requires compatible effect/uncertainty data or validated calibration; unavailable in this release.
PRIOR_C-A03_magnitude,C-A03,magnitude,unavailable,{},,,0,uncalibrated,unavailable,Quantitative parameterization requires compatible effect/uncertainty data or validated calibration; unavailable in this release.
PRIOR_C-A03_protein_availability,C-A03,protein_availability,unavailable,{},,,0,uncalibrated,unavailable,Quantitative parameterization requires compatible effect/uncertainty data or validated calibration; unavailable in this release.
PRIOR_C-A03_temporal,C-A03,temporal,unavailable,{},,,0,uncalibrated,unavailable,Quantitative parameterization requires compatible effect/uncertainty data or validated calibration; unavailable in this release.
PRIOR_C-A04_context_specific,C-A04,context_specific,categorical_annotation,"{""context_id"":""CTX_1891c32fe94ea351""}",,,1,uncalibrated,available,"Observed annotation only, no numeric distribution inferred."
PRIOR_C-A04_direction,C-A04,direction,Dirichlet,"{""alpha"":[2.0,1.0,1.0],""categories"":[""increase"",""decrease"",""other""]}",,,1,uncalibrated,available,Direction uncertainty is separate from existence and from effect magnitude.
PRIOR_C-A04_effect_class,C-A04,effect_class,categorical_annotation,"{""observed_direction"":""increase""}",,,1,uncalibrated,available,"Observed annotation only, no numeric distribution inferred."
PRIOR_C-A04_existence,C-A04,existence,Beta,"{""alpha"":2.0,""beta"":1.0}",0.6666666666666666,0.6666666666666666,1,uncalibrated,available,"Tier/access/confidence weights, biological cohort cap; not calibrated probability of truth."
PRIOR_C-A04_expression,C-A04,expression,unavailable,{},,,0,uncalibrated,unavailable,Quantitative parameterization requires compatible effect/uncertainty data or validated calibration; unavailable in this release.
PRIOR_C-A04_genetic_modifier,C-A04,genetic_modifier,unavailable,{},,,0,uncalibrated,unavailable,Quantitative parameterization requires compatible effect/uncertainty data or validated calibration; unavailable in this release.
PRIOR_C-A04_human_transportability,C-A04,human_transportability,unavailable,{},,,0,uncalibrated,unavailable,Quantitative parameterization requires compatible effect/uncertainty data or validated calibration; unavailable in this release.
PRIOR_C-A04_magnitude,C-A04,magnitude,unavailable,{},,,0,uncalibrated,unavailable,Quantitative parameterization requires compatible effect/uncertainty data or validated calibration; unavailable in this release.
PRIOR_C-A04_protein_availability,C-A04,protein_availability,unavailable,{},,,0,uncalibrated,unavailable,Quantitative parameterization requires compatible effect/uncertainty data or validated calibration; unavailable in this release.
PRIOR_C-A04_temporal,C-A04,temporal,unavailable,{},,,0,uncalibrated,unavailable,Quantitative parameterization requires compatible effect/uncertainty data or validated calibration; unavailable in this release.
PRIOR_C-A05_context_specific,C-A05,context_specific,categorical_annotation,"{""context_id"":""CTX_1891c32fe94ea351""}",,,1,uncalibrated,available,"Observed annotation only, no numeric distribution inferred."
PRIOR_C-A05_direction,C-A05,direction,Dirichlet,"{""alpha"":[2.0,1.0,1.0],""categories"":[""increase"",""decrease"",""other""]}",,,1,uncalibrated,available,Direction uncertainty is separate from existence and from effect magnitude.
PRIOR_C-A05_effect_class,C-A05,effect_class,categorical_annotation,"{""observed_direction"":""increase""}",,,1,uncalibrated,available,"Observed annotation only, no numeric distribution inferred."
PRIOR_C-A05_existence,C-A05,existence,Beta,"{""alpha"":2.0,""beta"":1.0}",0.6666666666666666,0.6666666666666666,1,uncalibrated,available,"Tier/access/confidence weights, biological cohort cap; not calibrated probability of truth."
PRIOR_C-A05_expression,C-A05,expression,unavailable,{},,,0,uncalibrated,unavailable,Quantitative parameterization requires compatible effect/uncertainty data or validated calibration; unavailable in this release.
PRIOR_C-A05_genetic_modifier,C-A05,genetic_modifier,unavailable,{},,,0,uncalibrated,unavailable,Quantitative parameterization requires compatible effect/uncertainty data or validated calibration; unavailable in this release.
PRIOR_C-A05_human_transportability,C-A05,human_transportability,unavailable,{},,,0,uncalibrated,unavailable,Quantitative parameterization requires compatible effect/uncertainty data or validated calibration; unavailable in this release.
PRIOR_C-A05_magnitude,C-A05,magnitude,unavailable,{},,,0,uncalibrated,unavailable,Quantitative parameterization requires compatible effect/uncertainty data or validated calibration; unavailable in this release.
PRIOR_C-A05_protein_availability,C-A05,protein_availability,unavailable,{},,,0,uncalibrated,unavailable,Quantitative parameterization requires compatible effect/uncertainty data or validated calibration; unavailable in this release.
PRIOR_C-A05_temporal,C-A05,temporal,unavailable,{},,,0,uncalibrated,unavailable,Quantitative parameterization requires compatible effect/uncertainty data or validated calibration; unavailable in this release.
PRIOR_C-A06_context_specific,C-A06,context_specific,categorical_annotation,"{""context_id"":""CTX_9f06eda20f5542b6""}",,,1,uncalibrated,available,"Observed annotation only, no numeric distribution inferred."
PRIOR_C-A06_direction,C-A06,direction,Dirichlet,"{""alpha"":[1.0,2.0,1.0],""categories"":[""increase"",""decrease"",""other""]}",,,1,uncalibrated,available,Direction uncertainty is separate from existence and from effect magnitude.
PRIOR_C-A06_effect_class,C-A06,effect_class,categorical_annotation,"{""observed_direction"":""decrease""}",,,1,uncalibrated,available,"Observed annotation only, no numeric distribution inferred."
PRIOR_C-A06_existence,C-A06,existence,Beta,"{""alpha"":2.0,""beta"":1.0}",0.6666666666666666,0.6666666666666666,1,uncalibrated,available,"Tier/access/confidence weights, biological cohort cap; not calibrated probability of truth."
PRIOR_C-A06_expression,C-A06,expression,unavailable,{},,,0,uncalibrated,unavailable,Quantitative parameterization requires compatible effect/uncertainty data or validated calibration; unavailable in this release.
PRIOR_C-A06_genetic_modifier,C-A06,genetic_modifier,unavailable,{},,,0,uncalibrated,unavailable,Quantitative parameterization requires compatible effect/uncertainty data or validated calibration; unavailable in this release.
PRIOR_C-A06_human_transportability,C-A06,human_transportability,unavailable,{},,,0,uncalibrated,unavailable,Quantitative parameterization requires compatible effect/uncertainty data or validated calibration; unavailable in this release.
PRIOR_C-A06_magnitude,C-A06,magnitude,unavailable,{},,,0,uncalibrated,unavailable,Quantitative parameterization requires compatible effect/uncertainty data or validated calibration; unavailable in this release.
PRIOR_C-A06_protein_availability,C-A06,protein_availability,unavailable,{},,,0,uncalibrated,unavailable,Quantitative parameterization requires compatible effect/uncertainty data or validated calibration; unavailable in this release.
PRIOR_C-A06_temporal,C-A06,temporal,unavailable,{},,,0,uncalibrated,unavailable,Quantitative parameterization requires compatible effect/uncertainty data or validated calibration; unavailable in this release.
PRIOR_C-A07_context_specific,C-A07,context_specific,categorical_annotation,"{""context_id"":""CTX_9f06eda20f5542b6""}",,,1,uncalibrated,available,"Observed annotation only, no numeric distribution inferred."
PRIOR_C-A07_direction,C-A07,direction,Dirichlet,"{""alpha"":[1.0,2.0,1.0],""categories"":[""increase"",""decrease"",""other""]}",,,1,uncalibrated,available,Direction uncertainty is separate from existence and from effect magnitude.
PRIOR_C-A07_effect_class,C-A07,effect_class,categorical_annotation,"{""observed_direction"":""decrease""}",,,1,uncalibrated,available,"Observed annotation only, no numeric distribution inferred."
PRIOR_C-A07_existence,C-A07,existence,Beta,"{""alpha"":2.0,""beta"":1.0}",0.6666666666666666,0.6666666666666666,1,uncalibrated,available,"Tier/access/confidence weights, biological cohort cap; not calibrated probability of truth."
PRIOR_C-A07_expression,C-A07,expression,unavailable,{},,,0,uncalibrated,unavailable,Quantitative parameterization requires compatible effect/uncertainty data or validated calibration; unavailable in this release.
PRIOR_C-A07_genetic_modifier,C-A07,genetic_modifier,unavailable,{},,,0,uncalibrated,unavailable,Quantitative parameterization requires compatible effect/uncertainty data or validated calibration; unavailable in this release.
PRIOR_C-A07_human_transportability,C-A07,human_transportability,unavailable,{},,,0,uncalibrated,unavailable,Quantitative parameterization requires compatible effect/uncertainty data or validated calibration; unavailable in this release.
PRIOR_C-A07_magnitude,C-A07,magnitude,unavailable,{},,,0,uncalibrated,unavailable,Quantitative parameterization requires compatible effect/uncertainty data or validated calibration; unavailable in this release.
PRIOR_C-A07_protein_availability,C-A07,protein_availability,unavailable,{},,,0,uncalibrated,unavailable,Quantitative parameterization requires compatible effect/uncertainty data or validated calibration; unavailable in this release.
PRIOR_C-A07_temporal,C-A07,temporal,unavailable,{},,,0,uncalibrated,unavailable,Quantitative parameterization requires compatible effect/uncertainty data or validated calibration; unavailable in this release.
PRIOR_C-A08_context_specific,C-A08,context_specific,categorical_annotation,"{""context_id"":""CTX_3c31409e36d4dc06""}",,,1,uncalibrated,available,"Observed annotation only, no numeric distribution inferred."
PRIOR_C-A08_direction,C-A08,direction,Dirichlet,"{""alpha"":[1.5,1.0,1.0],""categories"":[""increase"",""decrease"",""other""]}",,,1,uncalibrated,available,Direction uncertainty is separate from existence and from effect magnitude.
PRIOR_C-A08_effect_class,C-A08,effect_class,categorical_annotation,"{""observed_direction"":""increase""}",,,1,uncalibrated,available,"Observed annotation only, no numeric distribution inferred."
PRIOR_C-A08_existence,C-A08,existence,Beta,"{""alpha"":1.5,""beta"":1.0}",0.6,0.6,1,uncalibrated,available,"Tier/access/confidence weights, biological cohort cap; not calibrated probability of truth."
PRIOR_C-A08_expression,C-A08,expression,unavailable,{},,,0,uncalibrated,unavailable,Quantitative parameterization requires compatible effect/uncertainty data or validated calibration; unavailable in this release.
PRIOR_C-A08_genetic_modifier,C-A08,genetic_modifier,unavailable,{},,,0,uncalibrated,unavailable,Quantitative parameterization requires compatible effect/uncertainty data or validated calibration; unavailable in this release.
PRIOR_C-A08_human_transportability,C-A08,human_transportability,unavailable,{},,,0,uncalibrated,unavailable,Quantitative parameterization requires compatible effect/uncertainty data or validated calibration; unavailable in this release.
PRIOR_C-A08_magnitude,C-A08,magnitude,unavailable,{},,,0,uncalibrated,unavailable,Quantitative parameterization requires compatible effect/uncertainty data or validated calibration; unavailable in this release.
PRIOR_C-A08_protein_availability,C-A08,protein_availability,unavailable,{},,,0,uncalibrated,unavailable,Quantitative parameterization requires compatible effect/uncertainty data or validated calibration; unavailable in this release.
PRIOR_C-A08_temporal,C-A08,temporal,unavailable,{},,,0,uncalibrated,unavailable,Quantitative parameterization requires compatible effect/uncertainty data or validated calibration; unavailable in this release.
PRIOR_C-A09_context_specific,C-A09,context_specific,categorical_annotation,"{""context_id"":""CTX_40392127839de0b7""}",,,1,uncalibrated,available,"Observed annotation only, no numeric distribution inferred."
PRIOR_C-A09_direction,C-A09,direction,Dirichlet,"{""alpha"":[1.0,2.0,1.0],""categories"":[""increase"",""decrease"",""other""]}",,,1,uncalibrated,available,Direction uncertainty is separate from existence and from effect magnitude.
PRIOR_C-A09_effect_class,C-A09,effect_class,categorical_annotation,"{""observed_direction"":""decrease""}",,,1,uncalibrated,available,"Observed annotation only, no numeric distribution inferred."
PRIOR_C-A09_existence,C-A09,existence,Beta,"{""alpha"":2.0,""beta"":1.0}",0.6666666666666666,0.6666666666666666,1,uncalibrated,available,"Tier/access/confidence weights, biological cohort cap; not calibrated probability of truth."
PRIOR_C-A09_expression,C-A09,expression,unavailable,{},,,0,uncalibrated,unavailable,Quantitative parameterization requires compatible effect/uncertainty data or validated calibration; unavailable in this release.
PRIOR_C-A09_genetic_modifier,C-A09,genetic_modifier,unavailable,{},,,0,uncalibrated,unavailable,Quantitative parameterization requires compatible effect/uncertainty data or validated calibration; unavailable in this release.
PRIOR_C-A09_human_transportability,C-A09,human_transportability,unavailable,{},,,0,uncalibrated,unavailable,Quantitative parameterization requires compatible effect/uncertainty data or validated calibration; unavailable in this release.
PRIOR_C-A09_magnitude,C-A09,magnitude,unavailable,{},,,0,uncalibrated,unavailable,Quantitative parameterization requires compatible effect/uncertainty data or validated calibration; unavailable in this release.
PRIOR_C-A09_protein_availability,C-A09,protein_availability,unavailable,{},,,0,uncalibrated,unavailable,Quantitative parameterization requires compatible effect/uncertainty data or validated calibration; unavailable in this release.
PRIOR_C-A09_temporal,C-A09,temporal,unavailable,{},,,0,uncalibrated,unavailable,Quantitative parameterization requires compatible effect/uncertainty data or validated calibration; unavailable in this release.
PRIOR_C-A10_context_specific,C-A10,context_specific,categorical_annotation,"{""context_id"":""CTX_b4e83cbed949d2c2""}",,,1,uncalibrated,available,"Observed annotation only, no numeric distribution inferred."
PRIOR_C-A10_direction,C-A10,direction,Dirichlet,"{""alpha"":[1.0,2.0,1.0],""categories"":[""increase"",""decrease"",""other""]}",,,1,uncalibrated,available,Direction uncertainty is separate from existence and from effect magnitude.
PRIOR_C-A10_effect_class,C-A10,effect_class,categorical_annotation,"{""observed_direction"":""decrease""}",,,1,uncalibrated,available,"Observed annotation only, no numeric distribution inferred."
PRIOR_C-A10_existence,C-A10,existence,Beta,"{""alpha"":2.0,""beta"":1.0}",0.6666666666666666,0.6666666666666666,1,uncalibrated,available,"Tier/access/confidence weights, biological cohort cap; not calibrated probability of truth."
PRIOR_C-A10_expression,C-A10,expression,unavailable,{},,,0,uncalibrated,unavailable,Quantitative parameterization requires compatible effect/uncertainty data or validated calibration; unavailable in this release.
PRIOR_C-A10_genetic_modifier,C-A10,genetic_modifier,unavailable,{},,,0,uncalibrated,unavailable,Quantitative parameterization requires compatible effect/uncertainty data or validated calibration; unavailable in this release.
PRIOR_C-A10_human_transportability,C-A10,human_transportability,unavailable,{},,,0,uncalibrated,unavailable,Quantitative parameterization requires compatible effect/uncertainty data or validated calibration; unavailable in this release.
PRIOR_C-A10_magnitude,C-A10,magnitude,unavailable,{},,,0,uncalibrated,unavailable,Quantitative parameterization requires compatible effect/uncertainty data or validated calibration; unavailable in this release.
PRIOR_C-A10_protein_availability,C-A10,protein_availability,unavailable,{},,,0,uncalibrated,unavailable,Quantitative parameterization requires compatible effect/uncertainty data or validated calibration; unavailable in this release.
PRIOR_C-A10_temporal,C-A10,temporal,unavailable,{},,,0,uncalibrated,unavailable,Quantitative parameterization requires compatible effect/uncertainty data or validated calibration; unavailable in this release.
PRIOR_C-A11_context_specific,C-A11,context_specific,categorical_annotation,"{""context_id"":""CTX_18d2ba6c1ac37ada""}",,,1,uncalibrated,available,"Observed annotation only, no numeric distribution inferred."
PRIOR_C-A11_direction,C-A11,direction,Dirichlet,"{""alpha"":[1.0,2.0,1.0],""categories"":[""increase"",""decrease"",""other""]}",,,1,uncalibrated,available,Direction uncertainty is separate from existence and from effect magnitude.
PRIOR_C-A11_effect_class,C-A11,effect_class,categorical_annotation,"{""observed_direction"":""decrease""}",,,1,uncalibrated,available,"Observed annotation only, no numeric distribution inferred."
PRIOR_C-A11_existence,C-A11,existence,Beta,"{""alpha"":2.0,""beta"":1.0}",0.6666666666666666,0.6666666666666666,1,uncalibrated,available,"Tier/access/confidence weights, biological cohort cap; not calibrated probability of truth."
PRIOR_C-A11_expression,C-A11,expression,unavailable,{},,,0,uncalibrated,unavailable,Quantitative parameterization requires compatible effect/uncertainty data or validated calibration; unavailable in this release.
PRIOR_C-A11_genetic_modifier,C-A11,genetic_modifier,unavailable,{},,,0,uncalibrated,unavailable,Quantitative parameterization requires compatible effect/uncertainty data or validated calibration; unavailable in this release.
PRIOR_C-A11_human_transportability,C-A11,human_transportability,unavailable,{},,,0,uncalibrated,unavailable,Quantitative parameterization requires compatible effect/uncertainty data or validated calibration; unavailable in this release.
PRIOR_C-A11_magnitude,C-A11,magnitude,unavailable,{},,,0,uncalibrated,unavailable,Quantitative parameterization requires compatible effect/uncertainty data or validated calibration; unavailable in this release.
PRIOR_C-A11_protein_availability,C-A11,protein_availability,unavailable,{},,,0,uncalibrated,unavailable,Quantitative parameterization requires compatible effect/uncertainty data or validated calibration; unavailable in this release.
PRIOR_C-A11_temporal,C-A11,temporal,unavailable,{},,,0,uncalibrated,unavailable,Quantitative parameterization requires compatible effect/uncertainty data or validated calibration; unavailable in this release.
PRIOR_C-A12_context_specific,C-A12,context_specific,unavailable,{},,,0,uncalibrated,withheld,Contested/incomplete extraction withheld.
PRIOR_C-A12_direction,C-A12,direction,unavailable,{},,,0,uncalibrated,withheld,Contested/incomplete extraction withheld.
PRIOR_C-A12_effect_class,C-A12,effect_class,unavailable,{},,,0,uncalibrated,withheld,Contested/incomplete extraction withheld.
PRIOR_C-A12_existence,C-A12,existence,unavailable,{},,,0,uncalibrated,withheld,Contested/incomplete extraction withheld.
PRIOR_C-A12_expression,C-A12,expression,unavailable,{},,,0,uncalibrated,withheld,Contested/incomplete extraction withheld.
PRIOR_C-A12_genetic_modifier,C-A12,genetic_modifier,unavailable,{},,,0,uncalibrated,withheld,Contested/incomplete extraction withheld.
PRIOR_C-A12_human_transportability,C-A12,human_transportability,unavailable,{},,,0,uncalibrated,withheld,Contested/incomplete extraction withheld.
PRIOR_C-A12_magnitude,C-A12,magnitude,unavailable,{},,,0,uncalibrated,withheld,Contested/incomplete extraction withheld.
PRIOR_C-A12_protein_availability,C-A12,protein_availability,unavailable,{},,,0,uncalibrated,withheld,Contested/incomplete extraction withheld.
PRIOR_C-A12_temporal,C-A12,temporal,unavailable,{},,,0,uncalibrated,withheld,Contested/incomplete extraction withheld.
PRIOR_C-A13_context_specific,C-A13,context_specific,categorical_annotation,"{""context_id"":""CTX_d796ed621a19482c""}",,,1,uncalibrated,available,"Observed annotation only, no numeric distribution inferred."
PRIOR_C-A13_direction,C-A13,direction,Dirichlet,"{""alpha"":[1.5,1.0,1.0],""categories"":[""increase"",""decrease"",""other""]}",,,1,uncalibrated,available,Direction uncertainty is separate from existence and from effect magnitude.
PRIOR_C-A13_effect_class,C-A13,effect_class,categorical_annotation,"{""observed_direction"":""increase""}",,,1,uncalibrated,available,"Observed annotation only, no numeric distribution inferred."
PRIOR_C-A13_existence,C-A13,existence,Beta,"{""alpha"":1.5,""beta"":1.0}",0.6,0.6,1,uncalibrated,available,"Tier/access/confidence weights, biological cohort cap; not calibrated probability of truth."
PRIOR_C-A13_expression,C-A13,expression,unavailable,{},,,0,uncalibrated,unavailable,Quantitative parameterization requires compatible effect/uncertainty data or validated calibration; unavailable in this release.
PRIOR_C-A13_genetic_modifier,C-A13,genetic_modifier,unavailable,{},,,0,uncalibrated,unavailable,Quantitative parameterization requires compatible effect/uncertainty data or validated calibration; unavailable in this release.
PRIOR_C-A13_human_transportability,C-A13,human_transportability,unavailable,{},,,0,uncalibrated,unavailable,Quantitative parameterization requires compatible effect/uncertainty data or validated calibration; unavailable in this release.
PRIOR_C-A13_magnitude,C-A13,magnitude,unavailable,{},,,0,uncalibrated,unavailable,Quantitative parameterization requires compatible effect/uncertainty data or validated calibration; unavailable in this release.
PRIOR_C-A13_protein_availability,C-A13,protein_availability,unavailable,{},,,0,uncalibrated,unavailable,Quantitative parameterization requires compatible effect/uncertainty data or validated calibration; unavailable in this release.
PRIOR_C-A13_temporal,C-A13,temporal,unavailable,{},,,0,uncalibrated,unavailable,Quantitative parameterization requires compatible effect/uncertainty data or validated calibration; unavailable in this release.
PRIOR_C-A14_context_specific,C-A14,context_specific,categorical_annotation,"{""context_id"":""CTX_f3e507c8140ad4af""}",,,0,uncalibrated,available,"Observed annotation only, no numeric distribution inferred."
PRIOR_C-A14_direction,C-A14,direction,unavailable,{},,,0,uncalibrated,unavailable,Quantitative parameterization requires compatible effect/uncertainty data or validated calibration; unavailable in this release.
PRIOR_C-A14_effect_class,C-A14,effect_class,categorical_annotation,"{""observed_direction"":""null""}",,,0,uncalibrated,available,"Observed annotation only, no numeric distribution inferred."
PRIOR_C-A14_existence,C-A14,existence,unavailable,{},,,0,uncalibrated,unavailable,Quantitative parameterization requires compatible effect/uncertainty data or validated calibration; unavailable in this release.
PRIOR_C-A14_expression,C-A14,expression,unavailable,{},,,0,uncalibrated,unavailable,Quantitative parameterization requires compatible effect/uncertainty data or validated calibration; unavailable in this release.
PRIOR_C-A14_genetic_modifier,C-A14,genetic_modifier,unavailable,{},,,0,uncalibrated,unavailable,Quantitative parameterization requires compatible effect/uncertainty data or validated calibration; unavailable in this release.
PRIOR_C-A14_human_transportability,C-A14,human_transportability,unavailable,{},,,0,uncalibrated,unavailable,Quantitative parameterization requires compatible effect/uncertainty data or validated calibration; unavailable in this release.
PRIOR_C-A14_magnitude,C-A14,magnitude,unavailable,{},,,0,uncalibrated,unavailable,Quantitative parameterization requires compatible effect/uncertainty data or validated calibration; unavailable in this release.
PRIOR_C-A14_protein_availability,C-A14,protein_availability,unavailable,{},,,0,uncalibrated,unavailable,Quantitative parameterization requires compatible effect/uncertainty data or validated calibration; unavailable in this release.
PRIOR_C-A14_temporal,C-A14,temporal,unavailable,{},,,0,uncalibrated,unavailable,Quantitative parameterization requires compatible effect/uncertainty data or validated calibration; unavailable in this release.
PRIOR_C-A15_context_specific,C-A15,context_specific,categorical_annotation,"{""context_id"":""CTX_9d934e5df1446240""}",,,1,uncalibrated,available,"Observed annotation only, no numeric distribution inferred."
PRIOR_C-A15_direction,C-A15,direction,Dirichlet,"{""alpha"":[2.0,1.0,1.0],""categories"":[""increase"",""decrease"",""other""]}",,,1,uncalibrated,available,Direction uncertainty is separate from existence and from effect magnitude.
PRIOR_C-A15_effect_class,C-A15,effect_class,categorical_annotation,"{""observed_direction"":""increase""}",,,1,uncalibrated,available,"Observed annotation only, no numeric distribution inferred."
PRIOR_C-A15_existence,C-A15,existence,Beta,"{""alpha"":2.0,""beta"":1.0}",0.6666666666666666,0.6666666666666666,1,uncalibrated,available,"Tier/access/confidence weights, biological cohort cap; not calibrated probability of truth."
PRIOR_C-A15_expression,C-A15,expression,unavailable,{},,,0,uncalibrated,unavailable,Quantitative parameterization requires compatible effect/uncertainty data or validated calibration; unavailable in this release.
PRIOR_C-A15_genetic_modifier,C-A15,genetic_modifier,unavailable,{},,,0,uncalibrated,unavailable,Quantitative parameterization requires compatible effect/uncertainty data or validated calibration; unavailable in this release.
PRIOR_C-A15_human_transportability,C-A15,human_transportability,unavailable,{},,,0,uncalibrated,unavailable,Quantitative parameterization requires compatible effect/uncertainty data or validated calibration; unavailable in this release.
PRIOR_C-A15_magnitude,C-A15,magnitude,unavailable,{},,,0,uncalibrated,unavailable,Quantitative parameterization requires compatible effect/uncertainty data or validated calibration; unavailable in this release.
PRIOR_C-A15_protein_availability,C-A15,protein_availability,unavailable,{},,,0,uncalibrated,unavailable,Quantitative parameterization requires compatible effect/uncertainty data or validated calibration; unavailable in this release.
PRIOR_C-A15_temporal,C-A15,temporal,unavailable,{},,,0,uncalibrated,unavailable,Quantitative parameterization requires compatible effect/uncertainty data or validated calibration; unavailable in this release.
PRIOR_C-A16_context_specific,C-A16,context_specific,categorical_annotation,"{""context_id"":""CTX_1ec0509ad81b415c""}",,,1,uncalibrated,available,"Observed annotation only, no numeric distribution inferred."
PRIOR_C-A16_direction,C-A16,direction,Dirichlet,"{""alpha"":[3.0,1.0,1.0],""categories"":[""increase"",""decrease"",""other""]}",,,1,uncalibrated,available,Direction uncertainty is separate from existence and from effect magnitude.
PRIOR_C-A16_effect_class,C-A16,effect_class,categorical_annotation,"{""observed_direction"":""increase""}",,,1,uncalibrated,available,"Observed annotation only, no numeric distribution inferred."
PRIOR_C-A16_existence,C-A16,existence,Beta,"{""alpha"":3.0,""beta"":1.0}",0.75,0.75,1,uncalibrated,available,"Tier/access/confidence weights, biological cohort cap; not calibrated probability of truth."
PRIOR_C-A16_expression,C-A16,expression,unavailable,{},,,0,uncalibrated,unavailable,Quantitative parameterization requires compatible effect/uncertainty data or validated calibration; unavailable in this release.
PRIOR_C-A16_genetic_modifier,C-A16,genetic_modifier,unavailable,{},,,0,uncalibrated,unavailable,Quantitative parameterization requires compatible effect/uncertainty data or validated calibration; unavailable in this release.
PRIOR_C-A16_human_transportability,C-A16,human_transportability,unavailable,{},,,0,uncalibrated,unavailable,Quantitative parameterization requires compatible effect/uncertainty data or validated calibration; unavailable in this release.
PRIOR_C-A16_magnitude,C-A16,magnitude,unavailable,{},,,0,uncalibrated,unavailable,Quantitative parameterization requires compatible effect/uncertainty data or validated calibration; unavailable in this release.
PRIOR_C-A16_protein_availability,C-A16,protein_availability,unavailable,{},,,0,uncalibrated,unavailable,Quantitative parameterization requires compatible effect/uncertainty data or validated calibration; unavailable in this release.
PRIOR_C-A16_temporal,C-A16,temporal,unavailable,{},,,0,uncalibrated,unavailable,Quantitative parameterization requires compatible effect/uncertainty data or validated calibration; unavailable in this release.
PRIOR_C-A17_context_specific,C-A17,context_specific,categorical_annotation,"{""context_id"":""CTX_a6d731c93600752c""}",,,1,uncalibrated,available,"Observed annotation only, no numeric distribution inferred."
PRIOR_C-A17_direction,C-A17,direction,Dirichlet,"{""alpha"":[2.0,1.0,1.0],""categories"":[""increase"",""decrease"",""other""]}",,,1,uncalibrated,available,Direction uncertainty is separate from existence and from effect magnitude.
PRIOR_C-A17_effect_class,C-A17,effect_class,categorical_annotation,"{""observed_direction"":""increase""}",,,1,uncalibrated,available,"Observed annotation only, no numeric distribution inferred."
PRIOR_C-A17_existence,C-A17,existence,Beta,"{""alpha"":2.0,""beta"":1.0}",0.6666666666666666,0.6666666666666666,1,uncalibrated,available,"Tier/access/confidence weights, biological cohort cap; not calibrated probability of truth."
PRIOR_C-A17_expression,C-A17,expression,unavailable,{},,,0,uncalibrated,unavailable,Quantitative parameterization requires compatible effect/uncertainty data or validated calibration; unavailable in this release.
PRIOR_C-A17_genetic_modifier,C-A17,genetic_modifier,unavailable,{},,,0,uncalibrated,unavailable,Quantitative parameterization requires compatible effect/uncertainty data or validated calibration; unavailable in this release.
PRIOR_C-A17_human_transportability,C-A17,human_transportability,unavailable,{},,,0,uncalibrated,unavailable,Quantitative parameterization requires compatible effect/uncertainty data or validated calibration; unavailable in this release.
PRIOR_C-A17_magnitude,C-A17,magnitude,unavailable,{},,,0,uncalibrated,unavailable,Quantitative parameterization requires compatible effect/uncertainty data or validated calibration; unavailable in this release.
PRIOR_C-A17_protein_availability,C-A17,protein_availability,unavailable,{},,,0,uncalibrated,unavailable,Quantitative parameterization requires compatible effect/uncertainty data or validated calibration; unavailable in this release.
PRIOR_C-A17_temporal,C-A17,temporal,unavailable,{},,,0,uncalibrated,unavailable,Quantitative parameterization requires compatible effect/uncertainty data or validated calibration; unavailable in this release.
PRIOR_C-A18_context_specific,C-A18,context_specific,unavailable,{},,,0,uncalibrated,withheld,Contested/incomplete extraction withheld.
PRIOR_C-A18_direction,C-A18,direction,unavailable,{},,,0,uncalibrated,withheld,Contested/incomplete extraction withheld.
PRIOR_C-A18_effect_class,C-A18,effect_class,unavailable,{},,,0,uncalibrated,withheld,Contested/incomplete extraction withheld.
PRIOR_C-A18_existence,C-A18,existence,unavailable,{},,,0,uncalibrated,withheld,Contested/incomplete extraction withheld.
PRIOR_C-A18_expression,C-A18,expression,unavailable,{},,,0,uncalibrated,withheld,Contested/incomplete extraction withheld.
PRIOR_C-A18_genetic_modifier,C-A18,genetic_modifier,unavailable,{},,,0,uncalibrated,withheld,Contested/incomplete extraction withheld.
PRIOR_C-A18_human_transportability,C-A18,human_transportability,unavailable,{},,,0,uncalibrated,withheld,Contested/incomplete extraction withheld.
PRIOR_C-A18_magnitude,C-A18,magnitude,unavailable,{},,,0,uncalibrated,withheld,Contested/incomplete extraction withheld.
PRIOR_C-A18_protein_availability,C-A18,protein_availability,unavailable,{},,,0,uncalibrated,withheld,Contested/incomplete extraction withheld.
PRIOR_C-A18_temporal,C-A18,temporal,unavailable,{},,,0,uncalibrated,withheld,Contested/incomplete extraction withheld.
PRIOR_C-A19_context_specific,C-A19,context_specific,unavailable,{},,,0,uncalibrated,withheld,Contested/incomplete extraction withheld.
PRIOR_C-A19_direction,C-A19,direction,unavailable,{},,,0,uncalibrated,withheld,Contested/incomplete extraction withheld.
PRIOR_C-A19_effect_class,C-A19,effect_class,unavailable,{},,,0,uncalibrated,withheld,Contested/incomplete extraction withheld.
PRIOR_C-A19_existence,C-A19,existence,unavailable,{},,,0,uncalibrated,withheld,Contested/incomplete extraction withheld.
PRIOR_C-A19_expression,C-A19,expression,unavailable,{},,,0,uncalibrated,withheld,Contested/incomplete extraction withheld.
PRIOR_C-A19_genetic_modifier,C-A19,genetic_modifier,unavailable,{},,,0,uncalibrated,withheld,Contested/incomplete extraction withheld.
PRIOR_C-A19_human_transportability,C-A19,human_transportability,unavailable,{},,,0,uncalibrated,withheld,Contested/incomplete extraction withheld.
PRIOR_C-A19_magnitude,C-A19,magnitude,unavailable,{},,,0,uncalibrated,withheld,Contested/incomplete extraction withheld.
PRIOR_C-A19_protein_availability,C-A19,protein_availability,unavailable,{},,,0,uncalibrated,withheld,Contested/incomplete extraction withheld.
PRIOR_C-A19_temporal,C-A19,temporal,unavailable,{},,,0,uncalibrated,withheld,Contested/incomplete extraction withheld.
PRIOR_C-A20_context_specific,C-A20,context_specific,unavailable,{},,,0,uncalibrated,withheld,Contested/incomplete extraction withheld.
PRIOR_C-A20_direction,C-A20,direction,unavailable,{},,,0,uncalibrated,withheld,Contested/incomplete extraction withheld.
PRIOR_C-A20_effect_class,C-A20,effect_class,unavailable,{},,,0,uncalibrated,withheld,Contested/incomplete extraction withheld.
PRIOR_C-A20_existence,C-A20,existence,unavailable,{},,,0,uncalibrated,withheld,Contested/incomplete extraction withheld.
PRIOR_C-A20_expression,C-A20,expression,unavailable,{},,,0,uncalibrated,withheld,Contested/incomplete extraction withheld.
PRIOR_C-A20_genetic_modifier,C-A20,genetic_modifier,unavailable,{},,,0,uncalibrated,withheld,Contested/incomplete extraction withheld.
PRIOR_C-A20_human_transportability,C-A20,human_transportability,unavailable,{},,,0,uncalibrated,withheld,Contested/incomplete extraction withheld.
PRIOR_C-A20_magnitude,C-A20,magnitude,unavailable,{},,,0,uncalibrated,withheld,Contested/incomplete extraction withheld.
PRIOR_C-A20_protein_availability,C-A20,protein_availability,unavailable,{},,,0,uncalibrated,withheld,Contested/incomplete extraction withheld.
PRIOR_C-A20_temporal,C-A20,temporal,unavailable,{},,,0,uncalibrated,withheld,Contested/incomplete extraction withheld.
PRIOR_C-A21_context_specific,C-A21,context_specific,categorical_annotation,"{""context_id"":""CTX_1b5c3d1313ec7ad8""}",,,1,uncalibrated,available,"Observed annotation only, no numeric distribution inferred."
PRIOR_C-A21_direction,C-A21,direction,Dirichlet,"{""alpha"":[2.0,1.0,1.0],""categories"":[""increase"",""decrease"",""other""]}",,,1,uncalibrated,available,Direction uncertainty is separate from existence and from effect magnitude.
PRIOR_C-A21_effect_class,C-A21,effect_class,categorical_annotation,"{""observed_direction"":""increase""}",,,1,uncalibrated,available,"Observed annotation only, no numeric distribution inferred."
PRIOR_C-A21_existence,C-A21,existence,Beta,"{""alpha"":2.0,""beta"":1.0}",0.6666666666666666,0.6666666666666666,1,uncalibrated,available,"Tier/access/confidence weights, biological cohort cap; not calibrated probability of truth."
PRIOR_C-A21_expression,C-A21,expression,unavailable,{},,,0,uncalibrated,unavailable,Quantitative parameterization requires compatible effect/uncertainty data or validated calibration; unavailable in this release.
PRIOR_C-A21_genetic_modifier,C-A21,genetic_modifier,unavailable,{},,,0,uncalibrated,unavailable,Quantitative parameterization requires compatible effect/uncertainty data or validated calibration; unavailable in this release.
PRIOR_C-A21_human_transportability,C-A21,human_transportability,unavailable,{},,,0,uncalibrated,unavailable,Quantitative parameterization requires compatible effect/uncertainty data or validated calibration; unavailable in this release.
PRIOR_C-A21_magnitude,C-A21,magnitude,unavailable,{},,,0,uncalibrated,unavailable,Quantitative parameterization requires compatible effect/uncertainty data or validated calibration; unavailable in this release.
PRIOR_C-A21_protein_availability,C-A21,protein_availability,unavailable,{},,,0,uncalibrated,unavailable,Quantitative parameterization requires compatible effect/uncertainty data or validated calibration; unavailable in this release.
PRIOR_C-A21_temporal,C-A21,temporal,unavailable,{},,,0,uncalibrated,unavailable,Quantitative parameterization requires compatible effect/uncertainty data or validated calibration; unavailable in this release.
PRIOR_C-A22_context_specific,C-A22,context_specific,categorical_annotation,"{""context_id"":""CTX_a220d0b83932c1f7""}",,,0,uncalibrated,available,"Observed annotation only, no numeric distribution inferred."
PRIOR_C-A22_direction,C-A22,direction,unavailable,{},,,0,uncalibrated,unavailable,Quantitative parameterization requires compatible effect/uncertainty data or validated calibration; unavailable in this release.
PRIOR_C-A22_effect_class,C-A22,effect_class,categorical_annotation,"{""observed_direction"":""null""}",,,0,uncalibrated,available,"Observed annotation only, no numeric distribution inferred."
PRIOR_C-A22_existence,C-A22,existence,unavailable,{},,,0,uncalibrated,unavailable,Quantitative parameterization requires compatible effect/uncertainty data or validated calibration; unavailable in this release.
PRIOR_C-A22_expression,C-A22,expression,unavailable,{},,,0,uncalibrated,unavailable,Quantitative parameterization requires compatible effect/uncertainty data or validated calibration; unavailable in this release.
PRIOR_C-A22_genetic_modifier,C-A22,genetic_modifier,unavailable,{},,,0,uncalibrated,unavailable,Quantitative parameterization requires compatible effect/uncertainty data or validated calibration; unavailable in this release.
PRIOR_C-A22_human_transportability,C-A22,human_transportability,unavailable,{},,,0,uncalibrated,unavailable,Quantitative parameterization requires compatible effect/uncertainty data or validated calibration; unavailable in this release.
PRIOR_C-A22_magnitude,C-A22,magnitude,unavailable,{},,,0,uncalibrated,unavailable,Quantitative parameterization requires compatible effect/uncertainty data or validated calibration; unavailable in this release.
PRIOR_C-A22_protein_availability,C-A22,protein_availability,unavailable,{},,,0,uncalibrated,unavailable,Quantitative parameterization requires compatible effect/uncertainty data or validated calibration; unavailable in this release.
PRIOR_C-A22_temporal,C-A22,temporal,unavailable,{},,,0,uncalibrated,unavailable,Quantitative parameterization requires compatible effect/uncertainty data or validated calibration; unavailable in this release.
PRIOR_C-A23_context_specific,C-A23,context_specific,categorical_annotation,"{""context_id"":""CTX_6af433622b38141d""}",,,0,uncalibrated,available,"Observed annotation only, no numeric distribution inferred."
PRIOR_C-A23_direction,C-A23,direction,unavailable,{},,,0,uncalibrated,unavailable,Quantitative parameterization requires compatible effect/uncertainty data or validated calibration; unavailable in this release.
PRIOR_C-A23_effect_class,C-A23,effect_class,categorical_annotation,"{""observed_direction"":""null""}",,,0,uncalibrated,available,"Observed annotation only, no numeric distribution inferred."
PRIOR_C-A23_existence,C-A23,existence,unavailable,{},,,0,uncalibrated,unavailable,Quantitative parameterization requires compatible effect/uncertainty data or validated calibration; unavailable in this release.
PRIOR_C-A23_expression,C-A23,expression,unavailable,{},,,0,uncalibrated,unavailable,Quantitative parameterization requires compatible effect/uncertainty data or validated calibration; unavailable in this release.
PRIOR_C-A23_genetic_modifier,C-A23,genetic_modifier,unavailable,{},,,0,uncalibrated,unavailable,Quantitative parameterization requires compatible effect/uncertainty data or validated calibration; unavailable in this release.
PRIOR_C-A23_human_transportability,C-A23,human_transportability,unavailable,{},,,0,uncalibrated,unavailable,Quantitative parameterization requires compatible effect/uncertainty data or validated calibration; unavailable in this release.
PRIOR_C-A23_magnitude,C-A23,magnitude,unavailable,{},,,0,uncalibrated,unavailable,Quantitative parameterization requires compatible effect/uncertainty data or validated calibration; unavailable in this release.
PRIOR_C-A23_protein_availability,C-A23,protein_availability,unavailable,{},,,0,uncalibrated,unavailable,Quantitative parameterization requires compatible effect/uncertainty data or validated calibration; unavailable in this release.
PRIOR_C-A23_temporal,C-A23,temporal,unavailable,{},,,0,uncalibrated,unavailable,Quantitative parameterization requires compatible effect/uncertainty data or validated calibration; unavailable in this release.
PRIOR_C-A24_context_specific,C-A24,context_specific,categorical_annotation,"{""context_id"":""CTX_e4ef32a8a7bccc61""}",,,1,uncalibrated,available,"Observed annotation only, no numeric distribution inferred."
PRIOR_C-A24_direction,C-A24,direction,Dirichlet,"{""alpha"":[2.5,1.0,1.0],""categories"":[""increase"",""decrease"",""other""]}",,,1,uncalibrated,available,Direction uncertainty is separate from existence and from effect magnitude.
PRIOR_C-A24_effect_class,C-A24,effect_class,categorical_annotation,"{""observed_direction"":""increase""}",,,1,uncalibrated,available,"Observed annotation only, no numeric distribution inferred."
PRIOR_C-A24_existence,C-A24,existence,Beta,"{""alpha"":2.5,""beta"":1.0}",0.7142857142857143,0.7142857142857143,1,uncalibrated,available,"Tier/access/confidence weights, biological cohort cap; not calibrated probability of truth."
PRIOR_C-A24_expression,C-A24,expression,unavailable,{},,,0,uncalibrated,unavailable,Quantitative parameterization requires compatible effect/uncertainty data or validated calibration; unavailable in this release.
PRIOR_C-A24_genetic_modifier,C-A24,genetic_modifier,unavailable,{},,,0,uncalibrated,unavailable,Quantitative parameterization requires compatible effect/uncertainty data or validated calibration; unavailable in this release.
PRIOR_C-A24_human_transportability,C-A24,human_transportability,unavailable,{},,,0,uncalibrated,unavailable,Quantitative parameterization requires compatible effect/uncertainty data or validated calibration; unavailable in this release.
PRIOR_C-A24_magnitude,C-A24,magnitude,unavailable,{},,,0,uncalibrated,unavailable,Quantitative parameterization requires compatible effect/uncertainty data or validated calibration; unavailable in this release.
PRIOR_C-A24_protein_availability,C-A24,protein_availability,unavailable,{},,,0,uncalibrated,unavailable,Quantitative parameterization requires compatible effect/uncertainty data or validated calibration; unavailable in this release.
PRIOR_C-A24_temporal,C-A24,temporal,unavailable,{},,,0,uncalibrated,unavailable,Quantitative parameterization requires compatible effect/uncertainty data or validated calibration; unavailable in this release.
PRIOR_C-A25_context_specific,C-A25,context_specific,categorical_annotation,"{""context_id"":""CTX_da77ab5e2087543b""}",,,0,uncalibrated,available,"Observed annotation only, no numeric distribution inferred."
PRIOR_C-A25_direction,C-A25,direction,unavailable,{},,,0,uncalibrated,unavailable,Quantitative parameterization requires compatible effect/uncertainty data or validated calibration; unavailable in this release.
PRIOR_C-A25_effect_class,C-A25,effect_class,categorical_annotation,"{""observed_direction"":""null""}",,,0,uncalibrated,available,"Observed annotation only, no numeric distribution inferred."
PRIOR_C-A25_existence,C-A25,existence,unavailable,{},,,0,uncalibrated,unavailable,Quantitative parameterization requires compatible effect/uncertainty data or validated calibration; unavailable in this release.
PRIOR_C-A25_expression,C-A25,expression,unavailable,{},,,0,uncalibrated,unavailable,Quantitative parameterization requires compatible effect/uncertainty data or validated calibration; unavailable in this release.
PRIOR_C-A25_genetic_modifier,C-A25,genetic_modifier,unavailable,{},,,0,uncalibrated,unavailable,Quantitative parameterization requires compatible effect/uncertainty data or validated calibration; unavailable in this release.
PRIOR_C-A25_human_transportability,C-A25,human_transportability,unavailable,{},,,0,uncalibrated,unavailable,Quantitative parameterization requires compatible effect/uncertainty data or validated calibration; unavailable in this release.
PRIOR_C-A25_magnitude,C-A25,magnitude,unavailable,{},,,0,uncalibrated,unavailable,Quantitative parameterization requires compatible effect/uncertainty data or validated calibration; unavailable in this release.
PRIOR_C-A25_protein_availability,C-A25,protein_availability,unavailable,{},,,0,uncalibrated,unavailable,Quantitative parameterization requires compatible effect/uncertainty data or validated calibration; unavailable in this release.
PRIOR_C-A25_temporal,C-A25,temporal,unavailable,{},,,0,uncalibrated,unavailable,Quantitative parameterization requires compatible effect/uncertainty data or validated calibration; unavailable in this release.
PRIOR_G-A001_context_specific,G-A001,context_specific,categorical_annotation,"{""context_id"":""CTX_7d613a90b6edd110""}",,,1,uncalibrated,available,"Observed annotation only, no numeric distribution inferred."
PRIOR_G-A001_direction,G-A001,direction,Dirichlet,"{""alpha"":[1.0,1.0,1.5],""categories"":[""increase"",""decrease"",""other""]}",,,1,uncalibrated,available,Direction uncertainty is separate from existence and from effect magnitude.
PRIOR_G-A001_effect_class,G-A001,effect_class,categorical_annotation,"{""observed_direction"":""mixed""}",,,1,uncalibrated,available,"Observed annotation only, no numeric distribution inferred."
PRIOR_G-A001_existence,G-A001,existence,Beta,"{""alpha"":1.5,""beta"":1.0}",0.6,0.6,1,uncalibrated,available,"Tier/access/confidence weights, biological cohort cap; not calibrated probability of truth."
PRIOR_G-A001_expression,G-A001,expression,unavailable,{},,,0,uncalibrated,unavailable,Quantitative parameterization requires compatible effect/uncertainty data or validated calibration; unavailable in this release.
PRIOR_G-A001_genetic_modifier,G-A001,genetic_modifier,unavailable,{},,,0,uncalibrated,unavailable,Quantitative parameterization requires compatible effect/uncertainty data or validated calibration; unavailable in this release.
PRIOR_G-A001_human_transportability,G-A001,human_transportability,unavailable,{},,,0,uncalibrated,unavailable,Quantitative parameterization requires compatible effect/uncertainty data or validated calibration; unavailable in this release.
PRIOR_G-A001_magnitude,G-A001,magnitude,unavailable,{},,,0,uncalibrated,unavailable,Quantitative parameterization requires compatible effect/uncertainty data or validated calibration; unavailable in this release.
PRIOR_G-A001_protein_availability,G-A001,protein_availability,unavailable,{},,,0,uncalibrated,unavailable,Quantitative parameterization requires compatible effect/uncertainty data or validated calibration; unavailable in this release.
PRIOR_G-A001_temporal,G-A001,temporal,unavailable,{},,,0,uncalibrated,unavailable,Quantitative parameterization requires compatible effect/uncertainty data or validated calibration; unavailable in this release.
PRIOR_G-A002_context_specific,G-A002,context_specific,categorical_annotation,"{""context_id"":""CTX_82e7e21289fdd9eb""}",,,1,uncalibrated,available,"Observed annotation only, no numeric distribution inferred."
PRIOR_G-A002_direction,G-A002,direction,Dirichlet,"{""alpha"":[1.5,1.0,1.0],""categories"":[""increase"",""decrease"",""other""]}",,,1,uncalibrated,available,Direction uncertainty is separate from existence and from effect magnitude.
PRIOR_G-A002_effect_class,G-A002,effect_class,categorical_annotation,"{""observed_direction"":""increase""}",,,1,uncalibrated,available,"Observed annotation only, no numeric distribution inferred."
PRIOR_G-A002_existence,G-A002,existence,Beta,"{""alpha"":1.5,""beta"":1.0}",0.6,0.6,1,uncalibrated,available,"Tier/access/confidence weights, biological cohort cap; not calibrated probability of truth."
PRIOR_G-A002_expression,G-A002,expression,unavailable,{},,,0,uncalibrated,unavailable,Quantitative parameterization requires compatible effect/uncertainty data or validated calibration; unavailable in this release.
PRIOR_G-A002_genetic_modifier,G-A002,genetic_modifier,unavailable,{},,,0,uncalibrated,unavailable,Quantitative parameterization requires compatible effect/uncertainty data or validated calibration; unavailable in this release.
PRIOR_G-A002_human_transportability,G-A002,human_transportability,unavailable,{},,,0,uncalibrated,unavailable,Quantitative parameterization requires compatible effect/uncertainty data or validated calibration; unavailable in this release.
PRIOR_G-A002_magnitude,G-A002,magnitude,unavailable,{},,,0,uncalibrated,unavailable,Quantitative parameterization requires compatible effect/uncertainty data or validated calibration; unavailable in this release.
PRIOR_G-A002_protein_availability,G-A002,protein_availability,unavailable,{},,,0,uncalibrated,unavailable,Quantitative parameterization requires compatible effect/uncertainty data or validated calibration; unavailable in this release.
PRIOR_G-A002_temporal,G-A002,temporal,unavailable,{},,,0,uncalibrated,unavailable,Quantitative parameterization requires compatible effect/uncertainty data or validated calibration; unavailable in this release.
PRIOR_G-A003_context_specific,G-A003,context_specific,categorical_annotation,"{""context_id"":""CTX_75630eed91819500""}",,,0,uncalibrated,available,"Observed annotation only, no numeric distribution inferred."
PRIOR_G-A003_direction,G-A003,direction,unavailable,{},,,0,uncalibrated,unavailable,Quantitative parameterization requires compatible effect/uncertainty data or validated calibration; unavailable in this release.
PRIOR_G-A003_effect_class,G-A003,effect_class,categorical_annotation,"{""observed_direction"":""null""}",,,0,uncalibrated,available,"Observed annotation only, no numeric distribution inferred."
PRIOR_G-A003_existence,G-A003,existence,unavailable,{},,,0,uncalibrated,unavailable,Quantitative parameterization requires compatible effect/uncertainty data or validated calibration; unavailable in this release.
PRIOR_G-A003_expression,G-A003,expression,unavailable,{},,,0,uncalibrated,unavailable,Quantitative parameterization requires compatible effect/uncertainty data or validated calibration; unavailable in this release.
PRIOR_G-A003_genetic_modifier,G-A003,genetic_modifier,unavailable,{},,,0,uncalibrated,unavailable,Quantitative parameterization requires compatible effect/uncertainty data or validated calibration; unavailable in this release.
PRIOR_G-A003_human_transportability,G-A003,human_transportability,unavailable,{},,,0,uncalibrated,unavailable,Quantitative parameterization requires compatible effect/uncertainty data or validated calibration; unavailable in this release.
PRIOR_G-A003_magnitude,G-A003,magnitude,unavailable,{},,,0,uncalibrated,unavailable,Quantitative parameterization requires compatible effect/uncertainty data or validated calibration; unavailable in this release.
PRIOR_G-A003_protein_availability,G-A003,protein_availability,unavailable,{},,,0,uncalibrated,unavailable,Quantitative parameterization requires compatible effect/uncertainty data or validated calibration; unavailable in this release.
PRIOR_G-A003_temporal,G-A003,temporal,unavailable,{},,,0,uncalibrated,unavailable,Quantitative parameterization requires compatible effect/uncertainty data or validated calibration; unavailable in this release.
PRIOR_G-A004_context_specific,G-A004,context_specific,categorical_annotation,"{""context_id"":""CTX_fbceb088983b9d2c""}",,,1,uncalibrated,available,"Observed annotation only, no numeric distribution inferred."
PRIOR_G-A004_direction,G-A004,direction,Dirichlet,"{""alpha"":[1.0,1.0,1.5],""categories"":[""increase"",""decrease"",""other""]}",,,1,uncalibrated,available,Direction uncertainty is separate from existence and from effect magnitude.
PRIOR_G-A004_effect_class,G-A004,effect_class,categorical_annotation,"{""observed_direction"":""association""}",,,1,uncalibrated,available,"Observed annotation only, no numeric distribution inferred."
PRIOR_G-A004_existence,G-A004,existence,Beta,"{""alpha"":1.5,""beta"":1.0}",0.6,0.6,1,uncalibrated,available,"Tier/access/confidence weights, biological cohort cap; not calibrated probability of truth."
PRIOR_G-A004_expression,G-A004,expression,unavailable,{},,,0,uncalibrated,unavailable,Quantitative parameterization requires compatible effect/uncertainty data or validated calibration; unavailable in this release.
PRIOR_G-A004_genetic_modifier,G-A004,genetic_modifier,unavailable,{},,,0,uncalibrated,unavailable,Quantitative parameterization requires compatible effect/uncertainty data or validated calibration; unavailable in this release.
PRIOR_G-A004_human_transportability,G-A004,human_transportability,unavailable,{},,,0,uncalibrated,unavailable,Quantitative parameterization requires compatible effect/uncertainty data or validated calibration; unavailable in this release.
PRIOR_G-A004_magnitude,G-A004,magnitude,unavailable,{},,,0,uncalibrated,unavailable,Quantitative parameterization requires compatible effect/uncertainty data or validated calibration; unavailable in this release.
PRIOR_G-A004_protein_availability,G-A004,protein_availability,unavailable,{},,,0,uncalibrated,unavailable,Quantitative parameterization requires compatible effect/uncertainty data or validated calibration; unavailable in this release.
PRIOR_G-A004_temporal,G-A004,temporal,unavailable,{},,,0,uncalibrated,unavailable,Quantitative parameterization requires compatible effect/uncertainty data or validated calibration; unavailable in this release.
PRIOR_G-A005_context_specific,G-A005,context_specific,categorical_annotation,"{""context_id"":""CTX_d1fce06434a21107""}",,,1,uncalibrated,available,"Observed annotation only, no numeric distribution inferred."
PRIOR_G-A005_direction,G-A005,direction,Dirichlet,"{""alpha"":[1.0,3.0,1.0],""categories"":[""increase"",""decrease"",""other""]}",,,1,uncalibrated,available,Direction uncertainty is separate from existence and from effect magnitude.
PRIOR_G-A005_effect_class,G-A005,effect_class,categorical_annotation,"{""observed_direction"":""decrease""}",,,1,uncalibrated,available,"Observed annotation only, no numeric distribution inferred."
PRIOR_G-A005_existence,G-A005,existence,Beta,"{""alpha"":3.0,""beta"":1.0}",0.75,0.75,1,uncalibrated,available,"Tier/access/confidence weights, biological cohort cap; not calibrated probability of truth."
PRIOR_G-A005_expression,G-A005,expression,unavailable,{},,,0,uncalibrated,unavailable,Quantitative parameterization requires compatible effect/uncertainty data or validated calibration; unavailable in this release.
PRIOR_G-A005_genetic_modifier,G-A005,genetic_modifier,unavailable,{},,,0,uncalibrated,unavailable,Quantitative parameterization requires compatible effect/uncertainty data or validated calibration; unavailable in this release.
PRIOR_G-A005_human_transportability,G-A005,human_transportability,unavailable,{},,,0,uncalibrated,unavailable,Quantitative parameterization requires compatible effect/uncertainty data or validated calibration; unavailable in this release.
PRIOR_G-A005_magnitude,G-A005,magnitude,unavailable,{},,,0,uncalibrated,unavailable,Quantitative parameterization requires compatible effect/uncertainty data or validated calibration; unavailable in this release.
PRIOR_G-A005_protein_availability,G-A005,protein_availability,unavailable,{},,,0,uncalibrated,unavailable,Quantitative parameterization requires compatible effect/uncertainty data or validated calibration; unavailable in this release.
PRIOR_G-A005_temporal,G-A005,temporal,unavailable,{},,,0,uncalibrated,unavailable,Quantitative parameterization requires compatible effect/uncertainty data or validated calibration; unavailable in this release.
PRIOR_G-A006_context_specific,G-A006,context_specific,categorical_annotation,"{""context_id"":""CTX_8d9c6d575f19e6c3""}",,,1,uncalibrated,available,"Observed annotation only, no numeric distribution inferred."
PRIOR_G-A006_direction,G-A006,direction,Dirichlet,"{""alpha"":[1.0,1.5,1.0],""categories"":[""increase"",""decrease"",""other""]}",,,1,uncalibrated,available,Direction uncertainty is separate from existence and from effect magnitude.
PRIOR_G-A006_effect_class,G-A006,effect_class,categorical_annotation,"{""observed_direction"":""decrease""}",,,1,uncalibrated,available,"Observed annotation only, no numeric distribution inferred."
PRIOR_G-A006_existence,G-A006,existence,Beta,"{""alpha"":1.5,""beta"":1.0}",0.6,0.6,1,uncalibrated,available,"Tier/access/confidence weights, biological cohort cap; not calibrated probability of truth."
PRIOR_G-A006_expression,G-A006,expression,unavailable,{},,,0,uncalibrated,unavailable,Quantitative parameterization requires compatible effect/uncertainty data or validated calibration; unavailable in this release.
PRIOR_G-A006_genetic_modifier,G-A006,genetic_modifier,unavailable,{},,,0,uncalibrated,unavailable,Quantitative parameterization requires compatible effect/uncertainty data or validated calibration; unavailable in this release.
PRIOR_G-A006_human_transportability,G-A006,human_transportability,unavailable,{},,,0,uncalibrated,unavailable,Quantitative parameterization requires compatible effect/uncertainty data or validated calibration; unavailable in this release.
PRIOR_G-A006_magnitude,G-A006,magnitude,unavailable,{},,,0,uncalibrated,unavailable,Quantitative parameterization requires compatible effect/uncertainty data or validated calibration; unavailable in this release.
PRIOR_G-A006_protein_availability,G-A006,protein_availability,unavailable,{},,,0,uncalibrated,unavailable,Quantitative parameterization requires compatible effect/uncertainty data or validated calibration; unavailable in this release.
PRIOR_G-A006_temporal,G-A006,temporal,unavailable,{},,,0,uncalibrated,unavailable,Quantitative parameterization requires compatible effect/uncertainty data or validated calibration; unavailable in this release.
PRIOR_G-A007_context_specific,G-A007,context_specific,categorical_annotation,"{""context_id"":""CTX_f0266b3c6e6ce874""}",,,1,uncalibrated,available,"Observed annotation only, no numeric distribution inferred."
PRIOR_G-A007_direction,G-A007,direction,Dirichlet,"{""alpha"":[1.0,3.0,1.0],""categories"":[""increase"",""decrease"",""other""]}",,,1,uncalibrated,available,Direction uncertainty is separate from existence and from effect magnitude.
PRIOR_G-A007_effect_class,G-A007,effect_class,categorical_annotation,"{""observed_direction"":""decrease""}",,,1,uncalibrated,available,"Observed annotation only, no numeric distribution inferred."
PRIOR_G-A007_existence,G-A007,existence,Beta,"{""alpha"":3.0,""beta"":1.0}",0.75,0.75,1,uncalibrated,available,"Tier/access/confidence weights, biological cohort cap; not calibrated probability of truth."
PRIOR_G-A007_expression,G-A007,expression,unavailable,{},,,0,uncalibrated,unavailable,Quantitative parameterization requires compatible effect/uncertainty data or validated calibration; unavailable in this release.
PRIOR_G-A007_genetic_modifier,G-A007,genetic_modifier,unavailable,{},,,0,uncalibrated,unavailable,Quantitative parameterization requires compatible effect/uncertainty data or validated calibration; unavailable in this release.
PRIOR_G-A007_human_transportability,G-A007,human_transportability,unavailable,{},,,0,uncalibrated,unavailable,Quantitative parameterization requires compatible effect/uncertainty data or validated calibration; unavailable in this release.
PRIOR_G-A007_magnitude,G-A007,magnitude,unavailable,{},,,0,uncalibrated,unavailable,Quantitative parameterization requires compatible effect/uncertainty data or validated calibration; unavailable in this release.
PRIOR_G-A007_protein_availability,G-A007,protein_availability,unavailable,{},,,0,uncalibrated,unavailable,Quantitative parameterization requires compatible effect/uncertainty data or validated calibration; unavailable in this release.
PRIOR_G-A007_temporal,G-A007,temporal,unavailable,{},,,0,uncalibrated,unavailable,Quantitative parameterization requires compatible effect/uncertainty data or validated calibration; unavailable in this release.
PRIOR_G-A008_context_specific,G-A008,context_specific,categorical_annotation,"{""context_id"":""CTX_9cb8e83add8a2819""}",,,1,uncalibrated,available,"Observed annotation only, no numeric distribution inferred."
PRIOR_G-A008_direction,G-A008,direction,Dirichlet,"{""alpha"":[3.0,1.0,1.0],""categories"":[""increase"",""decrease"",""other""]}",,,1,uncalibrated,available,Direction uncertainty is separate from existence and from effect magnitude.
PRIOR_G-A008_effect_class,G-A008,effect_class,categorical_annotation,"{""observed_direction"":""increase""}",,,1,uncalibrated,available,"Observed annotation only, no numeric distribution inferred."
PRIOR_G-A008_existence,G-A008,existence,Beta,"{""alpha"":3.0,""beta"":1.0}",0.75,0.75,1,uncalibrated,available,"Tier/access/confidence weights, biological cohort cap; not calibrated probability of truth."
PRIOR_G-A008_expression,G-A008,expression,unavailable,{},,,0,uncalibrated,unavailable,Quantitative parameterization requires compatible effect/uncertainty data or validated calibration; unavailable in this release.
PRIOR_G-A008_genetic_modifier,G-A008,genetic_modifier,unavailable,{},,,0,uncalibrated,unavailable,Quantitative parameterization requires compatible effect/uncertainty data or validated calibration; unavailable in this release.
PRIOR_G-A008_human_transportability,G-A008,human_transportability,unavailable,{},,,0,uncalibrated,unavailable,Quantitative parameterization requires compatible effect/uncertainty data or validated calibration; unavailable in this release.
PRIOR_G-A008_magnitude,G-A008,magnitude,unavailable,{},,,0,uncalibrated,unavailable,Quantitative parameterization requires compatible effect/uncertainty data or validated calibration; unavailable in this release.
PRIOR_G-A008_protein_availability,G-A008,protein_availability,unavailable,{},,,0,uncalibrated,unavailable,Quantitative parameterization requires compatible effect/uncertainty data or validated calibration; unavailable in this release.
PRIOR_G-A008_temporal,G-A008,temporal,unavailable,{},,,0,uncalibrated,unavailable,Quantitative parameterization requires compatible effect/uncertainty data or validated calibration; unavailable in this release.
PRIOR_G-A009_context_specific,G-A009,context_specific,categorical_annotation,"{""context_id"":""CTX_4f993ef7c92b8077""}",,,1,uncalibrated,available,"Observed annotation only, no numeric distribution inferred."
PRIOR_G-A009_direction,G-A009,direction,Dirichlet,"{""alpha"":[1.0,3.0,1.0],""categories"":[""increase"",""decrease"",""other""]}",,,1,uncalibrated,available,Direction uncertainty is separate from existence and from effect magnitude.
PRIOR_G-A009_effect_class,G-A009,effect_class,categorical_annotation,"{""observed_direction"":""decrease""}",,,1,uncalibrated,available,"Observed annotation only, no numeric distribution inferred."
PRIOR_G-A009_existence,G-A009,existence,Beta,"{""alpha"":3.0,""beta"":1.0}",0.75,0.75,1,uncalibrated,available,"Tier/access/confidence weights, biological cohort cap; not calibrated probability of truth."
PRIOR_G-A009_expression,G-A009,expression,unavailable,{},,,0,uncalibrated,unavailable,Quantitative parameterization requires compatible effect/uncertainty data or validated calibration; unavailable in this release.
PRIOR_G-A009_genetic_modifier,G-A009,genetic_modifier,unavailable,{},,,0,uncalibrated,unavailable,Quantitative parameterization requires compatible effect/uncertainty data or validated calibration; unavailable in this release.
PRIOR_G-A009_human_transportability,G-A009,human_transportability,unavailable,{},,,0,uncalibrated,unavailable,Quantitative parameterization requires compatible effect/uncertainty data or validated calibration; unavailable in this release.
PRIOR_G-A009_magnitude,G-A009,magnitude,unavailable,{},,,0,uncalibrated,unavailable,Quantitative parameterization requires compatible effect/uncertainty data or validated calibration; unavailable in this release.
PRIOR_G-A009_protein_availability,G-A009,protein_availability,unavailable,{},,,0,uncalibrated,unavailable,Quantitative parameterization requires compatible effect/uncertainty data or validated calibration; unavailable in this release.
PRIOR_G-A009_temporal,G-A009,temporal,unavailable,{},,,0,uncalibrated,unavailable,Quantitative parameterization requires compatible effect/uncertainty data or validated calibration; unavailable in this release.
PRIOR_G-A010_context_specific,G-A010,context_specific,categorical_annotation,"{""context_id"":""CTX_3134732bc8052fc1""}",,,0,uncalibrated,available,"Observed annotation only, no numeric distribution inferred."
PRIOR_G-A010_direction,G-A010,direction,unavailable,{},,,0,uncalibrated,unavailable,Quantitative parameterization requires compatible effect/uncertainty data or validated calibration; unavailable in this release.
PRIOR_G-A010_effect_class,G-A010,effect_class,categorical_annotation,"{""observed_direction"":""null""}",,,0,uncalibrated,available,"Observed annotation only, no numeric distribution inferred."
PRIOR_G-A010_existence,G-A010,existence,unavailable,{},,,0,uncalibrated,unavailable,Quantitative parameterization requires compatible effect/uncertainty data or validated calibration; unavailable in this release.
PRIOR_G-A010_expression,G-A010,expression,unavailable,{},,,0,uncalibrated,unavailable,Quantitative parameterization requires compatible effect/uncertainty data or validated calibration; unavailable in this release.
PRIOR_G-A010_genetic_modifier,G-A010,genetic_modifier,unavailable,{},,,0,uncalibrated,unavailable,Quantitative parameterization requires compatible effect/uncertainty data or validated calibration; unavailable in this release.
PRIOR_G-A010_human_transportability,G-A010,human_transportability,unavailable,{},,,0,uncalibrated,unavailable,Quantitative parameterization requires compatible effect/uncertainty data or validated calibration; unavailable in this release.
PRIOR_G-A010_magnitude,G-A010,magnitude,unavailable,{},,,0,uncalibrated,unavailable,Quantitative parameterization requires compatible effect/uncertainty data or validated calibration; unavailable in this release.
PRIOR_G-A010_protein_availability,G-A010,protein_availability,unavailable,{},,,0,uncalibrated,unavailable,Quantitative parameterization requires compatible effect/uncertainty data or validated calibration; unavailable in this release.
PRIOR_G-A010_temporal,G-A010,temporal,unavailable,{},,,0,uncalibrated,unavailable,Quantitative parameterization requires compatible effect/uncertainty data or validated calibration; unavailable in this release.
PRIOR_G-A011_context_specific,G-A011,context_specific,categorical_annotation,"{""context_id"":""CTX_f084ceabfafbb9bf""}",,,1,uncalibrated,available,"Observed annotation only, no numeric distribution inferred."
PRIOR_G-A011_direction,G-A011,direction,Dirichlet,"{""alpha"":[2.0,1.0,1.0],""categories"":[""increase"",""decrease"",""other""]}",,,1,uncalibrated,available,Direction uncertainty is separate from existence and from effect magnitude.
PRIOR_G-A011_effect_class,G-A011,effect_class,categorical_annotation,"{""observed_direction"":""increase""}",,,1,uncalibrated,available,"Observed annotation only, no numeric distribution inferred."
PRIOR_G-A011_existence,G-A011,existence,Beta,"{""alpha"":2.0,""beta"":1.0}",0.6666666666666666,0.6666666666666666,1,uncalibrated,available,"Tier/access/confidence weights, biological cohort cap; not calibrated probability of truth."
PRIOR_G-A011_expression,G-A011,expression,unavailable,{},,,0,uncalibrated,unavailable,Quantitative parameterization requires compatible effect/uncertainty data or validated calibration; unavailable in this release.
PRIOR_G-A011_genetic_modifier,G-A011,genetic_modifier,unavailable,{},,,0,uncalibrated,unavailable,Quantitative parameterization requires compatible effect/uncertainty data or validated calibration; unavailable in this release.
PRIOR_G-A011_human_transportability,G-A011,human_transportability,unavailable,{},,,0,uncalibrated,unavailable,Quantitative parameterization requires compatible effect/uncertainty data or validated calibration; unavailable in this release.
PRIOR_G-A011_magnitude,G-A011,magnitude,unavailable,{},,,0,uncalibrated,unavailable,Quantitative parameterization requires compatible effect/uncertainty data or validated calibration; unavailable in this release.
PRIOR_G-A011_protein_availability,G-A011,protein_availability,unavailable,{},,,0,uncalibrated,unavailable,Quantitative parameterization requires compatible effect/uncertainty data or validated calibration; unavailable in this release.
PRIOR_G-A011_temporal,G-A011,temporal,unavailable,{},,,0,uncalibrated,unavailable,Quantitative parameterization requires compatible effect/uncertainty data or validated calibration; unavailable in this release.
PRIOR_G-A012_context_specific,G-A012,context_specific,categorical_annotation,"{""context_id"":""CTX_bde6c84fe6d47fe3""}",,,1,uncalibrated,available,"Observed annotation only, no numeric distribution inferred."
PRIOR_G-A012_direction,G-A012,direction,Dirichlet,"{""alpha"":[1.0,1.0,2.0],""categories"":[""increase"",""decrease"",""other""]}",,,1,uncalibrated,available,Direction uncertainty is separate from existence and from effect magnitude.
PRIOR_G-A012_effect_class,G-A012,effect_class,categorical_annotation,"{""observed_direction"":""association""}",,,1,uncalibrated,available,"Observed annotation only, no numeric distribution inferred."
PRIOR_G-A012_existence,G-A012,existence,Beta,"{""alpha"":2.0,""beta"":1.0}",0.6666666666666666,0.6666666666666666,1,uncalibrated,available,"Tier/access/confidence weights, biological cohort cap; not calibrated probability of truth."
PRIOR_G-A012_expression,G-A012,expression,unavailable,{},,,0,uncalibrated,unavailable,Quantitative parameterization requires compatible effect/uncertainty data or validated calibration; unavailable in this release.
PRIOR_G-A012_genetic_modifier,G-A012,genetic_modifier,unavailable,{},,,0,uncalibrated,unavailable,Quantitative parameterization requires compatible effect/uncertainty data or validated calibration; unavailable in this release.
PRIOR_G-A012_human_transportability,G-A012,human_transportability,unavailable,{},,,0,uncalibrated,unavailable,Quantitative parameterization requires compatible effect/uncertainty data or validated calibration; unavailable in this release.
PRIOR_G-A012_magnitude,G-A012,magnitude,unavailable,{},,,0,uncalibrated,unavailable,Quantitative parameterization requires compatible effect/uncertainty data or validated calibration; unavailable in this release.
PRIOR_G-A012_protein_availability,G-A012,protein_availability,unavailable,{},,,0,uncalibrated,unavailable,Quantitative parameterization requires compatible effect/uncertainty data or validated calibration; unavailable in this release.
PRIOR_G-A012_temporal,G-A012,temporal,unavailable,{},,,0,uncalibrated,unavailable,Quantitative parameterization requires compatible effect/uncertainty data or validated calibration; unavailable in this release.
PRIOR_G-A013_context_specific,G-A013,context_specific,categorical_annotation,"{""context_id"":""CTX_49ec2e87da99aa79""}",,,1,uncalibrated,available,"Observed annotation only, no numeric distribution inferred."
PRIOR_G-A013_direction,G-A013,direction,Dirichlet,"{""alpha"":[1.0,1.5,1.0],""categories"":[""increase"",""decrease"",""other""]}",,,1,uncalibrated,available,Direction uncertainty is separate from existence and from effect magnitude.
PRIOR_G-A013_effect_class,G-A013,effect_class,categorical_annotation,"{""observed_direction"":""decrease""}",,,1,uncalibrated,available,"Observed annotation only, no numeric distribution inferred."
PRIOR_G-A013_existence,G-A013,existence,Beta,"{""alpha"":1.5,""beta"":1.0}",0.6,0.6,1,uncalibrated,available,"Tier/access/confidence weights, biological cohort cap; not calibrated probability of truth."
PRIOR_G-A013_expression,G-A013,expression,unavailable,{},,,0,uncalibrated,unavailable,Quantitative parameterization requires compatible effect/uncertainty data or validated calibration; unavailable in this release.
PRIOR_G-A013_genetic_modifier,G-A013,genetic_modifier,unavailable,{},,,0,uncalibrated,unavailable,Quantitative parameterization requires compatible effect/uncertainty data or validated calibration; unavailable in this release.
PRIOR_G-A013_human_transportability,G-A013,human_transportability,unavailable,{},,,0,uncalibrated,unavailable,Quantitative parameterization requires compatible effect/uncertainty data or validated calibration; unavailable in this release.
PRIOR_G-A013_magnitude,G-A013,magnitude,unavailable,{},,,0,uncalibrated,unavailable,Quantitative parameterization requires compatible effect/uncertainty data or validated calibration; unavailable in this release.
PRIOR_G-A013_protein_availability,G-A013,protein_availability,unavailable,{},,,0,uncalibrated,unavailable,Quantitative parameterization requires compatible effect/uncertainty data or validated calibration; unavailable in this release.
PRIOR_G-A013_temporal,G-A013,temporal,unavailable,{},,,0,uncalibrated,unavailable,Quantitative parameterization requires compatible effect/uncertainty data or validated calibration; unavailable in this release.
PRIOR_G-A014_context_specific,G-A014,context_specific,categorical_annotation,"{""context_id"":""CTX_9ab3419a34684c47""}",,,1,uncalibrated,available,"Observed annotation only, no numeric distribution inferred."
PRIOR_G-A014_direction,G-A014,direction,Dirichlet,"{""alpha"":[1.5,1.0,1.0],""categories"":[""increase"",""decrease"",""other""]}",,,1,uncalibrated,available,Direction uncertainty is separate from existence and from effect magnitude.
PRIOR_G-A014_effect_class,G-A014,effect_class,categorical_annotation,"{""observed_direction"":""increase""}",,,1,uncalibrated,available,"Observed annotation only, no numeric distribution inferred."
PRIOR_G-A014_existence,G-A014,existence,Beta,"{""alpha"":1.5,""beta"":1.0}",0.6,0.6,1,uncalibrated,available,"Tier/access/confidence weights, biological cohort cap; not calibrated probability of truth."
PRIOR_G-A014_expression,G-A014,expression,unavailable,{},,,0,uncalibrated,unavailable,Quantitative parameterization requires compatible effect/uncertainty data or validated calibration; unavailable in this release.
PRIOR_G-A014_genetic_modifier,G-A014,genetic_modifier,unavailable,{},,,0,uncalibrated,unavailable,Quantitative parameterization requires compatible effect/uncertainty data or validated calibration; unavailable in this release.
PRIOR_G-A014_human_transportability,G-A014,human_transportability,unavailable,{},,,0,uncalibrated,unavailable,Quantitative parameterization requires compatible effect/uncertainty data or validated calibration; unavailable in this release.
PRIOR_G-A014_magnitude,G-A014,magnitude,unavailable,{},,,0,uncalibrated,unavailable,Quantitative parameterization requires compatible effect/uncertainty data or validated calibration; unavailable in this release.
PRIOR_G-A014_protein_availability,G-A014,protein_availability,unavailable,{},,,0,uncalibrated,unavailable,Quantitative parameterization requires compatible effect/uncertainty data or validated calibration; unavailable in this release.
PRIOR_G-A014_temporal,G-A014,temporal,unavailable,{},,,0,uncalibrated,unavailable,Quantitative parameterization requires compatible effect/uncertainty data or validated calibration; unavailable in this release.
PRIOR_G-A015_context_specific,G-A015,context_specific,categorical_annotation,"{""context_id"":""CTX_c3f02f7f07d62123""}",,,1,uncalibrated,available,"Observed annotation only, no numeric distribution inferred."
PRIOR_G-A015_direction,G-A015,direction,Dirichlet,"{""alpha"":[1.25,1.0,1.0],""categories"":[""increase"",""decrease"",""other""]}",,,1,uncalibrated,available,Direction uncertainty is separate from existence and from effect magnitude.
PRIOR_G-A015_effect_class,G-A015,effect_class,categorical_annotation,"{""observed_direction"":""increase""}",,,1,uncalibrated,available,"Observed annotation only, no numeric distribution inferred."
PRIOR_G-A015_existence,G-A015,existence,Beta,"{""alpha"":1.25,""beta"":1.0}",0.5555555555555556,0.5555555555555556,1,uncalibrated,available,"Tier/access/confidence weights, biological cohort cap; not calibrated probability of truth."
PRIOR_G-A015_expression,G-A015,expression,unavailable,{},,,0,uncalibrated,unavailable,Quantitative parameterization requires compatible effect/uncertainty data or validated calibration; unavailable in this release.
PRIOR_G-A015_genetic_modifier,G-A015,genetic_modifier,unavailable,{},,,0,uncalibrated,unavailable,Quantitative parameterization requires compatible effect/uncertainty data or validated calibration; unavailable in this release.
PRIOR_G-A015_human_transportability,G-A015,human_transportability,unavailable,{},,,0,uncalibrated,unavailable,Quantitative parameterization requires compatible effect/uncertainty data or validated calibration; unavailable in this release.
PRIOR_G-A015_magnitude,G-A015,magnitude,unavailable,{},,,0,uncalibrated,unavailable,Quantitative parameterization requires compatible effect/uncertainty data or validated calibration; unavailable in this release.
PRIOR_G-A015_protein_availability,G-A015,protein_availability,unavailable,{},,,0,uncalibrated,unavailable,Quantitative parameterization requires compatible effect/uncertainty data or validated calibration; unavailable in this release.
PRIOR_G-A015_temporal,G-A015,temporal,unavailable,{},,,0,uncalibrated,unavailable,Quantitative parameterization requires compatible effect/uncertainty data or validated calibration; unavailable in this release.
PRIOR_G-A016_context_specific,G-A016,context_specific,categorical_annotation,"{""context_id"":""CTX_4c9462b72a11696e""}",,,1,uncalibrated,available,"Observed annotation only, no numeric distribution inferred."
PRIOR_G-A016_direction,G-A016,direction,Dirichlet,"{""alpha"":[1.0,1.0,2.0],""categories"":[""increase"",""decrease"",""other""]}",,,1,uncalibrated,available,Direction uncertainty is separate from existence and from effect magnitude.
PRIOR_G-A016_effect_class,G-A016,effect_class,categorical_annotation,"{""observed_direction"":""association""}",,,1,uncalibrated,available,"Observed annotation only, no numeric distribution inferred."
PRIOR_G-A016_existence,G-A016,existence,Beta,"{""alpha"":2.0,""beta"":1.0}",0.6666666666666666,0.6666666666666666,1,uncalibrated,available,"Tier/access/confidence weights, biological cohort cap; not calibrated probability of truth."
PRIOR_G-A016_expression,G-A016,expression,unavailable,{},,,0,uncalibrated,unavailable,Quantitative parameterization requires compatible effect/uncertainty data or validated calibration; unavailable in this release.
PRIOR_G-A016_genetic_modifier,G-A016,genetic_modifier,unavailable,{},,,0,uncalibrated,unavailable,Quantitative parameterization requires compatible effect/uncertainty data or validated calibration; unavailable in this release.
PRIOR_G-A016_human_transportability,G-A016,human_transportability,unavailable,{},,,0,uncalibrated,unavailable,Quantitative parameterization requires compatible effect/uncertainty data or validated calibration; unavailable in this release.
PRIOR_G-A016_magnitude,G-A016,magnitude,unavailable,{},,,0,uncalibrated,unavailable,Quantitative parameterization requires compatible effect/uncertainty data or validated calibration; unavailable in this release.
PRIOR_G-A016_protein_availability,G-A016,protein_availability,unavailable,{},,,0,uncalibrated,unavailable,Quantitative parameterization requires compatible effect/uncertainty data or validated calibration; unavailable in this release.
PRIOR_G-A016_temporal,G-A016,temporal,unavailable,{},,,0,uncalibrated,unavailable,Quantitative parameterization requires compatible effect/uncertainty data or validated calibration; unavailable in this release.
PRIOR_G-A017_context_specific,G-A017,context_specific,categorical_annotation,"{""context_id"":""CTX_f06f874d93de1468""}",,,1,uncalibrated,available,"Observed annotation only, no numeric distribution inferred."
PRIOR_G-A017_direction,G-A017,direction,Dirichlet,"{""alpha"":[1.0,1.0,1.5],""categories"":[""increase"",""decrease"",""other""]}",,,1,uncalibrated,available,Direction uncertainty is separate from existence and from effect magnitude.
PRIOR_G-A017_effect_class,G-A017,effect_class,categorical_annotation,"{""observed_direction"":""association""}",,,1,uncalibrated,available,"Observed annotation only, no numeric distribution inferred."
PRIOR_G-A017_existence,G-A017,existence,Beta,"{""alpha"":1.5,""beta"":1.0}",0.6,0.6,1,uncalibrated,available,"Tier/access/confidence weights, biological cohort cap; not calibrated probability of truth."
PRIOR_G-A017_expression,G-A017,expression,unavailable,{},,,0,uncalibrated,unavailable,Quantitative parameterization requires compatible effect/uncertainty data or validated calibration; unavailable in this release.
PRIOR_G-A017_genetic_modifier,G-A017,genetic_modifier,unavailable,{},,,0,uncalibrated,unavailable,Quantitative parameterization requires compatible effect/uncertainty data or validated calibration; unavailable in this release.
PRIOR_G-A017_human_transportability,G-A017,human_transportability,unavailable,{},,,0,uncalibrated,unavailable,Quantitative parameterization requires compatible effect/uncertainty data or validated calibration; unavailable in this release.
PRIOR_G-A017_magnitude,G-A017,magnitude,unavailable,{},,,0,uncalibrated,unavailable,Quantitative parameterization requires compatible effect/uncertainty data or validated calibration; unavailable in this release.
PRIOR_G-A017_protein_availability,G-A017,protein_availability,unavailable,{},,,0,uncalibrated,unavailable,Quantitative parameterization requires compatible effect/uncertainty data or validated calibration; unavailable in this release.
PRIOR_G-A017_temporal,G-A017,temporal,unavailable,{},,,0,uncalibrated,unavailable,Quantitative parameterization requires compatible effect/uncertainty data or validated calibration; unavailable in this release.
PRIOR_G-A018_context_specific,G-A018,context_specific,categorical_annotation,"{""context_id"":""CTX_6509627fa9e77b28""}",,,1,uncalibrated,available,"Observed annotation only, no numeric distribution inferred."
PRIOR_G-A018_direction,G-A018,direction,Dirichlet,"{""alpha"":[1.0,1.0,1.5],""categories"":[""increase"",""decrease"",""other""]}",,,1,uncalibrated,available,Direction uncertainty is separate from existence and from effect magnitude.
PRIOR_G-A018_effect_class,G-A018,effect_class,categorical_annotation,"{""observed_direction"":""association""}",,,1,uncalibrated,available,"Observed annotation only, no numeric distribution inferred."
PRIOR_G-A018_existence,G-A018,existence,Beta,"{""alpha"":1.5,""beta"":1.0}",0.6,0.6,1,uncalibrated,available,"Tier/access/confidence weights, biological cohort cap; not calibrated probability of truth."
PRIOR_G-A018_expression,G-A018,expression,unavailable,{},,,0,uncalibrated,unavailable,Quantitative parameterization requires compatible effect/uncertainty data or validated calibration; unavailable in this release.
PRIOR_G-A018_genetic_modifier,G-A018,genetic_modifier,unavailable,{},,,0,uncalibrated,unavailable,Quantitative parameterization requires compatible effect/uncertainty data or validated calibration; unavailable in this release.
PRIOR_G-A018_human_transportability,G-A018,human_transportability,unavailable,{},,,0,uncalibrated,unavailable,Quantitative parameterization requires compatible effect/uncertainty data or validated calibration; unavailable in this release.
PRIOR_G-A018_magnitude,G-A018,magnitude,unavailable,{},,,0,uncalibrated,unavailable,Quantitative parameterization requires compatible effect/uncertainty data or validated calibration; unavailable in this release.
PRIOR_G-A018_protein_availability,G-A018,protein_availability,unavailable,{},,,0,uncalibrated,unavailable,Quantitative parameterization requires compatible effect/uncertainty data or validated calibration; unavailable in this release.
PRIOR_G-A018_temporal,G-A018,temporal,unavailable,{},,,0,uncalibrated,unavailable,Quantitative parameterization requires compatible effect/uncertainty data or validated calibration; unavailable in this release.
PRIOR_G-A019_context_specific,G-A019,context_specific,categorical_annotation,"{""context_id"":""CTX_b2eeeacb0fb9b2e1""}",,,1,uncalibrated,available,"Observed annotation only, no numeric distribution inferred."
PRIOR_G-A019_direction,G-A019,direction,Dirichlet,"{""alpha"":[1.0,1.0,1.5],""categories"":[""increase"",""decrease"",""other""]}",,,1,uncalibrated,available,Direction uncertainty is separate from existence and from effect magnitude.
PRIOR_G-A019_effect_class,G-A019,effect_class,categorical_annotation,"{""observed_direction"":""association""}",,,1,uncalibrated,available,"Observed annotation only, no numeric distribution inferred."
PRIOR_G-A019_existence,G-A019,existence,Beta,"{""alpha"":1.5,""beta"":1.0}",0.6,0.6,1,uncalibrated,available,"Tier/access/confidence weights, biological cohort cap; not calibrated probability of truth."
PRIOR_G-A019_expression,G-A019,expression,unavailable,{},,,0,uncalibrated,unavailable,Quantitative parameterization requires compatible effect/uncertainty data or validated calibration; unavailable in this release.
PRIOR_G-A019_genetic_modifier,G-A019,genetic_modifier,unavailable,{},,,0,uncalibrated,unavailable,Quantitative parameterization requires compatible effect/uncertainty data or validated calibration; unavailable in this release.
PRIOR_G-A019_human_transportability,G-A019,human_transportability,unavailable,{},,,0,uncalibrated,unavailable,Quantitative parameterization requires compatible effect/uncertainty data or validated calibration; unavailable in this release.
PRIOR_G-A019_magnitude,G-A019,magnitude,unavailable,{},,,0,uncalibrated,unavailable,Quantitative parameterization requires compatible effect/uncertainty data or validated calibration; unavailable in this release.
PRIOR_G-A019_protein_availability,G-A019,protein_availability,unavailable,{},,,0,uncalibrated,unavailable,Quantitative parameterization requires compatible effect/uncertainty data or validated calibration; unavailable in this release.
PRIOR_G-A019_temporal,G-A019,temporal,unavailable,{},,,0,uncalibrated,unavailable,Quantitative parameterization requires compatible effect/uncertainty data or validated calibration; unavailable in this release.
PRIOR_G-A020_context_specific,G-A020,context_specific,unavailable,{},,,0,uncalibrated,withheld,Contested/incomplete extraction withheld.
PRIOR_G-A020_direction,G-A020,direction,unavailable,{},,,0,uncalibrated,withheld,Contested/incomplete extraction withheld.
PRIOR_G-A020_effect_class,G-A020,effect_class,unavailable,{},,,0,uncalibrated,withheld,Contested/incomplete extraction withheld.
PRIOR_G-A020_existence,G-A020,existence,unavailable,{},,,0,uncalibrated,withheld,Contested/incomplete extraction withheld.
PRIOR_G-A020_expression,G-A020,expression,unavailable,{},,,0,uncalibrated,withheld,Contested/incomplete extraction withheld.
PRIOR_G-A020_genetic_modifier,G-A020,genetic_modifier,unavailable,{},,,0,uncalibrated,withheld,Contested/incomplete extraction withheld.
PRIOR_G-A020_human_transportability,G-A020,human_transportability,unavailable,{},,,0,uncalibrated,withheld,Contested/incomplete extraction withheld.
PRIOR_G-A020_magnitude,G-A020,magnitude,unavailable,{},,,0,uncalibrated,withheld,Contested/incomplete extraction withheld.
PRIOR_G-A020_protein_availability,G-A020,protein_availability,unavailable,{},,,0,uncalibrated,withheld,Contested/incomplete extraction withheld.
PRIOR_G-A020_temporal,G-A020,temporal,unavailable,{},,,0,uncalibrated,withheld,Contested/incomplete extraction withheld.
PRIOR_G-A021_context_specific,G-A021,context_specific,categorical_annotation,"{""context_id"":""CTX_6514df7e7dbb898b""}",,,1,uncalibrated,available,"Observed annotation only, no numeric distribution inferred."
PRIOR_G-A021_direction,G-A021,direction,Dirichlet,"{""alpha"":[1.0,1.0,1.5],""categories"":[""increase"",""decrease"",""other""]}",,,1,uncalibrated,available,Direction uncertainty is separate from existence and from effect magnitude.
PRIOR_G-A021_effect_class,G-A021,effect_class,categorical_annotation,"{""observed_direction"":""association""}",,,1,uncalibrated,available,"Observed annotation only, no numeric distribution inferred."
PRIOR_G-A021_existence,G-A021,existence,Beta,"{""alpha"":1.5,""beta"":1.0}",0.6,0.6,1,uncalibrated,available,"Tier/access/confidence weights, biological cohort cap; not calibrated probability of truth."
PRIOR_G-A021_expression,G-A021,expression,unavailable,{},,,0,uncalibrated,unavailable,Quantitative parameterization requires compatible effect/uncertainty data or validated calibration; unavailable in this release.
PRIOR_G-A021_genetic_modifier,G-A021,genetic_modifier,unavailable,{},,,0,uncalibrated,unavailable,Quantitative parameterization requires compatible effect/uncertainty data or validated calibration; unavailable in this release.
PRIOR_G-A021_human_transportability,G-A021,human_transportability,unavailable,{},,,0,uncalibrated,unavailable,Quantitative parameterization requires compatible effect/uncertainty data or validated calibration; unavailable in this release.
PRIOR_G-A021_magnitude,G-A021,magnitude,unavailable,{},,,0,uncalibrated,unavailable,Quantitative parameterization requires compatible effect/uncertainty data or validated calibration; unavailable in this release.
PRIOR_G-A021_protein_availability,G-A021,protein_availability,unavailable,{},,,0,uncalibrated,unavailable,Quantitative parameterization requires compatible effect/uncertainty data or validated calibration; unavailable in this release.
PRIOR_G-A021_temporal,G-A021,temporal,unavailable,{},,,0,uncalibrated,unavailable,Quantitative parameterization requires compatible effect/uncertainty data or validated calibration; unavailable in this release.
PRIOR_G-A022_context_specific,G-A022,context_specific,categorical_annotation,"{""context_id"":""CTX_00524ee757c3594a""}",,,1,uncalibrated,available,"Observed annotation only, no numeric distribution inferred."
PRIOR_G-A022_direction,G-A022,direction,Dirichlet,"{""alpha"":[1.0,1.0,1.5],""categories"":[""increase"",""decrease"",""other""]}",,,1,uncalibrated,available,Direction uncertainty is separate from existence and from effect magnitude.
PRIOR_G-A022_effect_class,G-A022,effect_class,categorical_annotation,"{""observed_direction"":""association""}",,,1,uncalibrated,available,"Observed annotation only, no numeric distribution inferred."
PRIOR_G-A022_existence,G-A022,existence,Beta,"{""alpha"":1.5,""beta"":1.0}",0.6,0.6,1,uncalibrated,available,"Tier/access/confidence weights, biological cohort cap; not calibrated probability of truth."
PRIOR_G-A022_expression,G-A022,expression,unavailable,{},,,0,uncalibrated,unavailable,Quantitative parameterization requires compatible effect/uncertainty data or validated calibration; unavailable in this release.
PRIOR_G-A022_genetic_modifier,G-A022,genetic_modifier,unavailable,{},,,0,uncalibrated,unavailable,Quantitative parameterization requires compatible effect/uncertainty data or validated calibration; unavailable in this release.
PRIOR_G-A022_human_transportability,G-A022,human_transportability,unavailable,{},,,0,uncalibrated,unavailable,Quantitative parameterization requires compatible effect/uncertainty data or validated calibration; unavailable in this release.
PRIOR_G-A022_magnitude,G-A022,magnitude,unavailable,{},,,0,uncalibrated,unavailable,Quantitative parameterization requires compatible effect/uncertainty data or validated calibration; unavailable in this release.
PRIOR_G-A022_protein_availability,G-A022,protein_availability,unavailable,{},,,0,uncalibrated,unavailable,Quantitative parameterization requires compatible effect/uncertainty data or validated calibration; unavailable in this release.
PRIOR_G-A022_temporal,G-A022,temporal,unavailable,{},,,0,uncalibrated,unavailable,Quantitative parameterization requires compatible effect/uncertainty data or validated calibration; unavailable in this release.
PRIOR_G-A023_context_specific,G-A023,context_specific,categorical_annotation,"{""context_id"":""CTX_f02abebab5d48215""}",,,1,uncalibrated,available,"Observed annotation only, no numeric distribution inferred."
PRIOR_G-A023_direction,G-A023,direction,Dirichlet,"{""alpha"":[1.0,1.5,1.0],""categories"":[""increase"",""decrease"",""other""]}",,,1,uncalibrated,available,Direction uncertainty is separate from existence and from effect magnitude.
PRIOR_G-A023_effect_class,G-A023,effect_class,categorical_annotation,"{""observed_direction"":""decrease""}",,,1,uncalibrated,available,"Observed annotation only, no numeric distribution inferred."
PRIOR_G-A023_existence,G-A023,existence,Beta,"{""alpha"":1.5,""beta"":1.0}",0.6,0.6,1,uncalibrated,available,"Tier/access/confidence weights, biological cohort cap; not calibrated probability of truth."
PRIOR_G-A023_expression,G-A023,expression,unavailable,{},,,0,uncalibrated,unavailable,Quantitative parameterization requires compatible effect/uncertainty data or validated calibration; unavailable in this release.
PRIOR_G-A023_genetic_modifier,G-A023,genetic_modifier,unavailable,{},,,0,uncalibrated,unavailable,Quantitative parameterization requires compatible effect/uncertainty data or validated calibration; unavailable in this release.
PRIOR_G-A023_human_transportability,G-A023,human_transportability,unavailable,{},,,0,uncalibrated,unavailable,Quantitative parameterization requires compatible effect/uncertainty data or validated calibration; unavailable in this release.
PRIOR_G-A023_magnitude,G-A023,magnitude,unavailable,{},,,0,uncalibrated,unavailable,Quantitative parameterization requires compatible effect/uncertainty data or validated calibration; unavailable in this release.
PRIOR_G-A023_protein_availability,G-A023,protein_availability,unavailable,{},,,0,uncalibrated,unavailable,Quantitative parameterization requires compatible effect/uncertainty data or validated calibration; unavailable in this release.
PRIOR_G-A023_temporal,G-A023,temporal,unavailable,{},,,0,uncalibrated,unavailable,Quantitative parameterization requires compatible effect/uncertainty data or validated calibration; unavailable in this release.
PRIOR_G-A024_context_specific,G-A024,context_specific,categorical_annotation,"{""context_id"":""CTX_38e93c4e948c305e""}",,,1,uncalibrated,available,"Observed annotation only, no numeric distribution inferred."
PRIOR_G-A024_direction,G-A024,direction,Dirichlet,"{""alpha"":[1.5,1.0,1.0],""categories"":[""increase"",""decrease"",""other""]}",,,1,uncalibrated,available,Direction uncertainty is separate from existence and from effect magnitude.
PRIOR_G-A024_effect_class,G-A024,effect_class,categorical_annotation,"{""observed_direction"":""increase""}",,,1,uncalibrated,available,"Observed annotation only, no numeric distribution inferred."
PRIOR_G-A024_existence,G-A024,existence,Beta,"{""alpha"":1.5,""beta"":1.0}",0.6,0.6,1,uncalibrated,available,"Tier/access/confidence weights, biological cohort cap; not calibrated probability of truth."
PRIOR_G-A024_expression,G-A024,expression,unavailable,{},,,0,uncalibrated,unavailable,Quantitative parameterization requires compatible effect/uncertainty data or validated calibration; unavailable in this release.
PRIOR_G-A024_genetic_modifier,G-A024,genetic_modifier,unavailable,{},,,0,uncalibrated,unavailable,Quantitative parameterization requires compatible effect/uncertainty data or validated calibration; unavailable in this release.
PRIOR_G-A024_human_transportability,G-A024,human_transportability,unavailable,{},,,0,uncalibrated,unavailable,Quantitative parameterization requires compatible effect/uncertainty data or validated calibration; unavailable in this release.
PRIOR_G-A024_magnitude,G-A024,magnitude,unavailable,{},,,0,uncalibrated,unavailable,Quantitative parameterization requires compatible effect/uncertainty data or validated calibration; unavailable in this release.
PRIOR_G-A024_protein_availability,G-A024,protein_availability,unavailable,{},,,0,uncalibrated,unavailable,Quantitative parameterization requires compatible effect/uncertainty data or validated calibration; unavailable in this release.
PRIOR_G-A024_temporal,G-A024,temporal,unavailable,{},,,0,uncalibrated,unavailable,Quantitative parameterization requires compatible effect/uncertainty data or validated calibration; unavailable in this release.
PRIOR_G-A025_context_specific,G-A025,context_specific,categorical_annotation,"{""context_id"":""CTX_333007ffb4149300""}",,,0,uncalibrated,available,"Observed annotation only, no numeric distribution inferred."
PRIOR_G-A025_direction,G-A025,direction,unavailable,{},,,0,uncalibrated,unavailable,Quantitative parameterization requires compatible effect/uncertainty data or validated calibration; unavailable in this release.
PRIOR_G-A025_effect_class,G-A025,effect_class,categorical_annotation,"{""observed_direction"":""null""}",,,0,uncalibrated,available,"Observed annotation only, no numeric distribution inferred."
PRIOR_G-A025_existence,G-A025,existence,unavailable,{},,,0,uncalibrated,unavailable,Quantitative parameterization requires compatible effect/uncertainty data or validated calibration; unavailable in this release.
PRIOR_G-A025_expression,G-A025,expression,unavailable,{},,,0,uncalibrated,unavailable,Quantitative parameterization requires compatible effect/uncertainty data or validated calibration; unavailable in this release.
PRIOR_G-A025_genetic_modifier,G-A025,genetic_modifier,unavailable,{},,,0,uncalibrated,unavailable,Quantitative parameterization requires compatible effect/uncertainty data or validated calibration; unavailable in this release.
PRIOR_G-A025_human_transportability,G-A025,human_transportability,unavailable,{},,,0,uncalibrated,unavailable,Quantitative parameterization requires compatible effect/uncertainty data or validated calibration; unavailable in this release.
PRIOR_G-A025_magnitude,G-A025,magnitude,unavailable,{},,,0,uncalibrated,unavailable,Quantitative parameterization requires compatible effect/uncertainty data or validated calibration; unavailable in this release.
PRIOR_G-A025_protein_availability,G-A025,protein_availability,unavailable,{},,,0,uncalibrated,unavailable,Quantitative parameterization requires compatible effect/uncertainty data or validated calibration; unavailable in this release.
PRIOR_G-A025_temporal,G-A025,temporal,unavailable,{},,,0,uncalibrated,unavailable,Quantitative parameterization requires compatible effect/uncertainty data or validated calibration; unavailable in this release.
PRIOR_P_A01_context_specific,P_A01,context_specific,unavailable,{},,,0,uncalibrated,withheld,Contested/incomplete extraction withheld.
PRIOR_P_A01_direction,P_A01,direction,unavailable,{},,,0,uncalibrated,withheld,Contested/incomplete extraction withheld.
PRIOR_P_A01_effect_class,P_A01,effect_class,unavailable,{},,,0,uncalibrated,withheld,Contested/incomplete extraction withheld.
PRIOR_P_A01_existence,P_A01,existence,unavailable,{},,,0,uncalibrated,withheld,Contested/incomplete extraction withheld.
PRIOR_P_A01_expression,P_A01,expression,unavailable,{},,,0,uncalibrated,withheld,Contested/incomplete extraction withheld.
PRIOR_P_A01_genetic_modifier,P_A01,genetic_modifier,unavailable,{},,,0,uncalibrated,withheld,Contested/incomplete extraction withheld.
PRIOR_P_A01_human_transportability,P_A01,human_transportability,unavailable,{},,,0,uncalibrated,withheld,Contested/incomplete extraction withheld.
PRIOR_P_A01_magnitude,P_A01,magnitude,unavailable,{},,,0,uncalibrated,withheld,Contested/incomplete extraction withheld.
PRIOR_P_A01_protein_availability,P_A01,protein_availability,unavailable,{},,,0,uncalibrated,withheld,Contested/incomplete extraction withheld.
PRIOR_P_A01_temporal,P_A01,temporal,unavailable,{},,,0,uncalibrated,withheld,Contested/incomplete extraction withheld.
PRIOR_P_A02_context_specific,P_A02,context_specific,categorical_annotation,"{""context_id"":""CTX_0972aa9f934bb892""}",,,1,uncalibrated,available,"Observed annotation only, no numeric distribution inferred."
PRIOR_P_A02_direction,P_A02,direction,Dirichlet,"{""alpha"":[2.0,1.0,1.0],""categories"":[""increase"",""decrease"",""other""]}",,,1,uncalibrated,available,Direction uncertainty is separate from existence and from effect magnitude.
PRIOR_P_A02_effect_class,P_A02,effect_class,categorical_annotation,"{""observed_direction"":""increase""}",,,1,uncalibrated,available,"Observed annotation only, no numeric distribution inferred."
PRIOR_P_A02_existence,P_A02,existence,Beta,"{""alpha"":2.0,""beta"":1.0}",0.6666666666666666,0.6666666666666666,1,uncalibrated,available,"Tier/access/confidence weights, biological cohort cap; not calibrated probability of truth."
PRIOR_P_A02_expression,P_A02,expression,unavailable,{},,,0,uncalibrated,unavailable,Quantitative parameterization requires compatible effect/uncertainty data or validated calibration; unavailable in this release.
PRIOR_P_A02_genetic_modifier,P_A02,genetic_modifier,unavailable,{},,,0,uncalibrated,unavailable,Quantitative parameterization requires compatible effect/uncertainty data or validated calibration; unavailable in this release.
PRIOR_P_A02_human_transportability,P_A02,human_transportability,unavailable,{},,,0,uncalibrated,unavailable,Quantitative parameterization requires compatible effect/uncertainty data or validated calibration; unavailable in this release.
PRIOR_P_A02_magnitude,P_A02,magnitude,unavailable,{},,,0,uncalibrated,unavailable,Quantitative parameterization requires compatible effect/uncertainty data or validated calibration; unavailable in this release.
PRIOR_P_A02_protein_availability,P_A02,protein_availability,unavailable,{},,,0,uncalibrated,unavailable,Quantitative parameterization requires compatible effect/uncertainty data or validated calibration; unavailable in this release.
PRIOR_P_A02_temporal,P_A02,temporal,unavailable,{},,,0,uncalibrated,unavailable,Quantitative parameterization requires compatible effect/uncertainty data or validated calibration; unavailable in this release.
PRIOR_P_A03_context_specific,P_A03,context_specific,categorical_annotation,"{""context_id"":""CTX_9ab0a6ea73cfc33d""}",,,0,uncalibrated,available,"Observed annotation only, no numeric distribution inferred."
PRIOR_P_A03_direction,P_A03,direction,unavailable,{},,,0,uncalibrated,unavailable,Quantitative parameterization requires compatible effect/uncertainty data or validated calibration; unavailable in this release.
PRIOR_P_A03_effect_class,P_A03,effect_class,categorical_annotation,"{""observed_direction"":""null""}",,,0,uncalibrated,available,"Observed annotation only, no numeric distribution inferred."
PRIOR_P_A03_existence,P_A03,existence,unavailable,{},,,0,uncalibrated,unavailable,Quantitative parameterization requires compatible effect/uncertainty data or validated calibration; unavailable in this release.
PRIOR_P_A03_expression,P_A03,expression,unavailable,{},,,0,uncalibrated,unavailable,Quantitative parameterization requires compatible effect/uncertainty data or validated calibration; unavailable in this release.
PRIOR_P_A03_genetic_modifier,P_A03,genetic_modifier,unavailable,{},,,0,uncalibrated,unavailable,Quantitative parameterization requires compatible effect/uncertainty data or validated calibration; unavailable in this release.
PRIOR_P_A03_human_transportability,P_A03,human_transportability,unavailable,{},,,0,uncalibrated,unavailable,Quantitative parameterization requires compatible effect/uncertainty data or validated calibration; unavailable in this release.
PRIOR_P_A03_magnitude,P_A03,magnitude,unavailable,{},,,0,uncalibrated,unavailable,Quantitative parameterization requires compatible effect/uncertainty data or validated calibration; unavailable in this release.
PRIOR_P_A03_protein_availability,P_A03,protein_availability,unavailable,{},,,0,uncalibrated,unavailable,Quantitative parameterization requires compatible effect/uncertainty data or validated calibration; unavailable in this release.
PRIOR_P_A03_temporal,P_A03,temporal,unavailable,{},,,0,uncalibrated,unavailable,Quantitative parameterization requires compatible effect/uncertainty data or validated calibration; unavailable in this release.
PRIOR_P_A04_context_specific,P_A04,context_specific,categorical_annotation,"{""context_id"":""CTX_ed5753bd7090c0c5""}",,,1,uncalibrated,available,"Observed annotation only, no numeric distribution inferred."
PRIOR_P_A04_direction,P_A04,direction,Dirichlet,"{""alpha"":[2.0,1.0,1.0],""categories"":[""increase"",""decrease"",""other""]}",,,1,uncalibrated,available,Direction uncertainty is separate from existence and from effect magnitude.
PRIOR_P_A04_effect_class,P_A04,effect_class,categorical_annotation,"{""observed_direction"":""increase""}",,,1,uncalibrated,available,"Observed annotation only, no numeric distribution inferred."
PRIOR_P_A04_existence,P_A04,existence,Beta,"{""alpha"":2.0,""beta"":1.0}",0.6666666666666666,0.6666666666666666,1,uncalibrated,available,"Tier/access/confidence weights, biological cohort cap; not calibrated probability of truth."
PRIOR_P_A04_expression,P_A04,expression,unavailable,{},,,0,uncalibrated,unavailable,Quantitative parameterization requires compatible effect/uncertainty data or validated calibration; unavailable in this release.
PRIOR_P_A04_genetic_modifier,P_A04,genetic_modifier,unavailable,{},,,0,uncalibrated,unavailable,Quantitative parameterization requires compatible effect/uncertainty data or validated calibration; unavailable in this release.
PRIOR_P_A04_human_transportability,P_A04,human_transportability,unavailable,{},,,0,uncalibrated,unavailable,Quantitative parameterization requires compatible effect/uncertainty data or validated calibration; unavailable in this release.
PRIOR_P_A04_magnitude,P_A04,magnitude,unavailable,{},,,0,uncalibrated,unavailable,Quantitative parameterization requires compatible effect/uncertainty data or validated calibration; unavailable in this release.
PRIOR_P_A04_protein_availability,P_A04,protein_availability,unavailable,{},,,0,uncalibrated,unavailable,Quantitative parameterization requires compatible effect/uncertainty data or validated calibration; unavailable in this release.
PRIOR_P_A04_temporal,P_A04,temporal,unavailable,{},,,0,uncalibrated,unavailable,Quantitative parameterization requires compatible effect/uncertainty data or validated calibration; unavailable in this release.
PRIOR_P_A05_context_specific,P_A05,context_specific,categorical_annotation,"{""context_id"":""CTX_1eb909bfb38bec10""}",,,1,uncalibrated,available,"Observed annotation only, no numeric distribution inferred."
PRIOR_P_A05_direction,P_A05,direction,Dirichlet,"{""alpha"":[2.0,1.0,1.0],""categories"":[""increase"",""decrease"",""other""]}",,,1,uncalibrated,available,Direction uncertainty is separate from existence and from effect magnitude.
PRIOR_P_A05_effect_class,P_A05,effect_class,categorical_annotation,"{""observed_direction"":""increase""}",,,1,uncalibrated,available,"Observed annotation only, no numeric distribution inferred."
PRIOR_P_A05_existence,P_A05,existence,Beta,"{""alpha"":2.0,""beta"":1.0}",0.6666666666666666,0.6666666666666666,1,uncalibrated,available,"Tier/access/confidence weights, biological cohort cap; not calibrated probability of truth."
PRIOR_P_A05_expression,P_A05,expression,unavailable,{},,,0,uncalibrated,unavailable,Quantitative parameterization requires compatible effect/uncertainty data or validated calibration; unavailable in this release.
PRIOR_P_A05_genetic_modifier,P_A05,genetic_modifier,unavailable,{},,,0,uncalibrated,unavailable,Quantitative parameterization requires compatible effect/uncertainty data or validated calibration; unavailable in this release.
PRIOR_P_A05_human_transportability,P_A05,human_transportability,unavailable,{},,,0,uncalibrated,unavailable,Quantitative parameterization requires compatible effect/uncertainty data or validated calibration; unavailable in this release.
PRIOR_P_A05_magnitude,P_A05,magnitude,unavailable,{},,,0,uncalibrated,unavailable,Quantitative parameterization requires compatible effect/uncertainty data or validated calibration; unavailable in this release.
PRIOR_P_A05_protein_availability,P_A05,protein_availability,unavailable,{},,,0,uncalibrated,unavailable,Quantitative parameterization requires compatible effect/uncertainty data or validated calibration; unavailable in this release.
PRIOR_P_A05_temporal,P_A05,temporal,unavailable,{},,,0,uncalibrated,unavailable,Quantitative parameterization requires compatible effect/uncertainty data or validated calibration; unavailable in this release.
PRIOR_P_A06_context_specific,P_A06,context_specific,categorical_annotation,"{""context_id"":""CTX_d392f27dd8c3ba97""}",,,0,uncalibrated,available,"Observed annotation only, no numeric distribution inferred."
PRIOR_P_A06_direction,P_A06,direction,unavailable,{},,,0,uncalibrated,unavailable,Quantitative parameterization requires compatible effect/uncertainty data or validated calibration; unavailable in this release.
PRIOR_P_A06_effect_class,P_A06,effect_class,categorical_annotation,"{""observed_direction"":""null""}",,,0,uncalibrated,available,"Observed annotation only, no numeric distribution inferred."
PRIOR_P_A06_existence,P_A06,existence,unavailable,{},,,0,uncalibrated,unavailable,Quantitative parameterization requires compatible effect/uncertainty data or validated calibration; unavailable in this release.
PRIOR_P_A06_expression,P_A06,expression,unavailable,{},,,0,uncalibrated,unavailable,Quantitative parameterization requires compatible effect/uncertainty data or validated calibration; unavailable in this release.
PRIOR_P_A06_genetic_modifier,P_A06,genetic_modifier,unavailable,{},,,0,uncalibrated,unavailable,Quantitative parameterization requires compatible effect/uncertainty data or validated calibration; unavailable in this release.
PRIOR_P_A06_human_transportability,P_A06,human_transportability,unavailable,{},,,0,uncalibrated,unavailable,Quantitative parameterization requires compatible effect/uncertainty data or validated calibration; unavailable in this release.
PRIOR_P_A06_magnitude,P_A06,magnitude,unavailable,{},,,0,uncalibrated,unavailable,Quantitative parameterization requires compatible effect/uncertainty data or validated calibration; unavailable in this release.
PRIOR_P_A06_protein_availability,P_A06,protein_availability,unavailable,{},,,0,uncalibrated,unavailable,Quantitative parameterization requires compatible effect/uncertainty data or validated calibration; unavailable in this release.
PRIOR_P_A06_temporal,P_A06,temporal,unavailable,{},,,0,uncalibrated,unavailable,Quantitative parameterization requires compatible effect/uncertainty data or validated calibration; unavailable in this release.
PRIOR_P_A07_context_specific,P_A07,context_specific,unavailable,{},,,0,uncalibrated,withheld,Contested/incomplete extraction withheld.
PRIOR_P_A07_direction,P_A07,direction,unavailable,{},,,0,uncalibrated,withheld,Contested/incomplete extraction withheld.
PRIOR_P_A07_effect_class,P_A07,effect_class,unavailable,{},,,0,uncalibrated,withheld,Contested/incomplete extraction withheld.
PRIOR_P_A07_existence,P_A07,existence,unavailable,{},,,0,uncalibrated,withheld,Contested/incomplete extraction withheld.
PRIOR_P_A07_expression,P_A07,expression,unavailable,{},,,0,uncalibrated,withheld,Contested/incomplete extraction withheld.
PRIOR_P_A07_genetic_modifier,P_A07,genetic_modifier,unavailable,{},,,0,uncalibrated,withheld,Contested/incomplete extraction withheld.
PRIOR_P_A07_human_transportability,P_A07,human_transportability,unavailable,{},,,0,uncalibrated,withheld,Contested/incomplete extraction withheld.
PRIOR_P_A07_magnitude,P_A07,magnitude,unavailable,{},,,0,uncalibrated,withheld,Contested/incomplete extraction withheld.
PRIOR_P_A07_protein_availability,P_A07,protein_availability,unavailable,{},,,0,uncalibrated,withheld,Contested/incomplete extraction withheld.
PRIOR_P_A07_temporal,P_A07,temporal,unavailable,{},,,0,uncalibrated,withheld,Contested/incomplete extraction withheld.
PRIOR_P_A08_context_specific,P_A08,context_specific,unavailable,{},,,0,uncalibrated,withheld,Contested/incomplete extraction withheld.
PRIOR_P_A08_direction,P_A08,direction,unavailable,{},,,0,uncalibrated,withheld,Contested/incomplete extraction withheld.
PRIOR_P_A08_effect_class,P_A08,effect_class,unavailable,{},,,0,uncalibrated,withheld,Contested/incomplete extraction withheld.
PRIOR_P_A08_existence,P_A08,existence,unavailable,{},,,0,uncalibrated,withheld,Contested/incomplete extraction withheld.
PRIOR_P_A08_expression,P_A08,expression,unavailable,{},,,0,uncalibrated,withheld,Contested/incomplete extraction withheld.
PRIOR_P_A08_genetic_modifier,P_A08,genetic_modifier,unavailable,{},,,0,uncalibrated,withheld,Contested/incomplete extraction withheld.
PRIOR_P_A08_human_transportability,P_A08,human_transportability,unavailable,{},,,0,uncalibrated,withheld,Contested/incomplete extraction withheld.
PRIOR_P_A08_magnitude,P_A08,magnitude,unavailable,{},,,0,uncalibrated,withheld,Contested/incomplete extraction withheld.
PRIOR_P_A08_protein_availability,P_A08,protein_availability,unavailable,{},,,0,uncalibrated,withheld,Contested/incomplete extraction withheld.
PRIOR_P_A08_temporal,P_A08,temporal,unavailable,{},,,0,uncalibrated,withheld,Contested/incomplete extraction withheld.
PRIOR_P_A09_context_specific,P_A09,context_specific,categorical_annotation,"{""context_id"":""CTX_aeb0218618294f39""}",,,1,uncalibrated,available,"Observed annotation only, no numeric distribution inferred."
PRIOR_P_A09_direction,P_A09,direction,Dirichlet,"{""alpha"":[1.0,2.0,1.0],""categories"":[""increase"",""decrease"",""other""]}",,,1,uncalibrated,available,Direction uncertainty is separate from existence and from effect magnitude.
PRIOR_P_A09_effect_class,P_A09,effect_class,categorical_annotation,"{""observed_direction"":""decrease""}",,,1,uncalibrated,available,"Observed annotation only, no numeric distribution inferred."
PRIOR_P_A09_existence,P_A09,existence,Beta,"{""alpha"":2.0,""beta"":1.0}",0.6666666666666666,0.6666666666666666,1,uncalibrated,available,"Tier/access/confidence weights, biological cohort cap; not calibrated probability of truth."
PRIOR_P_A09_expression,P_A09,expression,unavailable,{},,,0,uncalibrated,unavailable,Quantitative parameterization requires compatible effect/uncertainty data or validated calibration; unavailable in this release.
PRIOR_P_A09_genetic_modifier,P_A09,genetic_modifier,unavailable,{},,,0,uncalibrated,unavailable,Quantitative parameterization requires compatible effect/uncertainty data or validated calibration; unavailable in this release.
PRIOR_P_A09_human_transportability,P_A09,human_transportability,unavailable,{},,,0,uncalibrated,unavailable,Quantitative parameterization requires compatible effect/uncertainty data or validated calibration; unavailable in this release.
PRIOR_P_A09_magnitude,P_A09,magnitude,unavailable,{},,,0,uncalibrated,unavailable,Quantitative parameterization requires compatible effect/uncertainty data or validated calibration; unavailable in this release.
PRIOR_P_A09_protein_availability,P_A09,protein_availability,unavailable,{},,,0,uncalibrated,unavailable,Quantitative parameterization requires compatible effect/uncertainty data or validated calibration; unavailable in this release.
PRIOR_P_A09_temporal,P_A09,temporal,unavailable,{},,,0,uncalibrated,unavailable,Quantitative parameterization requires compatible effect/uncertainty data or validated calibration; unavailable in this release.
PRIOR_P_A10_context_specific,P_A10,context_specific,categorical_annotation,"{""context_id"":""CTX_aeb0218618294f39""}",,,1,uncalibrated,available,"Observed annotation only, no numeric distribution inferred."
PRIOR_P_A10_direction,P_A10,direction,Dirichlet,"{""alpha"":[1.0,2.0,1.0],""categories"":[""increase"",""decrease"",""other""]}",,,1,uncalibrated,available,Direction uncertainty is separate from existence and from effect magnitude.
PRIOR_P_A10_effect_class,P_A10,effect_class,categorical_annotation,"{""observed_direction"":""decrease""}",,,1,uncalibrated,available,"Observed annotation only, no numeric distribution inferred."
PRIOR_P_A10_existence,P_A10,existence,Beta,"{""alpha"":2.0,""beta"":1.0}",0.6666666666666666,0.6666666666666666,1,uncalibrated,available,"Tier/access/confidence weights, biological cohort cap; not calibrated probability of truth."
PRIOR_P_A10_expression,P_A10,expression,unavailable,{},,,0,uncalibrated,unavailable,Quantitative parameterization requires compatible effect/uncertainty data or validated calibration; unavailable in this release.
PRIOR_P_A10_genetic_modifier,P_A10,genetic_modifier,unavailable,{},,,0,uncalibrated,unavailable,Quantitative parameterization requires compatible effect/uncertainty data or validated calibration; unavailable in this release.
PRIOR_P_A10_human_transportability,P_A10,human_transportability,unavailable,{},,,0,uncalibrated,unavailable,Quantitative parameterization requires compatible effect/uncertainty data or validated calibration; unavailable in this release.
PRIOR_P_A10_magnitude,P_A10,magnitude,unavailable,{},,,0,uncalibrated,unavailable,Quantitative parameterization requires compatible effect/uncertainty data or validated calibration; unavailable in this release.
PRIOR_P_A10_protein_availability,P_A10,protein_availability,unavailable,{},,,0,uncalibrated,unavailable,Quantitative parameterization requires compatible effect/uncertainty data or validated calibration; unavailable in this release.
PRIOR_P_A10_temporal,P_A10,temporal,unavailable,{},,,0,uncalibrated,unavailable,Quantitative parameterization requires compatible effect/uncertainty data or validated calibration; unavailable in this release.
PRIOR_P_A11_context_specific,P_A11,context_specific,categorical_annotation,"{""context_id"":""CTX_aeb0218618294f39""}",,,1,uncalibrated,available,"Observed annotation only, no numeric distribution inferred."
PRIOR_P_A11_direction,P_A11,direction,Dirichlet,"{""alpha"":[2.0,1.0,1.0],""categories"":[""increase"",""decrease"",""other""]}",,,1,uncalibrated,available,Direction uncertainty is separate from existence and from effect magnitude.
PRIOR_P_A11_effect_class,P_A11,effect_class,categorical_annotation,"{""observed_direction"":""increase""}",,,1,uncalibrated,available,"Observed annotation only, no numeric distribution inferred."
PRIOR_P_A11_existence,P_A11,existence,Beta,"{""alpha"":2.0,""beta"":1.0}",0.6666666666666666,0.6666666666666666,1,uncalibrated,available,"Tier/access/confidence weights, biological cohort cap; not calibrated probability of truth."
PRIOR_P_A11_expression,P_A11,expression,unavailable,{},,,0,uncalibrated,unavailable,Quantitative parameterization requires compatible effect/uncertainty data or validated calibration; unavailable in this release.
PRIOR_P_A11_genetic_modifier,P_A11,genetic_modifier,unavailable,{},,,0,uncalibrated,unavailable,Quantitative parameterization requires compatible effect/uncertainty data or validated calibration; unavailable in this release.
PRIOR_P_A11_human_transportability,P_A11,human_transportability,unavailable,{},,,0,uncalibrated,unavailable,Quantitative parameterization requires compatible effect/uncertainty data or validated calibration; unavailable in this release.
PRIOR_P_A11_magnitude,P_A11,magnitude,unavailable,{},,,0,uncalibrated,unavailable,Quantitative parameterization requires compatible effect/uncertainty data or validated calibration; unavailable in this release.
PRIOR_P_A11_protein_availability,P_A11,protein_availability,unavailable,{},,,0,uncalibrated,unavailable,Quantitative parameterization requires compatible effect/uncertainty data or validated calibration; unavailable in this release.
PRIOR_P_A11_temporal,P_A11,temporal,unavailable,{},,,0,uncalibrated,unavailable,Quantitative parameterization requires compatible effect/uncertainty data or validated calibration; unavailable in this release.
PRIOR_P_A12_context_specific,P_A12,context_specific,categorical_annotation,"{""context_id"":""CTX_aeb0218618294f39""}",,,0,uncalibrated,available,"Observed annotation only, no numeric distribution inferred."
PRIOR_P_A12_direction,P_A12,direction,unavailable,{},,,0,uncalibrated,unavailable,Quantitative parameterization requires compatible effect/uncertainty data or validated calibration; unavailable in this release.
PRIOR_P_A12_effect_class,P_A12,effect_class,categorical_annotation,"{""observed_direction"":""null""}",,,0,uncalibrated,available,"Observed annotation only, no numeric distribution inferred."
PRIOR_P_A12_existence,P_A12,existence,unavailable,{},,,0,uncalibrated,unavailable,Quantitative parameterization requires compatible effect/uncertainty data or validated calibration; unavailable in this release.
PRIOR_P_A12_expression,P_A12,expression,unavailable,{},,,0,uncalibrated,unavailable,Quantitative parameterization requires compatible effect/uncertainty data or validated calibration; unavailable in this release.
PRIOR_P_A12_genetic_modifier,P_A12,genetic_modifier,unavailable,{},,,0,uncalibrated,unavailable,Quantitative parameterization requires compatible effect/uncertainty data or validated calibration; unavailable in this release.
PRIOR_P_A12_human_transportability,P_A12,human_transportability,unavailable,{},,,0,uncalibrated,unavailable,Quantitative parameterization requires compatible effect/uncertainty data or validated calibration; unavailable in this release.
PRIOR_P_A12_magnitude,P_A12,magnitude,unavailable,{},,,0,uncalibrated,unavailable,Quantitative parameterization requires compatible effect/uncertainty data or validated calibration; unavailable in this release.
PRIOR_P_A12_protein_availability,P_A12,protein_availability,unavailable,{},,,0,uncalibrated,unavailable,Quantitative parameterization requires compatible effect/uncertainty data or validated calibration; unavailable in this release.
PRIOR_P_A12_temporal,P_A12,temporal,unavailable,{},,,0,uncalibrated,unavailable,Quantitative parameterization requires compatible effect/uncertainty data or validated calibration; unavailable in this release.
PRIOR_P_A13_context_specific,P_A13,context_specific,categorical_annotation,"{""context_id"":""CTX_8ed1428d496379ac""}",,,1,uncalibrated,available,"Observed annotation only, no numeric distribution inferred."
PRIOR_P_A13_direction,P_A13,direction,Dirichlet,"{""alpha"":[1.0,1.0,1.5],""categories"":[""increase"",""decrease"",""other""]}",,,1,uncalibrated,available,Direction uncertainty is separate from existence and from effect magnitude.
PRIOR_P_A13_effect_class,P_A13,effect_class,categorical_annotation,"{""observed_direction"":""association""}",,,1,uncalibrated,available,"Observed annotation only, no numeric distribution inferred."
PRIOR_P_A13_existence,P_A13,existence,Beta,"{""alpha"":1.5,""beta"":1.0}",0.6,0.6,1,uncalibrated,available,"Tier/access/confidence weights, biological cohort cap; not calibrated probability of truth."
PRIOR_P_A13_expression,P_A13,expression,unavailable,{},,,0,uncalibrated,unavailable,Quantitative parameterization requires compatible effect/uncertainty data or validated calibration; unavailable in this release.
PRIOR_P_A13_genetic_modifier,P_A13,genetic_modifier,unavailable,{},,,0,uncalibrated,unavailable,Quantitative parameterization requires compatible effect/uncertainty data or validated calibration; unavailable in this release.
PRIOR_P_A13_human_transportability,P_A13,human_transportability,unavailable,{},,,0,uncalibrated,unavailable,Quantitative parameterization requires compatible effect/uncertainty data or validated calibration; unavailable in this release.
PRIOR_P_A13_magnitude,P_A13,magnitude,unavailable,{},,,0,uncalibrated,unavailable,Quantitative parameterization requires compatible effect/uncertainty data or validated calibration; unavailable in this release.
PRIOR_P_A13_protein_availability,P_A13,protein_availability,unavailable,{},,,0,uncalibrated,unavailable,Quantitative parameterization requires compatible effect/uncertainty data or validated calibration; unavailable in this release.
PRIOR_P_A13_temporal,P_A13,temporal,unavailable,{},,,0,uncalibrated,unavailable,Quantitative parameterization requires compatible effect/uncertainty data or validated calibration; unavailable in this release.
PRIOR_P_A14_context_specific,P_A14,context_specific,categorical_annotation,"{""context_id"":""CTX_64a063ce3c126d9d""}",,,1,uncalibrated,available,"Observed annotation only, no numeric distribution inferred."
PRIOR_P_A14_direction,P_A14,direction,Dirichlet,"{""alpha"":[1.0,1.5,1.0],""categories"":[""increase"",""decrease"",""other""]}",,,1,uncalibrated,available,Direction uncertainty is separate from existence and from effect magnitude.
PRIOR_P_A14_effect_class,P_A14,effect_class,categorical_annotation,"{""observed_direction"":""decrease""}",,,1,uncalibrated,available,"Observed annotation only, no numeric distribution inferred."
PRIOR_P_A14_existence,P_A14,existence,Beta,"{""alpha"":1.5,""beta"":1.0}",0.6,0.6,1,uncalibrated,available,"Tier/access/confidence weights, biological cohort cap; not calibrated probability of truth."
PRIOR_P_A14_expression,P_A14,expression,unavailable,{},,,0,uncalibrated,unavailable,Quantitative parameterization requires compatible effect/uncertainty data or validated calibration; unavailable in this release.
PRIOR_P_A14_genetic_modifier,P_A14,genetic_modifier,unavailable,{},,,0,uncalibrated,unavailable,Quantitative parameterization requires compatible effect/uncertainty data or validated calibration; unavailable in this release.
PRIOR_P_A14_human_transportability,P_A14,human_transportability,unavailable,{},,,0,uncalibrated,unavailable,Quantitative parameterization requires compatible effect/uncertainty data or validated calibration; unavailable in this release.
PRIOR_P_A14_magnitude,P_A14,magnitude,unavailable,{},,,0,uncalibrated,unavailable,Quantitative parameterization requires compatible effect/uncertainty data or validated calibration; unavailable in this release.
PRIOR_P_A14_protein_availability,P_A14,protein_availability,unavailable,{},,,0,uncalibrated,unavailable,Quantitative parameterization requires compatible effect/uncertainty data or validated calibration; unavailable in this release.
PRIOR_P_A14_temporal,P_A14,temporal,unavailable,{},,,0,uncalibrated,unavailable,Quantitative parameterization requires compatible effect/uncertainty data or validated calibration; unavailable in this release.
PRIOR_P_A15_context_specific,P_A15,context_specific,categorical_annotation,"{""context_id"":""CTX_dfd3a9f5d14767bf""}",,,1,uncalibrated,available,"Observed annotation only, no numeric distribution inferred."
PRIOR_P_A15_direction,P_A15,direction,Dirichlet,"{""alpha"":[1.0,1.0,1.5],""categories"":[""increase"",""decrease"",""other""]}",,,1,uncalibrated,available,Direction uncertainty is separate from existence and from effect magnitude.
PRIOR_P_A15_effect_class,P_A15,effect_class,categorical_annotation,"{""observed_direction"":""association""}",,,1,uncalibrated,available,"Observed annotation only, no numeric distribution inferred."
PRIOR_P_A15_existence,P_A15,existence,Beta,"{""alpha"":1.5,""beta"":1.0}",0.6,0.6,1,uncalibrated,available,"Tier/access/confidence weights, biological cohort cap; not calibrated probability of truth."
PRIOR_P_A15_expression,P_A15,expression,unavailable,{},,,0,uncalibrated,unavailable,Quantitative parameterization requires compatible effect/uncertainty data or validated calibration; unavailable in this release.
PRIOR_P_A15_genetic_modifier,P_A15,genetic_modifier,unavailable,{},,,0,uncalibrated,unavailable,Quantitative parameterization requires compatible effect/uncertainty data or validated calibration; unavailable in this release.
PRIOR_P_A15_human_transportability,P_A15,human_transportability,unavailable,{},,,0,uncalibrated,unavailable,Quantitative parameterization requires compatible effect/uncertainty data or validated calibration; unavailable in this release.
PRIOR_P_A15_magnitude,P_A15,magnitude,unavailable,{},,,0,uncalibrated,unavailable,Quantitative parameterization requires compatible effect/uncertainty data or validated calibration; unavailable in this release.
PRIOR_P_A15_protein_availability,P_A15,protein_availability,unavailable,{},,,0,uncalibrated,unavailable,Quantitative parameterization requires compatible effect/uncertainty data or validated calibration; unavailable in this release.
PRIOR_P_A15_temporal,P_A15,temporal,unavailable,{},,,0,uncalibrated,unavailable,Quantitative parameterization requires compatible effect/uncertainty data or validated calibration; unavailable in this release.
PRIOR_P_A16_context_specific,P_A16,context_specific,categorical_annotation,"{""context_id"":""CTX_7faa68935984cbf3""}",,,1,uncalibrated,available,"Observed annotation only, no numeric distribution inferred."
PRIOR_P_A16_direction,P_A16,direction,Dirichlet,"{""alpha"":[1.0,1.0,1.5],""categories"":[""increase"",""decrease"",""other""]}",,,1,uncalibrated,available,Direction uncertainty is separate from existence and from effect magnitude.
PRIOR_P_A16_effect_class,P_A16,effect_class,categorical_annotation,"{""observed_direction"":""association""}",,,1,uncalibrated,available,"Observed annotation only, no numeric distribution inferred."
PRIOR_P_A16_existence,P_A16,existence,Beta,"{""alpha"":1.5,""beta"":1.0}",0.6,0.6,1,uncalibrated,available,"Tier/access/confidence weights, biological cohort cap; not calibrated probability of truth."
PRIOR_P_A16_expression,P_A16,expression,unavailable,{},,,0,uncalibrated,unavailable,Quantitative parameterization requires compatible effect/uncertainty data or validated calibration; unavailable in this release.
PRIOR_P_A16_genetic_modifier,P_A16,genetic_modifier,unavailable,{},,,0,uncalibrated,unavailable,Quantitative parameterization requires compatible effect/uncertainty data or validated calibration; unavailable in this release.
PRIOR_P_A16_human_transportability,P_A16,human_transportability,unavailable,{},,,0,uncalibrated,unavailable,Quantitative parameterization requires compatible effect/uncertainty data or validated calibration; unavailable in this release.
PRIOR_P_A16_magnitude,P_A16,magnitude,unavailable,{},,,0,uncalibrated,unavailable,Quantitative parameterization requires compatible effect/uncertainty data or validated calibration; unavailable in this release.
PRIOR_P_A16_protein_availability,P_A16,protein_availability,unavailable,{},,,0,uncalibrated,unavailable,Quantitative parameterization requires compatible effect/uncertainty data or validated calibration; unavailable in this release.
PRIOR_P_A16_temporal,P_A16,temporal,unavailable,{},,,0,uncalibrated,unavailable,Quantitative parameterization requires compatible effect/uncertainty data or validated calibration; unavailable in this release.
PRIOR_P_A17_context_specific,P_A17,context_specific,categorical_annotation,"{""context_id"":""CTX_50bea541b6d024a5""}",,,1,uncalibrated,available,"Observed annotation only, no numeric distribution inferred."
PRIOR_P_A17_direction,P_A17,direction,Dirichlet,"{""alpha"":[1.0,1.0,1.5],""categories"":[""increase"",""decrease"",""other""]}",,,1,uncalibrated,available,Direction uncertainty is separate from existence and from effect magnitude.
PRIOR_P_A17_effect_class,P_A17,effect_class,categorical_annotation,"{""observed_direction"":""association""}",,,1,uncalibrated,available,"Observed annotation only, no numeric distribution inferred."
PRIOR_P_A17_existence,P_A17,existence,Beta,"{""alpha"":1.5,""beta"":1.0}",0.6,0.6,1,uncalibrated,available,"Tier/access/confidence weights, biological cohort cap; not calibrated probability of truth."
PRIOR_P_A17_expression,P_A17,expression,unavailable,{},,,0,uncalibrated,unavailable,Quantitative parameterization requires compatible effect/uncertainty data or validated calibration; unavailable in this release.
PRIOR_P_A17_genetic_modifier,P_A17,genetic_modifier,unavailable,{},,,0,uncalibrated,unavailable,Quantitative parameterization requires compatible effect/uncertainty data or validated calibration; unavailable in this release.
PRIOR_P_A17_human_transportability,P_A17,human_transportability,unavailable,{},,,0,uncalibrated,unavailable,Quantitative parameterization requires compatible effect/uncertainty data or validated calibration; unavailable in this release.
PRIOR_P_A17_magnitude,P_A17,magnitude,unavailable,{},,,0,uncalibrated,unavailable,Quantitative parameterization requires compatible effect/uncertainty data or validated calibration; unavailable in this release.
PRIOR_P_A17_protein_availability,P_A17,protein_availability,unavailable,{},,,0,uncalibrated,unavailable,Quantitative parameterization requires compatible effect/uncertainty data or validated calibration; unavailable in this release.
PRIOR_P_A17_temporal,P_A17,temporal,unavailable,{},,,0,uncalibrated,unavailable,Quantitative parameterization requires compatible effect/uncertainty data or validated calibration; unavailable in this release.
PRIOR_P_A18_context_specific,P_A18,context_specific,categorical_annotation,"{""context_id"":""CTX_e1d773705c75adab""}",,,1,uncalibrated,available,"Observed annotation only, no numeric distribution inferred."
PRIOR_P_A18_direction,P_A18,direction,Dirichlet,"{""alpha"":[2.0,1.0,1.0],""categories"":[""increase"",""decrease"",""other""]}",,,1,uncalibrated,available,Direction uncertainty is separate from existence and from effect magnitude.
PRIOR_P_A18_effect_class,P_A18,effect_class,categorical_annotation,"{""observed_direction"":""increase""}",,,1,uncalibrated,available,"Observed annotation only, no numeric distribution inferred."
PRIOR_P_A18_existence,P_A18,existence,Beta,"{""alpha"":2.0,""beta"":1.0}",0.6666666666666666,0.6666666666666666,1,uncalibrated,available,"Tier/access/confidence weights, biological cohort cap; not calibrated probability of truth."
PRIOR_P_A18_expression,P_A18,expression,unavailable,{},,,0,uncalibrated,unavailable,Quantitative parameterization requires compatible effect/uncertainty data or validated calibration; unavailable in this release.
PRIOR_P_A18_genetic_modifier,P_A18,genetic_modifier,unavailable,{},,,0,uncalibrated,unavailable,Quantitative parameterization requires compatible effect/uncertainty data or validated calibration; unavailable in this release.
PRIOR_P_A18_human_transportability,P_A18,human_transportability,unavailable,{},,,0,uncalibrated,unavailable,Quantitative parameterization requires compatible effect/uncertainty data or validated calibration; unavailable in this release.
PRIOR_P_A18_magnitude,P_A18,magnitude,unavailable,{},,,0,uncalibrated,unavailable,Quantitative parameterization requires compatible effect/uncertainty data or validated calibration; unavailable in this release.
PRIOR_P_A18_protein_availability,P_A18,protein_availability,unavailable,{},,,0,uncalibrated,unavailable,Quantitative parameterization requires compatible effect/uncertainty data or validated calibration; unavailable in this release.
PRIOR_P_A18_temporal,P_A18,temporal,unavailable,{},,,0,uncalibrated,unavailable,Quantitative parameterization requires compatible effect/uncertainty data or validated calibration; unavailable in this release.
PRIOR_P_A19_context_specific,P_A19,context_specific,categorical_annotation,"{""context_id"":""CTX_ace900f31ea1273b""}",,,1,uncalibrated,available,"Observed annotation only, no numeric distribution inferred."
PRIOR_P_A19_direction,P_A19,direction,Dirichlet,"{""alpha"":[2.0,1.0,1.0],""categories"":[""increase"",""decrease"",""other""]}",,,1,uncalibrated,available,Direction uncertainty is separate from existence and from effect magnitude.
PRIOR_P_A19_effect_class,P_A19,effect_class,categorical_annotation,"{""observed_direction"":""increase""}",,,1,uncalibrated,available,"Observed annotation only, no numeric distribution inferred."
PRIOR_P_A19_existence,P_A19,existence,Beta,"{""alpha"":2.0,""beta"":1.0}",0.6666666666666666,0.6666666666666666,1,uncalibrated,available,"Tier/access/confidence weights, biological cohort cap; not calibrated probability of truth."
PRIOR_P_A19_expression,P_A19,expression,unavailable,{},,,0,uncalibrated,unavailable,Quantitative parameterization requires compatible effect/uncertainty data or validated calibration; unavailable in this release.
PRIOR_P_A19_genetic_modifier,P_A19,genetic_modifier,unavailable,{},,,0,uncalibrated,unavailable,Quantitative parameterization requires compatible effect/uncertainty data or validated calibration; unavailable in this release.
PRIOR_P_A19_human_transportability,P_A19,human_transportability,unavailable,{},,,0,uncalibrated,unavailable,Quantitative parameterization requires compatible effect/uncertainty data or validated calibration; unavailable in this release.
PRIOR_P_A19_magnitude,P_A19,magnitude,unavailable,{},,,0,uncalibrated,unavailable,Quantitative parameterization requires compatible effect/uncertainty data or validated calibration; unavailable in this release.
PRIOR_P_A19_protein_availability,P_A19,protein_availability,unavailable,{},,,0,uncalibrated,unavailable,Quantitative parameterization requires compatible effect/uncertainty data or validated calibration; unavailable in this release.
PRIOR_P_A19_temporal,P_A19,temporal,unavailable,{},,,0,uncalibrated,unavailable,Quantitative parameterization requires compatible effect/uncertainty data or validated calibration; unavailable in this release.
PRIOR_P_A20_context_specific,P_A20,context_specific,categorical_annotation,"{""context_id"":""CTX_1d43a1281f8690bd""}",,,1,uncalibrated,available,"Observed annotation only, no numeric distribution inferred."
PRIOR_P_A20_direction,P_A20,direction,Dirichlet,"{""alpha"":[2.5,1.0,1.0],""categories"":[""increase"",""decrease"",""other""]}",,,1,uncalibrated,available,Direction uncertainty is separate from existence and from effect magnitude.
PRIOR_P_A20_effect_class,P_A20,effect_class,categorical_annotation,"{""observed_direction"":""increase""}",,,1,uncalibrated,available,"Observed annotation only, no numeric distribution inferred."
PRIOR_P_A20_existence,P_A20,existence,Beta,"{""alpha"":2.5,""beta"":1.0}",0.7142857142857143,0.7142857142857143,1,uncalibrated,available,"Tier/access/confidence weights, biological cohort cap; not calibrated probability of truth."
PRIOR_P_A20_expression,P_A20,expression,unavailable,{},,,0,uncalibrated,unavailable,Quantitative parameterization requires compatible effect/uncertainty data or validated calibration; unavailable in this release.
PRIOR_P_A20_genetic_modifier,P_A20,genetic_modifier,unavailable,{},,,0,uncalibrated,unavailable,Quantitative parameterization requires compatible effect/uncertainty data or validated calibration; unavailable in this release.
PRIOR_P_A20_human_transportability,P_A20,human_transportability,unavailable,{},,,0,uncalibrated,unavailable,Quantitative parameterization requires compatible effect/uncertainty data or validated calibration; unavailable in this release.
PRIOR_P_A20_magnitude,P_A20,magnitude,unavailable,{},,,0,uncalibrated,unavailable,Quantitative parameterization requires compatible effect/uncertainty data or validated calibration; unavailable in this release.
PRIOR_P_A20_protein_availability,P_A20,protein_availability,unavailable,{},,,0,uncalibrated,unavailable,Quantitative parameterization requires compatible effect/uncertainty data or validated calibration; unavailable in this release.
PRIOR_P_A20_temporal,P_A20,temporal,unavailable,{},,,0,uncalibrated,unavailable,Quantitative parameterization requires compatible effect/uncertainty data or validated calibration; unavailable in this release.
PRIOR_P_A21_context_specific,P_A21,context_specific,categorical_annotation,"{""context_id"":""CTX_a24a22ebaabae4b0""}",,,1,uncalibrated,available,"Observed annotation only, no numeric distribution inferred."
PRIOR_P_A21_direction,P_A21,direction,Dirichlet,"{""alpha"":[1.0,2.5,1.0],""categories"":[""increase"",""decrease"",""other""]}",,,1,uncalibrated,available,Direction uncertainty is separate from existence and from effect magnitude.
PRIOR_P_A21_effect_class,P_A21,effect_class,categorical_annotation,"{""observed_direction"":""decrease""}",,,1,uncalibrated,available,"Observed annotation only, no numeric distribution inferred."
PRIOR_P_A21_existence,P_A21,existence,Beta,"{""alpha"":2.5,""beta"":1.0}",0.7142857142857143,0.7142857142857143,1,uncalibrated,available,"Tier/access/confidence weights, biological cohort cap; not calibrated probability of truth."
PRIOR_P_A21_expression,P_A21,expression,unavailable,{},,,0,uncalibrated,unavailable,Quantitative parameterization requires compatible effect/uncertainty data or validated calibration; unavailable in this release.
PRIOR_P_A21_genetic_modifier,P_A21,genetic_modifier,unavailable,{},,,0,uncalibrated,unavailable,Quantitative parameterization requires compatible effect/uncertainty data or validated calibration; unavailable in this release.
PRIOR_P_A21_human_transportability,P_A21,human_transportability,unavailable,{},,,0,uncalibrated,unavailable,Quantitative parameterization requires compatible effect/uncertainty data or validated calibration; unavailable in this release.
PRIOR_P_A21_magnitude,P_A21,magnitude,unavailable,{},,,0,uncalibrated,unavailable,Quantitative parameterization requires compatible effect/uncertainty data or validated calibration; unavailable in this release.
PRIOR_P_A21_protein_availability,P_A21,protein_availability,unavailable,{},,,0,uncalibrated,unavailable,Quantitative parameterization requires compatible effect/uncertainty data or validated calibration; unavailable in this release.
PRIOR_P_A21_temporal,P_A21,temporal,unavailable,{},,,0,uncalibrated,unavailable,Quantitative parameterization requires compatible effect/uncertainty data or validated calibration; unavailable in this release.
PRIOR_P_A22_context_specific,P_A22,context_specific,categorical_annotation,"{""context_id"":""CTX_4cb9108b6921df35""}",,,0,uncalibrated,available,"Observed annotation only, no numeric distribution inferred."
PRIOR_P_A22_direction,P_A22,direction,unavailable,{},,,0,uncalibrated,unavailable,Quantitative parameterization requires compatible effect/uncertainty data or validated calibration; unavailable in this release.
PRIOR_P_A22_effect_class,P_A22,effect_class,categorical_annotation,"{""observed_direction"":""null""}",,,0,uncalibrated,available,"Observed annotation only, no numeric distribution inferred."
PRIOR_P_A22_existence,P_A22,existence,unavailable,{},,,0,uncalibrated,unavailable,Quantitative parameterization requires compatible effect/uncertainty data or validated calibration; unavailable in this release.
PRIOR_P_A22_expression,P_A22,expression,unavailable,{},,,0,uncalibrated,unavailable,Quantitative parameterization requires compatible effect/uncertainty data or validated calibration; unavailable in this release.
PRIOR_P_A22_genetic_modifier,P_A22,genetic_modifier,unavailable,{},,,0,uncalibrated,unavailable,Quantitative parameterization requires compatible effect/uncertainty data or validated calibration; unavailable in this release.
PRIOR_P_A22_human_transportability,P_A22,human_transportability,unavailable,{},,,0,uncalibrated,unavailable,Quantitative parameterization requires compatible effect/uncertainty data or validated calibration; unavailable in this release.
PRIOR_P_A22_magnitude,P_A22,magnitude,unavailable,{},,,0,uncalibrated,unavailable,Quantitative parameterization requires compatible effect/uncertainty data or validated calibration; unavailable in this release.
PRIOR_P_A22_protein_availability,P_A22,protein_availability,unavailable,{},,,0,uncalibrated,unavailable,Quantitative parameterization requires compatible effect/uncertainty data or validated calibration; unavailable in this release.
PRIOR_P_A22_temporal,P_A22,temporal,unavailable,{},,,0,uncalibrated,unavailable,Quantitative parameterization requires compatible effect/uncertainty data or validated calibration; unavailable in this release.
