change_id,prior_id,previous_version,new_version,previous_parameters,new_parameters,reason
CHANGE_PRIOR_C-A01_context_specific,PRIOR_C-A01_context_specific,unavailable,0.1.0,unavailable,"{""context_id"":""CTX_cb7b3069ec44579a""}",Greenfield initial evidence-derived parameter record; no inherited statistical prior.
CHANGE_PRIOR_C-A01_direction,PRIOR_C-A01_direction,unavailable,0.1.0,unavailable,"{""alpha"":[2.0,1.0,1.0],""categories"":[""increase"",""decrease"",""other""]}",Greenfield initial evidence-derived parameter record; no inherited statistical prior.
CHANGE_PRIOR_C-A01_effect_class,PRIOR_C-A01_effect_class,unavailable,0.1.0,unavailable,"{""observed_direction"":""increase""}",Greenfield initial evidence-derived parameter record; no inherited statistical prior.
CHANGE_PRIOR_C-A01_existence,PRIOR_C-A01_existence,unavailable,0.1.0,unavailable,"{""alpha"":2.0,""beta"":1.0}",Greenfield initial evidence-derived parameter record; no inherited statistical prior.
CHANGE_PRIOR_C-A01_expression,PRIOR_C-A01_expression,unavailable,0.1.0,unavailable,{},Greenfield initial evidence-derived parameter record; no inherited statistical prior.
CHANGE_PRIOR_C-A01_genetic_modifier,PRIOR_C-A01_genetic_modifier,unavailable,0.1.0,unavailable,{},Greenfield initial evidence-derived parameter record; no inherited statistical prior.
CHANGE_PRIOR_C-A01_human_transportability,PRIOR_C-A01_human_transportability,unavailable,0.1.0,unavailable,{},Greenfield initial evidence-derived parameter record; no inherited statistical prior.
CHANGE_PRIOR_C-A01_magnitude,PRIOR_C-A01_magnitude,unavailable,0.1.0,unavailable,{},Greenfield initial evidence-derived parameter record; no inherited statistical prior.
CHANGE_PRIOR_C-A01_protein_availability,PRIOR_C-A01_protein_availability,unavailable,0.1.0,unavailable,{},Greenfield initial evidence-derived parameter record; no inherited statistical prior.
CHANGE_PRIOR_C-A01_temporal,PRIOR_C-A01_temporal,unavailable,0.1.0,unavailable,{},Greenfield initial evidence-derived parameter record; no inherited statistical prior.
CHANGE_PRIOR_C-A02_context_specific,PRIOR_C-A02_context_specific,unavailable,0.1.0,unavailable,"{""context_id"":""CTX_b782d5a6330f6966""}",Greenfield initial evidence-derived parameter record; no inherited statistical prior.
CHANGE_PRIOR_C-A02_direction,PRIOR_C-A02_direction,unavailable,0.1.0,unavailable,"{""alpha"":[2.0,1.0,1.0],""categories"":[""increase"",""decrease"",""other""]}",Greenfield initial evidence-derived parameter record; no inherited statistical prior.
CHANGE_PRIOR_C-A02_effect_class,PRIOR_C-A02_effect_class,unavailable,0.1.0,unavailable,"{""observed_direction"":""increase""}",Greenfield initial evidence-derived parameter record; no inherited statistical prior.
CHANGE_PRIOR_C-A02_existence,PRIOR_C-A02_existence,unavailable,0.1.0,unavailable,"{""alpha"":2.0,""beta"":1.0}",Greenfield initial evidence-derived parameter record; no inherited statistical prior.
CHANGE_PRIOR_C-A02_expression,PRIOR_C-A02_expression,unavailable,0.1.0,unavailable,{},Greenfield initial evidence-derived parameter record; no inherited statistical prior.
CHANGE_PRIOR_C-A02_genetic_modifier,PRIOR_C-A02_genetic_modifier,unavailable,0.1.0,unavailable,{},Greenfield initial evidence-derived parameter record; no inherited statistical prior.
CHANGE_PRIOR_C-A02_human_transportability,PRIOR_C-A02_human_transportability,unavailable,0.1.0,unavailable,{},Greenfield initial evidence-derived parameter record; no inherited statistical prior.
CHANGE_PRIOR_C-A02_magnitude,PRIOR_C-A02_magnitude,unavailable,0.1.0,unavailable,{},Greenfield initial evidence-derived parameter record; no inherited statistical prior.
CHANGE_PRIOR_C-A02_protein_availability,PRIOR_C-A02_protein_availability,unavailable,0.1.0,unavailable,{},Greenfield initial evidence-derived parameter record; no inherited statistical prior.
CHANGE_PRIOR_C-A02_temporal,PRIOR_C-A02_temporal,unavailable,0.1.0,unavailable,{},Greenfield initial evidence-derived parameter record; no inherited statistical prior.
CHANGE_PRIOR_C-A03_context_specific,PRIOR_C-A03_context_specific,unavailable,0.1.0,unavailable,"{""context_id"":""CTX_1891c32fe94ea351""}",Greenfield initial evidence-derived parameter record; no inherited statistical prior.
CHANGE_PRIOR_C-A03_direction,PRIOR_C-A03_direction,unavailable,0.1.0,unavailable,"{""alpha"":[2.0,1.0,1.0],""categories"":[""increase"",""decrease"",""other""]}",Greenfield initial evidence-derived parameter record; no inherited statistical prior.
CHANGE_PRIOR_C-A03_effect_class,PRIOR_C-A03_effect_class,unavailable,0.1.0,unavailable,"{""observed_direction"":""increase""}",Greenfield initial evidence-derived parameter record; no inherited statistical prior.
CHANGE_PRIOR_C-A03_existence,PRIOR_C-A03_existence,unavailable,0.1.0,unavailable,"{""alpha"":2.0,""beta"":1.0}",Greenfield initial evidence-derived parameter record; no inherited statistical prior.
CHANGE_PRIOR_C-A03_expression,PRIOR_C-A03_expression,unavailable,0.1.0,unavailable,{},Greenfield initial evidence-derived parameter record; no inherited statistical prior.
CHANGE_PRIOR_C-A03_genetic_modifier,PRIOR_C-A03_genetic_modifier,unavailable,0.1.0,unavailable,{},Greenfield initial evidence-derived parameter record; no inherited statistical prior.
CHANGE_PRIOR_C-A03_human_transportability,PRIOR_C-A03_human_transportability,unavailable,0.1.0,unavailable,{},Greenfield initial evidence-derived parameter record; no inherited statistical prior.
CHANGE_PRIOR_C-A03_magnitude,PRIOR_C-A03_magnitude,unavailable,0.1.0,unavailable,{},Greenfield initial evidence-derived parameter record; no inherited statistical prior.
CHANGE_PRIOR_C-A03_protein_availability,PRIOR_C-A03_protein_availability,unavailable,0.1.0,unavailable,{},Greenfield initial evidence-derived parameter record; no inherited statistical prior.
CHANGE_PRIOR_C-A03_temporal,PRIOR_C-A03_temporal,unavailable,0.1.0,unavailable,{},Greenfield initial evidence-derived parameter record; no inherited statistical prior.
CHANGE_PRIOR_C-A04_context_specific,PRIOR_C-A04_context_specific,unavailable,0.1.0,unavailable,"{""context_id"":""CTX_1891c32fe94ea351""}",Greenfield initial evidence-derived parameter record; no inherited statistical prior.
CHANGE_PRIOR_C-A04_direction,PRIOR_C-A04_direction,unavailable,0.1.0,unavailable,"{""alpha"":[2.0,1.0,1.0],""categories"":[""increase"",""decrease"",""other""]}",Greenfield initial evidence-derived parameter record; no inherited statistical prior.
CHANGE_PRIOR_C-A04_effect_class,PRIOR_C-A04_effect_class,unavailable,0.1.0,unavailable,"{""observed_direction"":""increase""}",Greenfield initial evidence-derived parameter record; no inherited statistical prior.
CHANGE_PRIOR_C-A04_existence,PRIOR_C-A04_existence,unavailable,0.1.0,unavailable,"{""alpha"":2.0,""beta"":1.0}",Greenfield initial evidence-derived parameter record; no inherited statistical prior.
CHANGE_PRIOR_C-A04_expression,PRIOR_C-A04_expression,unavailable,0.1.0,unavailable,{},Greenfield initial evidence-derived parameter record; no inherited statistical prior.
CHANGE_PRIOR_C-A04_genetic_modifier,PRIOR_C-A04_genetic_modifier,unavailable,0.1.0,unavailable,{},Greenfield initial evidence-derived parameter record; no inherited statistical prior.
CHANGE_PRIOR_C-A04_human_transportability,PRIOR_C-A04_human_transportability,unavailable,0.1.0,unavailable,{},Greenfield initial evidence-derived parameter record; no inherited statistical prior.
CHANGE_PRIOR_C-A04_magnitude,PRIOR_C-A04_magnitude,unavailable,0.1.0,unavailable,{},Greenfield initial evidence-derived parameter record; no inherited statistical prior.
CHANGE_PRIOR_C-A04_protein_availability,PRIOR_C-A04_protein_availability,unavailable,0.1.0,unavailable,{},Greenfield initial evidence-derived parameter record; no inherited statistical prior.
CHANGE_PRIOR_C-A04_temporal,PRIOR_C-A04_temporal,unavailable,0.1.0,unavailable,{},Greenfield initial evidence-derived parameter record; no inherited statistical prior.
CHANGE_PRIOR_C-A05_context_specific,PRIOR_C-A05_context_specific,unavailable,0.1.0,unavailable,"{""context_id"":""CTX_1891c32fe94ea351""}",Greenfield initial evidence-derived parameter record; no inherited statistical prior.
CHANGE_PRIOR_C-A05_direction,PRIOR_C-A05_direction,unavailable,0.1.0,unavailable,"{""alpha"":[2.0,1.0,1.0],""categories"":[""increase"",""decrease"",""other""]}",Greenfield initial evidence-derived parameter record; no inherited statistical prior.
CHANGE_PRIOR_C-A05_effect_class,PRIOR_C-A05_effect_class,unavailable,0.1.0,unavailable,"{""observed_direction"":""increase""}",Greenfield initial evidence-derived parameter record; no inherited statistical prior.
CHANGE_PRIOR_C-A05_existence,PRIOR_C-A05_existence,unavailable,0.1.0,unavailable,"{""alpha"":2.0,""beta"":1.0}",Greenfield initial evidence-derived parameter record; no inherited statistical prior.
CHANGE_PRIOR_C-A05_expression,PRIOR_C-A05_expression,unavailable,0.1.0,unavailable,{},Greenfield initial evidence-derived parameter record; no inherited statistical prior.
CHANGE_PRIOR_C-A05_genetic_modifier,PRIOR_C-A05_genetic_modifier,unavailable,0.1.0,unavailable,{},Greenfield initial evidence-derived parameter record; no inherited statistical prior.
CHANGE_PRIOR_C-A05_human_transportability,PRIOR_C-A05_human_transportability,unavailable,0.1.0,unavailable,{},Greenfield initial evidence-derived parameter record; no inherited statistical prior.
CHANGE_PRIOR_C-A05_magnitude,PRIOR_C-A05_magnitude,unavailable,0.1.0,unavailable,{},Greenfield initial evidence-derived parameter record; no inherited statistical prior.
CHANGE_PRIOR_C-A05_protein_availability,PRIOR_C-A05_protein_availability,unavailable,0.1.0,unavailable,{},Greenfield initial evidence-derived parameter record; no inherited statistical prior.
CHANGE_PRIOR_C-A05_temporal,PRIOR_C-A05_temporal,unavailable,0.1.0,unavailable,{},Greenfield initial evidence-derived parameter record; no inherited statistical prior.
CHANGE_PRIOR_C-A06_context_specific,PRIOR_C-A06_context_specific,unavailable,0.1.0,unavailable,"{""context_id"":""CTX_9f06eda20f5542b6""}",Greenfield initial evidence-derived parameter record; no inherited statistical prior.
CHANGE_PRIOR_C-A06_direction,PRIOR_C-A06_direction,unavailable,0.1.0,unavailable,"{""alpha"":[1.0,2.0,1.0],""categories"":[""increase"",""decrease"",""other""]}",Greenfield initial evidence-derived parameter record; no inherited statistical prior.
CHANGE_PRIOR_C-A06_effect_class,PRIOR_C-A06_effect_class,unavailable,0.1.0,unavailable,"{""observed_direction"":""decrease""}",Greenfield initial evidence-derived parameter record; no inherited statistical prior.
CHANGE_PRIOR_C-A06_existence,PRIOR_C-A06_existence,unavailable,0.1.0,unavailable,"{""alpha"":2.0,""beta"":1.0}",Greenfield initial evidence-derived parameter record; no inherited statistical prior.
CHANGE_PRIOR_C-A06_expression,PRIOR_C-A06_expression,unavailable,0.1.0,unavailable,{},Greenfield initial evidence-derived parameter record; no inherited statistical prior.
CHANGE_PRIOR_C-A06_genetic_modifier,PRIOR_C-A06_genetic_modifier,unavailable,0.1.0,unavailable,{},Greenfield initial evidence-derived parameter record; no inherited statistical prior.
CHANGE_PRIOR_C-A06_human_transportability,PRIOR_C-A06_human_transportability,unavailable,0.1.0,unavailable,{},Greenfield initial evidence-derived parameter record; no inherited statistical prior.
CHANGE_PRIOR_C-A06_magnitude,PRIOR_C-A06_magnitude,unavailable,0.1.0,unavailable,{},Greenfield initial evidence-derived parameter record; no inherited statistical prior.
CHANGE_PRIOR_C-A06_protein_availability,PRIOR_C-A06_protein_availability,unavailable,0.1.0,unavailable,{},Greenfield initial evidence-derived parameter record; no inherited statistical prior.
CHANGE_PRIOR_C-A06_temporal,PRIOR_C-A06_temporal,unavailable,0.1.0,unavailable,{},Greenfield initial evidence-derived parameter record; no inherited statistical prior.
CHANGE_PRIOR_C-A07_context_specific,PRIOR_C-A07_context_specific,unavailable,0.1.0,unavailable,"{""context_id"":""CTX_9f06eda20f5542b6""}",Greenfield initial evidence-derived parameter record; no inherited statistical prior.
CHANGE_PRIOR_C-A07_direction,PRIOR_C-A07_direction,unavailable,0.1.0,unavailable,"{""alpha"":[1.0,2.0,1.0],""categories"":[""increase"",""decrease"",""other""]}",Greenfield initial evidence-derived parameter record; no inherited statistical prior.
CHANGE_PRIOR_C-A07_effect_class,PRIOR_C-A07_effect_class,unavailable,0.1.0,unavailable,"{""observed_direction"":""decrease""}",Greenfield initial evidence-derived parameter record; no inherited statistical prior.
CHANGE_PRIOR_C-A07_existence,PRIOR_C-A07_existence,unavailable,0.1.0,unavailable,"{""alpha"":2.0,""beta"":1.0}",Greenfield initial evidence-derived parameter record; no inherited statistical prior.
CHANGE_PRIOR_C-A07_expression,PRIOR_C-A07_expression,unavailable,0.1.0,unavailable,{},Greenfield initial evidence-derived parameter record; no inherited statistical prior.
CHANGE_PRIOR_C-A07_genetic_modifier,PRIOR_C-A07_genetic_modifier,unavailable,0.1.0,unavailable,{},Greenfield initial evidence-derived parameter record; no inherited statistical prior.
CHANGE_PRIOR_C-A07_human_transportability,PRIOR_C-A07_human_transportability,unavailable,0.1.0,unavailable,{},Greenfield initial evidence-derived parameter record; no inherited statistical prior.
CHANGE_PRIOR_C-A07_magnitude,PRIOR_C-A07_magnitude,unavailable,0.1.0,unavailable,{},Greenfield initial evidence-derived parameter record; no inherited statistical prior.
CHANGE_PRIOR_C-A07_protein_availability,PRIOR_C-A07_protein_availability,unavailable,0.1.0,unavailable,{},Greenfield initial evidence-derived parameter record; no inherited statistical prior.
CHANGE_PRIOR_C-A07_temporal,PRIOR_C-A07_temporal,unavailable,0.1.0,unavailable,{},Greenfield initial evidence-derived parameter record; no inherited statistical prior.
CHANGE_PRIOR_C-A08_context_specific,PRIOR_C-A08_context_specific,unavailable,0.1.0,unavailable,"{""context_id"":""CTX_3c31409e36d4dc06""}",Greenfield initial evidence-derived parameter record; no inherited statistical prior.
CHANGE_PRIOR_C-A08_direction,PRIOR_C-A08_direction,unavailable,0.1.0,unavailable,"{""alpha"":[1.5,1.0,1.0],""categories"":[""increase"",""decrease"",""other""]}",Greenfield initial evidence-derived parameter record; no inherited statistical prior.
CHANGE_PRIOR_C-A08_effect_class,PRIOR_C-A08_effect_class,unavailable,0.1.0,unavailable,"{""observed_direction"":""increase""}",Greenfield initial evidence-derived parameter record; no inherited statistical prior.
CHANGE_PRIOR_C-A08_existence,PRIOR_C-A08_existence,unavailable,0.1.0,unavailable,"{""alpha"":1.5,""beta"":1.0}",Greenfield initial evidence-derived parameter record; no inherited statistical prior.
CHANGE_PRIOR_C-A08_expression,PRIOR_C-A08_expression,unavailable,0.1.0,unavailable,{},Greenfield initial evidence-derived parameter record; no inherited statistical prior.
CHANGE_PRIOR_C-A08_genetic_modifier,PRIOR_C-A08_genetic_modifier,unavailable,0.1.0,unavailable,{},Greenfield initial evidence-derived parameter record; no inherited statistical prior.
CHANGE_PRIOR_C-A08_human_transportability,PRIOR_C-A08_human_transportability,unavailable,0.1.0,unavailable,{},Greenfield initial evidence-derived parameter record; no inherited statistical prior.
CHANGE_PRIOR_C-A08_magnitude,PRIOR_C-A08_magnitude,unavailable,0.1.0,unavailable,{},Greenfield initial evidence-derived parameter record; no inherited statistical prior.
CHANGE_PRIOR_C-A08_protein_availability,PRIOR_C-A08_protein_availability,unavailable,0.1.0,unavailable,{},Greenfield initial evidence-derived parameter record; no inherited statistical prior.
CHANGE_PRIOR_C-A08_temporal,PRIOR_C-A08_temporal,unavailable,0.1.0,unavailable,{},Greenfield initial evidence-derived parameter record; no inherited statistical prior.
CHANGE_PRIOR_C-A09_context_specific,PRIOR_C-A09_context_specific,unavailable,0.1.0,unavailable,"{""context_id"":""CTX_40392127839de0b7""}",Greenfield initial evidence-derived parameter record; no inherited statistical prior.
CHANGE_PRIOR_C-A09_direction,PRIOR_C-A09_direction,unavailable,0.1.0,unavailable,"{""alpha"":[1.0,2.0,1.0],""categories"":[""increase"",""decrease"",""other""]}",Greenfield initial evidence-derived parameter record; no inherited statistical prior.
CHANGE_PRIOR_C-A09_effect_class,PRIOR_C-A09_effect_class,unavailable,0.1.0,unavailable,"{""observed_direction"":""decrease""}",Greenfield initial evidence-derived parameter record; no inherited statistical prior.
CHANGE_PRIOR_C-A09_existence,PRIOR_C-A09_existence,unavailable,0.1.0,unavailable,"{""alpha"":2.0,""beta"":1.0}",Greenfield initial evidence-derived parameter record; no inherited statistical prior.
CHANGE_PRIOR_C-A09_expression,PRIOR_C-A09_expression,unavailable,0.1.0,unavailable,{},Greenfield initial evidence-derived parameter record; no inherited statistical prior.
CHANGE_PRIOR_C-A09_genetic_modifier,PRIOR_C-A09_genetic_modifier,unavailable,0.1.0,unavailable,{},Greenfield initial evidence-derived parameter record; no inherited statistical prior.
CHANGE_PRIOR_C-A09_human_transportability,PRIOR_C-A09_human_transportability,unavailable,0.1.0,unavailable,{},Greenfield initial evidence-derived parameter record; no inherited statistical prior.
CHANGE_PRIOR_C-A09_magnitude,PRIOR_C-A09_magnitude,unavailable,0.1.0,unavailable,{},Greenfield initial evidence-derived parameter record; no inherited statistical prior.
CHANGE_PRIOR_C-A09_protein_availability,PRIOR_C-A09_protein_availability,unavailable,0.1.0,unavailable,{},Greenfield initial evidence-derived parameter record; no inherited statistical prior.
CHANGE_PRIOR_C-A09_temporal,PRIOR_C-A09_temporal,unavailable,0.1.0,unavailable,{},Greenfield initial evidence-derived parameter record; no inherited statistical prior.
CHANGE_PRIOR_C-A10_context_specific,PRIOR_C-A10_context_specific,unavailable,0.1.0,unavailable,"{""context_id"":""CTX_b4e83cbed949d2c2""}",Greenfield initial evidence-derived parameter record; no inherited statistical prior.
CHANGE_PRIOR_C-A10_direction,PRIOR_C-A10_direction,unavailable,0.1.0,unavailable,"{""alpha"":[1.0,2.0,1.0],""categories"":[""increase"",""decrease"",""other""]}",Greenfield initial evidence-derived parameter record; no inherited statistical prior.
CHANGE_PRIOR_C-A10_effect_class,PRIOR_C-A10_effect_class,unavailable,0.1.0,unavailable,"{""observed_direction"":""decrease""}",Greenfield initial evidence-derived parameter record; no inherited statistical prior.
CHANGE_PRIOR_C-A10_existence,PRIOR_C-A10_existence,unavailable,0.1.0,unavailable,"{""alpha"":2.0,""beta"":1.0}",Greenfield initial evidence-derived parameter record; no inherited statistical prior.
CHANGE_PRIOR_C-A10_expression,PRIOR_C-A10_expression,unavailable,0.1.0,unavailable,{},Greenfield initial evidence-derived parameter record; no inherited statistical prior.
CHANGE_PRIOR_C-A10_genetic_modifier,PRIOR_C-A10_genetic_modifier,unavailable,0.1.0,unavailable,{},Greenfield initial evidence-derived parameter record; no inherited statistical prior.
CHANGE_PRIOR_C-A10_human_transportability,PRIOR_C-A10_human_transportability,unavailable,0.1.0,unavailable,{},Greenfield initial evidence-derived parameter record; no inherited statistical prior.
CHANGE_PRIOR_C-A10_magnitude,PRIOR_C-A10_magnitude,unavailable,0.1.0,unavailable,{},Greenfield initial evidence-derived parameter record; no inherited statistical prior.
CHANGE_PRIOR_C-A10_protein_availability,PRIOR_C-A10_protein_availability,unavailable,0.1.0,unavailable,{},Greenfield initial evidence-derived parameter record; no inherited statistical prior.
CHANGE_PRIOR_C-A10_temporal,PRIOR_C-A10_temporal,unavailable,0.1.0,unavailable,{},Greenfield initial evidence-derived parameter record; no inherited statistical prior.
CHANGE_PRIOR_C-A11_context_specific,PRIOR_C-A11_context_specific,unavailable,0.1.0,unavailable,"{""context_id"":""CTX_18d2ba6c1ac37ada""}",Greenfield initial evidence-derived parameter record; no inherited statistical prior.
CHANGE_PRIOR_C-A11_direction,PRIOR_C-A11_direction,unavailable,0.1.0,unavailable,"{""alpha"":[1.0,2.0,1.0],""categories"":[""increase"",""decrease"",""other""]}",Greenfield initial evidence-derived parameter record; no inherited statistical prior.
CHANGE_PRIOR_C-A11_effect_class,PRIOR_C-A11_effect_class,unavailable,0.1.0,unavailable,"{""observed_direction"":""decrease""}",Greenfield initial evidence-derived parameter record; no inherited statistical prior.
CHANGE_PRIOR_C-A11_existence,PRIOR_C-A11_existence,unavailable,0.1.0,unavailable,"{""alpha"":2.0,""beta"":1.0}",Greenfield initial evidence-derived parameter record; no inherited statistical prior.
CHANGE_PRIOR_C-A11_expression,PRIOR_C-A11_expression,unavailable,0.1.0,unavailable,{},Greenfield initial evidence-derived parameter record; no inherited statistical prior.
CHANGE_PRIOR_C-A11_genetic_modifier,PRIOR_C-A11_genetic_modifier,unavailable,0.1.0,unavailable,{},Greenfield initial evidence-derived parameter record; no inherited statistical prior.
CHANGE_PRIOR_C-A11_human_transportability,PRIOR_C-A11_human_transportability,unavailable,0.1.0,unavailable,{},Greenfield initial evidence-derived parameter record; no inherited statistical prior.
CHANGE_PRIOR_C-A11_magnitude,PRIOR_C-A11_magnitude,unavailable,0.1.0,unavailable,{},Greenfield initial evidence-derived parameter record; no inherited statistical prior.
CHANGE_PRIOR_C-A11_protein_availability,PRIOR_C-A11_protein_availability,unavailable,0.1.0,unavailable,{},Greenfield initial evidence-derived parameter record; no inherited statistical prior.
CHANGE_PRIOR_C-A11_temporal,PRIOR_C-A11_temporal,unavailable,0.1.0,unavailable,{},Greenfield initial evidence-derived parameter record; no inherited statistical prior.
CHANGE_PRIOR_C-A12_context_specific,PRIOR_C-A12_context_specific,unavailable,0.1.0,unavailable,{},Greenfield initial evidence-derived parameter record; no inherited statistical prior.
CHANGE_PRIOR_C-A12_direction,PRIOR_C-A12_direction,unavailable,0.1.0,unavailable,{},Greenfield initial evidence-derived parameter record; no inherited statistical prior.
CHANGE_PRIOR_C-A12_effect_class,PRIOR_C-A12_effect_class,unavailable,0.1.0,unavailable,{},Greenfield initial evidence-derived parameter record; no inherited statistical prior.
CHANGE_PRIOR_C-A12_existence,PRIOR_C-A12_existence,unavailable,0.1.0,unavailable,{},Greenfield initial evidence-derived parameter record; no inherited statistical prior.
CHANGE_PRIOR_C-A12_expression,PRIOR_C-A12_expression,unavailable,0.1.0,unavailable,{},Greenfield initial evidence-derived parameter record; no inherited statistical prior.
CHANGE_PRIOR_C-A12_genetic_modifier,PRIOR_C-A12_genetic_modifier,unavailable,0.1.0,unavailable,{},Greenfield initial evidence-derived parameter record; no inherited statistical prior.
CHANGE_PRIOR_C-A12_human_transportability,PRIOR_C-A12_human_transportability,unavailable,0.1.0,unavailable,{},Greenfield initial evidence-derived parameter record; no inherited statistical prior.
CHANGE_PRIOR_C-A12_magnitude,PRIOR_C-A12_magnitude,unavailable,0.1.0,unavailable,{},Greenfield initial evidence-derived parameter record; no inherited statistical prior.
CHANGE_PRIOR_C-A12_protein_availability,PRIOR_C-A12_protein_availability,unavailable,0.1.0,unavailable,{},Greenfield initial evidence-derived parameter record; no inherited statistical prior.
CHANGE_PRIOR_C-A12_temporal,PRIOR_C-A12_temporal,unavailable,0.1.0,unavailable,{},Greenfield initial evidence-derived parameter record; no inherited statistical prior.
CHANGE_PRIOR_C-A13_context_specific,PRIOR_C-A13_context_specific,unavailable,0.1.0,unavailable,"{""context_id"":""CTX_d796ed621a19482c""}",Greenfield initial evidence-derived parameter record; no inherited statistical prior.
CHANGE_PRIOR_C-A13_direction,PRIOR_C-A13_direction,unavailable,0.1.0,unavailable,"{""alpha"":[1.5,1.0,1.0],""categories"":[""increase"",""decrease"",""other""]}",Greenfield initial evidence-derived parameter record; no inherited statistical prior.
CHANGE_PRIOR_C-A13_effect_class,PRIOR_C-A13_effect_class,unavailable,0.1.0,unavailable,"{""observed_direction"":""increase""}",Greenfield initial evidence-derived parameter record; no inherited statistical prior.
CHANGE_PRIOR_C-A13_existence,PRIOR_C-A13_existence,unavailable,0.1.0,unavailable,"{""alpha"":1.5,""beta"":1.0}",Greenfield initial evidence-derived parameter record; no inherited statistical prior.
CHANGE_PRIOR_C-A13_expression,PRIOR_C-A13_expression,unavailable,0.1.0,unavailable,{},Greenfield initial evidence-derived parameter record; no inherited statistical prior.
CHANGE_PRIOR_C-A13_genetic_modifier,PRIOR_C-A13_genetic_modifier,unavailable,0.1.0,unavailable,{},Greenfield initial evidence-derived parameter record; no inherited statistical prior.
CHANGE_PRIOR_C-A13_human_transportability,PRIOR_C-A13_human_transportability,unavailable,0.1.0,unavailable,{},Greenfield initial evidence-derived parameter record; no inherited statistical prior.
CHANGE_PRIOR_C-A13_magnitude,PRIOR_C-A13_magnitude,unavailable,0.1.0,unavailable,{},Greenfield initial evidence-derived parameter record; no inherited statistical prior.
CHANGE_PRIOR_C-A13_protein_availability,PRIOR_C-A13_protein_availability,unavailable,0.1.0,unavailable,{},Greenfield initial evidence-derived parameter record; no inherited statistical prior.
CHANGE_PRIOR_C-A13_temporal,PRIOR_C-A13_temporal,unavailable,0.1.0,unavailable,{},Greenfield initial evidence-derived parameter record; no inherited statistical prior.
CHANGE_PRIOR_C-A14_context_specific,PRIOR_C-A14_context_specific,unavailable,0.1.0,unavailable,"{""context_id"":""CTX_f3e507c8140ad4af""}",Greenfield initial evidence-derived parameter record; no inherited statistical prior.
CHANGE_PRIOR_C-A14_direction,PRIOR_C-A14_direction,unavailable,0.1.0,unavailable,{},Greenfield initial evidence-derived parameter record; no inherited statistical prior.
CHANGE_PRIOR_C-A14_effect_class,PRIOR_C-A14_effect_class,unavailable,0.1.0,unavailable,"{""observed_direction"":""null""}",Greenfield initial evidence-derived parameter record; no inherited statistical prior.
CHANGE_PRIOR_C-A14_existence,PRIOR_C-A14_existence,unavailable,0.1.0,unavailable,{},Greenfield initial evidence-derived parameter record; no inherited statistical prior.
CHANGE_PRIOR_C-A14_expression,PRIOR_C-A14_expression,unavailable,0.1.0,unavailable,{},Greenfield initial evidence-derived parameter record; no inherited statistical prior.
CHANGE_PRIOR_C-A14_genetic_modifier,PRIOR_C-A14_genetic_modifier,unavailable,0.1.0,unavailable,{},Greenfield initial evidence-derived parameter record; no inherited statistical prior.
CHANGE_PRIOR_C-A14_human_transportability,PRIOR_C-A14_human_transportability,unavailable,0.1.0,unavailable,{},Greenfield initial evidence-derived parameter record; no inherited statistical prior.
CHANGE_PRIOR_C-A14_magnitude,PRIOR_C-A14_magnitude,unavailable,0.1.0,unavailable,{},Greenfield initial evidence-derived parameter record; no inherited statistical prior.
CHANGE_PRIOR_C-A14_protein_availability,PRIOR_C-A14_protein_availability,unavailable,0.1.0,unavailable,{},Greenfield initial evidence-derived parameter record; no inherited statistical prior.
CHANGE_PRIOR_C-A14_temporal,PRIOR_C-A14_temporal,unavailable,0.1.0,unavailable,{},Greenfield initial evidence-derived parameter record; no inherited statistical prior.
CHANGE_PRIOR_C-A15_context_specific,PRIOR_C-A15_context_specific,unavailable,0.1.0,unavailable,"{""context_id"":""CTX_9d934e5df1446240""}",Greenfield initial evidence-derived parameter record; no inherited statistical prior.
CHANGE_PRIOR_C-A15_direction,PRIOR_C-A15_direction,unavailable,0.1.0,unavailable,"{""alpha"":[2.0,1.0,1.0],""categories"":[""increase"",""decrease"",""other""]}",Greenfield initial evidence-derived parameter record; no inherited statistical prior.
CHANGE_PRIOR_C-A15_effect_class,PRIOR_C-A15_effect_class,unavailable,0.1.0,unavailable,"{""observed_direction"":""increase""}",Greenfield initial evidence-derived parameter record; no inherited statistical prior.
CHANGE_PRIOR_C-A15_existence,PRIOR_C-A15_existence,unavailable,0.1.0,unavailable,"{""alpha"":2.0,""beta"":1.0}",Greenfield initial evidence-derived parameter record; no inherited statistical prior.
CHANGE_PRIOR_C-A15_expression,PRIOR_C-A15_expression,unavailable,0.1.0,unavailable,{},Greenfield initial evidence-derived parameter record; no inherited statistical prior.
CHANGE_PRIOR_C-A15_genetic_modifier,PRIOR_C-A15_genetic_modifier,unavailable,0.1.0,unavailable,{},Greenfield initial evidence-derived parameter record; no inherited statistical prior.
CHANGE_PRIOR_C-A15_human_transportability,PRIOR_C-A15_human_transportability,unavailable,0.1.0,unavailable,{},Greenfield initial evidence-derived parameter record; no inherited statistical prior.
CHANGE_PRIOR_C-A15_magnitude,PRIOR_C-A15_magnitude,unavailable,0.1.0,unavailable,{},Greenfield initial evidence-derived parameter record; no inherited statistical prior.
CHANGE_PRIOR_C-A15_protein_availability,PRIOR_C-A15_protein_availability,unavailable,0.1.0,unavailable,{},Greenfield initial evidence-derived parameter record; no inherited statistical prior.
CHANGE_PRIOR_C-A15_temporal,PRIOR_C-A15_temporal,unavailable,0.1.0,unavailable,{},Greenfield initial evidence-derived parameter record; no inherited statistical prior.
CHANGE_PRIOR_C-A16_context_specific,PRIOR_C-A16_context_specific,unavailable,0.1.0,unavailable,"{""context_id"":""CTX_1ec0509ad81b415c""}",Greenfield initial evidence-derived parameter record; no inherited statistical prior.
CHANGE_PRIOR_C-A16_direction,PRIOR_C-A16_direction,unavailable,0.1.0,unavailable,"{""alpha"":[3.0,1.0,1.0],""categories"":[""increase"",""decrease"",""other""]}",Greenfield initial evidence-derived parameter record; no inherited statistical prior.
CHANGE_PRIOR_C-A16_effect_class,PRIOR_C-A16_effect_class,unavailable,0.1.0,unavailable,"{""observed_direction"":""increase""}",Greenfield initial evidence-derived parameter record; no inherited statistical prior.
CHANGE_PRIOR_C-A16_existence,PRIOR_C-A16_existence,unavailable,0.1.0,unavailable,"{""alpha"":3.0,""beta"":1.0}",Greenfield initial evidence-derived parameter record; no inherited statistical prior.
CHANGE_PRIOR_C-A16_expression,PRIOR_C-A16_expression,unavailable,0.1.0,unavailable,{},Greenfield initial evidence-derived parameter record; no inherited statistical prior.
CHANGE_PRIOR_C-A16_genetic_modifier,PRIOR_C-A16_genetic_modifier,unavailable,0.1.0,unavailable,{},Greenfield initial evidence-derived parameter record; no inherited statistical prior.
CHANGE_PRIOR_C-A16_human_transportability,PRIOR_C-A16_human_transportability,unavailable,0.1.0,unavailable,{},Greenfield initial evidence-derived parameter record; no inherited statistical prior.
CHANGE_PRIOR_C-A16_magnitude,PRIOR_C-A16_magnitude,unavailable,0.1.0,unavailable,{},Greenfield initial evidence-derived parameter record; no inherited statistical prior.
CHANGE_PRIOR_C-A16_protein_availability,PRIOR_C-A16_protein_availability,unavailable,0.1.0,unavailable,{},Greenfield initial evidence-derived parameter record; no inherited statistical prior.
CHANGE_PRIOR_C-A16_temporal,PRIOR_C-A16_temporal,unavailable,0.1.0,unavailable,{},Greenfield initial evidence-derived parameter record; no inherited statistical prior.
CHANGE_PRIOR_C-A17_context_specific,PRIOR_C-A17_context_specific,unavailable,0.1.0,unavailable,"{""context_id"":""CTX_a6d731c93600752c""}",Greenfield initial evidence-derived parameter record; no inherited statistical prior.
CHANGE_PRIOR_C-A17_direction,PRIOR_C-A17_direction,unavailable,0.1.0,unavailable,"{""alpha"":[2.0,1.0,1.0],""categories"":[""increase"",""decrease"",""other""]}",Greenfield initial evidence-derived parameter record; no inherited statistical prior.
CHANGE_PRIOR_C-A17_effect_class,PRIOR_C-A17_effect_class,unavailable,0.1.0,unavailable,"{""observed_direction"":""increase""}",Greenfield initial evidence-derived parameter record; no inherited statistical prior.
CHANGE_PRIOR_C-A17_existence,PRIOR_C-A17_existence,unavailable,0.1.0,unavailable,"{""alpha"":2.0,""beta"":1.0}",Greenfield initial evidence-derived parameter record; no inherited statistical prior.
CHANGE_PRIOR_C-A17_expression,PRIOR_C-A17_expression,unavailable,0.1.0,unavailable,{},Greenfield initial evidence-derived parameter record; no inherited statistical prior.
CHANGE_PRIOR_C-A17_genetic_modifier,PRIOR_C-A17_genetic_modifier,unavailable,0.1.0,unavailable,{},Greenfield initial evidence-derived parameter record; no inherited statistical prior.
CHANGE_PRIOR_C-A17_human_transportability,PRIOR_C-A17_human_transportability,unavailable,0.1.0,unavailable,{},Greenfield initial evidence-derived parameter record; no inherited statistical prior.
CHANGE_PRIOR_C-A17_magnitude,PRIOR_C-A17_magnitude,unavailable,0.1.0,unavailable,{},Greenfield initial evidence-derived parameter record; no inherited statistical prior.
CHANGE_PRIOR_C-A17_protein_availability,PRIOR_C-A17_protein_availability,unavailable,0.1.0,unavailable,{},Greenfield initial evidence-derived parameter record; no inherited statistical prior.
CHANGE_PRIOR_C-A17_temporal,PRIOR_C-A17_temporal,unavailable,0.1.0,unavailable,{},Greenfield initial evidence-derived parameter record; no inherited statistical prior.
CHANGE_PRIOR_C-A18_context_specific,PRIOR_C-A18_context_specific,unavailable,0.1.0,unavailable,{},Greenfield initial evidence-derived parameter record; no inherited statistical prior.
CHANGE_PRIOR_C-A18_direction,PRIOR_C-A18_direction,unavailable,0.1.0,unavailable,{},Greenfield initial evidence-derived parameter record; no inherited statistical prior.
CHANGE_PRIOR_C-A18_effect_class,PRIOR_C-A18_effect_class,unavailable,0.1.0,unavailable,{},Greenfield initial evidence-derived parameter record; no inherited statistical prior.
CHANGE_PRIOR_C-A18_existence,PRIOR_C-A18_existence,unavailable,0.1.0,unavailable,{},Greenfield initial evidence-derived parameter record; no inherited statistical prior.
CHANGE_PRIOR_C-A18_expression,PRIOR_C-A18_expression,unavailable,0.1.0,unavailable,{},Greenfield initial evidence-derived parameter record; no inherited statistical prior.
CHANGE_PRIOR_C-A18_genetic_modifier,PRIOR_C-A18_genetic_modifier,unavailable,0.1.0,unavailable,{},Greenfield initial evidence-derived parameter record; no inherited statistical prior.
CHANGE_PRIOR_C-A18_human_transportability,PRIOR_C-A18_human_transportability,unavailable,0.1.0,unavailable,{},Greenfield initial evidence-derived parameter record; no inherited statistical prior.
CHANGE_PRIOR_C-A18_magnitude,PRIOR_C-A18_magnitude,unavailable,0.1.0,unavailable,{},Greenfield initial evidence-derived parameter record; no inherited statistical prior.
CHANGE_PRIOR_C-A18_protein_availability,PRIOR_C-A18_protein_availability,unavailable,0.1.0,unavailable,{},Greenfield initial evidence-derived parameter record; no inherited statistical prior.
CHANGE_PRIOR_C-A18_temporal,PRIOR_C-A18_temporal,unavailable,0.1.0,unavailable,{},Greenfield initial evidence-derived parameter record; no inherited statistical prior.
CHANGE_PRIOR_C-A19_context_specific,PRIOR_C-A19_context_specific,unavailable,0.1.0,unavailable,{},Greenfield initial evidence-derived parameter record; no inherited statistical prior.
CHANGE_PRIOR_C-A19_direction,PRIOR_C-A19_direction,unavailable,0.1.0,unavailable,{},Greenfield initial evidence-derived parameter record; no inherited statistical prior.
CHANGE_PRIOR_C-A19_effect_class,PRIOR_C-A19_effect_class,unavailable,0.1.0,unavailable,{},Greenfield initial evidence-derived parameter record; no inherited statistical prior.
CHANGE_PRIOR_C-A19_existence,PRIOR_C-A19_existence,unavailable,0.1.0,unavailable,{},Greenfield initial evidence-derived parameter record; no inherited statistical prior.
CHANGE_PRIOR_C-A19_expression,PRIOR_C-A19_expression,unavailable,0.1.0,unavailable,{},Greenfield initial evidence-derived parameter record; no inherited statistical prior.
CHANGE_PRIOR_C-A19_genetic_modifier,PRIOR_C-A19_genetic_modifier,unavailable,0.1.0,unavailable,{},Greenfield initial evidence-derived parameter record; no inherited statistical prior.
CHANGE_PRIOR_C-A19_human_transportability,PRIOR_C-A19_human_transportability,unavailable,0.1.0,unavailable,{},Greenfield initial evidence-derived parameter record; no inherited statistical prior.
CHANGE_PRIOR_C-A19_magnitude,PRIOR_C-A19_magnitude,unavailable,0.1.0,unavailable,{},Greenfield initial evidence-derived parameter record; no inherited statistical prior.
CHANGE_PRIOR_C-A19_protein_availability,PRIOR_C-A19_protein_availability,unavailable,0.1.0,unavailable,{},Greenfield initial evidence-derived parameter record; no inherited statistical prior.
CHANGE_PRIOR_C-A19_temporal,PRIOR_C-A19_temporal,unavailable,0.1.0,unavailable,{},Greenfield initial evidence-derived parameter record; no inherited statistical prior.
CHANGE_PRIOR_C-A20_context_specific,PRIOR_C-A20_context_specific,unavailable,0.1.0,unavailable,{},Greenfield initial evidence-derived parameter record; no inherited statistical prior.
CHANGE_PRIOR_C-A20_direction,PRIOR_C-A20_direction,unavailable,0.1.0,unavailable,{},Greenfield initial evidence-derived parameter record; no inherited statistical prior.
CHANGE_PRIOR_C-A20_effect_class,PRIOR_C-A20_effect_class,unavailable,0.1.0,unavailable,{},Greenfield initial evidence-derived parameter record; no inherited statistical prior.
CHANGE_PRIOR_C-A20_existence,PRIOR_C-A20_existence,unavailable,0.1.0,unavailable,{},Greenfield initial evidence-derived parameter record; no inherited statistical prior.
CHANGE_PRIOR_C-A20_expression,PRIOR_C-A20_expression,unavailable,0.1.0,unavailable,{},Greenfield initial evidence-derived parameter record; no inherited statistical prior.
CHANGE_PRIOR_C-A20_genetic_modifier,PRIOR_C-A20_genetic_modifier,unavailable,0.1.0,unavailable,{},Greenfield initial evidence-derived parameter record; no inherited statistical prior.
CHANGE_PRIOR_C-A20_human_transportability,PRIOR_C-A20_human_transportability,unavailable,0.1.0,unavailable,{},Greenfield initial evidence-derived parameter record; no inherited statistical prior.
CHANGE_PRIOR_C-A20_magnitude,PRIOR_C-A20_magnitude,unavailable,0.1.0,unavailable,{},Greenfield initial evidence-derived parameter record; no inherited statistical prior.
CHANGE_PRIOR_C-A20_protein_availability,PRIOR_C-A20_protein_availability,unavailable,0.1.0,unavailable,{},Greenfield initial evidence-derived parameter record; no inherited statistical prior.
CHANGE_PRIOR_C-A20_temporal,PRIOR_C-A20_temporal,unavailable,0.1.0,unavailable,{},Greenfield initial evidence-derived parameter record; no inherited statistical prior.
CHANGE_PRIOR_C-A21_context_specific,PRIOR_C-A21_context_specific,unavailable,0.1.0,unavailable,"{""context_id"":""CTX_1b5c3d1313ec7ad8""}",Greenfield initial evidence-derived parameter record; no inherited statistical prior.
CHANGE_PRIOR_C-A21_direction,PRIOR_C-A21_direction,unavailable,0.1.0,unavailable,"{""alpha"":[2.0,1.0,1.0],""categories"":[""increase"",""decrease"",""other""]}",Greenfield initial evidence-derived parameter record; no inherited statistical prior.
CHANGE_PRIOR_C-A21_effect_class,PRIOR_C-A21_effect_class,unavailable,0.1.0,unavailable,"{""observed_direction"":""increase""}",Greenfield initial evidence-derived parameter record; no inherited statistical prior.
CHANGE_PRIOR_C-A21_existence,PRIOR_C-A21_existence,unavailable,0.1.0,unavailable,"{""alpha"":2.0,""beta"":1.0}",Greenfield initial evidence-derived parameter record; no inherited statistical prior.
CHANGE_PRIOR_C-A21_expression,PRIOR_C-A21_expression,unavailable,0.1.0,unavailable,{},Greenfield initial evidence-derived parameter record; no inherited statistical prior.
CHANGE_PRIOR_C-A21_genetic_modifier,PRIOR_C-A21_genetic_modifier,unavailable,0.1.0,unavailable,{},Greenfield initial evidence-derived parameter record; no inherited statistical prior.
CHANGE_PRIOR_C-A21_human_transportability,PRIOR_C-A21_human_transportability,unavailable,0.1.0,unavailable,{},Greenfield initial evidence-derived parameter record; no inherited statistical prior.
CHANGE_PRIOR_C-A21_magnitude,PRIOR_C-A21_magnitude,unavailable,0.1.0,unavailable,{},Greenfield initial evidence-derived parameter record; no inherited statistical prior.
CHANGE_PRIOR_C-A21_protein_availability,PRIOR_C-A21_protein_availability,unavailable,0.1.0,unavailable,{},Greenfield initial evidence-derived parameter record; no inherited statistical prior.
CHANGE_PRIOR_C-A21_temporal,PRIOR_C-A21_temporal,unavailable,0.1.0,unavailable,{},Greenfield initial evidence-derived parameter record; no inherited statistical prior.
CHANGE_PRIOR_C-A22_context_specific,PRIOR_C-A22_context_specific,unavailable,0.1.0,unavailable,"{""context_id"":""CTX_a220d0b83932c1f7""}",Greenfield initial evidence-derived parameter record; no inherited statistical prior.
CHANGE_PRIOR_C-A22_direction,PRIOR_C-A22_direction,unavailable,0.1.0,unavailable,{},Greenfield initial evidence-derived parameter record; no inherited statistical prior.
CHANGE_PRIOR_C-A22_effect_class,PRIOR_C-A22_effect_class,unavailable,0.1.0,unavailable,"{""observed_direction"":""null""}",Greenfield initial evidence-derived parameter record; no inherited statistical prior.
CHANGE_PRIOR_C-A22_existence,PRIOR_C-A22_existence,unavailable,0.1.0,unavailable,{},Greenfield initial evidence-derived parameter record; no inherited statistical prior.
CHANGE_PRIOR_C-A22_expression,PRIOR_C-A22_expression,unavailable,0.1.0,unavailable,{},Greenfield initial evidence-derived parameter record; no inherited statistical prior.
CHANGE_PRIOR_C-A22_genetic_modifier,PRIOR_C-A22_genetic_modifier,unavailable,0.1.0,unavailable,{},Greenfield initial evidence-derived parameter record; no inherited statistical prior.
CHANGE_PRIOR_C-A22_human_transportability,PRIOR_C-A22_human_transportability,unavailable,0.1.0,unavailable,{},Greenfield initial evidence-derived parameter record; no inherited statistical prior.
CHANGE_PRIOR_C-A22_magnitude,PRIOR_C-A22_magnitude,unavailable,0.1.0,unavailable,{},Greenfield initial evidence-derived parameter record; no inherited statistical prior.
CHANGE_PRIOR_C-A22_protein_availability,PRIOR_C-A22_protein_availability,unavailable,0.1.0,unavailable,{},Greenfield initial evidence-derived parameter record; no inherited statistical prior.
CHANGE_PRIOR_C-A22_temporal,PRIOR_C-A22_temporal,unavailable,0.1.0,unavailable,{},Greenfield initial evidence-derived parameter record; no inherited statistical prior.
CHANGE_PRIOR_C-A23_context_specific,PRIOR_C-A23_context_specific,unavailable,0.1.0,unavailable,"{""context_id"":""CTX_6af433622b38141d""}",Greenfield initial evidence-derived parameter record; no inherited statistical prior.
CHANGE_PRIOR_C-A23_direction,PRIOR_C-A23_direction,unavailable,0.1.0,unavailable,{},Greenfield initial evidence-derived parameter record; no inherited statistical prior.
CHANGE_PRIOR_C-A23_effect_class,PRIOR_C-A23_effect_class,unavailable,0.1.0,unavailable,"{""observed_direction"":""null""}",Greenfield initial evidence-derived parameter record; no inherited statistical prior.
CHANGE_PRIOR_C-A23_existence,PRIOR_C-A23_existence,unavailable,0.1.0,unavailable,{},Greenfield initial evidence-derived parameter record; no inherited statistical prior.
CHANGE_PRIOR_C-A23_expression,PRIOR_C-A23_expression,unavailable,0.1.0,unavailable,{},Greenfield initial evidence-derived parameter record; no inherited statistical prior.
CHANGE_PRIOR_C-A23_genetic_modifier,PRIOR_C-A23_genetic_modifier,unavailable,0.1.0,unavailable,{},Greenfield initial evidence-derived parameter record; no inherited statistical prior.
CHANGE_PRIOR_C-A23_human_transportability,PRIOR_C-A23_human_transportability,unavailable,0.1.0,unavailable,{},Greenfield initial evidence-derived parameter record; no inherited statistical prior.
CHANGE_PRIOR_C-A23_magnitude,PRIOR_C-A23_magnitude,unavailable,0.1.0,unavailable,{},Greenfield initial evidence-derived parameter record; no inherited statistical prior.
CHANGE_PRIOR_C-A23_protein_availability,PRIOR_C-A23_protein_availability,unavailable,0.1.0,unavailable,{},Greenfield initial evidence-derived parameter record; no inherited statistical prior.
CHANGE_PRIOR_C-A23_temporal,PRIOR_C-A23_temporal,unavailable,0.1.0,unavailable,{},Greenfield initial evidence-derived parameter record; no inherited statistical prior.
CHANGE_PRIOR_C-A24_context_specific,PRIOR_C-A24_context_specific,unavailable,0.1.0,unavailable,"{""context_id"":""CTX_e4ef32a8a7bccc61""}",Greenfield initial evidence-derived parameter record; no inherited statistical prior.
CHANGE_PRIOR_C-A24_direction,PRIOR_C-A24_direction,unavailable,0.1.0,unavailable,"{""alpha"":[2.5,1.0,1.0],""categories"":[""increase"",""decrease"",""other""]}",Greenfield initial evidence-derived parameter record; no inherited statistical prior.
CHANGE_PRIOR_C-A24_effect_class,PRIOR_C-A24_effect_class,unavailable,0.1.0,unavailable,"{""observed_direction"":""increase""}",Greenfield initial evidence-derived parameter record; no inherited statistical prior.
CHANGE_PRIOR_C-A24_existence,PRIOR_C-A24_existence,unavailable,0.1.0,unavailable,"{""alpha"":2.5,""beta"":1.0}",Greenfield initial evidence-derived parameter record; no inherited statistical prior.
CHANGE_PRIOR_C-A24_expression,PRIOR_C-A24_expression,unavailable,0.1.0,unavailable,{},Greenfield initial evidence-derived parameter record; no inherited statistical prior.
CHANGE_PRIOR_C-A24_genetic_modifier,PRIOR_C-A24_genetic_modifier,unavailable,0.1.0,unavailable,{},Greenfield initial evidence-derived parameter record; no inherited statistical prior.
CHANGE_PRIOR_C-A24_human_transportability,PRIOR_C-A24_human_transportability,unavailable,0.1.0,unavailable,{},Greenfield initial evidence-derived parameter record; no inherited statistical prior.
CHANGE_PRIOR_C-A24_magnitude,PRIOR_C-A24_magnitude,unavailable,0.1.0,unavailable,{},Greenfield initial evidence-derived parameter record; no inherited statistical prior.
CHANGE_PRIOR_C-A24_protein_availability,PRIOR_C-A24_protein_availability,unavailable,0.1.0,unavailable,{},Greenfield initial evidence-derived parameter record; no inherited statistical prior.
CHANGE_PRIOR_C-A24_temporal,PRIOR_C-A24_temporal,unavailable,0.1.0,unavailable,{},Greenfield initial evidence-derived parameter record; no inherited statistical prior.
CHANGE_PRIOR_C-A25_context_specific,PRIOR_C-A25_context_specific,unavailable,0.1.0,unavailable,"{""context_id"":""CTX_da77ab5e2087543b""}",Greenfield initial evidence-derived parameter record; no inherited statistical prior.
CHANGE_PRIOR_C-A25_direction,PRIOR_C-A25_direction,unavailable,0.1.0,unavailable,{},Greenfield initial evidence-derived parameter record; no inherited statistical prior.
CHANGE_PRIOR_C-A25_effect_class,PRIOR_C-A25_effect_class,unavailable,0.1.0,unavailable,"{""observed_direction"":""null""}",Greenfield initial evidence-derived parameter record; no inherited statistical prior.
CHANGE_PRIOR_C-A25_existence,PRIOR_C-A25_existence,unavailable,0.1.0,unavailable,{},Greenfield initial evidence-derived parameter record; no inherited statistical prior.
CHANGE_PRIOR_C-A25_expression,PRIOR_C-A25_expression,unavailable,0.1.0,unavailable,{},Greenfield initial evidence-derived parameter record; no inherited statistical prior.
CHANGE_PRIOR_C-A25_genetic_modifier,PRIOR_C-A25_genetic_modifier,unavailable,0.1.0,unavailable,{},Greenfield initial evidence-derived parameter record; no inherited statistical prior.
CHANGE_PRIOR_C-A25_human_transportability,PRIOR_C-A25_human_transportability,unavailable,0.1.0,unavailable,{},Greenfield initial evidence-derived parameter record; no inherited statistical prior.
CHANGE_PRIOR_C-A25_magnitude,PRIOR_C-A25_magnitude,unavailable,0.1.0,unavailable,{},Greenfield initial evidence-derived parameter record; no inherited statistical prior.
CHANGE_PRIOR_C-A25_protein_availability,PRIOR_C-A25_protein_availability,unavailable,0.1.0,unavailable,{},Greenfield initial evidence-derived parameter record; no inherited statistical prior.
CHANGE_PRIOR_C-A25_temporal,PRIOR_C-A25_temporal,unavailable,0.1.0,unavailable,{},Greenfield initial evidence-derived parameter record; no inherited statistical prior.
CHANGE_PRIOR_G-A001_context_specific,PRIOR_G-A001_context_specific,unavailable,0.1.0,unavailable,"{""context_id"":""CTX_7d613a90b6edd110""}",Greenfield initial evidence-derived parameter record; no inherited statistical prior.
CHANGE_PRIOR_G-A001_direction,PRIOR_G-A001_direction,unavailable,0.1.0,unavailable,"{""alpha"":[1.0,1.0,1.5],""categories"":[""increase"",""decrease"",""other""]}",Greenfield initial evidence-derived parameter record; no inherited statistical prior.
CHANGE_PRIOR_G-A001_effect_class,PRIOR_G-A001_effect_class,unavailable,0.1.0,unavailable,"{""observed_direction"":""mixed""}",Greenfield initial evidence-derived parameter record; no inherited statistical prior.
CHANGE_PRIOR_G-A001_existence,PRIOR_G-A001_existence,unavailable,0.1.0,unavailable,"{""alpha"":1.5,""beta"":1.0}",Greenfield initial evidence-derived parameter record; no inherited statistical prior.
CHANGE_PRIOR_G-A001_expression,PRIOR_G-A001_expression,unavailable,0.1.0,unavailable,{},Greenfield initial evidence-derived parameter record; no inherited statistical prior.
CHANGE_PRIOR_G-A001_genetic_modifier,PRIOR_G-A001_genetic_modifier,unavailable,0.1.0,unavailable,{},Greenfield initial evidence-derived parameter record; no inherited statistical prior.
CHANGE_PRIOR_G-A001_human_transportability,PRIOR_G-A001_human_transportability,unavailable,0.1.0,unavailable,{},Greenfield initial evidence-derived parameter record; no inherited statistical prior.
CHANGE_PRIOR_G-A001_magnitude,PRIOR_G-A001_magnitude,unavailable,0.1.0,unavailable,{},Greenfield initial evidence-derived parameter record; no inherited statistical prior.
CHANGE_PRIOR_G-A001_protein_availability,PRIOR_G-A001_protein_availability,unavailable,0.1.0,unavailable,{},Greenfield initial evidence-derived parameter record; no inherited statistical prior.
CHANGE_PRIOR_G-A001_temporal,PRIOR_G-A001_temporal,unavailable,0.1.0,unavailable,{},Greenfield initial evidence-derived parameter record; no inherited statistical prior.
CHANGE_PRIOR_G-A002_context_specific,PRIOR_G-A002_context_specific,unavailable,0.1.0,unavailable,"{""context_id"":""CTX_82e7e21289fdd9eb""}",Greenfield initial evidence-derived parameter record; no inherited statistical prior.
CHANGE_PRIOR_G-A002_direction,PRIOR_G-A002_direction,unavailable,0.1.0,unavailable,"{""alpha"":[1.5,1.0,1.0],""categories"":[""increase"",""decrease"",""other""]}",Greenfield initial evidence-derived parameter record; no inherited statistical prior.
CHANGE_PRIOR_G-A002_effect_class,PRIOR_G-A002_effect_class,unavailable,0.1.0,unavailable,"{""observed_direction"":""increase""}",Greenfield initial evidence-derived parameter record; no inherited statistical prior.
CHANGE_PRIOR_G-A002_existence,PRIOR_G-A002_existence,unavailable,0.1.0,unavailable,"{""alpha"":1.5,""beta"":1.0}",Greenfield initial evidence-derived parameter record; no inherited statistical prior.
CHANGE_PRIOR_G-A002_expression,PRIOR_G-A002_expression,unavailable,0.1.0,unavailable,{},Greenfield initial evidence-derived parameter record; no inherited statistical prior.
CHANGE_PRIOR_G-A002_genetic_modifier,PRIOR_G-A002_genetic_modifier,unavailable,0.1.0,unavailable,{},Greenfield initial evidence-derived parameter record; no inherited statistical prior.
CHANGE_PRIOR_G-A002_human_transportability,PRIOR_G-A002_human_transportability,unavailable,0.1.0,unavailable,{},Greenfield initial evidence-derived parameter record; no inherited statistical prior.
CHANGE_PRIOR_G-A002_magnitude,PRIOR_G-A002_magnitude,unavailable,0.1.0,unavailable,{},Greenfield initial evidence-derived parameter record; no inherited statistical prior.
CHANGE_PRIOR_G-A002_protein_availability,PRIOR_G-A002_protein_availability,unavailable,0.1.0,unavailable,{},Greenfield initial evidence-derived parameter record; no inherited statistical prior.
CHANGE_PRIOR_G-A002_temporal,PRIOR_G-A002_temporal,unavailable,0.1.0,unavailable,{},Greenfield initial evidence-derived parameter record; no inherited statistical prior.
CHANGE_PRIOR_G-A003_context_specific,PRIOR_G-A003_context_specific,unavailable,0.1.0,unavailable,"{""context_id"":""CTX_75630eed91819500""}",Greenfield initial evidence-derived parameter record; no inherited statistical prior.
CHANGE_PRIOR_G-A003_direction,PRIOR_G-A003_direction,unavailable,0.1.0,unavailable,{},Greenfield initial evidence-derived parameter record; no inherited statistical prior.
CHANGE_PRIOR_G-A003_effect_class,PRIOR_G-A003_effect_class,unavailable,0.1.0,unavailable,"{""observed_direction"":""null""}",Greenfield initial evidence-derived parameter record; no inherited statistical prior.
CHANGE_PRIOR_G-A003_existence,PRIOR_G-A003_existence,unavailable,0.1.0,unavailable,{},Greenfield initial evidence-derived parameter record; no inherited statistical prior.
CHANGE_PRIOR_G-A003_expression,PRIOR_G-A003_expression,unavailable,0.1.0,unavailable,{},Greenfield initial evidence-derived parameter record; no inherited statistical prior.
CHANGE_PRIOR_G-A003_genetic_modifier,PRIOR_G-A003_genetic_modifier,unavailable,0.1.0,unavailable,{},Greenfield initial evidence-derived parameter record; no inherited statistical prior.
CHANGE_PRIOR_G-A003_human_transportability,PRIOR_G-A003_human_transportability,unavailable,0.1.0,unavailable,{},Greenfield initial evidence-derived parameter record; no inherited statistical prior.
CHANGE_PRIOR_G-A003_magnitude,PRIOR_G-A003_magnitude,unavailable,0.1.0,unavailable,{},Greenfield initial evidence-derived parameter record; no inherited statistical prior.
CHANGE_PRIOR_G-A003_protein_availability,PRIOR_G-A003_protein_availability,unavailable,0.1.0,unavailable,{},Greenfield initial evidence-derived parameter record; no inherited statistical prior.
CHANGE_PRIOR_G-A003_temporal,PRIOR_G-A003_temporal,unavailable,0.1.0,unavailable,{},Greenfield initial evidence-derived parameter record; no inherited statistical prior.
CHANGE_PRIOR_G-A004_context_specific,PRIOR_G-A004_context_specific,unavailable,0.1.0,unavailable,"{""context_id"":""CTX_fbceb088983b9d2c""}",Greenfield initial evidence-derived parameter record; no inherited statistical prior.
CHANGE_PRIOR_G-A004_direction,PRIOR_G-A004_direction,unavailable,0.1.0,unavailable,"{""alpha"":[1.0,1.0,1.5],""categories"":[""increase"",""decrease"",""other""]}",Greenfield initial evidence-derived parameter record; no inherited statistical prior.
CHANGE_PRIOR_G-A004_effect_class,PRIOR_G-A004_effect_class,unavailable,0.1.0,unavailable,"{""observed_direction"":""association""}",Greenfield initial evidence-derived parameter record; no inherited statistical prior.
CHANGE_PRIOR_G-A004_existence,PRIOR_G-A004_existence,unavailable,0.1.0,unavailable,"{""alpha"":1.5,""beta"":1.0}",Greenfield initial evidence-derived parameter record; no inherited statistical prior.
CHANGE_PRIOR_G-A004_expression,PRIOR_G-A004_expression,unavailable,0.1.0,unavailable,{},Greenfield initial evidence-derived parameter record; no inherited statistical prior.
CHANGE_PRIOR_G-A004_genetic_modifier,PRIOR_G-A004_genetic_modifier,unavailable,0.1.0,unavailable,{},Greenfield initial evidence-derived parameter record; no inherited statistical prior.
CHANGE_PRIOR_G-A004_human_transportability,PRIOR_G-A004_human_transportability,unavailable,0.1.0,unavailable,{},Greenfield initial evidence-derived parameter record; no inherited statistical prior.
CHANGE_PRIOR_G-A004_magnitude,PRIOR_G-A004_magnitude,unavailable,0.1.0,unavailable,{},Greenfield initial evidence-derived parameter record; no inherited statistical prior.
CHANGE_PRIOR_G-A004_protein_availability,PRIOR_G-A004_protein_availability,unavailable,0.1.0,unavailable,{},Greenfield initial evidence-derived parameter record; no inherited statistical prior.
CHANGE_PRIOR_G-A004_temporal,PRIOR_G-A004_temporal,unavailable,0.1.0,unavailable,{},Greenfield initial evidence-derived parameter record; no inherited statistical prior.
CHANGE_PRIOR_G-A005_context_specific,PRIOR_G-A005_context_specific,unavailable,0.1.0,unavailable,"{""context_id"":""CTX_d1fce06434a21107""}",Greenfield initial evidence-derived parameter record; no inherited statistical prior.
CHANGE_PRIOR_G-A005_direction,PRIOR_G-A005_direction,unavailable,0.1.0,unavailable,"{""alpha"":[1.0,3.0,1.0],""categories"":[""increase"",""decrease"",""other""]}",Greenfield initial evidence-derived parameter record; no inherited statistical prior.
CHANGE_PRIOR_G-A005_effect_class,PRIOR_G-A005_effect_class,unavailable,0.1.0,unavailable,"{""observed_direction"":""decrease""}",Greenfield initial evidence-derived parameter record; no inherited statistical prior.
CHANGE_PRIOR_G-A005_existence,PRIOR_G-A005_existence,unavailable,0.1.0,unavailable,"{""alpha"":3.0,""beta"":1.0}",Greenfield initial evidence-derived parameter record; no inherited statistical prior.
CHANGE_PRIOR_G-A005_expression,PRIOR_G-A005_expression,unavailable,0.1.0,unavailable,{},Greenfield initial evidence-derived parameter record; no inherited statistical prior.
CHANGE_PRIOR_G-A005_genetic_modifier,PRIOR_G-A005_genetic_modifier,unavailable,0.1.0,unavailable,{},Greenfield initial evidence-derived parameter record; no inherited statistical prior.
CHANGE_PRIOR_G-A005_human_transportability,PRIOR_G-A005_human_transportability,unavailable,0.1.0,unavailable,{},Greenfield initial evidence-derived parameter record; no inherited statistical prior.
CHANGE_PRIOR_G-A005_magnitude,PRIOR_G-A005_magnitude,unavailable,0.1.0,unavailable,{},Greenfield initial evidence-derived parameter record; no inherited statistical prior.
CHANGE_PRIOR_G-A005_protein_availability,PRIOR_G-A005_protein_availability,unavailable,0.1.0,unavailable,{},Greenfield initial evidence-derived parameter record; no inherited statistical prior.
CHANGE_PRIOR_G-A005_temporal,PRIOR_G-A005_temporal,unavailable,0.1.0,unavailable,{},Greenfield initial evidence-derived parameter record; no inherited statistical prior.
CHANGE_PRIOR_G-A006_context_specific,PRIOR_G-A006_context_specific,unavailable,0.1.0,unavailable,"{""context_id"":""CTX_8d9c6d575f19e6c3""}",Greenfield initial evidence-derived parameter record; no inherited statistical prior.
CHANGE_PRIOR_G-A006_direction,PRIOR_G-A006_direction,unavailable,0.1.0,unavailable,"{""alpha"":[1.0,1.5,1.0],""categories"":[""increase"",""decrease"",""other""]}",Greenfield initial evidence-derived parameter record; no inherited statistical prior.
CHANGE_PRIOR_G-A006_effect_class,PRIOR_G-A006_effect_class,unavailable,0.1.0,unavailable,"{""observed_direction"":""decrease""}",Greenfield initial evidence-derived parameter record; no inherited statistical prior.
CHANGE_PRIOR_G-A006_existence,PRIOR_G-A006_existence,unavailable,0.1.0,unavailable,"{""alpha"":1.5,""beta"":1.0}",Greenfield initial evidence-derived parameter record; no inherited statistical prior.
CHANGE_PRIOR_G-A006_expression,PRIOR_G-A006_expression,unavailable,0.1.0,unavailable,{},Greenfield initial evidence-derived parameter record; no inherited statistical prior.
CHANGE_PRIOR_G-A006_genetic_modifier,PRIOR_G-A006_genetic_modifier,unavailable,0.1.0,unavailable,{},Greenfield initial evidence-derived parameter record; no inherited statistical prior.
CHANGE_PRIOR_G-A006_human_transportability,PRIOR_G-A006_human_transportability,unavailable,0.1.0,unavailable,{},Greenfield initial evidence-derived parameter record; no inherited statistical prior.
CHANGE_PRIOR_G-A006_magnitude,PRIOR_G-A006_magnitude,unavailable,0.1.0,unavailable,{},Greenfield initial evidence-derived parameter record; no inherited statistical prior.
CHANGE_PRIOR_G-A006_protein_availability,PRIOR_G-A006_protein_availability,unavailable,0.1.0,unavailable,{},Greenfield initial evidence-derived parameter record; no inherited statistical prior.
CHANGE_PRIOR_G-A006_temporal,PRIOR_G-A006_temporal,unavailable,0.1.0,unavailable,{},Greenfield initial evidence-derived parameter record; no inherited statistical prior.
CHANGE_PRIOR_G-A007_context_specific,PRIOR_G-A007_context_specific,unavailable,0.1.0,unavailable,"{""context_id"":""CTX_f0266b3c6e6ce874""}",Greenfield initial evidence-derived parameter record; no inherited statistical prior.
CHANGE_PRIOR_G-A007_direction,PRIOR_G-A007_direction,unavailable,0.1.0,unavailable,"{""alpha"":[1.0,3.0,1.0],""categories"":[""increase"",""decrease"",""other""]}",Greenfield initial evidence-derived parameter record; no inherited statistical prior.
CHANGE_PRIOR_G-A007_effect_class,PRIOR_G-A007_effect_class,unavailable,0.1.0,unavailable,"{""observed_direction"":""decrease""}",Greenfield initial evidence-derived parameter record; no inherited statistical prior.
CHANGE_PRIOR_G-A007_existence,PRIOR_G-A007_existence,unavailable,0.1.0,unavailable,"{""alpha"":3.0,""beta"":1.0}",Greenfield initial evidence-derived parameter record; no inherited statistical prior.
CHANGE_PRIOR_G-A007_expression,PRIOR_G-A007_expression,unavailable,0.1.0,unavailable,{},Greenfield initial evidence-derived parameter record; no inherited statistical prior.
CHANGE_PRIOR_G-A007_genetic_modifier,PRIOR_G-A007_genetic_modifier,unavailable,0.1.0,unavailable,{},Greenfield initial evidence-derived parameter record; no inherited statistical prior.
CHANGE_PRIOR_G-A007_human_transportability,PRIOR_G-A007_human_transportability,unavailable,0.1.0,unavailable,{},Greenfield initial evidence-derived parameter record; no inherited statistical prior.
CHANGE_PRIOR_G-A007_magnitude,PRIOR_G-A007_magnitude,unavailable,0.1.0,unavailable,{},Greenfield initial evidence-derived parameter record; no inherited statistical prior.
CHANGE_PRIOR_G-A007_protein_availability,PRIOR_G-A007_protein_availability,unavailable,0.1.0,unavailable,{},Greenfield initial evidence-derived parameter record; no inherited statistical prior.
CHANGE_PRIOR_G-A007_temporal,PRIOR_G-A007_temporal,unavailable,0.1.0,unavailable,{},Greenfield initial evidence-derived parameter record; no inherited statistical prior.
CHANGE_PRIOR_G-A008_context_specific,PRIOR_G-A008_context_specific,unavailable,0.1.0,unavailable,"{""context_id"":""CTX_9cb8e83add8a2819""}",Greenfield initial evidence-derived parameter record; no inherited statistical prior.
CHANGE_PRIOR_G-A008_direction,PRIOR_G-A008_direction,unavailable,0.1.0,unavailable,"{""alpha"":[3.0,1.0,1.0],""categories"":[""increase"",""decrease"",""other""]}",Greenfield initial evidence-derived parameter record; no inherited statistical prior.
CHANGE_PRIOR_G-A008_effect_class,PRIOR_G-A008_effect_class,unavailable,0.1.0,unavailable,"{""observed_direction"":""increase""}",Greenfield initial evidence-derived parameter record; no inherited statistical prior.
CHANGE_PRIOR_G-A008_existence,PRIOR_G-A008_existence,unavailable,0.1.0,unavailable,"{""alpha"":3.0,""beta"":1.0}",Greenfield initial evidence-derived parameter record; no inherited statistical prior.
CHANGE_PRIOR_G-A008_expression,PRIOR_G-A008_expression,unavailable,0.1.0,unavailable,{},Greenfield initial evidence-derived parameter record; no inherited statistical prior.
CHANGE_PRIOR_G-A008_genetic_modifier,PRIOR_G-A008_genetic_modifier,unavailable,0.1.0,unavailable,{},Greenfield initial evidence-derived parameter record; no inherited statistical prior.
CHANGE_PRIOR_G-A008_human_transportability,PRIOR_G-A008_human_transportability,unavailable,0.1.0,unavailable,{},Greenfield initial evidence-derived parameter record; no inherited statistical prior.
CHANGE_PRIOR_G-A008_magnitude,PRIOR_G-A008_magnitude,unavailable,0.1.0,unavailable,{},Greenfield initial evidence-derived parameter record; no inherited statistical prior.
CHANGE_PRIOR_G-A008_protein_availability,PRIOR_G-A008_protein_availability,unavailable,0.1.0,unavailable,{},Greenfield initial evidence-derived parameter record; no inherited statistical prior.
CHANGE_PRIOR_G-A008_temporal,PRIOR_G-A008_temporal,unavailable,0.1.0,unavailable,{},Greenfield initial evidence-derived parameter record; no inherited statistical prior.
CHANGE_PRIOR_G-A009_context_specific,PRIOR_G-A009_context_specific,unavailable,0.1.0,unavailable,"{""context_id"":""CTX_4f993ef7c92b8077""}",Greenfield initial evidence-derived parameter record; no inherited statistical prior.
CHANGE_PRIOR_G-A009_direction,PRIOR_G-A009_direction,unavailable,0.1.0,unavailable,"{""alpha"":[1.0,3.0,1.0],""categories"":[""increase"",""decrease"",""other""]}",Greenfield initial evidence-derived parameter record; no inherited statistical prior.
CHANGE_PRIOR_G-A009_effect_class,PRIOR_G-A009_effect_class,unavailable,0.1.0,unavailable,"{""observed_direction"":""decrease""}",Greenfield initial evidence-derived parameter record; no inherited statistical prior.
CHANGE_PRIOR_G-A009_existence,PRIOR_G-A009_existence,unavailable,0.1.0,unavailable,"{""alpha"":3.0,""beta"":1.0}",Greenfield initial evidence-derived parameter record; no inherited statistical prior.
CHANGE_PRIOR_G-A009_expression,PRIOR_G-A009_expression,unavailable,0.1.0,unavailable,{},Greenfield initial evidence-derived parameter record; no inherited statistical prior.
CHANGE_PRIOR_G-A009_genetic_modifier,PRIOR_G-A009_genetic_modifier,unavailable,0.1.0,unavailable,{},Greenfield initial evidence-derived parameter record; no inherited statistical prior.
CHANGE_PRIOR_G-A009_human_transportability,PRIOR_G-A009_human_transportability,unavailable,0.1.0,unavailable,{},Greenfield initial evidence-derived parameter record; no inherited statistical prior.
CHANGE_PRIOR_G-A009_magnitude,PRIOR_G-A009_magnitude,unavailable,0.1.0,unavailable,{},Greenfield initial evidence-derived parameter record; no inherited statistical prior.
CHANGE_PRIOR_G-A009_protein_availability,PRIOR_G-A009_protein_availability,unavailable,0.1.0,unavailable,{},Greenfield initial evidence-derived parameter record; no inherited statistical prior.
CHANGE_PRIOR_G-A009_temporal,PRIOR_G-A009_temporal,unavailable,0.1.0,unavailable,{},Greenfield initial evidence-derived parameter record; no inherited statistical prior.
CHANGE_PRIOR_G-A010_context_specific,PRIOR_G-A010_context_specific,unavailable,0.1.0,unavailable,"{""context_id"":""CTX_3134732bc8052fc1""}",Greenfield initial evidence-derived parameter record; no inherited statistical prior.
CHANGE_PRIOR_G-A010_direction,PRIOR_G-A010_direction,unavailable,0.1.0,unavailable,{},Greenfield initial evidence-derived parameter record; no inherited statistical prior.
CHANGE_PRIOR_G-A010_effect_class,PRIOR_G-A010_effect_class,unavailable,0.1.0,unavailable,"{""observed_direction"":""null""}",Greenfield initial evidence-derived parameter record; no inherited statistical prior.
CHANGE_PRIOR_G-A010_existence,PRIOR_G-A010_existence,unavailable,0.1.0,unavailable,{},Greenfield initial evidence-derived parameter record; no inherited statistical prior.
CHANGE_PRIOR_G-A010_expression,PRIOR_G-A010_expression,unavailable,0.1.0,unavailable,{},Greenfield initial evidence-derived parameter record; no inherited statistical prior.
CHANGE_PRIOR_G-A010_genetic_modifier,PRIOR_G-A010_genetic_modifier,unavailable,0.1.0,unavailable,{},Greenfield initial evidence-derived parameter record; no inherited statistical prior.
CHANGE_PRIOR_G-A010_human_transportability,PRIOR_G-A010_human_transportability,unavailable,0.1.0,unavailable,{},Greenfield initial evidence-derived parameter record; no inherited statistical prior.
CHANGE_PRIOR_G-A010_magnitude,PRIOR_G-A010_magnitude,unavailable,0.1.0,unavailable,{},Greenfield initial evidence-derived parameter record; no inherited statistical prior.
CHANGE_PRIOR_G-A010_protein_availability,PRIOR_G-A010_protein_availability,unavailable,0.1.0,unavailable,{},Greenfield initial evidence-derived parameter record; no inherited statistical prior.
CHANGE_PRIOR_G-A010_temporal,PRIOR_G-A010_temporal,unavailable,0.1.0,unavailable,{},Greenfield initial evidence-derived parameter record; no inherited statistical prior.
CHANGE_PRIOR_G-A011_context_specific,PRIOR_G-A011_context_specific,unavailable,0.1.0,unavailable,"{""context_id"":""CTX_f084ceabfafbb9bf""}",Greenfield initial evidence-derived parameter record; no inherited statistical prior.
CHANGE_PRIOR_G-A011_direction,PRIOR_G-A011_direction,unavailable,0.1.0,unavailable,"{""alpha"":[2.0,1.0,1.0],""categories"":[""increase"",""decrease"",""other""]}",Greenfield initial evidence-derived parameter record; no inherited statistical prior.
CHANGE_PRIOR_G-A011_effect_class,PRIOR_G-A011_effect_class,unavailable,0.1.0,unavailable,"{""observed_direction"":""increase""}",Greenfield initial evidence-derived parameter record; no inherited statistical prior.
CHANGE_PRIOR_G-A011_existence,PRIOR_G-A011_existence,unavailable,0.1.0,unavailable,"{""alpha"":2.0,""beta"":1.0}",Greenfield initial evidence-derived parameter record; no inherited statistical prior.
CHANGE_PRIOR_G-A011_expression,PRIOR_G-A011_expression,unavailable,0.1.0,unavailable,{},Greenfield initial evidence-derived parameter record; no inherited statistical prior.
CHANGE_PRIOR_G-A011_genetic_modifier,PRIOR_G-A011_genetic_modifier,unavailable,0.1.0,unavailable,{},Greenfield initial evidence-derived parameter record; no inherited statistical prior.
CHANGE_PRIOR_G-A011_human_transportability,PRIOR_G-A011_human_transportability,unavailable,0.1.0,unavailable,{},Greenfield initial evidence-derived parameter record; no inherited statistical prior.
CHANGE_PRIOR_G-A011_magnitude,PRIOR_G-A011_magnitude,unavailable,0.1.0,unavailable,{},Greenfield initial evidence-derived parameter record; no inherited statistical prior.
CHANGE_PRIOR_G-A011_protein_availability,PRIOR_G-A011_protein_availability,unavailable,0.1.0,unavailable,{},Greenfield initial evidence-derived parameter record; no inherited statistical prior.
CHANGE_PRIOR_G-A011_temporal,PRIOR_G-A011_temporal,unavailable,0.1.0,unavailable,{},Greenfield initial evidence-derived parameter record; no inherited statistical prior.
CHANGE_PRIOR_G-A012_context_specific,PRIOR_G-A012_context_specific,unavailable,0.1.0,unavailable,"{""context_id"":""CTX_bde6c84fe6d47fe3""}",Greenfield initial evidence-derived parameter record; no inherited statistical prior.
CHANGE_PRIOR_G-A012_direction,PRIOR_G-A012_direction,unavailable,0.1.0,unavailable,"{""alpha"":[1.0,1.0,2.0],""categories"":[""increase"",""decrease"",""other""]}",Greenfield initial evidence-derived parameter record; no inherited statistical prior.
CHANGE_PRIOR_G-A012_effect_class,PRIOR_G-A012_effect_class,unavailable,0.1.0,unavailable,"{""observed_direction"":""association""}",Greenfield initial evidence-derived parameter record; no inherited statistical prior.
CHANGE_PRIOR_G-A012_existence,PRIOR_G-A012_existence,unavailable,0.1.0,unavailable,"{""alpha"":2.0,""beta"":1.0}",Greenfield initial evidence-derived parameter record; no inherited statistical prior.
CHANGE_PRIOR_G-A012_expression,PRIOR_G-A012_expression,unavailable,0.1.0,unavailable,{},Greenfield initial evidence-derived parameter record; no inherited statistical prior.
CHANGE_PRIOR_G-A012_genetic_modifier,PRIOR_G-A012_genetic_modifier,unavailable,0.1.0,unavailable,{},Greenfield initial evidence-derived parameter record; no inherited statistical prior.
CHANGE_PRIOR_G-A012_human_transportability,PRIOR_G-A012_human_transportability,unavailable,0.1.0,unavailable,{},Greenfield initial evidence-derived parameter record; no inherited statistical prior.
CHANGE_PRIOR_G-A012_magnitude,PRIOR_G-A012_magnitude,unavailable,0.1.0,unavailable,{},Greenfield initial evidence-derived parameter record; no inherited statistical prior.
CHANGE_PRIOR_G-A012_protein_availability,PRIOR_G-A012_protein_availability,unavailable,0.1.0,unavailable,{},Greenfield initial evidence-derived parameter record; no inherited statistical prior.
CHANGE_PRIOR_G-A012_temporal,PRIOR_G-A012_temporal,unavailable,0.1.0,unavailable,{},Greenfield initial evidence-derived parameter record; no inherited statistical prior.
CHANGE_PRIOR_G-A013_context_specific,PRIOR_G-A013_context_specific,unavailable,0.1.0,unavailable,"{""context_id"":""CTX_49ec2e87da99aa79""}",Greenfield initial evidence-derived parameter record; no inherited statistical prior.
CHANGE_PRIOR_G-A013_direction,PRIOR_G-A013_direction,unavailable,0.1.0,unavailable,"{""alpha"":[1.0,1.5,1.0],""categories"":[""increase"",""decrease"",""other""]}",Greenfield initial evidence-derived parameter record; no inherited statistical prior.
CHANGE_PRIOR_G-A013_effect_class,PRIOR_G-A013_effect_class,unavailable,0.1.0,unavailable,"{""observed_direction"":""decrease""}",Greenfield initial evidence-derived parameter record; no inherited statistical prior.
CHANGE_PRIOR_G-A013_existence,PRIOR_G-A013_existence,unavailable,0.1.0,unavailable,"{""alpha"":1.5,""beta"":1.0}",Greenfield initial evidence-derived parameter record; no inherited statistical prior.
CHANGE_PRIOR_G-A013_expression,PRIOR_G-A013_expression,unavailable,0.1.0,unavailable,{},Greenfield initial evidence-derived parameter record; no inherited statistical prior.
CHANGE_PRIOR_G-A013_genetic_modifier,PRIOR_G-A013_genetic_modifier,unavailable,0.1.0,unavailable,{},Greenfield initial evidence-derived parameter record; no inherited statistical prior.
CHANGE_PRIOR_G-A013_human_transportability,PRIOR_G-A013_human_transportability,unavailable,0.1.0,unavailable,{},Greenfield initial evidence-derived parameter record; no inherited statistical prior.
CHANGE_PRIOR_G-A013_magnitude,PRIOR_G-A013_magnitude,unavailable,0.1.0,unavailable,{},Greenfield initial evidence-derived parameter record; no inherited statistical prior.
CHANGE_PRIOR_G-A013_protein_availability,PRIOR_G-A013_protein_availability,unavailable,0.1.0,unavailable,{},Greenfield initial evidence-derived parameter record; no inherited statistical prior.
CHANGE_PRIOR_G-A013_temporal,PRIOR_G-A013_temporal,unavailable,0.1.0,unavailable,{},Greenfield initial evidence-derived parameter record; no inherited statistical prior.
CHANGE_PRIOR_G-A014_context_specific,PRIOR_G-A014_context_specific,unavailable,0.1.0,unavailable,"{""context_id"":""CTX_9ab3419a34684c47""}",Greenfield initial evidence-derived parameter record; no inherited statistical prior.
CHANGE_PRIOR_G-A014_direction,PRIOR_G-A014_direction,unavailable,0.1.0,unavailable,"{""alpha"":[1.5,1.0,1.0],""categories"":[""increase"",""decrease"",""other""]}",Greenfield initial evidence-derived parameter record; no inherited statistical prior.
CHANGE_PRIOR_G-A014_effect_class,PRIOR_G-A014_effect_class,unavailable,0.1.0,unavailable,"{""observed_direction"":""increase""}",Greenfield initial evidence-derived parameter record; no inherited statistical prior.
CHANGE_PRIOR_G-A014_existence,PRIOR_G-A014_existence,unavailable,0.1.0,unavailable,"{""alpha"":1.5,""beta"":1.0}",Greenfield initial evidence-derived parameter record; no inherited statistical prior.
CHANGE_PRIOR_G-A014_expression,PRIOR_G-A014_expression,unavailable,0.1.0,unavailable,{},Greenfield initial evidence-derived parameter record; no inherited statistical prior.
CHANGE_PRIOR_G-A014_genetic_modifier,PRIOR_G-A014_genetic_modifier,unavailable,0.1.0,unavailable,{},Greenfield initial evidence-derived parameter record; no inherited statistical prior.
CHANGE_PRIOR_G-A014_human_transportability,PRIOR_G-A014_human_transportability,unavailable,0.1.0,unavailable,{},Greenfield initial evidence-derived parameter record; no inherited statistical prior.
CHANGE_PRIOR_G-A014_magnitude,PRIOR_G-A014_magnitude,unavailable,0.1.0,unavailable,{},Greenfield initial evidence-derived parameter record; no inherited statistical prior.
CHANGE_PRIOR_G-A014_protein_availability,PRIOR_G-A014_protein_availability,unavailable,0.1.0,unavailable,{},Greenfield initial evidence-derived parameter record; no inherited statistical prior.
CHANGE_PRIOR_G-A014_temporal,PRIOR_G-A014_temporal,unavailable,0.1.0,unavailable,{},Greenfield initial evidence-derived parameter record; no inherited statistical prior.
CHANGE_PRIOR_G-A015_context_specific,PRIOR_G-A015_context_specific,unavailable,0.1.0,unavailable,"{""context_id"":""CTX_c3f02f7f07d62123""}",Greenfield initial evidence-derived parameter record; no inherited statistical prior.
CHANGE_PRIOR_G-A015_direction,PRIOR_G-A015_direction,unavailable,0.1.0,unavailable,"{""alpha"":[1.25,1.0,1.0],""categories"":[""increase"",""decrease"",""other""]}",Greenfield initial evidence-derived parameter record; no inherited statistical prior.
CHANGE_PRIOR_G-A015_effect_class,PRIOR_G-A015_effect_class,unavailable,0.1.0,unavailable,"{""observed_direction"":""increase""}",Greenfield initial evidence-derived parameter record; no inherited statistical prior.
CHANGE_PRIOR_G-A015_existence,PRIOR_G-A015_existence,unavailable,0.1.0,unavailable,"{""alpha"":1.25,""beta"":1.0}",Greenfield initial evidence-derived parameter record; no inherited statistical prior.
CHANGE_PRIOR_G-A015_expression,PRIOR_G-A015_expression,unavailable,0.1.0,unavailable,{},Greenfield initial evidence-derived parameter record; no inherited statistical prior.
CHANGE_PRIOR_G-A015_genetic_modifier,PRIOR_G-A015_genetic_modifier,unavailable,0.1.0,unavailable,{},Greenfield initial evidence-derived parameter record; no inherited statistical prior.
CHANGE_PRIOR_G-A015_human_transportability,PRIOR_G-A015_human_transportability,unavailable,0.1.0,unavailable,{},Greenfield initial evidence-derived parameter record; no inherited statistical prior.
CHANGE_PRIOR_G-A015_magnitude,PRIOR_G-A015_magnitude,unavailable,0.1.0,unavailable,{},Greenfield initial evidence-derived parameter record; no inherited statistical prior.
CHANGE_PRIOR_G-A015_protein_availability,PRIOR_G-A015_protein_availability,unavailable,0.1.0,unavailable,{},Greenfield initial evidence-derived parameter record; no inherited statistical prior.
CHANGE_PRIOR_G-A015_temporal,PRIOR_G-A015_temporal,unavailable,0.1.0,unavailable,{},Greenfield initial evidence-derived parameter record; no inherited statistical prior.
CHANGE_PRIOR_G-A016_context_specific,PRIOR_G-A016_context_specific,unavailable,0.1.0,unavailable,"{""context_id"":""CTX_4c9462b72a11696e""}",Greenfield initial evidence-derived parameter record; no inherited statistical prior.
CHANGE_PRIOR_G-A016_direction,PRIOR_G-A016_direction,unavailable,0.1.0,unavailable,"{""alpha"":[1.0,1.0,2.0],""categories"":[""increase"",""decrease"",""other""]}",Greenfield initial evidence-derived parameter record; no inherited statistical prior.
CHANGE_PRIOR_G-A016_effect_class,PRIOR_G-A016_effect_class,unavailable,0.1.0,unavailable,"{""observed_direction"":""association""}",Greenfield initial evidence-derived parameter record; no inherited statistical prior.
CHANGE_PRIOR_G-A016_existence,PRIOR_G-A016_existence,unavailable,0.1.0,unavailable,"{""alpha"":2.0,""beta"":1.0}",Greenfield initial evidence-derived parameter record; no inherited statistical prior.
CHANGE_PRIOR_G-A016_expression,PRIOR_G-A016_expression,unavailable,0.1.0,unavailable,{},Greenfield initial evidence-derived parameter record; no inherited statistical prior.
CHANGE_PRIOR_G-A016_genetic_modifier,PRIOR_G-A016_genetic_modifier,unavailable,0.1.0,unavailable,{},Greenfield initial evidence-derived parameter record; no inherited statistical prior.
CHANGE_PRIOR_G-A016_human_transportability,PRIOR_G-A016_human_transportability,unavailable,0.1.0,unavailable,{},Greenfield initial evidence-derived parameter record; no inherited statistical prior.
CHANGE_PRIOR_G-A016_magnitude,PRIOR_G-A016_magnitude,unavailable,0.1.0,unavailable,{},Greenfield initial evidence-derived parameter record; no inherited statistical prior.
CHANGE_PRIOR_G-A016_protein_availability,PRIOR_G-A016_protein_availability,unavailable,0.1.0,unavailable,{},Greenfield initial evidence-derived parameter record; no inherited statistical prior.
CHANGE_PRIOR_G-A016_temporal,PRIOR_G-A016_temporal,unavailable,0.1.0,unavailable,{},Greenfield initial evidence-derived parameter record; no inherited statistical prior.
CHANGE_PRIOR_G-A017_context_specific,PRIOR_G-A017_context_specific,unavailable,0.1.0,unavailable,"{""context_id"":""CTX_f06f874d93de1468""}",Greenfield initial evidence-derived parameter record; no inherited statistical prior.
CHANGE_PRIOR_G-A017_direction,PRIOR_G-A017_direction,unavailable,0.1.0,unavailable,"{""alpha"":[1.0,1.0,1.5],""categories"":[""increase"",""decrease"",""other""]}",Greenfield initial evidence-derived parameter record; no inherited statistical prior.
CHANGE_PRIOR_G-A017_effect_class,PRIOR_G-A017_effect_class,unavailable,0.1.0,unavailable,"{""observed_direction"":""association""}",Greenfield initial evidence-derived parameter record; no inherited statistical prior.
CHANGE_PRIOR_G-A017_existence,PRIOR_G-A017_existence,unavailable,0.1.0,unavailable,"{""alpha"":1.5,""beta"":1.0}",Greenfield initial evidence-derived parameter record; no inherited statistical prior.
CHANGE_PRIOR_G-A017_expression,PRIOR_G-A017_expression,unavailable,0.1.0,unavailable,{},Greenfield initial evidence-derived parameter record; no inherited statistical prior.
CHANGE_PRIOR_G-A017_genetic_modifier,PRIOR_G-A017_genetic_modifier,unavailable,0.1.0,unavailable,{},Greenfield initial evidence-derived parameter record; no inherited statistical prior.
CHANGE_PRIOR_G-A017_human_transportability,PRIOR_G-A017_human_transportability,unavailable,0.1.0,unavailable,{},Greenfield initial evidence-derived parameter record; no inherited statistical prior.
CHANGE_PRIOR_G-A017_magnitude,PRIOR_G-A017_magnitude,unavailable,0.1.0,unavailable,{},Greenfield initial evidence-derived parameter record; no inherited statistical prior.
CHANGE_PRIOR_G-A017_protein_availability,PRIOR_G-A017_protein_availability,unavailable,0.1.0,unavailable,{},Greenfield initial evidence-derived parameter record; no inherited statistical prior.
CHANGE_PRIOR_G-A017_temporal,PRIOR_G-A017_temporal,unavailable,0.1.0,unavailable,{},Greenfield initial evidence-derived parameter record; no inherited statistical prior.
CHANGE_PRIOR_G-A018_context_specific,PRIOR_G-A018_context_specific,unavailable,0.1.0,unavailable,"{""context_id"":""CTX_6509627fa9e77b28""}",Greenfield initial evidence-derived parameter record; no inherited statistical prior.
CHANGE_PRIOR_G-A018_direction,PRIOR_G-A018_direction,unavailable,0.1.0,unavailable,"{""alpha"":[1.0,1.0,1.5],""categories"":[""increase"",""decrease"",""other""]}",Greenfield initial evidence-derived parameter record; no inherited statistical prior.
CHANGE_PRIOR_G-A018_effect_class,PRIOR_G-A018_effect_class,unavailable,0.1.0,unavailable,"{""observed_direction"":""association""}",Greenfield initial evidence-derived parameter record; no inherited statistical prior.
CHANGE_PRIOR_G-A018_existence,PRIOR_G-A018_existence,unavailable,0.1.0,unavailable,"{""alpha"":1.5,""beta"":1.0}",Greenfield initial evidence-derived parameter record; no inherited statistical prior.
CHANGE_PRIOR_G-A018_expression,PRIOR_G-A018_expression,unavailable,0.1.0,unavailable,{},Greenfield initial evidence-derived parameter record; no inherited statistical prior.
CHANGE_PRIOR_G-A018_genetic_modifier,PRIOR_G-A018_genetic_modifier,unavailable,0.1.0,unavailable,{},Greenfield initial evidence-derived parameter record; no inherited statistical prior.
CHANGE_PRIOR_G-A018_human_transportability,PRIOR_G-A018_human_transportability,unavailable,0.1.0,unavailable,{},Greenfield initial evidence-derived parameter record; no inherited statistical prior.
CHANGE_PRIOR_G-A018_magnitude,PRIOR_G-A018_magnitude,unavailable,0.1.0,unavailable,{},Greenfield initial evidence-derived parameter record; no inherited statistical prior.
CHANGE_PRIOR_G-A018_protein_availability,PRIOR_G-A018_protein_availability,unavailable,0.1.0,unavailable,{},Greenfield initial evidence-derived parameter record; no inherited statistical prior.
CHANGE_PRIOR_G-A018_temporal,PRIOR_G-A018_temporal,unavailable,0.1.0,unavailable,{},Greenfield initial evidence-derived parameter record; no inherited statistical prior.
CHANGE_PRIOR_G-A019_context_specific,PRIOR_G-A019_context_specific,unavailable,0.1.0,unavailable,"{""context_id"":""CTX_b2eeeacb0fb9b2e1""}",Greenfield initial evidence-derived parameter record; no inherited statistical prior.
CHANGE_PRIOR_G-A019_direction,PRIOR_G-A019_direction,unavailable,0.1.0,unavailable,"{""alpha"":[1.0,1.0,1.5],""categories"":[""increase"",""decrease"",""other""]}",Greenfield initial evidence-derived parameter record; no inherited statistical prior.
CHANGE_PRIOR_G-A019_effect_class,PRIOR_G-A019_effect_class,unavailable,0.1.0,unavailable,"{""observed_direction"":""association""}",Greenfield initial evidence-derived parameter record; no inherited statistical prior.
CHANGE_PRIOR_G-A019_existence,PRIOR_G-A019_existence,unavailable,0.1.0,unavailable,"{""alpha"":1.5,""beta"":1.0}",Greenfield initial evidence-derived parameter record; no inherited statistical prior.
CHANGE_PRIOR_G-A019_expression,PRIOR_G-A019_expression,unavailable,0.1.0,unavailable,{},Greenfield initial evidence-derived parameter record; no inherited statistical prior.
CHANGE_PRIOR_G-A019_genetic_modifier,PRIOR_G-A019_genetic_modifier,unavailable,0.1.0,unavailable,{},Greenfield initial evidence-derived parameter record; no inherited statistical prior.
CHANGE_PRIOR_G-A019_human_transportability,PRIOR_G-A019_human_transportability,unavailable,0.1.0,unavailable,{},Greenfield initial evidence-derived parameter record; no inherited statistical prior.
CHANGE_PRIOR_G-A019_magnitude,PRIOR_G-A019_magnitude,unavailable,0.1.0,unavailable,{},Greenfield initial evidence-derived parameter record; no inherited statistical prior.
CHANGE_PRIOR_G-A019_protein_availability,PRIOR_G-A019_protein_availability,unavailable,0.1.0,unavailable,{},Greenfield initial evidence-derived parameter record; no inherited statistical prior.
CHANGE_PRIOR_G-A019_temporal,PRIOR_G-A019_temporal,unavailable,0.1.0,unavailable,{},Greenfield initial evidence-derived parameter record; no inherited statistical prior.
CHANGE_PRIOR_G-A020_context_specific,PRIOR_G-A020_context_specific,unavailable,0.1.0,unavailable,{},Greenfield initial evidence-derived parameter record; no inherited statistical prior.
CHANGE_PRIOR_G-A020_direction,PRIOR_G-A020_direction,unavailable,0.1.0,unavailable,{},Greenfield initial evidence-derived parameter record; no inherited statistical prior.
CHANGE_PRIOR_G-A020_effect_class,PRIOR_G-A020_effect_class,unavailable,0.1.0,unavailable,{},Greenfield initial evidence-derived parameter record; no inherited statistical prior.
CHANGE_PRIOR_G-A020_existence,PRIOR_G-A020_existence,unavailable,0.1.0,unavailable,{},Greenfield initial evidence-derived parameter record; no inherited statistical prior.
CHANGE_PRIOR_G-A020_expression,PRIOR_G-A020_expression,unavailable,0.1.0,unavailable,{},Greenfield initial evidence-derived parameter record; no inherited statistical prior.
CHANGE_PRIOR_G-A020_genetic_modifier,PRIOR_G-A020_genetic_modifier,unavailable,0.1.0,unavailable,{},Greenfield initial evidence-derived parameter record; no inherited statistical prior.
CHANGE_PRIOR_G-A020_human_transportability,PRIOR_G-A020_human_transportability,unavailable,0.1.0,unavailable,{},Greenfield initial evidence-derived parameter record; no inherited statistical prior.
CHANGE_PRIOR_G-A020_magnitude,PRIOR_G-A020_magnitude,unavailable,0.1.0,unavailable,{},Greenfield initial evidence-derived parameter record; no inherited statistical prior.
CHANGE_PRIOR_G-A020_protein_availability,PRIOR_G-A020_protein_availability,unavailable,0.1.0,unavailable,{},Greenfield initial evidence-derived parameter record; no inherited statistical prior.
CHANGE_PRIOR_G-A020_temporal,PRIOR_G-A020_temporal,unavailable,0.1.0,unavailable,{},Greenfield initial evidence-derived parameter record; no inherited statistical prior.
CHANGE_PRIOR_G-A021_context_specific,PRIOR_G-A021_context_specific,unavailable,0.1.0,unavailable,"{""context_id"":""CTX_6514df7e7dbb898b""}",Greenfield initial evidence-derived parameter record; no inherited statistical prior.
CHANGE_PRIOR_G-A021_direction,PRIOR_G-A021_direction,unavailable,0.1.0,unavailable,"{""alpha"":[1.0,1.0,1.5],""categories"":[""increase"",""decrease"",""other""]}",Greenfield initial evidence-derived parameter record; no inherited statistical prior.
CHANGE_PRIOR_G-A021_effect_class,PRIOR_G-A021_effect_class,unavailable,0.1.0,unavailable,"{""observed_direction"":""association""}",Greenfield initial evidence-derived parameter record; no inherited statistical prior.
CHANGE_PRIOR_G-A021_existence,PRIOR_G-A021_existence,unavailable,0.1.0,unavailable,"{""alpha"":1.5,""beta"":1.0}",Greenfield initial evidence-derived parameter record; no inherited statistical prior.
CHANGE_PRIOR_G-A021_expression,PRIOR_G-A021_expression,unavailable,0.1.0,unavailable,{},Greenfield initial evidence-derived parameter record; no inherited statistical prior.
CHANGE_PRIOR_G-A021_genetic_modifier,PRIOR_G-A021_genetic_modifier,unavailable,0.1.0,unavailable,{},Greenfield initial evidence-derived parameter record; no inherited statistical prior.
CHANGE_PRIOR_G-A021_human_transportability,PRIOR_G-A021_human_transportability,unavailable,0.1.0,unavailable,{},Greenfield initial evidence-derived parameter record; no inherited statistical prior.
CHANGE_PRIOR_G-A021_magnitude,PRIOR_G-A021_magnitude,unavailable,0.1.0,unavailable,{},Greenfield initial evidence-derived parameter record; no inherited statistical prior.
CHANGE_PRIOR_G-A021_protein_availability,PRIOR_G-A021_protein_availability,unavailable,0.1.0,unavailable,{},Greenfield initial evidence-derived parameter record; no inherited statistical prior.
CHANGE_PRIOR_G-A021_temporal,PRIOR_G-A021_temporal,unavailable,0.1.0,unavailable,{},Greenfield initial evidence-derived parameter record; no inherited statistical prior.
CHANGE_PRIOR_G-A022_context_specific,PRIOR_G-A022_context_specific,unavailable,0.1.0,unavailable,"{""context_id"":""CTX_00524ee757c3594a""}",Greenfield initial evidence-derived parameter record; no inherited statistical prior.
CHANGE_PRIOR_G-A022_direction,PRIOR_G-A022_direction,unavailable,0.1.0,unavailable,"{""alpha"":[1.0,1.0,1.5],""categories"":[""increase"",""decrease"",""other""]}",Greenfield initial evidence-derived parameter record; no inherited statistical prior.
CHANGE_PRIOR_G-A022_effect_class,PRIOR_G-A022_effect_class,unavailable,0.1.0,unavailable,"{""observed_direction"":""association""}",Greenfield initial evidence-derived parameter record; no inherited statistical prior.
CHANGE_PRIOR_G-A022_existence,PRIOR_G-A022_existence,unavailable,0.1.0,unavailable,"{""alpha"":1.5,""beta"":1.0}",Greenfield initial evidence-derived parameter record; no inherited statistical prior.
CHANGE_PRIOR_G-A022_expression,PRIOR_G-A022_expression,unavailable,0.1.0,unavailable,{},Greenfield initial evidence-derived parameter record; no inherited statistical prior.
CHANGE_PRIOR_G-A022_genetic_modifier,PRIOR_G-A022_genetic_modifier,unavailable,0.1.0,unavailable,{},Greenfield initial evidence-derived parameter record; no inherited statistical prior.
CHANGE_PRIOR_G-A022_human_transportability,PRIOR_G-A022_human_transportability,unavailable,0.1.0,unavailable,{},Greenfield initial evidence-derived parameter record; no inherited statistical prior.
CHANGE_PRIOR_G-A022_magnitude,PRIOR_G-A022_magnitude,unavailable,0.1.0,unavailable,{},Greenfield initial evidence-derived parameter record; no inherited statistical prior.
CHANGE_PRIOR_G-A022_protein_availability,PRIOR_G-A022_protein_availability,unavailable,0.1.0,unavailable,{},Greenfield initial evidence-derived parameter record; no inherited statistical prior.
CHANGE_PRIOR_G-A022_temporal,PRIOR_G-A022_temporal,unavailable,0.1.0,unavailable,{},Greenfield initial evidence-derived parameter record; no inherited statistical prior.
CHANGE_PRIOR_G-A023_context_specific,PRIOR_G-A023_context_specific,unavailable,0.1.0,unavailable,"{""context_id"":""CTX_f02abebab5d48215""}",Greenfield initial evidence-derived parameter record; no inherited statistical prior.
CHANGE_PRIOR_G-A023_direction,PRIOR_G-A023_direction,unavailable,0.1.0,unavailable,"{""alpha"":[1.0,1.5,1.0],""categories"":[""increase"",""decrease"",""other""]}",Greenfield initial evidence-derived parameter record; no inherited statistical prior.
CHANGE_PRIOR_G-A023_effect_class,PRIOR_G-A023_effect_class,unavailable,0.1.0,unavailable,"{""observed_direction"":""decrease""}",Greenfield initial evidence-derived parameter record; no inherited statistical prior.
CHANGE_PRIOR_G-A023_existence,PRIOR_G-A023_existence,unavailable,0.1.0,unavailable,"{""alpha"":1.5,""beta"":1.0}",Greenfield initial evidence-derived parameter record; no inherited statistical prior.
CHANGE_PRIOR_G-A023_expression,PRIOR_G-A023_expression,unavailable,0.1.0,unavailable,{},Greenfield initial evidence-derived parameter record; no inherited statistical prior.
CHANGE_PRIOR_G-A023_genetic_modifier,PRIOR_G-A023_genetic_modifier,unavailable,0.1.0,unavailable,{},Greenfield initial evidence-derived parameter record; no inherited statistical prior.
CHANGE_PRIOR_G-A023_human_transportability,PRIOR_G-A023_human_transportability,unavailable,0.1.0,unavailable,{},Greenfield initial evidence-derived parameter record; no inherited statistical prior.
CHANGE_PRIOR_G-A023_magnitude,PRIOR_G-A023_magnitude,unavailable,0.1.0,unavailable,{},Greenfield initial evidence-derived parameter record; no inherited statistical prior.
CHANGE_PRIOR_G-A023_protein_availability,PRIOR_G-A023_protein_availability,unavailable,0.1.0,unavailable,{},Greenfield initial evidence-derived parameter record; no inherited statistical prior.
CHANGE_PRIOR_G-A023_temporal,PRIOR_G-A023_temporal,unavailable,0.1.0,unavailable,{},Greenfield initial evidence-derived parameter record; no inherited statistical prior.
CHANGE_PRIOR_G-A024_context_specific,PRIOR_G-A024_context_specific,unavailable,0.1.0,unavailable,"{""context_id"":""CTX_38e93c4e948c305e""}",Greenfield initial evidence-derived parameter record; no inherited statistical prior.
CHANGE_PRIOR_G-A024_direction,PRIOR_G-A024_direction,unavailable,0.1.0,unavailable,"{""alpha"":[1.5,1.0,1.0],""categories"":[""increase"",""decrease"",""other""]}",Greenfield initial evidence-derived parameter record; no inherited statistical prior.
CHANGE_PRIOR_G-A024_effect_class,PRIOR_G-A024_effect_class,unavailable,0.1.0,unavailable,"{""observed_direction"":""increase""}",Greenfield initial evidence-derived parameter record; no inherited statistical prior.
CHANGE_PRIOR_G-A024_existence,PRIOR_G-A024_existence,unavailable,0.1.0,unavailable,"{""alpha"":1.5,""beta"":1.0}",Greenfield initial evidence-derived parameter record; no inherited statistical prior.
CHANGE_PRIOR_G-A024_expression,PRIOR_G-A024_expression,unavailable,0.1.0,unavailable,{},Greenfield initial evidence-derived parameter record; no inherited statistical prior.
CHANGE_PRIOR_G-A024_genetic_modifier,PRIOR_G-A024_genetic_modifier,unavailable,0.1.0,unavailable,{},Greenfield initial evidence-derived parameter record; no inherited statistical prior.
CHANGE_PRIOR_G-A024_human_transportability,PRIOR_G-A024_human_transportability,unavailable,0.1.0,unavailable,{},Greenfield initial evidence-derived parameter record; no inherited statistical prior.
CHANGE_PRIOR_G-A024_magnitude,PRIOR_G-A024_magnitude,unavailable,0.1.0,unavailable,{},Greenfield initial evidence-derived parameter record; no inherited statistical prior.
CHANGE_PRIOR_G-A024_protein_availability,PRIOR_G-A024_protein_availability,unavailable,0.1.0,unavailable,{},Greenfield initial evidence-derived parameter record; no inherited statistical prior.
CHANGE_PRIOR_G-A024_temporal,PRIOR_G-A024_temporal,unavailable,0.1.0,unavailable,{},Greenfield initial evidence-derived parameter record; no inherited statistical prior.
CHANGE_PRIOR_G-A025_context_specific,PRIOR_G-A025_context_specific,unavailable,0.1.0,unavailable,"{""context_id"":""CTX_333007ffb4149300""}",Greenfield initial evidence-derived parameter record; no inherited statistical prior.
CHANGE_PRIOR_G-A025_direction,PRIOR_G-A025_direction,unavailable,0.1.0,unavailable,{},Greenfield initial evidence-derived parameter record; no inherited statistical prior.
CHANGE_PRIOR_G-A025_effect_class,PRIOR_G-A025_effect_class,unavailable,0.1.0,unavailable,"{""observed_direction"":""null""}",Greenfield initial evidence-derived parameter record; no inherited statistical prior.
CHANGE_PRIOR_G-A025_existence,PRIOR_G-A025_existence,unavailable,0.1.0,unavailable,{},Greenfield initial evidence-derived parameter record; no inherited statistical prior.
CHANGE_PRIOR_G-A025_expression,PRIOR_G-A025_expression,unavailable,0.1.0,unavailable,{},Greenfield initial evidence-derived parameter record; no inherited statistical prior.
CHANGE_PRIOR_G-A025_genetic_modifier,PRIOR_G-A025_genetic_modifier,unavailable,0.1.0,unavailable,{},Greenfield initial evidence-derived parameter record; no inherited statistical prior.
CHANGE_PRIOR_G-A025_human_transportability,PRIOR_G-A025_human_transportability,unavailable,0.1.0,unavailable,{},Greenfield initial evidence-derived parameter record; no inherited statistical prior.
CHANGE_PRIOR_G-A025_magnitude,PRIOR_G-A025_magnitude,unavailable,0.1.0,unavailable,{},Greenfield initial evidence-derived parameter record; no inherited statistical prior.
CHANGE_PRIOR_G-A025_protein_availability,PRIOR_G-A025_protein_availability,unavailable,0.1.0,unavailable,{},Greenfield initial evidence-derived parameter record; no inherited statistical prior.
CHANGE_PRIOR_G-A025_temporal,PRIOR_G-A025_temporal,unavailable,0.1.0,unavailable,{},Greenfield initial evidence-derived parameter record; no inherited statistical prior.
CHANGE_PRIOR_P_A01_context_specific,PRIOR_P_A01_context_specific,unavailable,0.1.0,unavailable,{},Greenfield initial evidence-derived parameter record; no inherited statistical prior.
CHANGE_PRIOR_P_A01_direction,PRIOR_P_A01_direction,unavailable,0.1.0,unavailable,{},Greenfield initial evidence-derived parameter record; no inherited statistical prior.
CHANGE_PRIOR_P_A01_effect_class,PRIOR_P_A01_effect_class,unavailable,0.1.0,unavailable,{},Greenfield initial evidence-derived parameter record; no inherited statistical prior.
CHANGE_PRIOR_P_A01_existence,PRIOR_P_A01_existence,unavailable,0.1.0,unavailable,{},Greenfield initial evidence-derived parameter record; no inherited statistical prior.
CHANGE_PRIOR_P_A01_expression,PRIOR_P_A01_expression,unavailable,0.1.0,unavailable,{},Greenfield initial evidence-derived parameter record; no inherited statistical prior.
CHANGE_PRIOR_P_A01_genetic_modifier,PRIOR_P_A01_genetic_modifier,unavailable,0.1.0,unavailable,{},Greenfield initial evidence-derived parameter record; no inherited statistical prior.
CHANGE_PRIOR_P_A01_human_transportability,PRIOR_P_A01_human_transportability,unavailable,0.1.0,unavailable,{},Greenfield initial evidence-derived parameter record; no inherited statistical prior.
CHANGE_PRIOR_P_A01_magnitude,PRIOR_P_A01_magnitude,unavailable,0.1.0,unavailable,{},Greenfield initial evidence-derived parameter record; no inherited statistical prior.
CHANGE_PRIOR_P_A01_protein_availability,PRIOR_P_A01_protein_availability,unavailable,0.1.0,unavailable,{},Greenfield initial evidence-derived parameter record; no inherited statistical prior.
CHANGE_PRIOR_P_A01_temporal,PRIOR_P_A01_temporal,unavailable,0.1.0,unavailable,{},Greenfield initial evidence-derived parameter record; no inherited statistical prior.
CHANGE_PRIOR_P_A02_context_specific,PRIOR_P_A02_context_specific,unavailable,0.1.0,unavailable,"{""context_id"":""CTX_0972aa9f934bb892""}",Greenfield initial evidence-derived parameter record; no inherited statistical prior.
CHANGE_PRIOR_P_A02_direction,PRIOR_P_A02_direction,unavailable,0.1.0,unavailable,"{""alpha"":[2.0,1.0,1.0],""categories"":[""increase"",""decrease"",""other""]}",Greenfield initial evidence-derived parameter record; no inherited statistical prior.
CHANGE_PRIOR_P_A02_effect_class,PRIOR_P_A02_effect_class,unavailable,0.1.0,unavailable,"{""observed_direction"":""increase""}",Greenfield initial evidence-derived parameter record; no inherited statistical prior.
CHANGE_PRIOR_P_A02_existence,PRIOR_P_A02_existence,unavailable,0.1.0,unavailable,"{""alpha"":2.0,""beta"":1.0}",Greenfield initial evidence-derived parameter record; no inherited statistical prior.
CHANGE_PRIOR_P_A02_expression,PRIOR_P_A02_expression,unavailable,0.1.0,unavailable,{},Greenfield initial evidence-derived parameter record; no inherited statistical prior.
CHANGE_PRIOR_P_A02_genetic_modifier,PRIOR_P_A02_genetic_modifier,unavailable,0.1.0,unavailable,{},Greenfield initial evidence-derived parameter record; no inherited statistical prior.
CHANGE_PRIOR_P_A02_human_transportability,PRIOR_P_A02_human_transportability,unavailable,0.1.0,unavailable,{},Greenfield initial evidence-derived parameter record; no inherited statistical prior.
CHANGE_PRIOR_P_A02_magnitude,PRIOR_P_A02_magnitude,unavailable,0.1.0,unavailable,{},Greenfield initial evidence-derived parameter record; no inherited statistical prior.
CHANGE_PRIOR_P_A02_protein_availability,PRIOR_P_A02_protein_availability,unavailable,0.1.0,unavailable,{},Greenfield initial evidence-derived parameter record; no inherited statistical prior.
CHANGE_PRIOR_P_A02_temporal,PRIOR_P_A02_temporal,unavailable,0.1.0,unavailable,{},Greenfield initial evidence-derived parameter record; no inherited statistical prior.
CHANGE_PRIOR_P_A03_context_specific,PRIOR_P_A03_context_specific,unavailable,0.1.0,unavailable,"{""context_id"":""CTX_9ab0a6ea73cfc33d""}",Greenfield initial evidence-derived parameter record; no inherited statistical prior.
CHANGE_PRIOR_P_A03_direction,PRIOR_P_A03_direction,unavailable,0.1.0,unavailable,{},Greenfield initial evidence-derived parameter record; no inherited statistical prior.
CHANGE_PRIOR_P_A03_effect_class,PRIOR_P_A03_effect_class,unavailable,0.1.0,unavailable,"{""observed_direction"":""null""}",Greenfield initial evidence-derived parameter record; no inherited statistical prior.
CHANGE_PRIOR_P_A03_existence,PRIOR_P_A03_existence,unavailable,0.1.0,unavailable,{},Greenfield initial evidence-derived parameter record; no inherited statistical prior.
CHANGE_PRIOR_P_A03_expression,PRIOR_P_A03_expression,unavailable,0.1.0,unavailable,{},Greenfield initial evidence-derived parameter record; no inherited statistical prior.
CHANGE_PRIOR_P_A03_genetic_modifier,PRIOR_P_A03_genetic_modifier,unavailable,0.1.0,unavailable,{},Greenfield initial evidence-derived parameter record; no inherited statistical prior.
CHANGE_PRIOR_P_A03_human_transportability,PRIOR_P_A03_human_transportability,unavailable,0.1.0,unavailable,{},Greenfield initial evidence-derived parameter record; no inherited statistical prior.
CHANGE_PRIOR_P_A03_magnitude,PRIOR_P_A03_magnitude,unavailable,0.1.0,unavailable,{},Greenfield initial evidence-derived parameter record; no inherited statistical prior.
CHANGE_PRIOR_P_A03_protein_availability,PRIOR_P_A03_protein_availability,unavailable,0.1.0,unavailable,{},Greenfield initial evidence-derived parameter record; no inherited statistical prior.
CHANGE_PRIOR_P_A03_temporal,PRIOR_P_A03_temporal,unavailable,0.1.0,unavailable,{},Greenfield initial evidence-derived parameter record; no inherited statistical prior.
CHANGE_PRIOR_P_A04_context_specific,PRIOR_P_A04_context_specific,unavailable,0.1.0,unavailable,"{""context_id"":""CTX_ed5753bd7090c0c5""}",Greenfield initial evidence-derived parameter record; no inherited statistical prior.
CHANGE_PRIOR_P_A04_direction,PRIOR_P_A04_direction,unavailable,0.1.0,unavailable,"{""alpha"":[2.0,1.0,1.0],""categories"":[""increase"",""decrease"",""other""]}",Greenfield initial evidence-derived parameter record; no inherited statistical prior.
CHANGE_PRIOR_P_A04_effect_class,PRIOR_P_A04_effect_class,unavailable,0.1.0,unavailable,"{""observed_direction"":""increase""}",Greenfield initial evidence-derived parameter record; no inherited statistical prior.
CHANGE_PRIOR_P_A04_existence,PRIOR_P_A04_existence,unavailable,0.1.0,unavailable,"{""alpha"":2.0,""beta"":1.0}",Greenfield initial evidence-derived parameter record; no inherited statistical prior.
CHANGE_PRIOR_P_A04_expression,PRIOR_P_A04_expression,unavailable,0.1.0,unavailable,{},Greenfield initial evidence-derived parameter record; no inherited statistical prior.
CHANGE_PRIOR_P_A04_genetic_modifier,PRIOR_P_A04_genetic_modifier,unavailable,0.1.0,unavailable,{},Greenfield initial evidence-derived parameter record; no inherited statistical prior.
CHANGE_PRIOR_P_A04_human_transportability,PRIOR_P_A04_human_transportability,unavailable,0.1.0,unavailable,{},Greenfield initial evidence-derived parameter record; no inherited statistical prior.
CHANGE_PRIOR_P_A04_magnitude,PRIOR_P_A04_magnitude,unavailable,0.1.0,unavailable,{},Greenfield initial evidence-derived parameter record; no inherited statistical prior.
CHANGE_PRIOR_P_A04_protein_availability,PRIOR_P_A04_protein_availability,unavailable,0.1.0,unavailable,{},Greenfield initial evidence-derived parameter record; no inherited statistical prior.
CHANGE_PRIOR_P_A04_temporal,PRIOR_P_A04_temporal,unavailable,0.1.0,unavailable,{},Greenfield initial evidence-derived parameter record; no inherited statistical prior.
CHANGE_PRIOR_P_A05_context_specific,PRIOR_P_A05_context_specific,unavailable,0.1.0,unavailable,"{""context_id"":""CTX_1eb909bfb38bec10""}",Greenfield initial evidence-derived parameter record; no inherited statistical prior.
CHANGE_PRIOR_P_A05_direction,PRIOR_P_A05_direction,unavailable,0.1.0,unavailable,"{""alpha"":[2.0,1.0,1.0],""categories"":[""increase"",""decrease"",""other""]}",Greenfield initial evidence-derived parameter record; no inherited statistical prior.
CHANGE_PRIOR_P_A05_effect_class,PRIOR_P_A05_effect_class,unavailable,0.1.0,unavailable,"{""observed_direction"":""increase""}",Greenfield initial evidence-derived parameter record; no inherited statistical prior.
CHANGE_PRIOR_P_A05_existence,PRIOR_P_A05_existence,unavailable,0.1.0,unavailable,"{""alpha"":2.0,""beta"":1.0}",Greenfield initial evidence-derived parameter record; no inherited statistical prior.
CHANGE_PRIOR_P_A05_expression,PRIOR_P_A05_expression,unavailable,0.1.0,unavailable,{},Greenfield initial evidence-derived parameter record; no inherited statistical prior.
CHANGE_PRIOR_P_A05_genetic_modifier,PRIOR_P_A05_genetic_modifier,unavailable,0.1.0,unavailable,{},Greenfield initial evidence-derived parameter record; no inherited statistical prior.
CHANGE_PRIOR_P_A05_human_transportability,PRIOR_P_A05_human_transportability,unavailable,0.1.0,unavailable,{},Greenfield initial evidence-derived parameter record; no inherited statistical prior.
CHANGE_PRIOR_P_A05_magnitude,PRIOR_P_A05_magnitude,unavailable,0.1.0,unavailable,{},Greenfield initial evidence-derived parameter record; no inherited statistical prior.
CHANGE_PRIOR_P_A05_protein_availability,PRIOR_P_A05_protein_availability,unavailable,0.1.0,unavailable,{},Greenfield initial evidence-derived parameter record; no inherited statistical prior.
CHANGE_PRIOR_P_A05_temporal,PRIOR_P_A05_temporal,unavailable,0.1.0,unavailable,{},Greenfield initial evidence-derived parameter record; no inherited statistical prior.
CHANGE_PRIOR_P_A06_context_specific,PRIOR_P_A06_context_specific,unavailable,0.1.0,unavailable,"{""context_id"":""CTX_d392f27dd8c3ba97""}",Greenfield initial evidence-derived parameter record; no inherited statistical prior.
CHANGE_PRIOR_P_A06_direction,PRIOR_P_A06_direction,unavailable,0.1.0,unavailable,{},Greenfield initial evidence-derived parameter record; no inherited statistical prior.
CHANGE_PRIOR_P_A06_effect_class,PRIOR_P_A06_effect_class,unavailable,0.1.0,unavailable,"{""observed_direction"":""null""}",Greenfield initial evidence-derived parameter record; no inherited statistical prior.
CHANGE_PRIOR_P_A06_existence,PRIOR_P_A06_existence,unavailable,0.1.0,unavailable,{},Greenfield initial evidence-derived parameter record; no inherited statistical prior.
CHANGE_PRIOR_P_A06_expression,PRIOR_P_A06_expression,unavailable,0.1.0,unavailable,{},Greenfield initial evidence-derived parameter record; no inherited statistical prior.
CHANGE_PRIOR_P_A06_genetic_modifier,PRIOR_P_A06_genetic_modifier,unavailable,0.1.0,unavailable,{},Greenfield initial evidence-derived parameter record; no inherited statistical prior.
CHANGE_PRIOR_P_A06_human_transportability,PRIOR_P_A06_human_transportability,unavailable,0.1.0,unavailable,{},Greenfield initial evidence-derived parameter record; no inherited statistical prior.
CHANGE_PRIOR_P_A06_magnitude,PRIOR_P_A06_magnitude,unavailable,0.1.0,unavailable,{},Greenfield initial evidence-derived parameter record; no inherited statistical prior.
CHANGE_PRIOR_P_A06_protein_availability,PRIOR_P_A06_protein_availability,unavailable,0.1.0,unavailable,{},Greenfield initial evidence-derived parameter record; no inherited statistical prior.
CHANGE_PRIOR_P_A06_temporal,PRIOR_P_A06_temporal,unavailable,0.1.0,unavailable,{},Greenfield initial evidence-derived parameter record; no inherited statistical prior.
CHANGE_PRIOR_P_A07_context_specific,PRIOR_P_A07_context_specific,unavailable,0.1.0,unavailable,{},Greenfield initial evidence-derived parameter record; no inherited statistical prior.
CHANGE_PRIOR_P_A07_direction,PRIOR_P_A07_direction,unavailable,0.1.0,unavailable,{},Greenfield initial evidence-derived parameter record; no inherited statistical prior.
CHANGE_PRIOR_P_A07_effect_class,PRIOR_P_A07_effect_class,unavailable,0.1.0,unavailable,{},Greenfield initial evidence-derived parameter record; no inherited statistical prior.
CHANGE_PRIOR_P_A07_existence,PRIOR_P_A07_existence,unavailable,0.1.0,unavailable,{},Greenfield initial evidence-derived parameter record; no inherited statistical prior.
CHANGE_PRIOR_P_A07_expression,PRIOR_P_A07_expression,unavailable,0.1.0,unavailable,{},Greenfield initial evidence-derived parameter record; no inherited statistical prior.
CHANGE_PRIOR_P_A07_genetic_modifier,PRIOR_P_A07_genetic_modifier,unavailable,0.1.0,unavailable,{},Greenfield initial evidence-derived parameter record; no inherited statistical prior.
CHANGE_PRIOR_P_A07_human_transportability,PRIOR_P_A07_human_transportability,unavailable,0.1.0,unavailable,{},Greenfield initial evidence-derived parameter record; no inherited statistical prior.
CHANGE_PRIOR_P_A07_magnitude,PRIOR_P_A07_magnitude,unavailable,0.1.0,unavailable,{},Greenfield initial evidence-derived parameter record; no inherited statistical prior.
CHANGE_PRIOR_P_A07_protein_availability,PRIOR_P_A07_protein_availability,unavailable,0.1.0,unavailable,{},Greenfield initial evidence-derived parameter record; no inherited statistical prior.
CHANGE_PRIOR_P_A07_temporal,PRIOR_P_A07_temporal,unavailable,0.1.0,unavailable,{},Greenfield initial evidence-derived parameter record; no inherited statistical prior.
CHANGE_PRIOR_P_A08_context_specific,PRIOR_P_A08_context_specific,unavailable,0.1.0,unavailable,{},Greenfield initial evidence-derived parameter record; no inherited statistical prior.
CHANGE_PRIOR_P_A08_direction,PRIOR_P_A08_direction,unavailable,0.1.0,unavailable,{},Greenfield initial evidence-derived parameter record; no inherited statistical prior.
CHANGE_PRIOR_P_A08_effect_class,PRIOR_P_A08_effect_class,unavailable,0.1.0,unavailable,{},Greenfield initial evidence-derived parameter record; no inherited statistical prior.
CHANGE_PRIOR_P_A08_existence,PRIOR_P_A08_existence,unavailable,0.1.0,unavailable,{},Greenfield initial evidence-derived parameter record; no inherited statistical prior.
CHANGE_PRIOR_P_A08_expression,PRIOR_P_A08_expression,unavailable,0.1.0,unavailable,{},Greenfield initial evidence-derived parameter record; no inherited statistical prior.
CHANGE_PRIOR_P_A08_genetic_modifier,PRIOR_P_A08_genetic_modifier,unavailable,0.1.0,unavailable,{},Greenfield initial evidence-derived parameter record; no inherited statistical prior.
CHANGE_PRIOR_P_A08_human_transportability,PRIOR_P_A08_human_transportability,unavailable,0.1.0,unavailable,{},Greenfield initial evidence-derived parameter record; no inherited statistical prior.
CHANGE_PRIOR_P_A08_magnitude,PRIOR_P_A08_magnitude,unavailable,0.1.0,unavailable,{},Greenfield initial evidence-derived parameter record; no inherited statistical prior.
CHANGE_PRIOR_P_A08_protein_availability,PRIOR_P_A08_protein_availability,unavailable,0.1.0,unavailable,{},Greenfield initial evidence-derived parameter record; no inherited statistical prior.
CHANGE_PRIOR_P_A08_temporal,PRIOR_P_A08_temporal,unavailable,0.1.0,unavailable,{},Greenfield initial evidence-derived parameter record; no inherited statistical prior.
CHANGE_PRIOR_P_A09_context_specific,PRIOR_P_A09_context_specific,unavailable,0.1.0,unavailable,"{""context_id"":""CTX_aeb0218618294f39""}",Greenfield initial evidence-derived parameter record; no inherited statistical prior.
CHANGE_PRIOR_P_A09_direction,PRIOR_P_A09_direction,unavailable,0.1.0,unavailable,"{""alpha"":[1.0,2.0,1.0],""categories"":[""increase"",""decrease"",""other""]}",Greenfield initial evidence-derived parameter record; no inherited statistical prior.
CHANGE_PRIOR_P_A09_effect_class,PRIOR_P_A09_effect_class,unavailable,0.1.0,unavailable,"{""observed_direction"":""decrease""}",Greenfield initial evidence-derived parameter record; no inherited statistical prior.
CHANGE_PRIOR_P_A09_existence,PRIOR_P_A09_existence,unavailable,0.1.0,unavailable,"{""alpha"":2.0,""beta"":1.0}",Greenfield initial evidence-derived parameter record; no inherited statistical prior.
CHANGE_PRIOR_P_A09_expression,PRIOR_P_A09_expression,unavailable,0.1.0,unavailable,{},Greenfield initial evidence-derived parameter record; no inherited statistical prior.
CHANGE_PRIOR_P_A09_genetic_modifier,PRIOR_P_A09_genetic_modifier,unavailable,0.1.0,unavailable,{},Greenfield initial evidence-derived parameter record; no inherited statistical prior.
CHANGE_PRIOR_P_A09_human_transportability,PRIOR_P_A09_human_transportability,unavailable,0.1.0,unavailable,{},Greenfield initial evidence-derived parameter record; no inherited statistical prior.
CHANGE_PRIOR_P_A09_magnitude,PRIOR_P_A09_magnitude,unavailable,0.1.0,unavailable,{},Greenfield initial evidence-derived parameter record; no inherited statistical prior.
CHANGE_PRIOR_P_A09_protein_availability,PRIOR_P_A09_protein_availability,unavailable,0.1.0,unavailable,{},Greenfield initial evidence-derived parameter record; no inherited statistical prior.
CHANGE_PRIOR_P_A09_temporal,PRIOR_P_A09_temporal,unavailable,0.1.0,unavailable,{},Greenfield initial evidence-derived parameter record; no inherited statistical prior.
CHANGE_PRIOR_P_A10_context_specific,PRIOR_P_A10_context_specific,unavailable,0.1.0,unavailable,"{""context_id"":""CTX_aeb0218618294f39""}",Greenfield initial evidence-derived parameter record; no inherited statistical prior.
CHANGE_PRIOR_P_A10_direction,PRIOR_P_A10_direction,unavailable,0.1.0,unavailable,"{""alpha"":[1.0,2.0,1.0],""categories"":[""increase"",""decrease"",""other""]}",Greenfield initial evidence-derived parameter record; no inherited statistical prior.
CHANGE_PRIOR_P_A10_effect_class,PRIOR_P_A10_effect_class,unavailable,0.1.0,unavailable,"{""observed_direction"":""decrease""}",Greenfield initial evidence-derived parameter record; no inherited statistical prior.
CHANGE_PRIOR_P_A10_existence,PRIOR_P_A10_existence,unavailable,0.1.0,unavailable,"{""alpha"":2.0,""beta"":1.0}",Greenfield initial evidence-derived parameter record; no inherited statistical prior.
CHANGE_PRIOR_P_A10_expression,PRIOR_P_A10_expression,unavailable,0.1.0,unavailable,{},Greenfield initial evidence-derived parameter record; no inherited statistical prior.
CHANGE_PRIOR_P_A10_genetic_modifier,PRIOR_P_A10_genetic_modifier,unavailable,0.1.0,unavailable,{},Greenfield initial evidence-derived parameter record; no inherited statistical prior.
CHANGE_PRIOR_P_A10_human_transportability,PRIOR_P_A10_human_transportability,unavailable,0.1.0,unavailable,{},Greenfield initial evidence-derived parameter record; no inherited statistical prior.
CHANGE_PRIOR_P_A10_magnitude,PRIOR_P_A10_magnitude,unavailable,0.1.0,unavailable,{},Greenfield initial evidence-derived parameter record; no inherited statistical prior.
CHANGE_PRIOR_P_A10_protein_availability,PRIOR_P_A10_protein_availability,unavailable,0.1.0,unavailable,{},Greenfield initial evidence-derived parameter record; no inherited statistical prior.
CHANGE_PRIOR_P_A10_temporal,PRIOR_P_A10_temporal,unavailable,0.1.0,unavailable,{},Greenfield initial evidence-derived parameter record; no inherited statistical prior.
CHANGE_PRIOR_P_A11_context_specific,PRIOR_P_A11_context_specific,unavailable,0.1.0,unavailable,"{""context_id"":""CTX_aeb0218618294f39""}",Greenfield initial evidence-derived parameter record; no inherited statistical prior.
CHANGE_PRIOR_P_A11_direction,PRIOR_P_A11_direction,unavailable,0.1.0,unavailable,"{""alpha"":[2.0,1.0,1.0],""categories"":[""increase"",""decrease"",""other""]}",Greenfield initial evidence-derived parameter record; no inherited statistical prior.
CHANGE_PRIOR_P_A11_effect_class,PRIOR_P_A11_effect_class,unavailable,0.1.0,unavailable,"{""observed_direction"":""increase""}",Greenfield initial evidence-derived parameter record; no inherited statistical prior.
CHANGE_PRIOR_P_A11_existence,PRIOR_P_A11_existence,unavailable,0.1.0,unavailable,"{""alpha"":2.0,""beta"":1.0}",Greenfield initial evidence-derived parameter record; no inherited statistical prior.
CHANGE_PRIOR_P_A11_expression,PRIOR_P_A11_expression,unavailable,0.1.0,unavailable,{},Greenfield initial evidence-derived parameter record; no inherited statistical prior.
CHANGE_PRIOR_P_A11_genetic_modifier,PRIOR_P_A11_genetic_modifier,unavailable,0.1.0,unavailable,{},Greenfield initial evidence-derived parameter record; no inherited statistical prior.
CHANGE_PRIOR_P_A11_human_transportability,PRIOR_P_A11_human_transportability,unavailable,0.1.0,unavailable,{},Greenfield initial evidence-derived parameter record; no inherited statistical prior.
CHANGE_PRIOR_P_A11_magnitude,PRIOR_P_A11_magnitude,unavailable,0.1.0,unavailable,{},Greenfield initial evidence-derived parameter record; no inherited statistical prior.
CHANGE_PRIOR_P_A11_protein_availability,PRIOR_P_A11_protein_availability,unavailable,0.1.0,unavailable,{},Greenfield initial evidence-derived parameter record; no inherited statistical prior.
CHANGE_PRIOR_P_A11_temporal,PRIOR_P_A11_temporal,unavailable,0.1.0,unavailable,{},Greenfield initial evidence-derived parameter record; no inherited statistical prior.
CHANGE_PRIOR_P_A12_context_specific,PRIOR_P_A12_context_specific,unavailable,0.1.0,unavailable,"{""context_id"":""CTX_aeb0218618294f39""}",Greenfield initial evidence-derived parameter record; no inherited statistical prior.
CHANGE_PRIOR_P_A12_direction,PRIOR_P_A12_direction,unavailable,0.1.0,unavailable,{},Greenfield initial evidence-derived parameter record; no inherited statistical prior.
CHANGE_PRIOR_P_A12_effect_class,PRIOR_P_A12_effect_class,unavailable,0.1.0,unavailable,"{""observed_direction"":""null""}",Greenfield initial evidence-derived parameter record; no inherited statistical prior.
CHANGE_PRIOR_P_A12_existence,PRIOR_P_A12_existence,unavailable,0.1.0,unavailable,{},Greenfield initial evidence-derived parameter record; no inherited statistical prior.
CHANGE_PRIOR_P_A12_expression,PRIOR_P_A12_expression,unavailable,0.1.0,unavailable,{},Greenfield initial evidence-derived parameter record; no inherited statistical prior.
CHANGE_PRIOR_P_A12_genetic_modifier,PRIOR_P_A12_genetic_modifier,unavailable,0.1.0,unavailable,{},Greenfield initial evidence-derived parameter record; no inherited statistical prior.
CHANGE_PRIOR_P_A12_human_transportability,PRIOR_P_A12_human_transportability,unavailable,0.1.0,unavailable,{},Greenfield initial evidence-derived parameter record; no inherited statistical prior.
CHANGE_PRIOR_P_A12_magnitude,PRIOR_P_A12_magnitude,unavailable,0.1.0,unavailable,{},Greenfield initial evidence-derived parameter record; no inherited statistical prior.
CHANGE_PRIOR_P_A12_protein_availability,PRIOR_P_A12_protein_availability,unavailable,0.1.0,unavailable,{},Greenfield initial evidence-derived parameter record; no inherited statistical prior.
CHANGE_PRIOR_P_A12_temporal,PRIOR_P_A12_temporal,unavailable,0.1.0,unavailable,{},Greenfield initial evidence-derived parameter record; no inherited statistical prior.
CHANGE_PRIOR_P_A13_context_specific,PRIOR_P_A13_context_specific,unavailable,0.1.0,unavailable,"{""context_id"":""CTX_8ed1428d496379ac""}",Greenfield initial evidence-derived parameter record; no inherited statistical prior.
CHANGE_PRIOR_P_A13_direction,PRIOR_P_A13_direction,unavailable,0.1.0,unavailable,"{""alpha"":[1.0,1.0,1.5],""categories"":[""increase"",""decrease"",""other""]}",Greenfield initial evidence-derived parameter record; no inherited statistical prior.
CHANGE_PRIOR_P_A13_effect_class,PRIOR_P_A13_effect_class,unavailable,0.1.0,unavailable,"{""observed_direction"":""association""}",Greenfield initial evidence-derived parameter record; no inherited statistical prior.
CHANGE_PRIOR_P_A13_existence,PRIOR_P_A13_existence,unavailable,0.1.0,unavailable,"{""alpha"":1.5,""beta"":1.0}",Greenfield initial evidence-derived parameter record; no inherited statistical prior.
CHANGE_PRIOR_P_A13_expression,PRIOR_P_A13_expression,unavailable,0.1.0,unavailable,{},Greenfield initial evidence-derived parameter record; no inherited statistical prior.
CHANGE_PRIOR_P_A13_genetic_modifier,PRIOR_P_A13_genetic_modifier,unavailable,0.1.0,unavailable,{},Greenfield initial evidence-derived parameter record; no inherited statistical prior.
CHANGE_PRIOR_P_A13_human_transportability,PRIOR_P_A13_human_transportability,unavailable,0.1.0,unavailable,{},Greenfield initial evidence-derived parameter record; no inherited statistical prior.
CHANGE_PRIOR_P_A13_magnitude,PRIOR_P_A13_magnitude,unavailable,0.1.0,unavailable,{},Greenfield initial evidence-derived parameter record; no inherited statistical prior.
CHANGE_PRIOR_P_A13_protein_availability,PRIOR_P_A13_protein_availability,unavailable,0.1.0,unavailable,{},Greenfield initial evidence-derived parameter record; no inherited statistical prior.
CHANGE_PRIOR_P_A13_temporal,PRIOR_P_A13_temporal,unavailable,0.1.0,unavailable,{},Greenfield initial evidence-derived parameter record; no inherited statistical prior.
CHANGE_PRIOR_P_A14_context_specific,PRIOR_P_A14_context_specific,unavailable,0.1.0,unavailable,"{""context_id"":""CTX_64a063ce3c126d9d""}",Greenfield initial evidence-derived parameter record; no inherited statistical prior.
CHANGE_PRIOR_P_A14_direction,PRIOR_P_A14_direction,unavailable,0.1.0,unavailable,"{""alpha"":[1.0,1.5,1.0],""categories"":[""increase"",""decrease"",""other""]}",Greenfield initial evidence-derived parameter record; no inherited statistical prior.
CHANGE_PRIOR_P_A14_effect_class,PRIOR_P_A14_effect_class,unavailable,0.1.0,unavailable,"{""observed_direction"":""decrease""}",Greenfield initial evidence-derived parameter record; no inherited statistical prior.
CHANGE_PRIOR_P_A14_existence,PRIOR_P_A14_existence,unavailable,0.1.0,unavailable,"{""alpha"":1.5,""beta"":1.0}",Greenfield initial evidence-derived parameter record; no inherited statistical prior.
CHANGE_PRIOR_P_A14_expression,PRIOR_P_A14_expression,unavailable,0.1.0,unavailable,{},Greenfield initial evidence-derived parameter record; no inherited statistical prior.
CHANGE_PRIOR_P_A14_genetic_modifier,PRIOR_P_A14_genetic_modifier,unavailable,0.1.0,unavailable,{},Greenfield initial evidence-derived parameter record; no inherited statistical prior.
CHANGE_PRIOR_P_A14_human_transportability,PRIOR_P_A14_human_transportability,unavailable,0.1.0,unavailable,{},Greenfield initial evidence-derived parameter record; no inherited statistical prior.
CHANGE_PRIOR_P_A14_magnitude,PRIOR_P_A14_magnitude,unavailable,0.1.0,unavailable,{},Greenfield initial evidence-derived parameter record; no inherited statistical prior.
CHANGE_PRIOR_P_A14_protein_availability,PRIOR_P_A14_protein_availability,unavailable,0.1.0,unavailable,{},Greenfield initial evidence-derived parameter record; no inherited statistical prior.
CHANGE_PRIOR_P_A14_temporal,PRIOR_P_A14_temporal,unavailable,0.1.0,unavailable,{},Greenfield initial evidence-derived parameter record; no inherited statistical prior.
CHANGE_PRIOR_P_A15_context_specific,PRIOR_P_A15_context_specific,unavailable,0.1.0,unavailable,"{""context_id"":""CTX_dfd3a9f5d14767bf""}",Greenfield initial evidence-derived parameter record; no inherited statistical prior.
CHANGE_PRIOR_P_A15_direction,PRIOR_P_A15_direction,unavailable,0.1.0,unavailable,"{""alpha"":[1.0,1.0,1.5],""categories"":[""increase"",""decrease"",""other""]}",Greenfield initial evidence-derived parameter record; no inherited statistical prior.
CHANGE_PRIOR_P_A15_effect_class,PRIOR_P_A15_effect_class,unavailable,0.1.0,unavailable,"{""observed_direction"":""association""}",Greenfield initial evidence-derived parameter record; no inherited statistical prior.
CHANGE_PRIOR_P_A15_existence,PRIOR_P_A15_existence,unavailable,0.1.0,unavailable,"{""alpha"":1.5,""beta"":1.0}",Greenfield initial evidence-derived parameter record; no inherited statistical prior.
CHANGE_PRIOR_P_A15_expression,PRIOR_P_A15_expression,unavailable,0.1.0,unavailable,{},Greenfield initial evidence-derived parameter record; no inherited statistical prior.
CHANGE_PRIOR_P_A15_genetic_modifier,PRIOR_P_A15_genetic_modifier,unavailable,0.1.0,unavailable,{},Greenfield initial evidence-derived parameter record; no inherited statistical prior.
CHANGE_PRIOR_P_A15_human_transportability,PRIOR_P_A15_human_transportability,unavailable,0.1.0,unavailable,{},Greenfield initial evidence-derived parameter record; no inherited statistical prior.
CHANGE_PRIOR_P_A15_magnitude,PRIOR_P_A15_magnitude,unavailable,0.1.0,unavailable,{},Greenfield initial evidence-derived parameter record; no inherited statistical prior.
CHANGE_PRIOR_P_A15_protein_availability,PRIOR_P_A15_protein_availability,unavailable,0.1.0,unavailable,{},Greenfield initial evidence-derived parameter record; no inherited statistical prior.
CHANGE_PRIOR_P_A15_temporal,PRIOR_P_A15_temporal,unavailable,0.1.0,unavailable,{},Greenfield initial evidence-derived parameter record; no inherited statistical prior.
CHANGE_PRIOR_P_A16_context_specific,PRIOR_P_A16_context_specific,unavailable,0.1.0,unavailable,"{""context_id"":""CTX_7faa68935984cbf3""}",Greenfield initial evidence-derived parameter record; no inherited statistical prior.
CHANGE_PRIOR_P_A16_direction,PRIOR_P_A16_direction,unavailable,0.1.0,unavailable,"{""alpha"":[1.0,1.0,1.5],""categories"":[""increase"",""decrease"",""other""]}",Greenfield initial evidence-derived parameter record; no inherited statistical prior.
CHANGE_PRIOR_P_A16_effect_class,PRIOR_P_A16_effect_class,unavailable,0.1.0,unavailable,"{""observed_direction"":""association""}",Greenfield initial evidence-derived parameter record; no inherited statistical prior.
CHANGE_PRIOR_P_A16_existence,PRIOR_P_A16_existence,unavailable,0.1.0,unavailable,"{""alpha"":1.5,""beta"":1.0}",Greenfield initial evidence-derived parameter record; no inherited statistical prior.
CHANGE_PRIOR_P_A16_expression,PRIOR_P_A16_expression,unavailable,0.1.0,unavailable,{},Greenfield initial evidence-derived parameter record; no inherited statistical prior.
CHANGE_PRIOR_P_A16_genetic_modifier,PRIOR_P_A16_genetic_modifier,unavailable,0.1.0,unavailable,{},Greenfield initial evidence-derived parameter record; no inherited statistical prior.
CHANGE_PRIOR_P_A16_human_transportability,PRIOR_P_A16_human_transportability,unavailable,0.1.0,unavailable,{},Greenfield initial evidence-derived parameter record; no inherited statistical prior.
CHANGE_PRIOR_P_A16_magnitude,PRIOR_P_A16_magnitude,unavailable,0.1.0,unavailable,{},Greenfield initial evidence-derived parameter record; no inherited statistical prior.
CHANGE_PRIOR_P_A16_protein_availability,PRIOR_P_A16_protein_availability,unavailable,0.1.0,unavailable,{},Greenfield initial evidence-derived parameter record; no inherited statistical prior.
CHANGE_PRIOR_P_A16_temporal,PRIOR_P_A16_temporal,unavailable,0.1.0,unavailable,{},Greenfield initial evidence-derived parameter record; no inherited statistical prior.
CHANGE_PRIOR_P_A17_context_specific,PRIOR_P_A17_context_specific,unavailable,0.1.0,unavailable,"{""context_id"":""CTX_50bea541b6d024a5""}",Greenfield initial evidence-derived parameter record; no inherited statistical prior.
CHANGE_PRIOR_P_A17_direction,PRIOR_P_A17_direction,unavailable,0.1.0,unavailable,"{""alpha"":[1.0,1.0,1.5],""categories"":[""increase"",""decrease"",""other""]}",Greenfield initial evidence-derived parameter record; no inherited statistical prior.
CHANGE_PRIOR_P_A17_effect_class,PRIOR_P_A17_effect_class,unavailable,0.1.0,unavailable,"{""observed_direction"":""association""}",Greenfield initial evidence-derived parameter record; no inherited statistical prior.
CHANGE_PRIOR_P_A17_existence,PRIOR_P_A17_existence,unavailable,0.1.0,unavailable,"{""alpha"":1.5,""beta"":1.0}",Greenfield initial evidence-derived parameter record; no inherited statistical prior.
CHANGE_PRIOR_P_A17_expression,PRIOR_P_A17_expression,unavailable,0.1.0,unavailable,{},Greenfield initial evidence-derived parameter record; no inherited statistical prior.
CHANGE_PRIOR_P_A17_genetic_modifier,PRIOR_P_A17_genetic_modifier,unavailable,0.1.0,unavailable,{},Greenfield initial evidence-derived parameter record; no inherited statistical prior.
CHANGE_PRIOR_P_A17_human_transportability,PRIOR_P_A17_human_transportability,unavailable,0.1.0,unavailable,{},Greenfield initial evidence-derived parameter record; no inherited statistical prior.
CHANGE_PRIOR_P_A17_magnitude,PRIOR_P_A17_magnitude,unavailable,0.1.0,unavailable,{},Greenfield initial evidence-derived parameter record; no inherited statistical prior.
CHANGE_PRIOR_P_A17_protein_availability,PRIOR_P_A17_protein_availability,unavailable,0.1.0,unavailable,{},Greenfield initial evidence-derived parameter record; no inherited statistical prior.
CHANGE_PRIOR_P_A17_temporal,PRIOR_P_A17_temporal,unavailable,0.1.0,unavailable,{},Greenfield initial evidence-derived parameter record; no inherited statistical prior.
CHANGE_PRIOR_P_A18_context_specific,PRIOR_P_A18_context_specific,unavailable,0.1.0,unavailable,"{""context_id"":""CTX_e1d773705c75adab""}",Greenfield initial evidence-derived parameter record; no inherited statistical prior.
CHANGE_PRIOR_P_A18_direction,PRIOR_P_A18_direction,unavailable,0.1.0,unavailable,"{""alpha"":[2.0,1.0,1.0],""categories"":[""increase"",""decrease"",""other""]}",Greenfield initial evidence-derived parameter record; no inherited statistical prior.
CHANGE_PRIOR_P_A18_effect_class,PRIOR_P_A18_effect_class,unavailable,0.1.0,unavailable,"{""observed_direction"":""increase""}",Greenfield initial evidence-derived parameter record; no inherited statistical prior.
CHANGE_PRIOR_P_A18_existence,PRIOR_P_A18_existence,unavailable,0.1.0,unavailable,"{""alpha"":2.0,""beta"":1.0}",Greenfield initial evidence-derived parameter record; no inherited statistical prior.
CHANGE_PRIOR_P_A18_expression,PRIOR_P_A18_expression,unavailable,0.1.0,unavailable,{},Greenfield initial evidence-derived parameter record; no inherited statistical prior.
CHANGE_PRIOR_P_A18_genetic_modifier,PRIOR_P_A18_genetic_modifier,unavailable,0.1.0,unavailable,{},Greenfield initial evidence-derived parameter record; no inherited statistical prior.
CHANGE_PRIOR_P_A18_human_transportability,PRIOR_P_A18_human_transportability,unavailable,0.1.0,unavailable,{},Greenfield initial evidence-derived parameter record; no inherited statistical prior.
CHANGE_PRIOR_P_A18_magnitude,PRIOR_P_A18_magnitude,unavailable,0.1.0,unavailable,{},Greenfield initial evidence-derived parameter record; no inherited statistical prior.
CHANGE_PRIOR_P_A18_protein_availability,PRIOR_P_A18_protein_availability,unavailable,0.1.0,unavailable,{},Greenfield initial evidence-derived parameter record; no inherited statistical prior.
CHANGE_PRIOR_P_A18_temporal,PRIOR_P_A18_temporal,unavailable,0.1.0,unavailable,{},Greenfield initial evidence-derived parameter record; no inherited statistical prior.
CHANGE_PRIOR_P_A19_context_specific,PRIOR_P_A19_context_specific,unavailable,0.1.0,unavailable,"{""context_id"":""CTX_ace900f31ea1273b""}",Greenfield initial evidence-derived parameter record; no inherited statistical prior.
CHANGE_PRIOR_P_A19_direction,PRIOR_P_A19_direction,unavailable,0.1.0,unavailable,"{""alpha"":[2.0,1.0,1.0],""categories"":[""increase"",""decrease"",""other""]}",Greenfield initial evidence-derived parameter record; no inherited statistical prior.
CHANGE_PRIOR_P_A19_effect_class,PRIOR_P_A19_effect_class,unavailable,0.1.0,unavailable,"{""observed_direction"":""increase""}",Greenfield initial evidence-derived parameter record; no inherited statistical prior.
CHANGE_PRIOR_P_A19_existence,PRIOR_P_A19_existence,unavailable,0.1.0,unavailable,"{""alpha"":2.0,""beta"":1.0}",Greenfield initial evidence-derived parameter record; no inherited statistical prior.
CHANGE_PRIOR_P_A19_expression,PRIOR_P_A19_expression,unavailable,0.1.0,unavailable,{},Greenfield initial evidence-derived parameter record; no inherited statistical prior.
CHANGE_PRIOR_P_A19_genetic_modifier,PRIOR_P_A19_genetic_modifier,unavailable,0.1.0,unavailable,{},Greenfield initial evidence-derived parameter record; no inherited statistical prior.
CHANGE_PRIOR_P_A19_human_transportability,PRIOR_P_A19_human_transportability,unavailable,0.1.0,unavailable,{},Greenfield initial evidence-derived parameter record; no inherited statistical prior.
CHANGE_PRIOR_P_A19_magnitude,PRIOR_P_A19_magnitude,unavailable,0.1.0,unavailable,{},Greenfield initial evidence-derived parameter record; no inherited statistical prior.
CHANGE_PRIOR_P_A19_protein_availability,PRIOR_P_A19_protein_availability,unavailable,0.1.0,unavailable,{},Greenfield initial evidence-derived parameter record; no inherited statistical prior.
CHANGE_PRIOR_P_A19_temporal,PRIOR_P_A19_temporal,unavailable,0.1.0,unavailable,{},Greenfield initial evidence-derived parameter record; no inherited statistical prior.
CHANGE_PRIOR_P_A20_context_specific,PRIOR_P_A20_context_specific,unavailable,0.1.0,unavailable,"{""context_id"":""CTX_1d43a1281f8690bd""}",Greenfield initial evidence-derived parameter record; no inherited statistical prior.
CHANGE_PRIOR_P_A20_direction,PRIOR_P_A20_direction,unavailable,0.1.0,unavailable,"{""alpha"":[2.5,1.0,1.0],""categories"":[""increase"",""decrease"",""other""]}",Greenfield initial evidence-derived parameter record; no inherited statistical prior.
CHANGE_PRIOR_P_A20_effect_class,PRIOR_P_A20_effect_class,unavailable,0.1.0,unavailable,"{""observed_direction"":""increase""}",Greenfield initial evidence-derived parameter record; no inherited statistical prior.
CHANGE_PRIOR_P_A20_existence,PRIOR_P_A20_existence,unavailable,0.1.0,unavailable,"{""alpha"":2.5,""beta"":1.0}",Greenfield initial evidence-derived parameter record; no inherited statistical prior.
CHANGE_PRIOR_P_A20_expression,PRIOR_P_A20_expression,unavailable,0.1.0,unavailable,{},Greenfield initial evidence-derived parameter record; no inherited statistical prior.
CHANGE_PRIOR_P_A20_genetic_modifier,PRIOR_P_A20_genetic_modifier,unavailable,0.1.0,unavailable,{},Greenfield initial evidence-derived parameter record; no inherited statistical prior.
CHANGE_PRIOR_P_A20_human_transportability,PRIOR_P_A20_human_transportability,unavailable,0.1.0,unavailable,{},Greenfield initial evidence-derived parameter record; no inherited statistical prior.
CHANGE_PRIOR_P_A20_magnitude,PRIOR_P_A20_magnitude,unavailable,0.1.0,unavailable,{},Greenfield initial evidence-derived parameter record; no inherited statistical prior.
CHANGE_PRIOR_P_A20_protein_availability,PRIOR_P_A20_protein_availability,unavailable,0.1.0,unavailable,{},Greenfield initial evidence-derived parameter record; no inherited statistical prior.
CHANGE_PRIOR_P_A20_temporal,PRIOR_P_A20_temporal,unavailable,0.1.0,unavailable,{},Greenfield initial evidence-derived parameter record; no inherited statistical prior.
CHANGE_PRIOR_P_A21_context_specific,PRIOR_P_A21_context_specific,unavailable,0.1.0,unavailable,"{""context_id"":""CTX_a24a22ebaabae4b0""}",Greenfield initial evidence-derived parameter record; no inherited statistical prior.
CHANGE_PRIOR_P_A21_direction,PRIOR_P_A21_direction,unavailable,0.1.0,unavailable,"{""alpha"":[1.0,2.5,1.0],""categories"":[""increase"",""decrease"",""other""]}",Greenfield initial evidence-derived parameter record; no inherited statistical prior.
CHANGE_PRIOR_P_A21_effect_class,PRIOR_P_A21_effect_class,unavailable,0.1.0,unavailable,"{""observed_direction"":""decrease""}",Greenfield initial evidence-derived parameter record; no inherited statistical prior.
CHANGE_PRIOR_P_A21_existence,PRIOR_P_A21_existence,unavailable,0.1.0,unavailable,"{""alpha"":2.5,""beta"":1.0}",Greenfield initial evidence-derived parameter record; no inherited statistical prior.
CHANGE_PRIOR_P_A21_expression,PRIOR_P_A21_expression,unavailable,0.1.0,unavailable,{},Greenfield initial evidence-derived parameter record; no inherited statistical prior.
CHANGE_PRIOR_P_A21_genetic_modifier,PRIOR_P_A21_genetic_modifier,unavailable,0.1.0,unavailable,{},Greenfield initial evidence-derived parameter record; no inherited statistical prior.
CHANGE_PRIOR_P_A21_human_transportability,PRIOR_P_A21_human_transportability,unavailable,0.1.0,unavailable,{},Greenfield initial evidence-derived parameter record; no inherited statistical prior.
CHANGE_PRIOR_P_A21_magnitude,PRIOR_P_A21_magnitude,unavailable,0.1.0,unavailable,{},Greenfield initial evidence-derived parameter record; no inherited statistical prior.
CHANGE_PRIOR_P_A21_protein_availability,PRIOR_P_A21_protein_availability,unavailable,0.1.0,unavailable,{},Greenfield initial evidence-derived parameter record; no inherited statistical prior.
CHANGE_PRIOR_P_A21_temporal,PRIOR_P_A21_temporal,unavailable,0.1.0,unavailable,{},Greenfield initial evidence-derived parameter record; no inherited statistical prior.
CHANGE_PRIOR_P_A22_context_specific,PRIOR_P_A22_context_specific,unavailable,0.1.0,unavailable,"{""context_id"":""CTX_4cb9108b6921df35""}",Greenfield initial evidence-derived parameter record; no inherited statistical prior.
CHANGE_PRIOR_P_A22_direction,PRIOR_P_A22_direction,unavailable,0.1.0,unavailable,{},Greenfield initial evidence-derived parameter record; no inherited statistical prior.
CHANGE_PRIOR_P_A22_effect_class,PRIOR_P_A22_effect_class,unavailable,0.1.0,unavailable,"{""observed_direction"":""null""}",Greenfield initial evidence-derived parameter record; no inherited statistical prior.
CHANGE_PRIOR_P_A22_existence,PRIOR_P_A22_existence,unavailable,0.1.0,unavailable,{},Greenfield initial evidence-derived parameter record; no inherited statistical prior.
CHANGE_PRIOR_P_A22_expression,PRIOR_P_A22_expression,unavailable,0.1.0,unavailable,{},Greenfield initial evidence-derived parameter record; no inherited statistical prior.
CHANGE_PRIOR_P_A22_genetic_modifier,PRIOR_P_A22_genetic_modifier,unavailable,0.1.0,unavailable,{},Greenfield initial evidence-derived parameter record; no inherited statistical prior.
CHANGE_PRIOR_P_A22_human_transportability,PRIOR_P_A22_human_transportability,unavailable,0.1.0,unavailable,{},Greenfield initial evidence-derived parameter record; no inherited statistical prior.
CHANGE_PRIOR_P_A22_magnitude,PRIOR_P_A22_magnitude,unavailable,0.1.0,unavailable,{},Greenfield initial evidence-derived parameter record; no inherited statistical prior.
CHANGE_PRIOR_P_A22_protein_availability,PRIOR_P_A22_protein_availability,unavailable,0.1.0,unavailable,{},Greenfield initial evidence-derived parameter record; no inherited statistical prior.
CHANGE_PRIOR_P_A22_temporal,PRIOR_P_A22_temporal,unavailable,0.1.0,unavailable,{},Greenfield initial evidence-derived parameter record; no inherited statistical prior.
